sample	population	morph_group	GL	old_GL	ST	scaffold	position	is_lead	REF	ALT	GT	DP	GQ	AD	alt_fraction	pass_DP10_GQ20
2014-128-1A	ML50	CPO	1.0	1	1.0	HiC_scaffold6	35761708	False	A	T	0/0	28	84	28,0	0.0	True
2014-128-2A	ML50	CPO	1.0	1	1.0	HiC_scaffold6	35761708	False	A	T	0/0	11	33	11,0	0.0	True
2014-128-3A	ML50	CPO	1.0	1	1.0	HiC_scaffold6	35761708	False	A	T	0/0	9	27	9,0	0.0	False
2014-128-4A	ML50	CPO	1.0	1	1.0	HiC_scaffold6	35761708	False	A	T	0/0	4	12	4,0	0.0	False
2014-128-5A	ML50	CPO	1.0	1	1.0	HiC_scaffold6	35761708	False	A	T	0/0	16	42	16,0	0.0	True
2014-132-2A	ML5	N	1.0	1	1.0	HiC_scaffold6	35761708	False	A	T	0/0	10	30	10,0	0.0	True
2014-132-3A	ML5	N	1.0	1	1.0	HiC_scaffold6	35761708	False	A	T	./.	0	0	0,0	NA	False
2014-132-4A	ML5	N	1.0	1	1.0	HiC_scaffold6	35761708	False	A	T	0/0	19	57	19,0	0.0	True
2014-132-5A	ML5	N	1.0	1	1.0	HiC_scaffold6	35761708	False	A	T	0/0	13	39	13,0	0.0	True
2014-132-6A	ML5	N	1.0	1	1.0	HiC_scaffold6	35761708	False	A	T	0/0	31	90	31,0	0.0	True
2014-132-7A	ML5	N	1.0	1	1.0	HiC_scaffold6	35761708	False	A	T	0/0	12	36	12,0	0.0	True
2014-132-8A	ML5	N	1.0	1	1.0	HiC_scaffold6	35761708	False	A	T	0/0	20	60	20,0	0.0	True
2014-132-9A	ML5	N	1.0	1	1.0	HiC_scaffold6	35761708	False	A	T	0/0	11	33	11,0	0.0	True
2014-3-10A	MN34	CPO	1.0	1	1.0	HiC_scaffold6	35761708	False	A	T	0/0	74	99	74,0	0.0	True
2014-3-3A	MN34	CPO	1.0	1	1.0	HiC_scaffold6	35761708	False	A	T	0/0	46	99	46,0	0.0	True
2014-3-4A	MN34	CPO	1.0	1	1.0	HiC_scaffold6	35761708	False	A	T	0/0	56	99	56,0	0.0	True
2014-3-5A	MN34	CPO	1.0	1	1.0	HiC_scaffold6	35761708	False	A	T	0/0	52	99	52,0	0.0	True
2014-3-6A	MN34	CPO	1.0	1	1.0	HiC_scaffold6	35761708	False	A	T	0/0	75	99	75,0	0.0	True
2014-3-7A	MN34	CPO	1.0	1	1.0	HiC_scaffold6	35761708	False	A	T	0/0	79	99	79,0	0.0	True
2014-3-8A	MN34	CPO	1.0	1	1.0	HiC_scaffold6	35761708	False	A	T	0/0	61	99	61,0	0.0	True
2014-3-9A	MN34	CPO	1.0	1	1.0	HiC_scaffold6	35761708	False	A	T	0/0	45	99	45,0	0.0	True
2014-66-1A	YL49	CPO	1.0	1	1.0	HiC_scaffold6	35761708	False	A	T	0/0	29	75	29,0	0.0	True
2014-66-2A	YL49	CPO	1.0	1	1.0	HiC_scaffold6	35761708	False	A	T	0/0	39	99	39,0	0.0	True
2014-66-3A	YL49	CPO	1.0	1	1.0	HiC_scaffold6	35761708	False	A	T	0/0	30	90	30,0	0.0	True
2014-66-4A	YL49	CPO	1.0	1	1.0	HiC_scaffold6	35761708	False	A	T	0/0	40	99	40,0	0.0	True
2014-66-5A	YL49	CPO	1.0	1	1.0	HiC_scaffold6	35761708	False	A	T	0/0	24	72	24,0	0.0	True
2014-66-6A	YL49	CPO	1.0	1	1.0	HiC_scaffold6	35761708	False	A	T	./.	0	0	0,0	NA	False
2014-66-7A	YL49	CPO	1.0	1	1.0	HiC_scaffold6	35761708	False	A	T	0/0	3	9	3,0	0.0	False
2014-66-8A	YL49	CPO	1.0	1	1.0	HiC_scaffold6	35761708	False	A	T	0/0	18	54	18,0	0.0	True
DP1709141A	DQS11	CMA	1.0	1	0.0	HiC_scaffold6	35761708	False	A	T	0/0	26	75	26,0	0.0	True
DP1709144A	DQS11	CMA	1.0	1	0.0	HiC_scaffold6	35761708	False	A	T	0/0	16	33	16,0	0.0	True
DP1709148A	DQS11	CMA	1.0	1	0.0	HiC_scaffold6	35761708	False	A	T	0/0	33	93	33,0	0.0	True
Gln2014-15-10A	LD30	CYU	0.0	0	1.0	HiC_scaffold6	35761708	False	A	T	0/0	47	99	47,0	0.0	True
Gln2014-15-1A	LD30	CYU	0.0	0	1.0	HiC_scaffold6	35761708	False	A	T	0/0	64	99	64,0	0.0	True
Gln2014-15-3A	LD30	CYU	0.0	0	1.0	HiC_scaffold6	35761708	False	A	T	0/0	52	99	52,0	0.0	True
Gln2014-15-4A	LD30	CYU	0.0	0	1.0	HiC_scaffold6	35761708	False	A	T	0/0	38	99	38,0	0.0	True
Gln2014-15-5A	LD30	CYU	0.0	0	1.0	HiC_scaffold6	35761708	False	A	T	0/0	41	99	41,0	0.0	True
Gln2014-15-6A	LD30	CYU	0.0	0	1.0	HiC_scaffold6	35761708	False	A	T	0/0	40	99	40,0	0.0	True
Gln2014-15-7A	LD30	CYU	0.0	0	1.0	HiC_scaffold6	35761708	False	A	T	0/0	27	75	27,0	0.0	True
Gln2014-15-8A	LD30	CYU	0.0	0	1.0	HiC_scaffold6	35761708	False	A	T	0/0	45	99	45,0	0.0	True
Gln2014-8-1A	LD06	CPO	1.0	1	1.0	HiC_scaffold6	35761708	False	A	T	0/0	30	90	30,0	0.0	True
Gln2014-8-2A	LD06	CPO	1.0	1	1.0	HiC_scaffold6	35761708	False	A	T	0/0	49	99	49,0	0.0	True
Gln2014-8-4A	LD06	CPO	1.0	1	1.0	HiC_scaffold6	35761708	False	A	T	0/0	39	99	39,0	0.0	True
Gln2014-8-5A	LD06	CPO	1.0	1	1.0	HiC_scaffold6	35761708	False	A	T	0/0	40	99	40,0	0.0	True
Gln2014-8-6A	LD06	CPO	1.0	1	1.0	HiC_scaffold6	35761708	False	A	T	0/0	73	99	73,0	0.0	True
Gln2014-8-7A	LD06	CPO	1.0	1	1.0	HiC_scaffold6	35761708	False	A	T	0/0	33	93	33,0	0.0	True
Gln2014-8-8A	LD06	CPO	1.0	1	1.0	HiC_scaffold6	35761708	False	A	T	0/0	18	54	18,0	0.0	True
JLS-BM001-1A	BM31	N	NA	1	NA	HiC_scaffold6	35761708	False	A	T	0/0	47	99	47,0	0.0	True
JLS-BM001-2A	BM31	N	NA	1	NA	HiC_scaffold6	35761708	False	A	T	0/0	58	99	58,0	0.0	True
JLS-BM001-3A	BM31	N	NA	1	NA	HiC_scaffold6	35761708	False	A	T	0/0	44	99	44,0	0.0	True
JLS-BM001-4A	BM31	N	NA	1	NA	HiC_scaffold6	35761708	False	A	T	0/0	37	99	37,0	0.0	True
JLS-BM001-5A	BM31	N	NA	1	NA	HiC_scaffold6	35761708	False	A	T	0/0	42	99	42,0	0.0	True
JLS-BM001-6A	BM31	N	NA	1	NA	HiC_scaffold6	35761708	False	A	T	0/0	40	99	40,0	0.0	True
JLS-BM001-7A	BM31	N	NA	1	NA	HiC_scaffold6	35761708	False	A	T	0/0	25	72	25,0	0.0	True
JLS-BM001-8A	BM31	N	NA	1	NA	HiC_scaffold6	35761708	False	A	T	0/0	33	90	33,0	0.0	True
JLS-CY022-10A	CY32	CPO	1.0	1	1.0	HiC_scaffold6	35761708	False	A	T	0/0	31	90	31,0	0.0	True
JLS-CY022-11A	CY32	CPO	1.0	1	1.0	HiC_scaffold6	35761708	False	A	T	0/0	1	3	1,0	0.0	False
JLS-CY022-4A	CY32	CPO	1.0	1	1.0	HiC_scaffold6	35761708	False	A	T	0/0	7	21	7,0	0.0	False
JLS-CY022-5A	CY32	CPO	1.0	1	1.0	HiC_scaffold6	35761708	False	A	T	0/0	9	27	9,0	0.0	False
JLS-CY022-6A	CY32	CPO	1.0	1	1.0	HiC_scaffold6	35761708	False	A	T	0/0	3	9	3,0	0.0	False
JLS-CY022-7A	CY32	CPO	1.0	1	1.0	HiC_scaffold6	35761708	False	A	T	0/0	12	36	12,0	0.0	True
Sha-WS-1A	WS14	CMA	1.0	1	0.0	HiC_scaffold6	35761708	False	A	T	0/0	28	81	28,0	0.0	True
Sha-WS-2A	WS14	CMA	1.0	1	0.0	HiC_scaffold6	35761708	False	A	T	0/0	13	39	13,0	0.0	True
Sha-WS-3A	WS14	CMA	1.0	1	0.0	HiC_scaffold6	35761708	False	A	T	0/0	17	48	17,0	0.0	True
Sha-WS-4A	WS14	CMA	1.0	1	0.0	HiC_scaffold6	35761708	False	A	T	0/0	18	54	18,0	0.0	True
Sha-WS-5A	WS14	CMA	1.0	1	0.0	HiC_scaffold6	35761708	False	A	T	0/0	36	99	36,0	0.0	True
Sha-WS-6A	WS14	CMA	1.0	1	0.0	HiC_scaffold6	35761708	False	A	T	0/0	20	60	20,0	0.0	True
Sha-WS-7A	WS14	CMA	1.0	1	0.0	HiC_scaffold6	35761708	False	A	T	0/0	19	51	19,0	0.0	True
Sha-WS-8A	WS14	CMA	1.0	1	0.0	HiC_scaffold6	35761708	False	A	T	0/0	10	27	10,0	0.0	True
THP-SET_1917-1A	MK27	CPO	1.0	1	1.0	HiC_scaffold6	35761708	False	A	T	0/0	33	90	33,0	0.0	True
THP-SET_1917-2A	MK27	CPO	1.0	1	1.0	HiC_scaffold6	35761708	False	A	T	0/0	29	84	29,0	0.0	True
THP-SET_1917-3A	MK27	CPO	1.0	1	1.0	HiC_scaffold6	35761708	False	A	T	0/0	31	90	31,0	0.0	True
THP-SET_1917-4A	MK27	CPO	1.0	1	1.0	HiC_scaffold6	35761708	False	A	T	0/0	14	42	14,0	0.0	True
THP-SET_1917-5A	MK27	CPO	1.0	1	1.0	HiC_scaffold6	35761708	False	A	T	0/0	58	99	58,0	0.0	True
THP-SET_1917-6A	MK27	CPO	1.0	1	1.0	HiC_scaffold6	35761708	False	A	T	0/0	22	66	22,0	0.0	True
THP-SET_1917-7A	MK27	CPO	1.0	1	1.0	HiC_scaffold6	35761708	False	A	T	0/0	45	99	45,0	0.0	True
THP-SET_1917-8A	MK27	CPO	1.0	1	1.0	HiC_scaffold6	35761708	False	A	T	0/0	17	51	17,0	0.0	True
XB2014-144-2A	SM35	CYU	1.0	1	1.0	HiC_scaffold6	35761708	False	A	T	0/0	74	99	74,0	0.0	True
XB2014-144-3A	SM35	CYU	1.0	1	1.0	HiC_scaffold6	35761708	False	A	T	0/0	75	99	75,0	0.0	True
XB2014-144-4A	SM35	CYU	1.0	1	1.0	HiC_scaffold6	35761708	False	A	T	0/0	51	99	51,0	0.0	True
XB2014-144-5A	SM35	CYU	1.0	1	1.0	HiC_scaffold6	35761708	False	A	T	0/0	57	99	57,0	0.0	True
XB2014-144-6A	SM35	CYU	1.0	1	1.0	HiC_scaffold6	35761708	False	A	T	0/0	54	99	54,0	0.0	True
XB2014-144-7A	SM35	CYU	1.0	1	1.0	HiC_scaffold6	35761708	False	A	T	0/0	98	99	98,0	0.0	True
XB2014-144-8A	SM35	CYU	1.0	1	1.0	HiC_scaffold6	35761708	False	A	T	0/0	70	99	70,0	0.0	True
XB2014-144-9A	SM35	CYU	1.0	1	1.0	HiC_scaffold6	35761708	False	A	T	0/0	69	99	69,0	0.0	True
XB2014-38-2A	EY8	CYU	0.0	1	1.0	HiC_scaffold6	35761708	False	A	T	0/1	59	99	43,16	0.2711864406779661	True
XB2014-38-3A	EY8	CYU	0.0	1	1.0	HiC_scaffold6	35761708	False	A	T	0/1	37	99	26,11	0.2972972972972973	True
XB2014-38-4A	EY8	CYU	0.0	1	1.0	HiC_scaffold6	35761708	False	A	T	0/0	37	99	37,0	0.0	True
XB2014-38-5A	EY8	CYU	0.0	1	1.0	HiC_scaffold6	35761708	False	A	T	0/0	71	99	71,0	0.0	True
XB2014-38-6A	EY9	CPO	0.0	1	1.0	HiC_scaffold6	35761708	False	A	T	0/1	52	99	41,11	0.21153846153846154	True
XB2014-39-1A	EY9	CPO	1.0	1	1.0	HiC_scaffold6	35761708	False	A	T	0/0	44	99	44,0	0.0	True
XB2014-39-2A	EY9	CPO	1.0	1	1.0	HiC_scaffold6	35761708	False	A	T	0/0	87	99	87,0	0.0	True
XB2014-39-3A	EY9	CPO	1.0	1	1.0	HiC_scaffold6	35761708	False	A	T	0/0	56	99	56,0	0.0	True
XB2014-39-4A	EY9	CPO	1.0	1	1.0	HiC_scaffold6	35761708	False	A	T	0/0	4	9	4,0	0.0	False
XB2014-39-5A	EY9	CPO	1.0	1	1.0	HiC_scaffold6	35761708	False	A	T	0/0	21	60	21,0	0.0	True
XB2014-39-6A	EY9	CPO	1.0	1	1.0	HiC_scaffold6	35761708	False	A	T	0/0	45	99	45,0	0.0	True
XB2014-39-7A	EY9	CPO	1.0	1	1.0	HiC_scaffold6	35761708	False	A	T	0/0	105	99	105,0	0.0	True
XB2014-39-8A	EY9	CPO	1.0	1	1.0	HiC_scaffold6	35761708	False	A	T	0/0	58	99	58,0	0.0	True
XB2014-4-2A	MN4	CYU	0.0	0	1.0	HiC_scaffold6	35761708	False	A	T	0/1	72	99	45,27	0.375	True
XB2014-4-3A	MN4	CYU	0.0	0	1.0	HiC_scaffold6	35761708	False	A	T	0/1	28	99	19,9	0.32142857142857145	True
XB2014-4-4A	MN4	CYU	0.0	0	1.0	HiC_scaffold6	35761708	False	A	T	0/1	40	99	17,23	0.575	True
XB2014-4-5A	MN4	CYU	0.0	0	1.0	HiC_scaffold6	35761708	False	A	T	0/1	46	99	26,20	0.43478260869565216	True
XB2014-4-6A	MN4	CYU	0.0	0	1.0	HiC_scaffold6	35761708	False	A	T	0/1	37	99	16,21	0.5675675675675675	True
XB2014-4-7A	MN4	CYU	0.0	0	1.0	HiC_scaffold6	35761708	False	A	T	0/1	51	99	26,25	0.49019607843137253	True
XB2014-4-8A	YL9	CYU	0.0	0	1.0	HiC_scaffold6	35761708	False	A	T	0/1	41	99	17,24	0.5853658536585366	True
XB2014-4-9A	YL9	CYU	0.0	0	1.0	HiC_scaffold6	35761708	False	A	T	0/1	70	99	36,34	0.4857142857142857	True
XB2014-48-1A	MN4	CYU	0.0	0	1.0	HiC_scaffold6	35761708	False	A	T	0/1	64	99	34,30	0.46875	True
XB2014-48-2A	MN4	CYU	0.0	0	1.0	HiC_scaffold6	35761708	False	A	T	0/1	44	99	15,29	0.6590909090909091	True
XB2014-48-3A	YL9	CYU	0.0	0	1.0	HiC_scaffold6	35761708	False	A	T	0/1	34	99	25,9	0.2647058823529412	True
XB2014-48-4A	YL9	CYU	0.0	0	1.0	HiC_scaffold6	35761708	False	A	T	0/1	60	99	51,9	0.15	True
XB2014-48-5A	YL9	CYU	0.0	0	1.0	HiC_scaffold6	35761708	False	A	T	0/1	52	99	26,26	0.5	True
XB2014-48-6A	YL9	CYU	0.0	0	1.0	HiC_scaffold6	35761708	False	A	T	0/1	47	99	29,18	0.3829787234042553	True
XB2014-48-7A	YL9	CYU	0.0	0	1.0	HiC_scaffold6	35761708	False	A	T	0/1	43	99	17,26	0.6046511627906976	True
XB2014-48-9A	YL9	CYU	0.0	0	1.0	HiC_scaffold6	35761708	False	A	T	0/1	60	99	25,35	0.5833333333333334	True
XB26-3B	SC37	CPO	1.0	1	1.0	HiC_scaffold6	35761708	False	A	T	0/0	32	96	32,0	0.0	True
XB26-4B	SC37	CPO	1.0	1	1.0	HiC_scaffold6	35761708	False	A	T	0/0	55	99	55,0	0.0	True
XB26-5B	SC37	CPO	1.0	1	1.0	HiC_scaffold6	35761708	False	A	T	0/0	69	99	69,0	0.0	True
XB26-7B	SC37	CPO	1.0	1	1.0	HiC_scaffold6	35761708	False	A	T	0/0	81	99	81,0	0.0	True
XuBo982-1A	XS40	CMA	1.0	1	0.0	HiC_scaffold6	35761708	False	A	T	0/0	30	90	30,0	0.0	True
XuBo982-2A	XS40	CMA	1.0	1	0.0	HiC_scaffold6	35761708	False	A	T	0/0	11	27	11,0	0.0	True
XuBo982-3A	XS40	CMA	1.0	1	0.0	HiC_scaffold6	35761708	False	A	T	0/0	17	48	17,0	0.0	True
XuBo982-4A	XS40	CMA	1.0	1	0.0	HiC_scaffold6	35761708	False	A	T	0/0	9	27	9,0	0.0	False
XuBo982-5A	XS40	CMA	1.0	1	0.0	HiC_scaffold6	35761708	False	A	T	./.	0	0	0,0	NA	False
XubBo-1037-1A	LN46	N	1.0	1	0.0	HiC_scaffold6	35761708	False	A	T	0/0	58	99	58,0	0.0	True
XubBo-1037-2A	TB43	CMA	NA	1	NA	HiC_scaffold6	35761708	False	A	T	0/0	53	99	53,0	0.0	True
XubBo-1037-3A	TB43	CMA	NA	1	NA	HiC_scaffold6	35761708	False	A	T	0/0	40	99	40,0	0.0	True
XubBo-1037-4A	TB43	CMA	NA	1	NA	HiC_scaffold6	35761708	False	A	T	0/0	65	99	65,0	0.0	True
XubBo-1037-5A	TB43	CMA	NA	1	NA	HiC_scaffold6	35761708	False	A	T	0/0	34	99	34,0	0.0	True
XubBo-1037-6A	TB43	CMA	NA	1	NA	HiC_scaffold6	35761708	False	A	T	0/0	48	99	48,0	0.0	True
XubBo-1037-7A	TB43	CMA	NA	1	NA	HiC_scaffold6	35761708	False	A	T	0/0	44	99	44,0	0.0	True
XubBo-1037-8A	TB43	CMA	NA	1	NA	HiC_scaffold6	35761708	False	A	T	0/0	24	72	24,0	0.0	True
XubBo1030-10A	LN46	N	1.0	1	0.0	HiC_scaffold6	35761708	False	A	T	0/0	25	72	25,0	0.0	True
XubBo1030-1A	LN46	N	1.0	1	0.0	HiC_scaffold6	35761708	False	A	T	0/0	26	72	26,0	0.0	True
XubBo1030-3A	LN46	N	1.0	1	0.0	HiC_scaffold6	35761708	False	A	T	0/0	25	72	25,0	0.0	True
XubBo1030-5A	LN46	N	1.0	1	0.0	HiC_scaffold6	35761708	False	A	T	0/0	32	90	32,0	0.0	True
XubBo1030-6A	LN46	N	1.0	1	0.0	HiC_scaffold6	35761708	False	A	T	0/0	13	30	13,0	0.0	True
XubBo1030-8A	LN46	N	1.0	1	0.0	HiC_scaffold6	35761708	False	A	T	0/0	28	81	28,0	0.0	True
XubBo1030-9A	LN46	N	1.0	1	0.0	HiC_scaffold6	35761708	False	A	T	0/0	24	72	24,0	0.0	True
XubBo1051-10A	WX48	CMA	1.0	1	0.0	HiC_scaffold6	35761708	False	A	T	0/0	21	60	21,0	0.0	True
XubBo1051-1A	WX48	CMA	1.0	1	0.0	HiC_scaffold6	35761708	False	A	T	0/0	22	60	22,0	0.0	True
XubBo1051-2A	WX48	CMA	1.0	1	0.0	HiC_scaffold6	35761708	False	A	T	./.	0	0	0,0	NA	False
XubBo1051-3A	WX48	CMA	1.0	1	0.0	HiC_scaffold6	35761708	False	A	T	0/0	30	90	30,0	0.0	True
XubBo1051-4A	WX48	CMA	1.0	1	0.0	HiC_scaffold6	35761708	False	A	T	0/0	19	57	19,0	0.0	True
XubBo1051-7A	WX48	CMA	1.0	1	0.0	HiC_scaffold6	35761708	False	A	T	0/0	31	93	31,0	0.0	True
XubBo1051-8A	WX48	CMA	1.0	1	0.0	HiC_scaffold6	35761708	False	A	T	0/0	35	99	35,0	0.0	True
XubBo1051-9A	WX48	CMA	1.0	1	0.0	HiC_scaffold6	35761708	False	A	T	0/0	11	24	11,0	0.0	True
Xubo01402-2A	YS26	CYU	1.0	1	1.0	HiC_scaffold6	35761708	False	A	T	0/0	62	99	62,0	0.0	True
Xubo01402-3A	YS26	CYU	1.0	1	1.0	HiC_scaffold6	35761708	False	A	T	0/0	27	81	27,0	0.0	True
Xubo01402-4A	YS26	CYU	1.0	1	1.0	HiC_scaffold6	35761708	False	A	T	0/0	36	99	36,0	0.0	True
Xubo01402-5A	YS26	CYU	1.0	1	1.0	HiC_scaffold6	35761708	False	A	T	0/0	49	99	49,0	0.0	True
Xubo01402-6A	YS26	CYU	1.0	1	1.0	HiC_scaffold6	35761708	False	A	T	0/0	52	99	52,0	0.0	True
Xubo01402-7A	YS26	CYU	1.0	1	1.0	HiC_scaffold6	35761708	False	A	T	0/0	36	99	36,0	0.0	True
Xubo01402-8A	YS26	CYU	1.0	1	1.0	HiC_scaffold6	35761708	False	A	T	0/0	30	90	30,0	0.0	True
Xubo01402-9A	YS26	CYU	1.0	1	1.0	HiC_scaffold6	35761708	False	A	T	0/0	7	21	7,0	0.0	False
YLZB4703-2A	SM3	CYU	0.0	0	1.0	HiC_scaffold6	35761708	False	A	T	0/0	52	99	52,0	0.0	True
YLZB4703-3A	SM3	CYU	0.0	0	1.0	HiC_scaffold6	35761708	False	A	T	0/0	43	99	43,0	0.0	True
YLZB4703-5A	SM3	CYU	0.0	0	1.0	HiC_scaffold6	35761708	False	A	T	0/0	39	99	39,0	0.0	True
YLZB4703-7A	SM3	CYU	0.0	0	1.0	HiC_scaffold6	35761708	False	A	T	0/0	70	99	70,0	0.0	True
YLZB4703-9A	SM3	CYU	0.0	0	1.0	HiC_scaffold6	35761708	False	A	T	0/0	34	99	34,0	0.0	True
YLZB4715-10A	MY1	CYU	0.0	0	1.0	HiC_scaffold6	35761708	False	A	T	0/1	33	99	19,14	0.42424242424242425	True
YLZB4715-1A	MY1	CYU	0.0	0	1.0	HiC_scaffold6	35761708	False	A	T	0/1	44	99	26,18	0.4090909090909091	True
YLZB4715-2A	MY1	CYU	0.0	0	1.0	HiC_scaffold6	35761708	False	A	T	0/1	38	99	20,18	0.47368421052631576	True
YLZB4715-5A	MY1	CYU	0.0	0	1.0	HiC_scaffold6	35761708	False	A	T	0/0	7	21	7,0	0.0	False
YLZB4715-6A	MY1	CYU	0.0	0	1.0	HiC_scaffold6	35761708	False	A	T	0/1	44	99	21,23	0.5227272727272727	True
YLZB4715-7A	MY1	CYU	0.0	0	1.0	HiC_scaffold6	35761708	False	A	T	0/1	24	99	15,9	0.375	True
YLZB4715-8A	MY1	CYU	0.0	0	1.0	HiC_scaffold6	35761708	False	A	T	0/0	24	72	24,0	0.0	True
YLZB4715-9A	MY1	CYU	0.0	0	1.0	HiC_scaffold6	35761708	False	A	T	0/1	31	99	20,11	0.3548387096774194	True
YLZB4735-10A	YSXC51	CPO	1.0	1	1.0	HiC_scaffold6	35761708	False	A	T	0/0	34	99	34,0	0.0	True
YLZB4735-1A	YSXC51	CPO	1.0	1	1.0	HiC_scaffold6	35761708	False	A	T	0/0	24	69	24,0	0.0	True
YLZB4735-2A	YSXC51	CPO	1.0	1	1.0	HiC_scaffold6	35761708	False	A	T	0/0	19	57	19,0	0.0	True
YLZB4735-3A	YSXC51	CPO	1.0	1	1.0	HiC_scaffold6	35761708	False	A	T	0/0	27	75	27,0	0.0	True
YLZB4735-5A	YSXC51	CPO	1.0	1	1.0	HiC_scaffold6	35761708	False	A	T	0/0	35	99	35,0	0.0	True
YLZB4735-6A	YSXC51	CPO	1.0	1	1.0	HiC_scaffold6	35761708	False	A	T	0/0	37	99	37,0	0.0	True
YLZB4735-8A	YSXC51	CPO	1.0	1	1.0	HiC_scaffold6	35761708	False	A	T	0/0	14	42	14,0	0.0	True
YLZB4735-9A	YSXC51	CPO	1.0	1	1.0	HiC_scaffold6	35761708	False	A	T	0/0	51	99	51,0	0.0	True
YLZB4816-11A	ASCD52	CPO	1.0	1	1.0	HiC_scaffold6	35761708	False	A	T	0/0	36	90	36,0	0.0	True
YLZB4816-3A	ASCD52	CPO	1.0	1	1.0	HiC_scaffold6	35761708	False	A	T	0/0	52	99	52,0	0.0	True
YLZB4816-4A	ASCD52	CPO	1.0	1	1.0	HiC_scaffold6	35761708	False	A	T	0/0	19	57	19,0	0.0	True
YLZB4816-6A	ASCD52	CPO	1.0	1	1.0	HiC_scaffold6	35761708	False	A	T	0/0	52	99	52,0	0.0	True
YLZB4816-7A	ASCD52	CPO	1.0	1	1.0	HiC_scaffold6	35761708	False	A	T	0/0	52	99	52,0	0.0	True
YLZB4816-8A	ASCD52	CPO	1.0	1	1.0	HiC_scaffold6	35761708	False	A	T	0/0	12	33	12,0	0.0	True
YLZB4816-9A	ASCD52	CPO	1.0	1	1.0	HiC_scaffold6	35761708	False	A	T	0/0	33	99	33,0	0.0	True
ZXL277-1A	YY12	CMA	1.0	1	0.0	HiC_scaffold6	35761708	False	A	T	0/0	23	60	23,0	0.0	True
ZXL277-2A	YY12	CMA	1.0	1	0.0	HiC_scaffold6	35761708	False	A	T	0/0	13	39	13,0	0.0	True
ZXL277-3A	YY12	CMA	1.0	1	0.0	HiC_scaffold6	35761708	False	A	T	0/0	14	42	14,0	0.0	True
ZXL277-4A	YY12	CMA	1.0	1	0.0	HiC_scaffold6	35761708	False	A	T	./.	0	0	0,0	NA	False
ZXL277-5A	YY12	CMA	1.0	1	0.0	HiC_scaffold6	35761708	False	A	T	0/0	11	30	11,0	0.0	True
ZXL277-6A	YY12	CMA	1.0	1	0.0	HiC_scaffold6	35761708	False	A	T	0/0	12	36	12,0	0.0	True
ZXL277-7A	YY12	CMA	1.0	1	0.0	HiC_scaffold6	35761708	False	A	T	0/0	20	60	20,0	0.0	True
ZXL277-8A	YY12	CMA	1.0	1	0.0	HiC_scaffold6	35761708	False	A	T	./.	0	0	0,0	NA	False
ZXL79-1A	CZ25	CMA	1.0	1	0.0	HiC_scaffold6	35761708	False	A	T	0/0	28	72	28,0	0.0	True
ZXL79-2A	CZ25	CMA	1.0	1	0.0	HiC_scaffold6	35761708	False	A	T	0/0	19	57	19,0	0.0	True
ZXL79-3A	CZ25	CMA	1.0	1	0.0	HiC_scaffold6	35761708	False	A	T	0/0	29	84	29,0	0.0	True
ZXL79-4A	CZ25	CMA	1.0	1	0.0	HiC_scaffold6	35761708	False	A	T	0/0	20	60	20,0	0.0	True
ZXL79-5A	CZ25	CMA	1.0	1	0.0	HiC_scaffold6	35761708	False	A	T	0/0	28	81	28,0	0.0	True
ZXL79-6A	CZ25	CMA	1.0	1	0.0	HiC_scaffold6	35761708	False	A	T	0/0	16	42	16,0	0.0	True
ZXL79-7A	CZ25	CMA	1.0	1	0.0	HiC_scaffold6	35761708	False	A	T	0/0	22	63	22,0	0.0	True
xubo266-2A	XY36	CMA	1.0	1	0.0	HiC_scaffold6	35761708	False	A	T	0/0	35	96	35,0	0.0	True
xubo266-3A	XY36	CMA	1.0	1	0.0	HiC_scaffold6	35761708	False	A	T	0/0	28	84	28,0	0.0	True
xubo266-4A	XY36	CMA	1.0	1	0.0	HiC_scaffold6	35761708	False	A	T	0/0	33	90	33,0	0.0	True
xubo266-5A	XY36	CMA	1.0	1	0.0	HiC_scaffold6	35761708	False	A	T	0/0	27	81	27,0	0.0	True
xubo266-6A	XY36	CMA	1.0	1	0.0	HiC_scaffold6	35761708	False	A	T	0/0	32	90	32,0	0.0	True
xubo266-8A	XY36	CMA	1.0	1	0.0	HiC_scaffold6	35761708	False	A	T	0/0	25	75	25,0	0.0	True
xubo266-9A	XY36	CMA	1.0	1	0.0	HiC_scaffold6	35761708	False	A	T	0/0	35	99	35,0	0.0	True
zhuzm1009-10A	KM42	CPO	1.0	1	1.0	HiC_scaffold6	35761708	False	A	T	0/0	83	99	83,0	0.0	True
zhuzm1009-2A	KM42	CPO	1.0	1	1.0	HiC_scaffold6	35761708	False	A	T	0/0	94	99	94,0	0.0	True
zhuzm1009-3A	KM42	CPO	1.0	1	1.0	HiC_scaffold6	35761708	False	A	T	0/0	29	81	29,0	0.0	True
zhuzm1009-6A	KM42	CPO	1.0	1	1.0	HiC_scaffold6	35761708	False	A	T	0/0	27	81	27,0	0.0	True
zhuzm1009-7A	KM42	CPO	1.0	1	1.0	HiC_scaffold6	35761708	False	A	T	0/0	59	99	59,0	0.0	True
zhuzm1009-8A	KM42	CPO	1.0	1	1.0	HiC_scaffold6	35761708	False	A	T	0/0	52	99	52,0	0.0	True
2014-128-1A	ML50	CPO	1.0	1	1.0	HiC_scaffold6	35791592	False	C	T	0/0	13	39	13,0	0.0	True
2014-128-2A	ML50	CPO	1.0	1	1.0	HiC_scaffold6	35791592	False	C	T	0/0	11	33	11,0	0.0	True
2014-128-3A	ML50	CPO	1.0	1	1.0	HiC_scaffold6	35791592	False	C	T	0/0	7	21	7,0	0.0	False
2014-128-4A	ML50	CPO	1.0	1	1.0	HiC_scaffold6	35791592	False	C	T	0/0	7	21	7,0	0.0	False
2014-128-5A	ML50	CPO	1.0	1	1.0	HiC_scaffold6	35791592	False	C	T	0/0	4	12	4,0	0.0	False
2014-132-2A	ML5	N	1.0	1	1.0	HiC_scaffold6	35791592	False	C	T	0/0	4	12	4,0	0.0	False
2014-132-3A	ML5	N	1.0	1	1.0	HiC_scaffold6	35791592	False	C	T	0/0	7	21	7,0	0.0	False
2014-132-4A	ML5	N	1.0	1	1.0	HiC_scaffold6	35791592	False	C	T	0/0	21	60	21,0	0.0	True
2014-132-5A	ML5	N	1.0	1	1.0	HiC_scaffold6	35791592	False	C	T	0/0	12	36	12,0	0.0	True
2014-132-6A	ML5	N	1.0	1	1.0	HiC_scaffold6	35791592	False	C	T	0/0	6	18	6,0	0.0	False
2014-132-7A	ML5	N	1.0	1	1.0	HiC_scaffold6	35791592	False	C	T	0/0	12	36	12,0	0.0	True
2014-132-8A	ML5	N	1.0	1	1.0	HiC_scaffold6	35791592	False	C	T	0/0	8	24	8,0	0.0	False
2014-132-9A	ML5	N	1.0	1	1.0	HiC_scaffold6	35791592	False	C	T	0/0	7	18	7,0	0.0	False
2014-3-10A	MN34	CPO	1.0	1	1.0	HiC_scaffold6	35791592	False	C	T	0/0	22	60	22,0	0.0	True
2014-3-3A	MN34	CPO	1.0	1	1.0	HiC_scaffold6	35791592	False	C	T	0/0	28	72	28,0	0.0	True
2014-3-4A	MN34	CPO	1.0	1	1.0	HiC_scaffold6	35791592	False	C	T	0/0	20	51	20,0	0.0	True
2014-3-5A	MN34	CPO	1.0	1	1.0	HiC_scaffold6	35791592	False	C	T	0/0	31	81	31,0	0.0	True
2014-3-6A	MN34	CPO	1.0	1	1.0	HiC_scaffold6	35791592	False	C	T	0/0	26	72	26,0	0.0	True
2014-3-7A	MN34	CPO	1.0	1	1.0	HiC_scaffold6	35791592	False	C	T	0/0	25	75	25,0	0.0	True
2014-3-8A	MN34	CPO	1.0	1	1.0	HiC_scaffold6	35791592	False	C	T	0/0	36	93	36,0	0.0	True
2014-3-9A	MN34	CPO	1.0	1	1.0	HiC_scaffold6	35791592	False	C	T	0/0	18	51	18,0	0.0	True
2014-66-1A	YL49	CPO	1.0	1	1.0	HiC_scaffold6	35791592	False	C	T	0/0	17	48	17,0	0.0	True
2014-66-2A	YL49	CPO	1.0	1	1.0	HiC_scaffold6	35791592	False	C	T	0/0	23	69	23,0	0.0	True
2014-66-3A	YL49	CPO	1.0	1	1.0	HiC_scaffold6	35791592	False	C	T	0/0	9	27	9,0	0.0	False
2014-66-4A	YL49	CPO	1.0	1	1.0	HiC_scaffold6	35791592	False	C	T	0/0	15	42	15,0	0.0	True
2014-66-5A	YL49	CPO	1.0	1	1.0	HiC_scaffold6	35791592	False	C	T	0/0	14	42	14,0	0.0	True
2014-66-6A	YL49	CPO	1.0	1	1.0	HiC_scaffold6	35791592	False	C	T	0/0	20	57	20,0	0.0	True
2014-66-7A	YL49	CPO	1.0	1	1.0	HiC_scaffold6	35791592	False	C	T	0/0	16	48	16,0	0.0	True
2014-66-8A	YL49	CPO	1.0	1	1.0	HiC_scaffold6	35791592	False	C	T	0/0	13	36	13,0	0.0	True
DP1709141A	DQS11	CMA	1.0	1	0.0	HiC_scaffold6	35791592	False	C	T	0/0	22	63	22,0	0.0	True
DP1709144A	DQS11	CMA	1.0	1	0.0	HiC_scaffold6	35791592	False	C	T	0/0	9	24	9,0	0.0	False
DP1709148A	DQS11	CMA	1.0	1	0.0	HiC_scaffold6	35791592	False	C	T	0/0	20	48	20,0	0.0	True
Gln2014-15-10A	LD30	CYU	0.0	0	1.0	HiC_scaffold6	35791592	False	C	T	0/1	19	12	2,17	0.8947368421052632	False
Gln2014-15-1A	LD30	CYU	0.0	0	1.0	HiC_scaffold6	35791592	False	C	T	0/1	26	99	5,21	0.8076923076923077	True
Gln2014-15-3A	LD30	CYU	0.0	0	1.0	HiC_scaffold6	35791592	False	C	T	0/1	27	99	6,21	0.7777777777777778	True
Gln2014-15-4A	LD30	CYU	0.0	0	1.0	HiC_scaffold6	35791592	False	C	T	0/1	28	99	8,20	0.7142857142857143	True
Gln2014-15-5A	LD30	CYU	0.0	0	1.0	HiC_scaffold6	35791592	False	C	T	0/1	26	57	3,23	0.8846153846153846	True
Gln2014-15-6A	LD30	CYU	0.0	0	1.0	HiC_scaffold6	35791592	False	C	T	0/1	25	99	6,19	0.76	True
Gln2014-15-7A	LD30	CYU	0.0	0	1.0	HiC_scaffold6	35791592	False	C	T	0/1	29	99	16,13	0.4482758620689655	True
Gln2014-15-8A	LD30	CYU	0.0	0	1.0	HiC_scaffold6	35791592	False	C	T	0/1	42	99	9,33	0.7857142857142857	True
Gln2014-8-1A	LD06	CPO	1.0	1	1.0	HiC_scaffold6	35791592	False	C	T	0/0	14	42	14,0	0.0	True
Gln2014-8-2A	LD06	CPO	1.0	1	1.0	HiC_scaffold6	35791592	False	C	T	0/0	28	81	28,0	0.0	True
Gln2014-8-4A	LD06	CPO	1.0	1	1.0	HiC_scaffold6	35791592	False	C	T	0/0	7	21	7,0	0.0	False
Gln2014-8-5A	LD06	CPO	1.0	1	1.0	HiC_scaffold6	35791592	False	C	T	0/0	20	60	20,0	0.0	True
Gln2014-8-6A	LD06	CPO	1.0	1	1.0	HiC_scaffold6	35791592	False	C	T	0/0	11	33	11,0	0.0	True
Gln2014-8-7A	LD06	CPO	1.0	1	1.0	HiC_scaffold6	35791592	False	C	T	0/0	4	12	4,0	0.0	False
Gln2014-8-8A	LD06	CPO	1.0	1	1.0	HiC_scaffold6	35791592	False	C	T	0/0	12	36	12,0	0.0	True
JLS-BM001-1A	BM31	N	NA	1	NA	HiC_scaffold6	35791592	False	C	T	0/1	34	99	22,12	0.35294117647058826	True
JLS-BM001-2A	BM31	N	NA	1	NA	HiC_scaffold6	35791592	False	C	T	0/1	19	99	15,4	0.21052631578947367	True
JLS-BM001-3A	BM31	N	NA	1	NA	HiC_scaffold6	35791592	False	C	T	0/1	22	99	17,5	0.22727272727272727	True
JLS-BM001-4A	BM31	N	NA	1	NA	HiC_scaffold6	35791592	False	C	T	0/1	19	78	16,3	0.15789473684210525	True
JLS-BM001-5A	BM31	N	NA	1	NA	HiC_scaffold6	35791592	False	C	T	0/1	26	99	22,4	0.15384615384615385	True
JLS-BM001-6A	BM31	N	NA	1	NA	HiC_scaffold6	35791592	False	C	T	0/1	35	99	22,13	0.37142857142857144	True
JLS-BM001-7A	BM31	N	NA	1	NA	HiC_scaffold6	35791592	False	C	T	0/1	18	99	10,8	0.4444444444444444	True
JLS-BM001-8A	BM31	N	NA	1	NA	HiC_scaffold6	35791592	False	C	T	0/1	41	99	26,15	0.36585365853658536	True
JLS-CY022-10A	CY32	CPO	1.0	1	1.0	HiC_scaffold6	35791592	False	C	T	0/0	9	21	9,0	0.0	False
JLS-CY022-11A	CY32	CPO	1.0	1	1.0	HiC_scaffold6	35791592	False	C	T	0/0	6	18	6,0	0.0	False
JLS-CY022-4A	CY32	CPO	1.0	1	1.0	HiC_scaffold6	35791592	False	C	T	0/0	2	6	2,0	0.0	False
JLS-CY022-5A	CY32	CPO	1.0	1	1.0	HiC_scaffold6	35791592	False	C	T	0/0	13	39	13,0	0.0	True
JLS-CY022-6A	CY32	CPO	1.0	1	1.0	HiC_scaffold6	35791592	False	C	T	0/0	2	6	2,0	0.0	False
JLS-CY022-7A	CY32	CPO	1.0	1	1.0	HiC_scaffold6	35791592	False	C	T	0/0	11	33	11,0	0.0	True
Sha-WS-1A	WS14	CMA	1.0	1	0.0	HiC_scaffold6	35791592	False	C	T	0/0	25	60	25,0	0.0	True
Sha-WS-2A	WS14	CMA	1.0	1	0.0	HiC_scaffold6	35791592	False	C	T	0/0	32	81	32,0	0.0	True
Sha-WS-3A	WS14	CMA	1.0	1	0.0	HiC_scaffold6	35791592	False	C	T	0/0	5	15	5,0	0.0	False
Sha-WS-4A	WS14	CMA	1.0	1	0.0	HiC_scaffold6	35791592	False	C	T	0/0	13	39	13,0	0.0	True
Sha-WS-5A	WS14	CMA	1.0	1	0.0	HiC_scaffold6	35791592	False	C	T	0/0	22	54	22,0	0.0	True
Sha-WS-6A	WS14	CMA	1.0	1	0.0	HiC_scaffold6	35791592	False	C	T	0/0	30	81	30,0	0.0	True
Sha-WS-7A	WS14	CMA	1.0	1	0.0	HiC_scaffold6	35791592	False	C	T	0/0	21	60	21,0	0.0	True
Sha-WS-8A	WS14	CMA	1.0	1	0.0	HiC_scaffold6	35791592	False	C	T	0/0	19	54	19,0	0.0	True
THP-SET_1917-1A	MK27	CPO	1.0	1	1.0	HiC_scaffold6	35791592	False	C	T	0/0	18	48	18,0	0.0	True
THP-SET_1917-2A	MK27	CPO	1.0	1	1.0	HiC_scaffold6	35791592	False	C	T	0/0	12	33	12,0	0.0	True
THP-SET_1917-3A	MK27	CPO	1.0	1	1.0	HiC_scaffold6	35791592	False	C	T	0/0	13	36	13,0	0.0	True
THP-SET_1917-4A	MK27	CPO	1.0	1	1.0	HiC_scaffold6	35791592	False	C	T	0/0	5	15	5,0	0.0	False
THP-SET_1917-5A	MK27	CPO	1.0	1	1.0	HiC_scaffold6	35791592	False	C	T	0/0	9	24	9,0	0.0	False
THP-SET_1917-6A	MK27	CPO	1.0	1	1.0	HiC_scaffold6	35791592	False	C	T	0/0	17	51	17,0	0.0	True
THP-SET_1917-7A	MK27	CPO	1.0	1	1.0	HiC_scaffold6	35791592	False	C	T	0/0	22	60	22,0	0.0	True
THP-SET_1917-8A	MK27	CPO	1.0	1	1.0	HiC_scaffold6	35791592	False	C	T	0/0	12	36	12,0	0.0	True
XB2014-144-2A	SM35	CYU	1.0	1	1.0	HiC_scaffold6	35791592	False	C	T	0/1	42	99	13,29	0.6904761904761905	True
XB2014-144-3A	SM35	CYU	1.0	1	1.0	HiC_scaffold6	35791592	False	C	T	0/1	28	99	14,14	0.5	True
XB2014-144-4A	SM35	CYU	1.0	1	1.0	HiC_scaffold6	35791592	False	C	T	0/1	42	99	9,33	0.7857142857142857	True
XB2014-144-5A	SM35	CYU	1.0	1	1.0	HiC_scaffold6	35791592	False	C	T	0/1	31	99	10,21	0.6774193548387096	True
XB2014-144-6A	SM35	CYU	1.0	1	1.0	HiC_scaffold6	35791592	False	C	T	0/1	20	30	2,18	0.9	True
XB2014-144-7A	SM35	CYU	1.0	1	1.0	HiC_scaffold6	35791592	False	C	T	0/1	48	99	14,34	0.7083333333333334	True
XB2014-144-8A	SM35	CYU	1.0	1	1.0	HiC_scaffold6	35791592	False	C	T	0/1	35	99	13,22	0.6285714285714286	True
XB2014-144-9A	SM35	CYU	1.0	1	1.0	HiC_scaffold6	35791592	False	C	T	0/1	44	99	17,27	0.6136363636363636	True
XB2014-38-2A	EY8	CYU	0.0	1	1.0	HiC_scaffold6	35791592	False	C	T	0/1	36	99	23,13	0.3611111111111111	True
XB2014-38-3A	EY8	CYU	0.0	1	1.0	HiC_scaffold6	35791592	False	C	T	0/1	18	99	12,6	0.3333333333333333	True
XB2014-38-4A	EY8	CYU	0.0	1	1.0	HiC_scaffold6	35791592	False	C	T	0/0	17	48	17,0	0.0	True
XB2014-38-5A	EY8	CYU	0.0	1	1.0	HiC_scaffold6	35791592	False	C	T	0/0	17	51	17,0	0.0	True
XB2014-38-6A	EY9	CPO	0.0	1	1.0	HiC_scaffold6	35791592	False	C	T	0/1	31	99	20,11	0.3548387096774194	True
XB2014-39-1A	EY9	CPO	1.0	1	1.0	HiC_scaffold6	35791592	False	C	T	0/0	22	63	22,0	0.0	True
XB2014-39-2A	EY9	CPO	1.0	1	1.0	HiC_scaffold6	35791592	False	C	T	0/0	45	99	45,0	0.0	True
XB2014-39-3A	EY9	CPO	1.0	1	1.0	HiC_scaffold6	35791592	False	C	T	0/0	15	13	14,1	0.06666666666666667	False
XB2014-39-4A	EY9	CPO	1.0	1	1.0	HiC_scaffold6	35791592	False	C	T	0/0	8	21	8,0	0.0	False
XB2014-39-5A	EY9	CPO	1.0	1	1.0	HiC_scaffold6	35791592	False	C	T	0/0	14	42	14,0	0.0	True
XB2014-39-6A	EY9	CPO	1.0	1	1.0	HiC_scaffold6	35791592	False	C	T	0/0	24	66	24,0	0.0	True
XB2014-39-7A	EY9	CPO	1.0	1	1.0	HiC_scaffold6	35791592	False	C	T	0/0	29	81	29,0	0.0	True
XB2014-39-8A	EY9	CPO	1.0	1	1.0	HiC_scaffold6	35791592	False	C	T	0/0	24	60	24,0	0.0	True
XB2014-4-2A	MN4	CYU	0.0	0	1.0	HiC_scaffold6	35791592	False	C	T	0/1	18	99	5,13	0.7222222222222222	True
XB2014-4-3A	MN4	CYU	0.0	0	1.0	HiC_scaffold6	35791592	False	C	T	0/1	14	99	4,10	0.7142857142857143	True
XB2014-4-4A	MN4	CYU	0.0	0	1.0	HiC_scaffold6	35791592	False	C	T	0/1	46	99	12,34	0.7391304347826086	True
XB2014-4-5A	MN4	CYU	0.0	0	1.0	HiC_scaffold6	35791592	False	C	T	0/1	42	99	9,33	0.7857142857142857	True
XB2014-4-6A	MN4	CYU	0.0	0	1.0	HiC_scaffold6	35791592	False	C	T	0/1	41	99	7,34	0.8292682926829268	True
XB2014-4-7A	MN4	CYU	0.0	0	1.0	HiC_scaffold6	35791592	False	C	T	0/1	31	99	11,20	0.6451612903225806	True
XB2014-4-8A	YL9	CYU	0.0	0	1.0	HiC_scaffold6	35791592	False	C	T	0/1	32	99	10,22	0.6875	True
XB2014-4-9A	YL9	CYU	0.0	0	1.0	HiC_scaffold6	35791592	False	C	T	0/1	42	99	13,29	0.6904761904761905	True
XB2014-48-1A	MN4	CYU	0.0	0	1.0	HiC_scaffold6	35791592	False	C	T	0/1	40	99	10,30	0.75	True
XB2014-48-2A	MN4	CYU	0.0	0	1.0	HiC_scaffold6	35791592	False	C	T	0/1	34	99	8,26	0.7647058823529411	True
XB2014-48-3A	YL9	CYU	0.0	0	1.0	HiC_scaffold6	35791592	False	C	T	0/1	18	99	7,11	0.6111111111111112	True
XB2014-48-4A	YL9	CYU	0.0	0	1.0	HiC_scaffold6	35791592	False	C	T	0/1	20	99	9,11	0.55	True
XB2014-48-5A	YL9	CYU	0.0	0	1.0	HiC_scaffold6	35791592	False	C	T	0/1	25	99	10,15	0.6	True
XB2014-48-6A	YL9	CYU	0.0	0	1.0	HiC_scaffold6	35791592	False	C	T	0/1	13	99	7,6	0.46153846153846156	True
XB2014-48-7A	YL9	CYU	0.0	0	1.0	HiC_scaffold6	35791592	False	C	T	0/1	25	99	5,20	0.8	True
XB2014-48-9A	YL9	CYU	0.0	0	1.0	HiC_scaffold6	35791592	False	C	T	0/1	25	99	11,14	0.56	True
XB26-3B	SC37	CPO	1.0	1	1.0	HiC_scaffold6	35791592	False	C	T	0/0	19	57	19,0	0.0	True
XB26-4B	SC37	CPO	1.0	1	1.0	HiC_scaffold6	35791592	False	C	T	0/0	21	60	21,0	0.0	True
XB26-5B	SC37	CPO	1.0	1	1.0	HiC_scaffold6	35791592	False	C	T	0/0	20	60	20,0	0.0	True
XB26-7B	SC37	CPO	1.0	1	1.0	HiC_scaffold6	35791592	False	C	T	0/0	22	60	22,0	0.0	True
XuBo982-1A	XS40	CMA	1.0	1	0.0	HiC_scaffold6	35791592	False	C	T	0/0	32	90	32,0	0.0	True
XuBo982-2A	XS40	CMA	1.0	1	0.0	HiC_scaffold6	35791592	False	C	T	0/0	25	56	25,0	0.0	True
XuBo982-3A	XS40	CMA	1.0	1	0.0	HiC_scaffold6	35791592	False	C	T	0/0	29	55	29,0	0.0	True
XuBo982-4A	XS40	CMA	1.0	1	0.0	HiC_scaffold6	35791592	False	C	T	0/0	17	48	17,0	0.0	True
XuBo982-5A	XS40	CMA	1.0	1	0.0	HiC_scaffold6	35791592	False	C	T	./.	0	0	0,0	NA	False
XubBo-1037-1A	LN46	N	1.0	1	0.0	HiC_scaffold6	35791592	False	C	T	0/0	15	39	15,0	0.0	True
XubBo-1037-2A	TB43	CMA	NA	1	NA	HiC_scaffold6	35791592	False	C	T	0/0	14	42	14,0	0.0	True
XubBo-1037-3A	TB43	CMA	NA	1	NA	HiC_scaffold6	35791592	False	C	T	0/0	24	63	24,0	0.0	True
XubBo-1037-4A	TB43	CMA	NA	1	NA	HiC_scaffold6	35791592	False	C	T	0/0	20	60	20,0	0.0	True
XubBo-1037-5A	TB43	CMA	NA	1	NA	HiC_scaffold6	35791592	False	C	T	0/0	14	36	14,0	0.0	True
XubBo-1037-6A	TB43	CMA	NA	1	NA	HiC_scaffold6	35791592	False	C	T	0/0	8	24	8,0	0.0	False
XubBo-1037-7A	TB43	CMA	NA	1	NA	HiC_scaffold6	35791592	False	C	T	0/0	17	51	17,0	0.0	True
XubBo-1037-8A	TB43	CMA	NA	1	NA	HiC_scaffold6	35791592	False	C	T	0/0	15	33	15,0	0.0	True
XubBo1030-10A	LN46	N	1.0	1	0.0	HiC_scaffold6	35791592	False	C	T	./.	0	0	0,0	NA	False
XubBo1030-1A	LN46	N	1.0	1	0.0	HiC_scaffold6	35791592	False	C	T	./.	0	0	0,0	NA	False
XubBo1030-3A	LN46	N	1.0	1	0.0	HiC_scaffold6	35791592	False	C	T	./.	0	0	0,0	NA	False
XubBo1030-5A	LN46	N	1.0	1	0.0	HiC_scaffold6	35791592	False	C	T	./.	0	0	0,0	NA	False
XubBo1030-6A	LN46	N	1.0	1	0.0	HiC_scaffold6	35791592	False	C	T	./.	0	0	0,0	NA	False
XubBo1030-8A	LN46	N	1.0	1	0.0	HiC_scaffold6	35791592	False	C	T	0/0	19	54	19,0	0.0	True
XubBo1030-9A	LN46	N	1.0	1	0.0	HiC_scaffold6	35791592	False	C	T	./.	0	0	0,0	NA	False
XubBo1051-10A	WX48	CMA	1.0	1	0.0	HiC_scaffold6	35791592	False	C	T	0/0	22	60	22,0	0.0	True
XubBo1051-1A	WX48	CMA	1.0	1	0.0	HiC_scaffold6	35791592	False	C	T	0/0	13	39	13,0	0.0	True
XubBo1051-2A	WX48	CMA	1.0	1	0.0	HiC_scaffold6	35791592	False	C	T	./.	0	0	0,0	NA	False
XubBo1051-3A	WX48	CMA	1.0	1	0.0	HiC_scaffold6	35791592	False	C	T	0/0	12	36	12,0	0.0	True
XubBo1051-4A	WX48	CMA	1.0	1	0.0	HiC_scaffold6	35791592	False	C	T	0/0	21	60	21,0	0.0	True
XubBo1051-7A	WX48	CMA	1.0	1	0.0	HiC_scaffold6	35791592	False	C	T	0/0	22	60	22,0	0.0	True
XubBo1051-8A	WX48	CMA	1.0	1	0.0	HiC_scaffold6	35791592	False	C	T	0/0	37	99	37,0	0.0	True
XubBo1051-9A	WX48	CMA	1.0	1	0.0	HiC_scaffold6	35791592	False	C	T	0/0	31	90	31,0	0.0	True
Xubo01402-2A	YS26	CYU	1.0	1	1.0	HiC_scaffold6	35791592	False	C	T	0/0	15	42	15,0	0.0	True
Xubo01402-3A	YS26	CYU	1.0	1	1.0	HiC_scaffold6	35791592	False	C	T	0/0	22	60	22,0	0.0	True
Xubo01402-4A	YS26	CYU	1.0	1	1.0	HiC_scaffold6	35791592	False	C	T	0/0	21	57	21,0	0.0	True
Xubo01402-5A	YS26	CYU	1.0	1	1.0	HiC_scaffold6	35791592	False	C	T	0/0	26	69	26,0	0.0	True
Xubo01402-6A	YS26	CYU	1.0	1	1.0	HiC_scaffold6	35791592	False	C	T	0/0	26	72	26,0	0.0	True
Xubo01402-7A	YS26	CYU	1.0	1	1.0	HiC_scaffold6	35791592	False	C	T	0/0	16	32	16,0	0.0	True
Xubo01402-8A	YS26	CYU	1.0	1	1.0	HiC_scaffold6	35791592	False	C	T	0/0	15	45	15,0	0.0	True
Xubo01402-9A	YS26	CYU	1.0	1	1.0	HiC_scaffold6	35791592	False	C	T	0/0	22	48	22,0	0.0	True
YLZB4703-2A	SM3	CYU	0.0	0	1.0	HiC_scaffold6	35791592	False	C	T	0/1	27	99	5,22	0.8148148148148148	True
YLZB4703-3A	SM3	CYU	0.0	0	1.0	HiC_scaffold6	35791592	False	C	T	0/1	36	99	11,25	0.6944444444444444	True
YLZB4703-5A	SM3	CYU	0.0	0	1.0	HiC_scaffold6	35791592	False	C	T	0/1	32	84	4,28	0.875	True
YLZB4703-7A	SM3	CYU	0.0	0	1.0	HiC_scaffold6	35791592	False	C	T	0/1	26	99	5,21	0.8076923076923077	True
YLZB4703-9A	SM3	CYU	0.0	0	1.0	HiC_scaffold6	35791592	False	C	T	0/1	14	99	6,8	0.5714285714285714	True
YLZB4715-10A	MY1	CYU	0.0	0	1.0	HiC_scaffold6	35791592	False	C	T	0/1	21	27	2,19	0.9047619047619048	True
YLZB4715-1A	MY1	CYU	0.0	0	1.0	HiC_scaffold6	35791592	False	C	T	1/1	19	12	1,18	0.9473684210526315	False
YLZB4715-2A	MY1	CYU	0.0	0	1.0	HiC_scaffold6	35791592	False	C	T	0/1	9	99	4,5	0.5555555555555556	False
YLZB4715-5A	MY1	CYU	0.0	0	1.0	HiC_scaffold6	35791592	False	C	T	0/0	5	15	5,0	0.0	False
YLZB4715-6A	MY1	CYU	0.0	0	1.0	HiC_scaffold6	35791592	False	C	T	0/1	32	99	11,21	0.65625	True
YLZB4715-7A	MY1	CYU	0.0	0	1.0	HiC_scaffold6	35791592	False	C	T	0/1	13	99	7,6	0.46153846153846156	True
YLZB4715-8A	MY1	CYU	0.0	0	1.0	HiC_scaffold6	35791592	False	C	T	0/0	16	48	16,0	0.0	True
YLZB4715-9A	MY1	CYU	0.0	0	1.0	HiC_scaffold6	35791592	False	C	T	0/1	24	99	11,13	0.5416666666666666	True
YLZB4735-10A	YSXC51	CPO	1.0	1	1.0	HiC_scaffold6	35791592	False	C	T	0/0	14	42	14,0	0.0	True
YLZB4735-1A	YSXC51	CPO	1.0	1	1.0	HiC_scaffold6	35791592	False	C	T	0/0	13	39	13,0	0.0	True
YLZB4735-2A	YSXC51	CPO	1.0	1	1.0	HiC_scaffold6	35791592	False	C	T	0/0	14	42	14,0	0.0	True
YLZB4735-3A	YSXC51	CPO	1.0	1	1.0	HiC_scaffold6	35791592	False	C	T	0/0	13	39	13,0	0.0	True
YLZB4735-5A	YSXC51	CPO	1.0	1	1.0	HiC_scaffold6	35791592	False	C	T	0/0	16	48	16,0	0.0	True
YLZB4735-6A	YSXC51	CPO	1.0	1	1.0	HiC_scaffold6	35791592	False	C	T	0/0	14	42	14,0	0.0	True
YLZB4735-8A	YSXC51	CPO	1.0	1	1.0	HiC_scaffold6	35791592	False	C	T	0/0	5	15	5,0	0.0	False
YLZB4735-9A	YSXC51	CPO	1.0	1	1.0	HiC_scaffold6	35791592	False	C	T	0/0	15	45	15,0	0.0	True
YLZB4816-11A	ASCD52	CPO	1.0	1	1.0	HiC_scaffold6	35791592	False	C	T	0/0	9	21	9,0	0.0	False
YLZB4816-3A	ASCD52	CPO	1.0	1	1.0	HiC_scaffold6	35791592	False	C	T	0/0	19	51	19,0	0.0	True
YLZB4816-4A	ASCD52	CPO	1.0	1	1.0	HiC_scaffold6	35791592	False	C	T	0/0	12	36	12,0	0.0	True
YLZB4816-6A	ASCD52	CPO	1.0	1	1.0	HiC_scaffold6	35791592	False	C	T	0/0	13	39	13,0	0.0	True
YLZB4816-7A	ASCD52	CPO	1.0	1	1.0	HiC_scaffold6	35791592	False	C	T	0/0	38	99	38,0	0.0	True
YLZB4816-8A	ASCD52	CPO	1.0	1	1.0	HiC_scaffold6	35791592	False	C	T	0/0	6	18	6,0	0.0	False
YLZB4816-9A	ASCD52	CPO	1.0	1	1.0	HiC_scaffold6	35791592	False	C	T	0/0	28	78	28,0	0.0	True
ZXL277-1A	YY12	CMA	1.0	1	0.0	HiC_scaffold6	35791592	False	C	T	0/0	12	30	12,0	0.0	True
ZXL277-2A	YY12	CMA	1.0	1	0.0	HiC_scaffold6	35791592	False	C	T	0/0	15	45	15,0	0.0	True
ZXL277-3A	YY12	CMA	1.0	1	0.0	HiC_scaffold6	35791592	False	C	T	0/0	24	72	24,0	0.0	True
ZXL277-4A	YY12	CMA	1.0	1	0.0	HiC_scaffold6	35791592	False	C	T	./.	0	0	0,0	NA	False
ZXL277-5A	YY12	CMA	1.0	1	0.0	HiC_scaffold6	35791592	False	C	T	0/0	8	24	8,0	0.0	False
ZXL277-6A	YY12	CMA	1.0	1	0.0	HiC_scaffold6	35791592	False	C	T	0/0	8	21	8,0	0.0	False
ZXL277-7A	YY12	CMA	1.0	1	0.0	HiC_scaffold6	35791592	False	C	T	0/0	14	25	14,0	0.0	True
ZXL277-8A	YY12	CMA	1.0	1	0.0	HiC_scaffold6	35791592	False	C	T	./.	0	0	0,0	NA	False
ZXL79-1A	CZ25	CMA	1.0	1	0.0	HiC_scaffold6	35791592	False	C	T	0/0	15	42	15,0	0.0	True
ZXL79-2A	CZ25	CMA	1.0	1	0.0	HiC_scaffold6	35791592	False	C	T	0/0	21	63	21,0	0.0	True
ZXL79-3A	CZ25	CMA	1.0	1	0.0	HiC_scaffold6	35791592	False	C	T	0/0	12	36	12,0	0.0	True
ZXL79-4A	CZ25	CMA	1.0	1	0.0	HiC_scaffold6	35791592	False	C	T	0/0	17	45	15,0	0.0	True
ZXL79-5A	CZ25	CMA	1.0	1	0.0	HiC_scaffold6	35791592	False	C	T	0/0	19	51	19,0	0.0	True
ZXL79-6A	CZ25	CMA	1.0	1	0.0	HiC_scaffold6	35791592	False	C	T	0/0	13	39	13,0	0.0	True
ZXL79-7A	CZ25	CMA	1.0	1	0.0	HiC_scaffold6	35791592	False	C	T	0/0	23	60	23,0	0.0	True
xubo266-2A	XY36	CMA	1.0	1	0.0	HiC_scaffold6	35791592	False	C	T	0/0	22	61	22,0	0.0	True
xubo266-3A	XY36	CMA	1.0	1	0.0	HiC_scaffold6	35791592	False	C	T	0/0	29	81	29,0	0.0	True
xubo266-4A	XY36	CMA	1.0	1	0.0	HiC_scaffold6	35791592	False	C	T	0/0	16	39	16,0	0.0	True
xubo266-5A	XY36	CMA	1.0	1	0.0	HiC_scaffold6	35791592	False	C	T	0/0	15	36	15,0	0.0	True
xubo266-6A	XY36	CMA	1.0	1	0.0	HiC_scaffold6	35791592	False	C	T	0/0	22	57	22,0	0.0	True
xubo266-8A	XY36	CMA	1.0	1	0.0	HiC_scaffold6	35791592	False	C	T	0/0	22	60	22,0	0.0	True
xubo266-9A	XY36	CMA	1.0	1	0.0	HiC_scaffold6	35791592	False	C	T	0/0	21	60	21,0	0.0	True
zhuzm1009-10A	KM42	CPO	1.0	1	1.0	HiC_scaffold6	35791592	False	C	T	0/0	28	81	28,0	0.0	True
zhuzm1009-2A	KM42	CPO	1.0	1	1.0	HiC_scaffold6	35791592	False	C	T	0/0	17	51	17,0	0.0	True
zhuzm1009-3A	KM42	CPO	1.0	1	1.0	HiC_scaffold6	35791592	False	C	T	0/0	7	21	7,0	0.0	False
zhuzm1009-6A	KM42	CPO	1.0	1	1.0	HiC_scaffold6	35791592	False	C	T	0/0	7	21	7,0	0.0	False
zhuzm1009-7A	KM42	CPO	1.0	1	1.0	HiC_scaffold6	35791592	False	C	T	0/0	19	51	19,0	0.0	True
zhuzm1009-8A	KM42	CPO	1.0	1	1.0	HiC_scaffold6	35791592	False	C	T	0/0	41	99	41,0	0.0	True
2014-128-1A	ML50	CPO	1.0	1	1.0	HiC_scaffold6	35798667	False	A	G	0/0	33	90	33,0	0.0	True
2014-128-2A	ML50	CPO	1.0	1	1.0	HiC_scaffold6	35798667	False	A	G	0/0	27	81	27,0	0.0	True
2014-128-3A	ML50	CPO	1.0	1	1.0	HiC_scaffold6	35798667	False	A	G	0/0	30	81	30,0	0.0	True
2014-128-4A	ML50	CPO	1.0	1	1.0	HiC_scaffold6	35798667	False	A	G	0/0	35	99	35,0	0.0	True
2014-128-5A	ML50	CPO	1.0	1	1.0	HiC_scaffold6	35798667	False	A	G	0/0	36	93	36,0	0.0	True
2014-132-2A	ML5	N	1.0	1	1.0	HiC_scaffold6	35798667	False	A	G	0/0	26	72	26,0	0.0	True
2014-132-3A	ML5	N	1.0	1	1.0	HiC_scaffold6	35798667	False	A	G	0/0	26	72	26,0	0.0	True
2014-132-4A	ML5	N	1.0	1	1.0	HiC_scaffold6	35798667	False	A	G	0/0	34	90	34,0	0.0	True
2014-132-5A	ML5	N	1.0	1	1.0	HiC_scaffold6	35798667	False	A	G	0/0	17	51	17,0	0.0	True
2014-132-6A	ML5	N	1.0	1	1.0	HiC_scaffold6	35798667	False	A	G	0/0	18	54	18,0	0.0	True
2014-132-7A	ML5	N	1.0	1	1.0	HiC_scaffold6	35798667	False	A	G	0/0	24	60	24,0	0.0	True
2014-132-8A	ML5	N	1.0	1	1.0	HiC_scaffold6	35798667	False	A	G	0/0	23	63	23,0	0.0	True
2014-132-9A	ML5	N	1.0	1	1.0	HiC_scaffold6	35798667	False	A	G	0/0	26	70	26,0	0.0	True
2014-3-10A	MN34	CPO	1.0	1	1.0	HiC_scaffold6	35798667	False	A	G	0/0	69	99	69,0	0.0	True
2014-3-3A	MN34	CPO	1.0	1	1.0	HiC_scaffold6	35798667	False	A	G	0/0	57	99	57,0	0.0	True
2014-3-4A	MN34	CPO	1.0	1	1.0	HiC_scaffold6	35798667	False	A	G	0/0	45	99	45,0	0.0	True
2014-3-5A	MN34	CPO	1.0	1	1.0	HiC_scaffold6	35798667	False	A	G	0/0	51	99	51,0	0.0	True
2014-3-6A	MN34	CPO	1.0	1	1.0	HiC_scaffold6	35798667	False	A	G	0/0	44	99	44,0	0.0	True
2014-3-7A	MN34	CPO	1.0	1	1.0	HiC_scaffold6	35798667	False	A	G	0/0	53	99	53,0	0.0	True
2014-3-8A	MN34	CPO	1.0	1	1.0	HiC_scaffold6	35798667	False	A	G	0/0	27	66	27,0	0.0	True
2014-3-9A	MN34	CPO	1.0	1	1.0	HiC_scaffold6	35798667	False	A	G	0/0	30	87	30,0	0.0	True
2014-66-1A	YL49	CPO	1.0	1	1.0	HiC_scaffold6	35798667	False	A	G	0/0	24	72	24,0	0.0	True
2014-66-2A	YL49	CPO	1.0	1	1.0	HiC_scaffold6	35798667	False	A	G	0/0	33	84	33,0	0.0	True
2014-66-3A	YL49	CPO	1.0	1	1.0	HiC_scaffold6	35798667	False	A	G	0/0	37	99	37,0	0.0	True
2014-66-4A	YL49	CPO	1.0	1	1.0	HiC_scaffold6	35798667	False	A	G	0/0	25	72	25,0	0.0	True
2014-66-5A	YL49	CPO	1.0	1	1.0	HiC_scaffold6	35798667	False	A	G	0/0	34	93	34,0	0.0	True
2014-66-6A	YL49	CPO	1.0	1	1.0	HiC_scaffold6	35798667	False	A	G	0/0	24	63	24,0	0.0	True
2014-66-7A	YL49	CPO	1.0	1	1.0	HiC_scaffold6	35798667	False	A	G	0/0	34	96	34,0	0.0	True
2014-66-8A	YL49	CPO	1.0	1	1.0	HiC_scaffold6	35798667	False	A	G	0/0	28	72	28,0	0.0	True
DP1709141A	DQS11	CMA	1.0	1	0.0	HiC_scaffold6	35798667	False	A	G	0/0	26	70	26,0	0.0	True
DP1709144A	DQS11	CMA	1.0	1	0.0	HiC_scaffold6	35798667	False	A	G	0/0	30	90	30,0	0.0	True
DP1709148A	DQS11	CMA	1.0	1	0.0	HiC_scaffold6	35798667	False	A	G	0/0	29	81	29,0	0.0	True
Gln2014-15-10A	LD30	CYU	0.0	0	1.0	HiC_scaffold6	35798667	False	A	G	0/1	49	99	31,18	0.3673469387755102	True
Gln2014-15-1A	LD30	CYU	0.0	0	1.0	HiC_scaffold6	35798667	False	A	G	0/1	42	99	20,22	0.5238095238095238	True
Gln2014-15-3A	LD30	CYU	0.0	0	1.0	HiC_scaffold6	35798667	False	A	G	0/1	46	99	36,10	0.21739130434782608	True
Gln2014-15-4A	LD30	CYU	0.0	0	1.0	HiC_scaffold6	35798667	False	A	G	0/1	45	99	32,13	0.28888888888888886	True
Gln2014-15-5A	LD30	CYU	0.0	0	1.0	HiC_scaffold6	35798667	False	A	G	0/0	58	99	58,0	0.0	True
Gln2014-15-6A	LD30	CYU	0.0	0	1.0	HiC_scaffold6	35798667	False	A	G	0/1	46	99	37,9	0.1956521739130435	True
Gln2014-15-7A	LD30	CYU	0.0	0	1.0	HiC_scaffold6	35798667	False	A	G	0/0	48	99	48,0	0.0	True
Gln2014-15-8A	LD30	CYU	0.0	0	1.0	HiC_scaffold6	35798667	False	A	G	0/1	75	99	52,23	0.30666666666666664	True
Gln2014-8-1A	LD06	CPO	1.0	1	1.0	HiC_scaffold6	35798667	False	A	G	0/0	34	99	34,0	0.0	True
Gln2014-8-2A	LD06	CPO	1.0	1	1.0	HiC_scaffold6	35798667	False	A	G	0/0	46	99	46,0	0.0	True
Gln2014-8-4A	LD06	CPO	1.0	1	1.0	HiC_scaffold6	35798667	False	A	G	0/0	32	90	32,0	0.0	True
Gln2014-8-5A	LD06	CPO	1.0	1	1.0	HiC_scaffold6	35798667	False	A	G	0/0	61	99	61,0	0.0	True
Gln2014-8-6A	LD06	CPO	1.0	1	1.0	HiC_scaffold6	35798667	False	A	G	0/0	38	99	38,0	0.0	True
Gln2014-8-7A	LD06	CPO	1.0	1	1.0	HiC_scaffold6	35798667	False	A	G	0/0	15	45	15,0	0.0	True
Gln2014-8-8A	LD06	CPO	1.0	1	1.0	HiC_scaffold6	35798667	False	A	G	0/0	35	99	35,0	0.0	True
JLS-BM001-1A	BM31	N	NA	1	NA	HiC_scaffold6	35798667	False	A	G	0/0	53	99	53,0	0.0	True
JLS-BM001-2A	BM31	N	NA	1	NA	HiC_scaffold6	35798667	False	A	G	0/0	47	99	47,0	0.0	True
JLS-BM001-3A	BM31	N	NA	1	NA	HiC_scaffold6	35798667	False	A	G	0/0	47	99	47,0	0.0	True
JLS-BM001-4A	BM31	N	NA	1	NA	HiC_scaffold6	35798667	False	A	G	0/0	38	99	38,0	0.0	True
JLS-BM001-5A	BM31	N	NA	1	NA	HiC_scaffold6	35798667	False	A	G	0/0	51	99	51,0	0.0	True
JLS-BM001-6A	BM31	N	NA	1	NA	HiC_scaffold6	35798667	False	A	G	0/0	60	99	60,0	0.0	True
JLS-BM001-7A	BM31	N	NA	1	NA	HiC_scaffold6	35798667	False	A	G	0/0	33	99	33,0	0.0	True
JLS-BM001-8A	BM31	N	NA	1	NA	HiC_scaffold6	35798667	False	A	G	0/0	42	99	42,0	0.0	True
JLS-CY022-10A	CY32	CPO	1.0	1	1.0	HiC_scaffold6	35798667	False	A	G	0/0	17	48	17,0	0.0	True
JLS-CY022-11A	CY32	CPO	1.0	1	1.0	HiC_scaffold6	35798667	False	A	G	0/0	22	60	22,0	0.0	True
JLS-CY022-4A	CY32	CPO	1.0	1	1.0	HiC_scaffold6	35798667	False	A	G	0/0	9	24	9,0	0.0	False
JLS-CY022-5A	CY32	CPO	1.0	1	1.0	HiC_scaffold6	35798667	False	A	G	0/0	35	90	35,0	0.0	True
JLS-CY022-6A	CY32	CPO	1.0	1	1.0	HiC_scaffold6	35798667	False	A	G	0/0	13	36	13,0	0.0	True
JLS-CY022-7A	CY32	CPO	1.0	1	1.0	HiC_scaffold6	35798667	False	A	G	0/0	11	30	11,0	0.0	True
Sha-WS-1A	WS14	CMA	1.0	1	0.0	HiC_scaffold6	35798667	False	A	G	0/0	24	63	24,0	0.0	True
Sha-WS-2A	WS14	CMA	1.0	1	0.0	HiC_scaffold6	35798667	False	A	G	0/0	30	75	30,0	0.0	True
Sha-WS-3A	WS14	CMA	1.0	1	0.0	HiC_scaffold6	35798667	False	A	G	0/0	21	54	21,0	0.0	True
Sha-WS-4A	WS14	CMA	1.0	1	0.0	HiC_scaffold6	35798667	False	A	G	0/0	28	78	28,0	0.0	True
Sha-WS-5A	WS14	CMA	1.0	1	0.0	HiC_scaffold6	35798667	False	A	G	0/0	34	93	34,0	0.0	True
Sha-WS-6A	WS14	CMA	1.0	1	0.0	HiC_scaffold6	35798667	False	A	G	0/0	22	63	22,0	0.0	True
Sha-WS-7A	WS14	CMA	1.0	1	0.0	HiC_scaffold6	35798667	False	A	G	0/0	25	72	25,0	0.0	True
Sha-WS-8A	WS14	CMA	1.0	1	0.0	HiC_scaffold6	35798667	False	A	G	0/0	35	99	35,0	0.0	True
THP-SET_1917-1A	MK27	CPO	1.0	1	1.0	HiC_scaffold6	35798667	False	A	G	0/0	30	84	30,0	0.0	True
THP-SET_1917-2A	MK27	CPO	1.0	1	1.0	HiC_scaffold6	35798667	False	A	G	0/0	36	99	36,0	0.0	True
THP-SET_1917-3A	MK27	CPO	1.0	1	1.0	HiC_scaffold6	35798667	False	A	G	0/0	33	99	33,0	0.0	True
THP-SET_1917-4A	MK27	CPO	1.0	1	1.0	HiC_scaffold6	35798667	False	A	G	0/0	28	78	28,0	0.0	True
THP-SET_1917-5A	MK27	CPO	1.0	1	1.0	HiC_scaffold6	35798667	False	A	G	0/0	38	99	38,0	0.0	True
THP-SET_1917-6A	MK27	CPO	1.0	1	1.0	HiC_scaffold6	35798667	False	A	G	0/0	29	84	29,0	0.0	True
THP-SET_1917-7A	MK27	CPO	1.0	1	1.0	HiC_scaffold6	35798667	False	A	G	0/0	43	99	43,0	0.0	True
THP-SET_1917-8A	MK27	CPO	1.0	1	1.0	HiC_scaffold6	35798667	False	A	G	0/0	26	66	26,0	0.0	True
XB2014-144-2A	SM35	CYU	1.0	1	1.0	HiC_scaffold6	35798667	False	A	G	0/0	64	99	64,0	0.0	True
XB2014-144-3A	SM35	CYU	1.0	1	1.0	HiC_scaffold6	35798667	False	A	G	0/0	63	99	63,0	0.0	True
XB2014-144-4A	SM35	CYU	1.0	1	1.0	HiC_scaffold6	35798667	False	A	G	0/0	61	99	61,0	0.0	True
XB2014-144-5A	SM35	CYU	1.0	1	1.0	HiC_scaffold6	35798667	False	A	G	0/0	47	99	47,0	0.0	True
XB2014-144-6A	SM35	CYU	1.0	1	1.0	HiC_scaffold6	35798667	False	A	G	0/0	57	99	57,0	0.0	True
XB2014-144-7A	SM35	CYU	1.0	1	1.0	HiC_scaffold6	35798667	False	A	G	0/0	85	99	85,0	0.0	True
XB2014-144-8A	SM35	CYU	1.0	1	1.0	HiC_scaffold6	35798667	False	A	G	0/0	68	99	68,0	0.0	True
XB2014-144-9A	SM35	CYU	1.0	1	1.0	HiC_scaffold6	35798667	False	A	G	0/0	87	99	87,0	0.0	True
XB2014-38-2A	EY8	CYU	0.0	1	1.0	HiC_scaffold6	35798667	False	A	G	0/1	68	99	44,24	0.35294117647058826	True
XB2014-38-3A	EY8	CYU	0.0	1	1.0	HiC_scaffold6	35798667	False	A	G	0/1	32	99	20,12	0.375	True
XB2014-38-4A	EY8	CYU	0.0	1	1.0	HiC_scaffold6	35798667	False	A	G	0/0	22	60	22,0	0.0	True
XB2014-38-5A	EY8	CYU	0.0	1	1.0	HiC_scaffold6	35798667	False	A	G	0/0	27	75	27,0	0.0	True
XB2014-38-6A	EY9	CPO	0.0	1	1.0	HiC_scaffold6	35798667	False	A	G	0/1	36	99	25,11	0.3055555555555556	True
XB2014-39-1A	EY9	CPO	1.0	1	1.0	HiC_scaffold6	35798667	False	A	G	0/0	35	90	35,0	0.0	True
XB2014-39-2A	EY9	CPO	1.0	1	1.0	HiC_scaffold6	35798667	False	A	G	0/0	55	99	55,0	0.0	True
XB2014-39-3A	EY9	CPO	1.0	1	1.0	HiC_scaffold6	35798667	False	A	G	0/0	43	99	43,0	0.0	True
XB2014-39-4A	EY9	CPO	1.0	1	1.0	HiC_scaffold6	35798667	False	A	G	0/0	4	12	4,0	0.0	False
XB2014-39-5A	EY9	CPO	1.0	1	1.0	HiC_scaffold6	35798667	False	A	G	0/0	25	69	25,0	0.0	True
XB2014-39-6A	EY9	CPO	1.0	1	1.0	HiC_scaffold6	35798667	False	A	G	0/0	44	99	44,0	0.0	True
XB2014-39-7A	EY9	CPO	1.0	1	1.0	HiC_scaffold6	35798667	False	A	G	0/0	46	99	44,0	0.0	True
XB2014-39-8A	EY9	CPO	1.0	1	1.0	HiC_scaffold6	35798667	False	A	G	0/0	40	99	40,0	0.0	True
XB2014-4-2A	MN4	CYU	0.0	0	1.0	HiC_scaffold6	35798667	False	A	G	0/1	40	99	19,21	0.525	True
XB2014-4-3A	MN4	CYU	0.0	0	1.0	HiC_scaffold6	35798667	False	A	G	0/1	31	99	19,12	0.3870967741935484	True
XB2014-4-4A	MN4	CYU	0.0	0	1.0	HiC_scaffold6	35798667	False	A	G	0/1	67	99	24,43	0.6417910447761194	True
XB2014-4-5A	MN4	CYU	0.0	0	1.0	HiC_scaffold6	35798667	False	A	G	0/1	49	99	27,22	0.4489795918367347	True
XB2014-4-6A	MN4	CYU	0.0	0	1.0	HiC_scaffold6	35798667	False	A	G	0/1	80	99	40,40	0.5	True
XB2014-4-7A	MN4	CYU	0.0	0	1.0	HiC_scaffold6	35798667	False	A	G	0/1	47	99	26,21	0.44680851063829785	True
XB2014-4-8A	YL9	CYU	0.0	0	1.0	HiC_scaffold6	35798667	False	A	G	0/1	42	99	12,30	0.7142857142857143	True
XB2014-4-9A	YL9	CYU	0.0	0	1.0	HiC_scaffold6	35798667	False	A	G	0/1	71	99	24,47	0.6619718309859155	True
XB2014-48-1A	MN4	CYU	0.0	0	1.0	HiC_scaffold6	35798667	False	A	G	0/1	59	99	41,18	0.3050847457627119	True
XB2014-48-2A	MN4	CYU	0.0	0	1.0	HiC_scaffold6	35798667	False	A	G	0/1	61	99	22,39	0.639344262295082	True
XB2014-48-3A	YL9	CYU	0.0	0	1.0	HiC_scaffold6	35798667	False	A	G	0/1	37	99	25,12	0.32432432432432434	True
XB2014-48-4A	YL9	CYU	0.0	0	1.0	HiC_scaffold6	35798667	False	A	G	0/1	59	99	40,17	0.2982456140350877	True
XB2014-48-5A	YL9	CYU	0.0	0	1.0	HiC_scaffold6	35798667	False	A	G	0/1	69	99	33,36	0.5217391304347826	True
XB2014-48-6A	YL9	CYU	0.0	0	1.0	HiC_scaffold6	35798667	False	A	G	0/1	43	99	27,16	0.37209302325581395	True
XB2014-48-7A	YL9	CYU	0.0	0	1.0	HiC_scaffold6	35798667	False	A	G	0/1	69	99	28,41	0.5942028985507246	True
XB2014-48-9A	YL9	CYU	0.0	0	1.0	HiC_scaffold6	35798667	False	A	G	0/1	48	99	23,25	0.5208333333333334	True
XB26-3B	SC37	CPO	1.0	1	1.0	HiC_scaffold6	35798667	False	A	G	0/0	26	72	24,0	0.0	True
XB26-4B	SC37	CPO	1.0	1	1.0	HiC_scaffold6	35798667	False	A	G	0/0	39	99	39,0	0.0	True
XB26-5B	SC37	CPO	1.0	1	1.0	HiC_scaffold6	35798667	False	A	G	0/0	34	99	34,0	0.0	True
XB26-7B	SC37	CPO	1.0	1	1.0	HiC_scaffold6	35798667	False	A	G	0/0	54	99	54,0	0.0	True
XuBo982-1A	XS40	CMA	1.0	1	0.0	HiC_scaffold6	35798667	False	A	G	0/0	30	87	30,0	0.0	True
XuBo982-2A	XS40	CMA	1.0	1	0.0	HiC_scaffold6	35798667	False	A	G	0/0	23	62	23,0	0.0	True
XuBo982-3A	XS40	CMA	1.0	1	0.0	HiC_scaffold6	35798667	False	A	G	0/0	31	90	31,0	0.0	True
XuBo982-4A	XS40	CMA	1.0	1	0.0	HiC_scaffold6	35798667	False	A	G	0/0	13	36	13,0	0.0	True
XuBo982-5A	XS40	CMA	1.0	1	0.0	HiC_scaffold6	35798667	False	A	G	./.	0	0	0,0	NA	False
XubBo-1037-1A	LN46	N	1.0	1	0.0	HiC_scaffold6	35798667	False	A	G	0/0	38	99	38,0	0.0	True
XubBo-1037-2A	TB43	CMA	NA	1	NA	HiC_scaffold6	35798667	False	A	G	0/0	40	99	40,0	0.0	True
XubBo-1037-3A	TB43	CMA	NA	1	NA	HiC_scaffold6	35798667	False	A	G	0/0	40	99	40,0	0.0	True
XubBo-1037-4A	TB43	CMA	NA	1	NA	HiC_scaffold6	35798667	False	A	G	0/0	52	99	52,0	0.0	True
XubBo-1037-5A	TB43	CMA	NA	1	NA	HiC_scaffold6	35798667	False	A	G	0/0	39	99	39,0	0.0	True
XubBo-1037-6A	TB43	CMA	NA	1	NA	HiC_scaffold6	35798667	False	A	G	0/0	40	99	40,0	0.0	True
XubBo-1037-7A	TB43	CMA	NA	1	NA	HiC_scaffold6	35798667	False	A	G	0/0	32	81	32,0	0.0	True
XubBo-1037-8A	TB43	CMA	NA	1	NA	HiC_scaffold6	35798667	False	A	G	0/0	28	78	28,0	0.0	True
XubBo1030-10A	LN46	N	1.0	1	0.0	HiC_scaffold6	35798667	False	A	G	0/0	35	99	35,0	0.0	True
XubBo1030-1A	LN46	N	1.0	1	0.0	HiC_scaffold6	35798667	False	A	G	0/0	28	81	28,0	0.0	True
XubBo1030-3A	LN46	N	1.0	1	0.0	HiC_scaffold6	35798667	False	A	G	0/0	16	48	16,0	0.0	True
XubBo1030-5A	LN46	N	1.0	1	0.0	HiC_scaffold6	35798667	False	A	G	0/0	23	57	23,0	0.0	True
XubBo1030-6A	LN46	N	1.0	1	0.0	HiC_scaffold6	35798667	False	A	G	0/0	20	60	20,0	0.0	True
XubBo1030-8A	LN46	N	1.0	1	0.0	HiC_scaffold6	35798667	False	A	G	0/0	43	99	43,0	0.0	True
XubBo1030-9A	LN46	N	1.0	1	0.0	HiC_scaffold6	35798667	False	A	G	0/0	23	60	23,0	0.0	True
XubBo1051-10A	WX48	CMA	1.0	1	0.0	HiC_scaffold6	35798667	False	A	G	0/0	21	60	21,0	0.0	True
XubBo1051-1A	WX48	CMA	1.0	1	0.0	HiC_scaffold6	35798667	False	A	G	0/0	8	24	8,0	0.0	False
XubBo1051-2A	WX48	CMA	1.0	1	0.0	HiC_scaffold6	35798667	False	A	G	0/0	7	21	7,0	0.0	False
XubBo1051-3A	WX48	CMA	1.0	1	0.0	HiC_scaffold6	35798667	False	A	G	0/0	27	66	27,0	0.0	True
XubBo1051-4A	WX48	CMA	1.0	1	0.0	HiC_scaffold6	35798667	False	A	G	0/0	30	84	30,0	0.0	True
XubBo1051-7A	WX48	CMA	1.0	1	0.0	HiC_scaffold6	35798667	False	A	G	0/0	37	99	37,0	0.0	True
XubBo1051-8A	WX48	CMA	1.0	1	0.0	HiC_scaffold6	35798667	False	A	G	0/0	44	99	44,0	0.0	True
XubBo1051-9A	WX48	CMA	1.0	1	0.0	HiC_scaffold6	35798667	False	A	G	0/0	13	36	13,0	0.0	True
Xubo01402-2A	YS26	CYU	1.0	1	1.0	HiC_scaffold6	35798667	False	A	G	0/0	45	99	45,0	0.0	True
Xubo01402-3A	YS26	CYU	1.0	1	1.0	HiC_scaffold6	35798667	False	A	G	0/0	39	99	39,0	0.0	True
Xubo01402-4A	YS26	CYU	1.0	1	1.0	HiC_scaffold6	35798667	False	A	G	0/0	45	99	45,0	0.0	True
Xubo01402-5A	YS26	CYU	1.0	1	1.0	HiC_scaffold6	35798667	False	A	G	0/0	54	99	54,0	0.0	True
Xubo01402-6A	YS26	CYU	1.0	1	1.0	HiC_scaffold6	35798667	False	A	G	0/0	46	99	46,0	0.0	True
Xubo01402-7A	YS26	CYU	1.0	1	1.0	HiC_scaffold6	35798667	False	A	G	0/0	40	99	40,0	0.0	True
Xubo01402-8A	YS26	CYU	1.0	1	1.0	HiC_scaffold6	35798667	False	A	G	0/0	16	39	16,0	0.0	True
Xubo01402-9A	YS26	CYU	1.0	1	1.0	HiC_scaffold6	35798667	False	A	G	0/0	20	54	20,0	0.0	True
YLZB4703-2A	SM3	CYU	0.0	0	1.0	HiC_scaffold6	35798667	False	A	G	0/0	35	99	35,0	0.0	True
YLZB4703-3A	SM3	CYU	0.0	0	1.0	HiC_scaffold6	35798667	False	A	G	0/0	53	99	53,0	0.0	True
YLZB4703-5A	SM3	CYU	0.0	0	1.0	HiC_scaffold6	35798667	False	A	G	0/1	42	99	31,11	0.2619047619047619	True
YLZB4703-7A	SM3	CYU	0.0	0	1.0	HiC_scaffold6	35798667	False	A	G	0/0	52	99	52,0	0.0	True
YLZB4703-9A	SM3	CYU	0.0	0	1.0	HiC_scaffold6	35798667	False	A	G	0/1	50	99	34,16	0.32	True
YLZB4715-10A	MY1	CYU	0.0	0	1.0	HiC_scaffold6	35798667	False	A	G	0/1	40	99	23,17	0.425	True
YLZB4715-1A	MY1	CYU	0.0	0	1.0	HiC_scaffold6	35798667	False	A	G	0/1	46	99	18,28	0.6086956521739131	True
YLZB4715-2A	MY1	CYU	0.0	0	1.0	HiC_scaffold6	35798667	False	A	G	0/1	43	99	27,16	0.37209302325581395	True
YLZB4715-5A	MY1	CYU	0.0	0	1.0	HiC_scaffold6	35798667	False	A	G	0/0	18	51	18,0	0.0	True
YLZB4715-6A	MY1	CYU	0.0	0	1.0	HiC_scaffold6	35798667	False	A	G	0/1	64	99	30,34	0.53125	True
YLZB4715-7A	MY1	CYU	0.0	0	1.0	HiC_scaffold6	35798667	False	A	G	0/1	29	99	19,10	0.3448275862068966	True
YLZB4715-8A	MY1	CYU	0.0	0	1.0	HiC_scaffold6	35798667	False	A	G	0/0	39	99	39,0	0.0	True
YLZB4715-9A	MY1	CYU	0.0	0	1.0	HiC_scaffold6	35798667	False	A	G	0/1	40	99	33,7	0.175	True
YLZB4735-10A	YSXC51	CPO	1.0	1	1.0	HiC_scaffold6	35798667	False	A	G	0/0	33	99	33,0	0.0	True
YLZB4735-1A	YSXC51	CPO	1.0	1	1.0	HiC_scaffold6	35798667	False	A	G	0/0	22	51	22,0	0.0	True
YLZB4735-2A	YSXC51	CPO	1.0	1	1.0	HiC_scaffold6	35798667	False	A	G	0/0	19	48	19,0	0.0	True
YLZB4735-3A	YSXC51	CPO	1.0	1	1.0	HiC_scaffold6	35798667	False	A	G	0/0	36	87	36,0	0.0	True
YLZB4735-5A	YSXC51	CPO	1.0	1	1.0	HiC_scaffold6	35798667	False	A	G	0/0	28	78	28,0	0.0	True
YLZB4735-6A	YSXC51	CPO	1.0	1	1.0	HiC_scaffold6	35798667	False	A	G	0/0	40	99	40,0	0.0	True
YLZB4735-8A	YSXC51	CPO	1.0	1	1.0	HiC_scaffold6	35798667	False	A	G	0/0	8	24	8,0	0.0	False
YLZB4735-9A	YSXC51	CPO	1.0	1	1.0	HiC_scaffold6	35798667	False	A	G	0/0	56	99	56,0	0.0	True
YLZB4816-11A	ASCD52	CPO	1.0	1	1.0	HiC_scaffold6	35798667	False	A	G	0/0	29	84	29,0	0.0	True
YLZB4816-3A	ASCD52	CPO	1.0	1	1.0	HiC_scaffold6	35798667	False	A	G	0/0	35	99	35,0	0.0	True
YLZB4816-4A	ASCD52	CPO	1.0	1	1.0	HiC_scaffold6	35798667	False	A	G	0/0	21	51	21,0	0.0	True
YLZB4816-6A	ASCD52	CPO	1.0	1	1.0	HiC_scaffold6	35798667	False	A	G	0/0	29	84	29,0	0.0	True
YLZB4816-7A	ASCD52	CPO	1.0	1	1.0	HiC_scaffold6	35798667	False	A	G	0/0	58	99	58,0	0.0	True
YLZB4816-8A	ASCD52	CPO	1.0	1	1.0	HiC_scaffold6	35798667	False	A	G	0/0	26	72	26,0	0.0	True
YLZB4816-9A	ASCD52	CPO	1.0	1	1.0	HiC_scaffold6	35798667	False	A	G	0/0	42	99	42,0	0.0	True
ZXL277-1A	YY12	CMA	1.0	1	0.0	HiC_scaffold6	35798667	False	A	G	0/0	28	84	28,0	0.0	True
ZXL277-2A	YY12	CMA	1.0	1	0.0	HiC_scaffold6	35798667	False	A	G	0/0	8	24	8,0	0.0	False
ZXL277-3A	YY12	CMA	1.0	1	0.0	HiC_scaffold6	35798667	False	A	G	0/0	15	42	15,0	0.0	True
ZXL277-4A	YY12	CMA	1.0	1	0.0	HiC_scaffold6	35798667	False	A	G	./.	0	0	0,0	NA	False
ZXL277-5A	YY12	CMA	1.0	1	0.0	HiC_scaffold6	35798667	False	A	G	0/0	11	30	11,0	0.0	True
ZXL277-6A	YY12	CMA	1.0	1	0.0	HiC_scaffold6	35798667	False	A	G	0/0	18	51	18,0	0.0	True
ZXL277-7A	YY12	CMA	1.0	1	0.0	HiC_scaffold6	35798667	False	A	G	0/0	23	60	23,0	0.0	True
ZXL277-8A	YY12	CMA	1.0	1	0.0	HiC_scaffold6	35798667	False	A	G	./.	0	0	0,0	NA	False
ZXL79-1A	CZ25	CMA	1.0	1	0.0	HiC_scaffold6	35798667	False	A	G	0/0	33	96	33,0	0.0	True
ZXL79-2A	CZ25	CMA	1.0	1	0.0	HiC_scaffold6	35798667	False	A	G	0/0	29	81	29,0	0.0	True
ZXL79-3A	CZ25	CMA	1.0	1	0.0	HiC_scaffold6	35798667	False	A	G	0/0	18	51	18,0	0.0	True
ZXL79-4A	CZ25	CMA	1.0	1	0.0	HiC_scaffold6	35798667	False	A	G	0/0	22	60	22,0	0.0	True
ZXL79-5A	CZ25	CMA	1.0	1	0.0	HiC_scaffold6	35798667	False	A	G	0/0	21	60	21,0	0.0	True
ZXL79-6A	CZ25	CMA	1.0	1	0.0	HiC_scaffold6	35798667	False	A	G	0/0	20	60	20,0	0.0	True
ZXL79-7A	CZ25	CMA	1.0	1	0.0	HiC_scaffold6	35798667	False	A	G	0/0	33	90	33,0	0.0	True
xubo266-2A	XY36	CMA	1.0	1	0.0	HiC_scaffold6	35798667	False	A	G	0/0	37	99	37,0	0.0	True
xubo266-3A	XY36	CMA	1.0	1	0.0	HiC_scaffold6	35798667	False	A	G	0/0	42	99	42,0	0.0	True
xubo266-4A	XY36	CMA	1.0	1	0.0	HiC_scaffold6	35798667	False	A	G	0/0	45	99	45,0	0.0	True
xubo266-5A	XY36	CMA	1.0	1	0.0	HiC_scaffold6	35798667	False	A	G	0/0	30	84	30,0	0.0	True
xubo266-6A	XY36	CMA	1.0	1	0.0	HiC_scaffold6	35798667	False	A	G	0/0	31	90	31,0	0.0	True
xubo266-8A	XY36	CMA	1.0	1	0.0	HiC_scaffold6	35798667	False	A	G	0/0	30	81	30,0	0.0	True
xubo266-9A	XY36	CMA	1.0	1	0.0	HiC_scaffold6	35798667	False	A	G	0/0	37	99	37,0	0.0	True
zhuzm1009-10A	KM42	CPO	1.0	1	1.0	HiC_scaffold6	35798667	False	A	G	0/0	57	99	57,0	0.0	True
zhuzm1009-2A	KM42	CPO	1.0	1	1.0	HiC_scaffold6	35798667	False	A	G	0/0	71	99	71,0	0.0	True
zhuzm1009-3A	KM42	CPO	1.0	1	1.0	HiC_scaffold6	35798667	False	A	G	0/0	19	57	19,0	0.0	True
zhuzm1009-6A	KM42	CPO	1.0	1	1.0	HiC_scaffold6	35798667	False	A	G	0/0	22	66	22,0	0.0	True
zhuzm1009-7A	KM42	CPO	1.0	1	1.0	HiC_scaffold6	35798667	False	A	G	0/0	33	87	33,0	0.0	True
zhuzm1009-8A	KM42	CPO	1.0	1	1.0	HiC_scaffold6	35798667	False	A	G	0/0	34	99	34,0	0.0	True
2014-128-1A	ML50	CPO	1.0	1	1.0	HiC_scaffold6	35825165	False	C	T	0/0	2	6	2,0	0.0	False
2014-128-2A	ML50	CPO	1.0	1	1.0	HiC_scaffold6	35825165	False	C	T	0/0	3	9	3,0	0.0	False
2014-128-3A	ML50	CPO	1.0	1	1.0	HiC_scaffold6	35825165	False	C	T	0/0	5	15	5,0	0.0	False
2014-128-4A	ML50	CPO	1.0	1	1.0	HiC_scaffold6	35825165	False	C	T	0/0	6	18	6,0	0.0	False
2014-128-5A	ML50	CPO	1.0	1	1.0	HiC_scaffold6	35825165	False	C	T	0/0	4	12	4,0	0.0	False
2014-132-2A	ML5	N	1.0	1	1.0	HiC_scaffold6	35825165	False	C	T	./.	2	0	2,0	0.0	False
2014-132-3A	ML5	N	1.0	1	1.0	HiC_scaffold6	35825165	False	C	T	0/0	2	6	2,0	0.0	False
2014-132-4A	ML5	N	1.0	1	1.0	HiC_scaffold6	35825165	False	C	T	0/0	4	12	4,0	0.0	False
2014-132-5A	ML5	N	1.0	1	1.0	HiC_scaffold6	35825165	False	C	T	0/0	2	6	2,0	0.0	False
2014-132-6A	ML5	N	1.0	1	1.0	HiC_scaffold6	35825165	False	C	T	0/0	1	3	1,0	0.0	False
2014-132-7A	ML5	N	1.0	1	1.0	HiC_scaffold6	35825165	False	C	T	0/0	4	12	4,0	0.0	False
2014-132-8A	ML5	N	1.0	1	1.0	HiC_scaffold6	35825165	False	C	T	0/0	1	3	1,0	0.0	False
2014-132-9A	ML5	N	1.0	1	1.0	HiC_scaffold6	35825165	False	C	T	0/0	2	6	2,0	0.0	False
2014-3-10A	MN34	CPO	1.0	1	1.0	HiC_scaffold6	35825165	False	C	T	0/0	21	60	21,0	0.0	True
2014-3-3A	MN34	CPO	1.0	1	1.0	HiC_scaffold6	35825165	False	C	T	0/0	19	57	19,0	0.0	True
2014-3-4A	MN34	CPO	1.0	1	1.0	HiC_scaffold6	35825165	False	C	T	0/0	16	39	16,0	0.0	True
2014-3-5A	MN34	CPO	1.0	1	1.0	HiC_scaffold6	35825165	False	C	T	0/0	14	42	14,0	0.0	True
2014-3-6A	MN34	CPO	1.0	1	1.0	HiC_scaffold6	35825165	False	C	T	0/0	34	90	34,0	0.0	True
2014-3-7A	MN34	CPO	1.0	1	1.0	HiC_scaffold6	35825165	False	C	T	0/0	27	81	27,0	0.0	True
2014-3-8A	MN34	CPO	1.0	1	1.0	HiC_scaffold6	35825165	False	C	T	0/0	22	60	22,0	0.0	True
2014-3-9A	MN34	CPO	1.0	1	1.0	HiC_scaffold6	35825165	False	C	T	0/0	24	60	24,0	0.0	True
2014-66-1A	YL49	CPO	1.0	1	1.0	HiC_scaffold6	35825165	False	C	T	0/0	11	30	11,0	0.0	True
2014-66-2A	YL49	CPO	1.0	1	1.0	HiC_scaffold6	35825165	False	C	T	0/0	13	24	13,0	0.0	True
2014-66-3A	YL49	CPO	1.0	1	1.0	HiC_scaffold6	35825165	False	C	T	0/0	3	9	3,0	0.0	False
2014-66-4A	YL49	CPO	1.0	1	1.0	HiC_scaffold6	35825165	False	C	T	0/0	21	57	21,0	0.0	True
2014-66-5A	YL49	CPO	1.0	1	1.0	HiC_scaffold6	35825165	False	C	T	0/0	8	24	8,0	0.0	False
2014-66-6A	YL49	CPO	1.0	1	1.0	HiC_scaffold6	35825165	False	C	T	0/0	5	15	5,0	0.0	False
2014-66-7A	YL49	CPO	1.0	1	1.0	HiC_scaffold6	35825165	False	C	T	0/0	5	15	5,0	0.0	False
2014-66-8A	YL49	CPO	1.0	1	1.0	HiC_scaffold6	35825165	False	C	T	0/0	11	33	11,0	0.0	True
DP1709141A	DQS11	CMA	1.0	1	0.0	HiC_scaffold6	35825165	False	C	T	0/0	26	65	26,0	0.0	True
DP1709144A	DQS11	CMA	1.0	1	0.0	HiC_scaffold6	35825165	False	C	T	0/0	20	51	20,0	0.0	True
DP1709148A	DQS11	CMA	1.0	1	0.0	HiC_scaffold6	35825165	False	C	T	0/0	20	60	20,0	0.0	True
Gln2014-15-10A	LD30	CYU	0.0	0	1.0	HiC_scaffold6	35825165	False	C	T	0/1	32	99	13,19	0.59375	True
Gln2014-15-1A	LD30	CYU	0.0	0	1.0	HiC_scaffold6	35825165	False	C	T	0/1	31	99	17,14	0.45161290322580644	True
Gln2014-15-3A	LD30	CYU	0.0	0	1.0	HiC_scaffold6	35825165	False	C	T	0/1	23	99	13,10	0.43478260869565216	True
Gln2014-15-4A	LD30	CYU	0.0	0	1.0	HiC_scaffold6	35825165	False	C	T	0/1	25	99	15,10	0.4	True
Gln2014-15-5A	LD30	CYU	0.0	0	1.0	HiC_scaffold6	35825165	False	C	T	0/0	25	72	25,0	0.0	True
Gln2014-15-6A	LD30	CYU	0.0	0	1.0	HiC_scaffold6	35825165	False	C	T	0/1	22	99	15,7	0.3181818181818182	True
Gln2014-15-7A	LD30	CYU	0.0	0	1.0	HiC_scaffold6	35825165	False	C	T	0/0	14	42	14,0	0.0	True
Gln2014-15-8A	LD30	CYU	0.0	0	1.0	HiC_scaffold6	35825165	False	C	T	0/1	39	99	31,8	0.20512820512820512	True
Gln2014-8-1A	LD06	CPO	1.0	1	1.0	HiC_scaffold6	35825165	False	C	T	0/0	1	3	1,0	0.0	False
Gln2014-8-2A	LD06	CPO	1.0	1	1.0	HiC_scaffold6	35825165	False	C	T	0/0	25	72	25,0	0.0	True
Gln2014-8-4A	LD06	CPO	1.0	1	1.0	HiC_scaffold6	35825165	False	C	T	0/0	9	27	9,0	0.0	False
Gln2014-8-5A	LD06	CPO	1.0	1	1.0	HiC_scaffold6	35825165	False	C	T	0/0	13	39	13,0	0.0	True
Gln2014-8-6A	LD06	CPO	1.0	1	1.0	HiC_scaffold6	35825165	False	C	T	0/0	9	27	9,0	0.0	False
Gln2014-8-7A	LD06	CPO	1.0	1	1.0	HiC_scaffold6	35825165	False	C	T	0/0	4	0	4,0	0.0	False
Gln2014-8-8A	LD06	CPO	1.0	1	1.0	HiC_scaffold6	35825165	False	C	T	0/0	3	9	3,0	0.0	False
JLS-BM001-1A	BM31	N	NA	1	NA	HiC_scaffold6	35825165	False	C	T	0/0	34	99	34,0	0.0	True
JLS-BM001-2A	BM31	N	NA	1	NA	HiC_scaffold6	35825165	False	C	T	0/0	15	45	15,0	0.0	True
JLS-BM001-3A	BM31	N	NA	1	NA	HiC_scaffold6	35825165	False	C	T	0/0	35	99	35,0	0.0	True
JLS-BM001-4A	BM31	N	NA	1	NA	HiC_scaffold6	35825165	False	C	T	0/0	20	60	20,0	0.0	True
JLS-BM001-5A	BM31	N	NA	1	NA	HiC_scaffold6	35825165	False	C	T	0/0	26	66	26,0	0.0	True
JLS-BM001-6A	BM31	N	NA	1	NA	HiC_scaffold6	35825165	False	C	T	0/0	31	87	31,0	0.0	True
JLS-BM001-7A	BM31	N	NA	1	NA	HiC_scaffold6	35825165	False	C	T	0/0	16	45	16,0	0.0	True
JLS-BM001-8A	BM31	N	NA	1	NA	HiC_scaffold6	35825165	False	C	T	0/0	21	60	21,0	0.0	True
JLS-CY022-10A	CY32	CPO	1.0	1	1.0	HiC_scaffold6	35825165	False	C	T	0/0	2	6	2,0	0.0	False
JLS-CY022-11A	CY32	CPO	1.0	1	1.0	HiC_scaffold6	35825165	False	C	T	0/0	3	9	3,0	0.0	False
JLS-CY022-4A	CY32	CPO	1.0	1	1.0	HiC_scaffold6	35825165	False	C	T	0/0	4	12	4,0	0.0	False
JLS-CY022-5A	CY32	CPO	1.0	1	1.0	HiC_scaffold6	35825165	False	C	T	0/0	10	30	10,0	0.0	True
JLS-CY022-6A	CY32	CPO	1.0	1	1.0	HiC_scaffold6	35825165	False	C	T	0/0	4	9	4,0	0.0	False
JLS-CY022-7A	CY32	CPO	1.0	1	1.0	HiC_scaffold6	35825165	False	C	T	0/0	12	36	12,0	0.0	True
Sha-WS-1A	WS14	CMA	1.0	1	0.0	HiC_scaffold6	35825165	False	C	T	0/0	21	54	21,0	0.0	True
Sha-WS-2A	WS14	CMA	1.0	1	0.0	HiC_scaffold6	35825165	False	C	T	0/0	27	72	27,0	0.0	True
Sha-WS-3A	WS14	CMA	1.0	1	0.0	HiC_scaffold6	35825165	False	C	T	0/0	15	45	15,0	0.0	True
Sha-WS-4A	WS14	CMA	1.0	1	0.0	HiC_scaffold6	35825165	False	C	T	0/0	27	78	27,0	0.0	True
Sha-WS-5A	WS14	CMA	1.0	1	0.0	HiC_scaffold6	35825165	False	C	T	0/0	15	45	15,0	0.0	True
Sha-WS-6A	WS14	CMA	1.0	1	0.0	HiC_scaffold6	35825165	False	C	T	0/0	30	81	30,0	0.0	True
Sha-WS-7A	WS14	CMA	1.0	1	0.0	HiC_scaffold6	35825165	False	C	T	0/0	22	24	22,0	0.0	True
Sha-WS-8A	WS14	CMA	1.0	1	0.0	HiC_scaffold6	35825165	False	C	T	0/0	26	72	26,0	0.0	True
THP-SET_1917-1A	MK27	CPO	1.0	1	1.0	HiC_scaffold6	35825165	False	C	T	0/0	24	72	24,0	0.0	True
THP-SET_1917-2A	MK27	CPO	1.0	1	1.0	HiC_scaffold6	35825165	False	C	T	0/0	13	36	13,0	0.0	True
THP-SET_1917-3A	MK27	CPO	1.0	1	1.0	HiC_scaffold6	35825165	False	C	T	0/0	10	30	10,0	0.0	True
THP-SET_1917-4A	MK27	CPO	1.0	1	1.0	HiC_scaffold6	35825165	False	C	T	0/0	1	3	1,0	0.0	False
THP-SET_1917-5A	MK27	CPO	1.0	1	1.0	HiC_scaffold6	35825165	False	C	T	0/0	4	12	4,0	0.0	False
THP-SET_1917-6A	MK27	CPO	1.0	1	1.0	HiC_scaffold6	35825165	False	C	T	0/0	11	30	11,0	0.0	True
THP-SET_1917-7A	MK27	CPO	1.0	1	1.0	HiC_scaffold6	35825165	False	C	T	0/0	8	21	8,0	0.0	False
THP-SET_1917-8A	MK27	CPO	1.0	1	1.0	HiC_scaffold6	35825165	False	C	T	0/0	8	21	8,0	0.0	False
XB2014-144-2A	SM35	CYU	1.0	1	1.0	HiC_scaffold6	35825165	False	C	T	0/0	34	68	34,0	0.0	True
XB2014-144-3A	SM35	CYU	1.0	1	1.0	HiC_scaffold6	35825165	False	C	T	0/0	29	81	29,0	0.0	True
XB2014-144-4A	SM35	CYU	1.0	1	1.0	HiC_scaffold6	35825165	False	C	T	0/0	35	99	35,0	0.0	True
XB2014-144-5A	SM35	CYU	1.0	1	1.0	HiC_scaffold6	35825165	False	C	T	0/0	44	83	44,0	0.0	True
XB2014-144-6A	SM35	CYU	1.0	1	1.0	HiC_scaffold6	35825165	False	C	T	0/0	31	87	31,0	0.0	True
XB2014-144-7A	SM35	CYU	1.0	1	1.0	HiC_scaffold6	35825165	False	C	T	0/0	35	99	35,0	0.0	True
XB2014-144-8A	SM35	CYU	1.0	1	1.0	HiC_scaffold6	35825165	False	C	T	0/0	38	99	38,0	0.0	True
XB2014-144-9A	SM35	CYU	1.0	1	1.0	HiC_scaffold6	35825165	False	C	T	0/0	39	99	39,0	0.0	True
XB2014-38-2A	EY8	CYU	0.0	1	1.0	HiC_scaffold6	35825165	False	C	T	0/1	22	99	5,17	0.7727272727272727	True
XB2014-38-3A	EY8	CYU	0.0	1	1.0	HiC_scaffold6	35825165	False	C	T	0/1	21	99	14,7	0.3333333333333333	True
XB2014-38-4A	EY8	CYU	0.0	1	1.0	HiC_scaffold6	35825165	False	C	T	0/0	11	30	11,0	0.0	True
XB2014-38-5A	EY8	CYU	0.0	1	1.0	HiC_scaffold6	35825165	False	C	T	0/0	13	39	13,0	0.0	True
XB2014-38-6A	EY9	CPO	0.0	1	1.0	HiC_scaffold6	35825165	False	C	T	0/1	26	99	16,10	0.38461538461538464	True
XB2014-39-1A	EY9	CPO	1.0	1	1.0	HiC_scaffold6	35825165	False	C	T	0/0	10	30	10,0	0.0	True
XB2014-39-2A	EY9	CPO	1.0	1	1.0	HiC_scaffold6	35825165	False	C	T	0/0	39	99	39,0	0.0	True
XB2014-39-3A	EY9	CPO	1.0	1	1.0	HiC_scaffold6	35825165	False	C	T	0/0	21	60	21,0	0.0	True
XB2014-39-4A	EY9	CPO	1.0	1	1.0	HiC_scaffold6	35825165	False	C	T	0/0	4	12	4,0	0.0	False
XB2014-39-5A	EY9	CPO	1.0	1	1.0	HiC_scaffold6	35825165	False	C	T	0/0	3	9	3,0	0.0	False
XB2014-39-6A	EY9	CPO	1.0	1	1.0	HiC_scaffold6	35825165	False	C	T	0/0	15	45	15,0	0.0	True
XB2014-39-7A	EY9	CPO	1.0	1	1.0	HiC_scaffold6	35825165	False	C	T	0/0	39	99	39,0	0.0	True
XB2014-39-8A	EY9	CPO	1.0	1	1.0	HiC_scaffold6	35825165	False	C	T	0/0	24	57	24,0	0.0	True
XB2014-4-2A	MN4	CYU	0.0	0	1.0	HiC_scaffold6	35825165	False	C	T	1/1	21	61	0,21	1.0	True
XB2014-4-3A	MN4	CYU	0.0	0	1.0	HiC_scaffold6	35825165	False	C	T	1/1	17	23	1,16	0.9411764705882353	True
XB2014-4-4A	MN4	CYU	0.0	0	1.0	HiC_scaffold6	35825165	False	C	T	1/1	18	11	1,17	0.9444444444444444	False
XB2014-4-5A	MN4	CYU	0.0	0	1.0	HiC_scaffold6	35825165	False	C	T	1/1	31	65	1,30	0.967741935483871	True
XB2014-4-6A	MN4	CYU	0.0	0	1.0	HiC_scaffold6	35825165	False	C	T	1/1	34	17	2,32	0.9411764705882353	False
XB2014-4-7A	MN4	CYU	0.0	0	1.0	HiC_scaffold6	35825165	False	C	T	0/1	26	99	6,20	0.7692307692307693	True
XB2014-4-8A	YL9	CYU	0.0	0	1.0	HiC_scaffold6	35825165	False	C	T	1/1	35	19	2,33	0.9428571428571428	False
XB2014-4-9A	YL9	CYU	0.0	0	1.0	HiC_scaffold6	35825165	False	C	T	0/1	41	99	8,33	0.8048780487804879	True
XB2014-48-1A	MN4	CYU	0.0	0	1.0	HiC_scaffold6	35825165	False	C	T	0/1	31	99	11,20	0.6451612903225806	True
XB2014-48-2A	MN4	CYU	0.0	0	1.0	HiC_scaffold6	35825165	False	C	T	0/1	33	27	4,29	0.8787878787878788	True
XB2014-48-3A	YL9	CYU	0.0	0	1.0	HiC_scaffold6	35825165	False	C	T	0/1	19	99	4,15	0.7894736842105263	True
XB2014-48-4A	YL9	CYU	0.0	0	1.0	HiC_scaffold6	35825165	False	C	T	0/1	36	99	6,30	0.8333333333333334	True
XB2014-48-5A	YL9	CYU	0.0	0	1.0	HiC_scaffold6	35825165	False	C	T	0/1	31	39	3,28	0.9032258064516129	True
XB2014-48-6A	YL9	CYU	0.0	0	1.0	HiC_scaffold6	35825165	False	C	T	0/1	22	99	4,18	0.8181818181818182	True
XB2014-48-7A	YL9	CYU	0.0	0	1.0	HiC_scaffold6	35825165	False	C	T	0/1	31	28	4,27	0.8709677419354839	True
XB2014-48-9A	YL9	CYU	0.0	0	1.0	HiC_scaffold6	35825165	False	C	T	0/1	32	6	3,29	0.90625	False
XB26-3B	SC37	CPO	1.0	1	1.0	HiC_scaffold6	35825165	False	C	T	0/0	12	0	12,0	0.0	False
XB26-4B	SC37	CPO	1.0	1	1.0	HiC_scaffold6	35825165	False	C	T	0/0	17	48	17,0	0.0	True
XB26-5B	SC37	CPO	1.0	1	1.0	HiC_scaffold6	35825165	False	C	T	0/0	33	99	33,0	0.0	True
XB26-7B	SC37	CPO	1.0	1	1.0	HiC_scaffold6	35825165	False	C	T	0/0	37	99	37,0	0.0	True
XuBo982-1A	XS40	CMA	1.0	1	0.0	HiC_scaffold6	35825165	False	C	T	0/0	37	99	37,0	0.0	True
XuBo982-2A	XS40	CMA	1.0	1	0.0	HiC_scaffold6	35825165	False	C	T	0/0	20	54	20,0	0.0	True
XuBo982-3A	XS40	CMA	1.0	1	0.0	HiC_scaffold6	35825165	False	C	T	0/0	23	63	23,0	0.0	True
XuBo982-4A	XS40	CMA	1.0	1	0.0	HiC_scaffold6	35825165	False	C	T	0/0	14	39	14,0	0.0	True
XuBo982-5A	XS40	CMA	1.0	1	0.0	HiC_scaffold6	35825165	False	C	T	0/0	4	12	4,0	0.0	False
XubBo-1037-1A	LN46	N	1.0	1	0.0	HiC_scaffold6	35825165	False	C	T	0/0	20	54	20,0	0.0	True
XubBo-1037-2A	TB43	CMA	NA	1	NA	HiC_scaffold6	35825165	False	C	T	0/0	15	33	15,0	0.0	True
XubBo-1037-3A	TB43	CMA	NA	1	NA	HiC_scaffold6	35825165	False	C	T	0/0	14	39	14,0	0.0	True
XubBo-1037-4A	TB43	CMA	NA	1	NA	HiC_scaffold6	35825165	False	C	T	0/0	22	57	22,0	0.0	True
XubBo-1037-5A	TB43	CMA	NA	1	NA	HiC_scaffold6	35825165	False	C	T	0/0	12	3	12,0	0.0	False
XubBo-1037-6A	TB43	CMA	NA	1	NA	HiC_scaffold6	35825165	False	C	T	0/0	18	51	18,0	0.0	True
XubBo-1037-7A	TB43	CMA	NA	1	NA	HiC_scaffold6	35825165	False	C	T	0/0	7	21	7,0	0.0	False
XubBo-1037-8A	TB43	CMA	NA	1	NA	HiC_scaffold6	35825165	False	C	T	0/0	8	24	8,0	0.0	False
XubBo1030-10A	LN46	N	1.0	1	0.0	HiC_scaffold6	35825165	False	C	T	0/0	27	75	27,0	0.0	True
XubBo1030-1A	LN46	N	1.0	1	0.0	HiC_scaffold6	35825165	False	C	T	0/0	34	99	34,0	0.0	True
XubBo1030-3A	LN46	N	1.0	1	0.0	HiC_scaffold6	35825165	False	C	T	0/0	15	45	15,0	0.0	True
XubBo1030-5A	LN46	N	1.0	1	0.0	HiC_scaffold6	35825165	False	C	T	0/0	22	63	22,0	0.0	True
XubBo1030-6A	LN46	N	1.0	1	0.0	HiC_scaffold6	35825165	False	C	T	0/0	8	24	8,0	0.0	False
XubBo1030-8A	LN46	N	1.0	1	0.0	HiC_scaffold6	35825165	False	C	T	0/0	32	78	32,0	0.0	True
XubBo1030-9A	LN46	N	1.0	1	0.0	HiC_scaffold6	35825165	False	C	T	0/0	21	60	21,0	0.0	True
XubBo1051-10A	WX48	CMA	1.0	1	0.0	HiC_scaffold6	35825165	False	C	T	0/0	23	53	23,0	0.0	True
XubBo1051-1A	WX48	CMA	1.0	1	0.0	HiC_scaffold6	35825165	False	C	T	0/0	15	45	15,0	0.0	True
XubBo1051-2A	WX48	CMA	1.0	1	0.0	HiC_scaffold6	35825165	False	C	T	0/0	1	3	1,0	0.0	False
XubBo1051-3A	WX48	CMA	1.0	1	0.0	HiC_scaffold6	35825165	False	C	T	0/0	27	72	27,0	0.0	True
XubBo1051-4A	WX48	CMA	1.0	1	0.0	HiC_scaffold6	35825165	False	C	T	0/0	21	60	21,0	0.0	True
XubBo1051-7A	WX48	CMA	1.0	1	0.0	HiC_scaffold6	35825165	False	C	T	0/0	20	42	20,0	0.0	True
XubBo1051-8A	WX48	CMA	1.0	1	0.0	HiC_scaffold6	35825165	False	C	T	0/0	26	35	26,0	0.0	True
XubBo1051-9A	WX48	CMA	1.0	1	0.0	HiC_scaffold6	35825165	False	C	T	0/0	14	0	14,0	0.0	False
Xubo01402-2A	YS26	CYU	1.0	1	1.0	HiC_scaffold6	35825165	False	C	T	0/0	16	42	16,0	0.0	True
Xubo01402-3A	YS26	CYU	1.0	1	1.0	HiC_scaffold6	35825165	False	C	T	0/0	4	12	4,0	0.0	False
Xubo01402-4A	YS26	CYU	1.0	1	1.0	HiC_scaffold6	35825165	False	C	T	0/0	19	57	19,0	0.0	True
Xubo01402-5A	YS26	CYU	1.0	1	1.0	HiC_scaffold6	35825165	False	C	T	0/0	21	57	21,0	0.0	True
Xubo01402-6A	YS26	CYU	1.0	1	1.0	HiC_scaffold6	35825165	False	C	T	0/0	10	24	10,0	0.0	True
Xubo01402-7A	YS26	CYU	1.0	1	1.0	HiC_scaffold6	35825165	False	C	T	0/0	6	18	6,0	0.0	False
Xubo01402-8A	YS26	CYU	1.0	1	1.0	HiC_scaffold6	35825165	False	C	T	0/0	18	54	18,0	0.0	True
Xubo01402-9A	YS26	CYU	1.0	1	1.0	HiC_scaffold6	35825165	False	C	T	0/0	12	33	12,0	0.0	True
YLZB4703-2A	SM3	CYU	0.0	0	1.0	HiC_scaffold6	35825165	False	C	T	0/0	31	90	31,0	0.0	True
YLZB4703-3A	SM3	CYU	0.0	0	1.0	HiC_scaffold6	35825165	False	C	T	0/0	22	66	22,0	0.0	True
YLZB4703-5A	SM3	CYU	0.0	0	1.0	HiC_scaffold6	35825165	False	C	T	0/1	36	99	16,20	0.5555555555555556	True
YLZB4703-7A	SM3	CYU	0.0	0	1.0	HiC_scaffold6	35825165	False	C	T	0/0	30	90	30,0	0.0	True
YLZB4703-9A	SM3	CYU	0.0	0	1.0	HiC_scaffold6	35825165	False	C	T	0/1	40	99	18,22	0.55	True
YLZB4715-10A	MY1	CYU	0.0	0	1.0	HiC_scaffold6	35825165	False	C	T	0/1	38	72	5,33	0.868421052631579	True
YLZB4715-1A	MY1	CYU	0.0	0	1.0	HiC_scaffold6	35825165	False	C	T	0/1	30	99	8,22	0.7333333333333333	True
YLZB4715-2A	MY1	CYU	0.0	0	1.0	HiC_scaffold6	35825165	False	C	T	0/1	30	36	3,27	0.9	True
YLZB4715-5A	MY1	CYU	0.0	0	1.0	HiC_scaffold6	35825165	False	C	T	0/1	29	35	3,26	0.896551724137931	True
YLZB4715-6A	MY1	CYU	0.0	0	1.0	HiC_scaffold6	35825165	False	C	T	0/1	30	23	3,27	0.9	True
YLZB4715-7A	MY1	CYU	0.0	0	1.0	HiC_scaffold6	35825165	False	C	T	0/1	31	99	5,26	0.8387096774193549	True
YLZB4715-8A	MY1	CYU	0.0	0	1.0	HiC_scaffold6	35825165	False	C	T	0/1	53	99	13,40	0.7547169811320755	True
YLZB4715-9A	MY1	CYU	0.0	0	1.0	HiC_scaffold6	35825165	False	C	T	1/1	35	17	2,33	0.9428571428571428	False
YLZB4735-10A	YSXC51	CPO	1.0	1	1.0	HiC_scaffold6	35825165	False	C	T	0/0	17	51	17,0	0.0	True
YLZB4735-1A	YSXC51	CPO	1.0	1	1.0	HiC_scaffold6	35825165	False	C	T	0/0	7	21	7,0	0.0	False
YLZB4735-2A	YSXC51	CPO	1.0	1	1.0	HiC_scaffold6	35825165	False	C	T	0/0	4	12	4,0	0.0	False
YLZB4735-3A	YSXC51	CPO	1.0	1	1.0	HiC_scaffold6	35825165	False	C	T	0/0	6	18	6,0	0.0	False
YLZB4735-5A	YSXC51	CPO	1.0	1	1.0	HiC_scaffold6	35825165	False	C	T	0/0	21	60	21,0	0.0	True
YLZB4735-6A	YSXC51	CPO	1.0	1	1.0	HiC_scaffold6	35825165	False	C	T	0/0	7	21	7,0	0.0	False
YLZB4735-8A	YSXC51	CPO	1.0	1	1.0	HiC_scaffold6	35825165	False	C	T	./.	0	0	0,0	NA	False
YLZB4735-9A	YSXC51	CPO	1.0	1	1.0	HiC_scaffold6	35825165	False	C	T	0/0	14	42	14,0	0.0	True
YLZB4816-11A	ASCD52	CPO	1.0	1	1.0	HiC_scaffold6	35825165	False	C	T	0/0	5	15	5,0	0.0	False
YLZB4816-3A	ASCD52	CPO	1.0	1	1.0	HiC_scaffold6	35825165	False	C	T	0/0	19	48	19,0	0.0	True
YLZB4816-4A	ASCD52	CPO	1.0	1	1.0	HiC_scaffold6	35825165	False	C	T	./.	0	0	0,0	NA	False
YLZB4816-6A	ASCD52	CPO	1.0	1	1.0	HiC_scaffold6	35825165	False	C	T	0/0	14	39	14,0	0.0	True
YLZB4816-7A	ASCD52	CPO	1.0	1	1.0	HiC_scaffold6	35825165	False	C	T	0/1	18	36	16,2	0.1111111111111111	True
YLZB4816-8A	ASCD52	CPO	1.0	1	1.0	HiC_scaffold6	35825165	False	C	T	0/0	4	12	4,0	0.0	False
YLZB4816-9A	ASCD52	CPO	1.0	1	1.0	HiC_scaffold6	35825165	False	C	T	0/0	14	39	14,0	0.0	True
ZXL277-1A	YY12	CMA	1.0	1	0.0	HiC_scaffold6	35825165	False	C	T	0/0	30	81	30,0	0.0	True
ZXL277-2A	YY12	CMA	1.0	1	0.0	HiC_scaffold6	35825165	False	C	T	0/0	13	36	13,0	0.0	True
ZXL277-3A	YY12	CMA	1.0	1	0.0	HiC_scaffold6	35825165	False	C	T	0/0	27	75	27,0	0.0	True
ZXL277-4A	YY12	CMA	1.0	1	0.0	HiC_scaffold6	35825165	False	C	T	0/0	5	15	5,0	0.0	False
ZXL277-5A	YY12	CMA	1.0	1	0.0	HiC_scaffold6	35825165	False	C	T	0/0	9	27	9,0	0.0	False
ZXL277-6A	YY12	CMA	1.0	1	0.0	HiC_scaffold6	35825165	False	C	T	0/0	12	36	12,0	0.0	True
ZXL277-7A	YY12	CMA	1.0	1	0.0	HiC_scaffold6	35825165	False	C	T	0/0	18	54	18,0	0.0	True
ZXL277-8A	YY12	CMA	1.0	1	0.0	HiC_scaffold6	35825165	False	C	T	0/0	6	18	6,0	0.0	False
ZXL79-1A	CZ25	CMA	1.0	1	0.0	HiC_scaffold6	35825165	False	C	T	0/0	22	25	22,0	0.0	True
ZXL79-2A	CZ25	CMA	1.0	1	0.0	HiC_scaffold6	35825165	False	C	T	0/0	16	42	16,0	0.0	True
ZXL79-3A	CZ25	CMA	1.0	1	0.0	HiC_scaffold6	35825165	False	C	T	0/0	19	51	19,0	0.0	True
ZXL79-4A	CZ25	CMA	1.0	1	0.0	HiC_scaffold6	35825165	False	C	T	0/0	21	60	21,0	0.0	True
ZXL79-5A	CZ25	CMA	1.0	1	0.0	HiC_scaffold6	35825165	False	C	T	0/0	18	51	18,0	0.0	True
ZXL79-6A	CZ25	CMA	1.0	1	0.0	HiC_scaffold6	35825165	False	C	T	0/0	12	36	12,0	0.0	True
ZXL79-7A	CZ25	CMA	1.0	1	0.0	HiC_scaffold6	35825165	False	C	T	0/0	15	42	15,0	0.0	True
xubo266-2A	XY36	CMA	1.0	1	0.0	HiC_scaffold6	35825165	False	C	T	0/0	29	84	29,0	0.0	True
xubo266-3A	XY36	CMA	1.0	1	0.0	HiC_scaffold6	35825165	False	C	T	0/0	29	81	29,0	0.0	True
xubo266-4A	XY36	CMA	1.0	1	0.0	HiC_scaffold6	35825165	False	C	T	0/0	24	54	24,0	0.0	True
xubo266-5A	XY36	CMA	1.0	1	0.0	HiC_scaffold6	35825165	False	C	T	0/0	21	60	21,0	0.0	True
xubo266-6A	XY36	CMA	1.0	1	0.0	HiC_scaffold6	35825165	False	C	T	0/0	13	39	13,0	0.0	True
xubo266-8A	XY36	CMA	1.0	1	0.0	HiC_scaffold6	35825165	False	C	T	0/0	21	57	21,0	0.0	True
xubo266-9A	XY36	CMA	1.0	1	0.0	HiC_scaffold6	35825165	False	C	T	0/0	18	39	18,0	0.0	True
zhuzm1009-10A	KM42	CPO	1.0	1	1.0	HiC_scaffold6	35825165	False	C	T	0/0	21	60	21,0	0.0	True
zhuzm1009-2A	KM42	CPO	1.0	1	1.0	HiC_scaffold6	35825165	False	C	T	0/0	23	63	23,0	0.0	True
zhuzm1009-3A	KM42	CPO	1.0	1	1.0	HiC_scaffold6	35825165	False	C	T	0/0	5	15	5,0	0.0	False
zhuzm1009-6A	KM42	CPO	1.0	1	1.0	HiC_scaffold6	35825165	False	C	T	0/0	10	30	10,0	0.0	True
zhuzm1009-7A	KM42	CPO	1.0	1	1.0	HiC_scaffold6	35825165	False	C	T	0/0	8	24	8,0	0.0	False
zhuzm1009-8A	KM42	CPO	1.0	1	1.0	HiC_scaffold6	35825165	False	C	T	0/0	16	48	16,0	0.0	True
2014-128-1A	ML50	CPO	1.0	1	1.0	HiC_scaffold6	35825258	False	G	A	0/0	15	45	15,0	0.0	True
2014-128-2A	ML50	CPO	1.0	1	1.0	HiC_scaffold6	35825258	False	G	A	0/0	7	21	7,0	0.0	False
2014-128-3A	ML50	CPO	1.0	1	1.0	HiC_scaffold6	35825258	False	G	A	0/0	12	36	12,0	0.0	True
2014-128-4A	ML50	CPO	1.0	1	1.0	HiC_scaffold6	35825258	False	G	A	0/0	12	36	12,0	0.0	True
2014-128-5A	ML50	CPO	1.0	1	1.0	HiC_scaffold6	35825258	False	G	A	0/0	10	30	10,0	0.0	True
2014-132-2A	ML5	N	1.0	1	1.0	HiC_scaffold6	35825258	False	G	A	0/0	4	12	4,0	0.0	False
2014-132-3A	ML5	N	1.0	1	1.0	HiC_scaffold6	35825258	False	G	A	0/0	6	18	6,0	0.0	False
2014-132-4A	ML5	N	1.0	1	1.0	HiC_scaffold6	35825258	False	G	A	0/0	5	15	5,0	0.0	False
2014-132-5A	ML5	N	1.0	1	1.0	HiC_scaffold6	35825258	False	G	A	0/0	8	24	8,0	0.0	False
2014-132-6A	ML5	N	1.0	1	1.0	HiC_scaffold6	35825258	False	G	A	0/0	7	21	7,0	0.0	False
2014-132-7A	ML5	N	1.0	1	1.0	HiC_scaffold6	35825258	False	G	A	0/0	7	21	7,0	0.0	False
2014-132-8A	ML5	N	1.0	1	1.0	HiC_scaffold6	35825258	False	G	A	0/0	4	12	4,0	0.0	False
2014-132-9A	ML5	N	1.0	1	1.0	HiC_scaffold6	35825258	False	G	A	0/0	10	30	10,0	0.0	True
2014-3-10A	MN34	CPO	1.0	1	1.0	HiC_scaffold6	35825258	False	G	A	0/0	25	75	25,0	0.0	True
2014-3-3A	MN34	CPO	1.0	1	1.0	HiC_scaffold6	35825258	False	G	A	0/0	14	39	14,0	0.0	True
2014-3-4A	MN34	CPO	1.0	1	1.0	HiC_scaffold6	35825258	False	G	A	0/0	24	66	24,0	0.0	True
2014-3-5A	MN34	CPO	1.0	1	1.0	HiC_scaffold6	35825258	False	G	A	0/0	12	30	12,0	0.0	True
2014-3-6A	MN34	CPO	1.0	1	1.0	HiC_scaffold6	35825258	False	G	A	0/0	29	84	29,0	0.0	True
2014-3-7A	MN34	CPO	1.0	1	1.0	HiC_scaffold6	35825258	False	G	A	0/0	32	90	32,0	0.0	True
2014-3-8A	MN34	CPO	1.0	1	1.0	HiC_scaffold6	35825258	False	G	A	0/0	20	57	20,0	0.0	True
2014-3-9A	MN34	CPO	1.0	1	1.0	HiC_scaffold6	35825258	False	G	A	0/0	21	63	21,0	0.0	True
2014-66-1A	YL49	CPO	1.0	1	1.0	HiC_scaffold6	35825258	False	G	A	0/0	15	45	15,0	0.0	True
2014-66-2A	YL49	CPO	1.0	1	1.0	HiC_scaffold6	35825258	False	G	A	0/0	11	33	11,0	0.0	True
2014-66-3A	YL49	CPO	1.0	1	1.0	HiC_scaffold6	35825258	False	G	A	0/0	6	18	6,0	0.0	False
2014-66-4A	YL49	CPO	1.0	1	1.0	HiC_scaffold6	35825258	False	G	A	0/0	19	57	19,0	0.0	True
2014-66-5A	YL49	CPO	1.0	1	1.0	HiC_scaffold6	35825258	False	G	A	0/0	13	39	13,0	0.0	True
2014-66-6A	YL49	CPO	1.0	1	1.0	HiC_scaffold6	35825258	False	G	A	0/0	14	42	14,0	0.0	True
2014-66-7A	YL49	CPO	1.0	1	1.0	HiC_scaffold6	35825258	False	G	A	0/0	16	48	16,0	0.0	True
2014-66-8A	YL49	CPO	1.0	1	1.0	HiC_scaffold6	35825258	False	G	A	0/0	19	57	19,0	0.0	True
DP1709141A	DQS11	CMA	1.0	1	0.0	HiC_scaffold6	35825258	False	G	A	0/0	26	72	26,0	0.0	True
DP1709144A	DQS11	CMA	1.0	1	0.0	HiC_scaffold6	35825258	False	G	A	0/0	16	45	16,0	0.0	True
DP1709148A	DQS11	CMA	1.0	1	0.0	HiC_scaffold6	35825258	False	G	A	0/0	22	60	22,0	0.0	True
Gln2014-15-10A	LD30	CYU	0.0	0	1.0	HiC_scaffold6	35825258	False	G	A	1/1	34	99	0,34	1.0	True
Gln2014-15-1A	LD30	CYU	0.0	0	1.0	HiC_scaffold6	35825258	False	G	A	0/1	33	97	6,27	0.8181818181818182	True
Gln2014-15-3A	LD30	CYU	0.0	0	1.0	HiC_scaffold6	35825258	False	G	A	0/1	38	99	13,25	0.6578947368421053	True
Gln2014-15-4A	LD30	CYU	0.0	0	1.0	HiC_scaffold6	35825258	False	G	A	1/1	23	26	1,22	0.9565217391304348	True
Gln2014-15-5A	LD30	CYU	0.0	0	1.0	HiC_scaffold6	35825258	False	G	A	0/1	23	70	4,19	0.8260869565217391	True
Gln2014-15-6A	LD30	CYU	0.0	0	1.0	HiC_scaffold6	35825258	False	G	A	0/1	38	13	5,33	0.868421052631579	False
Gln2014-15-7A	LD30	CYU	0.0	0	1.0	HiC_scaffold6	35825258	False	G	A	0/1	20	99	10,10	0.5	True
Gln2014-15-8A	LD30	CYU	0.0	0	1.0	HiC_scaffold6	35825258	False	G	A	0/1	43	99	17,26	0.6046511627906976	True
Gln2014-8-1A	LD06	CPO	1.0	1	1.0	HiC_scaffold6	35825258	False	G	A	0/0	5	15	5,0	0.0	False
Gln2014-8-2A	LD06	CPO	1.0	1	1.0	HiC_scaffold6	35825258	False	G	A	0/0	19	54	19,0	0.0	True
Gln2014-8-4A	LD06	CPO	1.0	1	1.0	HiC_scaffold6	35825258	False	G	A	0/0	8	24	8,0	0.0	False
Gln2014-8-5A	LD06	CPO	1.0	1	1.0	HiC_scaffold6	35825258	False	G	A	0/0	23	66	23,0	0.0	True
Gln2014-8-6A	LD06	CPO	1.0	1	1.0	HiC_scaffold6	35825258	False	G	A	0/0	13	39	13,0	0.0	True
Gln2014-8-7A	LD06	CPO	1.0	1	1.0	HiC_scaffold6	35825258	False	G	A	0/0	7	21	7,0	0.0	False
Gln2014-8-8A	LD06	CPO	1.0	1	1.0	HiC_scaffold6	35825258	False	G	A	0/0	10	30	10,0	0.0	True
JLS-BM001-1A	BM31	N	NA	1	NA	HiC_scaffold6	35825258	False	G	A	0/1	44	99	12,32	0.7272727272727273	True
JLS-BM001-2A	BM31	N	NA	1	NA	HiC_scaffold6	35825258	False	G	A	0/1	32	99	8,24	0.75	True
JLS-BM001-3A	BM31	N	NA	1	NA	HiC_scaffold6	35825258	False	G	A	0/1	43	99	9,34	0.7906976744186046	True
JLS-BM001-4A	BM31	N	NA	1	NA	HiC_scaffold6	35825258	False	G	A	0/1	26	64	5,21	0.8076923076923077	True
JLS-BM001-5A	BM31	N	NA	1	NA	HiC_scaffold6	35825258	False	G	A	0/1	46	57	8,38	0.8260869565217391	True
JLS-BM001-6A	BM31	N	NA	1	NA	HiC_scaffold6	35825258	False	G	A	0/1	37	99	12,25	0.6756756756756757	True
JLS-BM001-7A	BM31	N	NA	1	NA	HiC_scaffold6	35825258	False	G	A	0/1	23	99	8,15	0.6521739130434783	True
JLS-BM001-8A	BM31	N	NA	1	NA	HiC_scaffold6	35825258	False	G	A	0/1	47	99	23,24	0.5106382978723404	True
JLS-CY022-10A	CY32	CPO	1.0	1	1.0	HiC_scaffold6	35825258	False	G	A	0/0	4	12	4,0	0.0	False
JLS-CY022-11A	CY32	CPO	1.0	1	1.0	HiC_scaffold6	35825258	False	G	A	0/0	5	15	5,0	0.0	False
JLS-CY022-4A	CY32	CPO	1.0	1	1.0	HiC_scaffold6	35825258	False	G	A	0/0	5	15	5,0	0.0	False
JLS-CY022-5A	CY32	CPO	1.0	1	1.0	HiC_scaffold6	35825258	False	G	A	0/0	9	24	9,0	0.0	False
JLS-CY022-6A	CY32	CPO	1.0	1	1.0	HiC_scaffold6	35825258	False	G	A	0/0	2	6	2,0	0.0	False
JLS-CY022-7A	CY32	CPO	1.0	1	1.0	HiC_scaffold6	35825258	False	G	A	0/0	6	18	6,0	0.0	False
Sha-WS-1A	WS14	CMA	1.0	1	0.0	HiC_scaffold6	35825258	False	G	A	0/0	25	72	25,0	0.0	True
Sha-WS-2A	WS14	CMA	1.0	1	0.0	HiC_scaffold6	35825258	False	G	A	0/0	23	63	23,0	0.0	True
Sha-WS-3A	WS14	CMA	1.0	1	0.0	HiC_scaffold6	35825258	False	G	A	0/0	20	60	20,0	0.0	True
Sha-WS-4A	WS14	CMA	1.0	1	0.0	HiC_scaffold6	35825258	False	G	A	0/0	31	90	31,0	0.0	True
Sha-WS-5A	WS14	CMA	1.0	1	0.0	HiC_scaffold6	35825258	False	G	A	0/0	23	66	23,0	0.0	True
Sha-WS-6A	WS14	CMA	1.0	1	0.0	HiC_scaffold6	35825258	False	G	A	0/0	37	99	37,0	0.0	True
Sha-WS-7A	WS14	CMA	1.0	1	0.0	HiC_scaffold6	35825258	False	G	A	0/0	37	99	37,0	0.0	True
Sha-WS-8A	WS14	CMA	1.0	1	0.0	HiC_scaffold6	35825258	False	G	A	0/0	22	60	22,0	0.0	True
THP-SET_1917-1A	MK27	CPO	1.0	1	1.0	HiC_scaffold6	35825258	False	G	A	0/0	25	72	25,0	0.0	True
THP-SET_1917-2A	MK27	CPO	1.0	1	1.0	HiC_scaffold6	35825258	False	G	A	0/0	5	15	5,0	0.0	False
THP-SET_1917-3A	MK27	CPO	1.0	1	1.0	HiC_scaffold6	35825258	False	G	A	0/0	9	27	9,0	0.0	False
THP-SET_1917-4A	MK27	CPO	1.0	1	1.0	HiC_scaffold6	35825258	False	G	A	0/0	2	6	2,0	0.0	False
THP-SET_1917-5A	MK27	CPO	1.0	1	1.0	HiC_scaffold6	35825258	False	G	A	0/0	12	36	12,0	0.0	True
THP-SET_1917-6A	MK27	CPO	1.0	1	1.0	HiC_scaffold6	35825258	False	G	A	0/0	6	15	6,0	0.0	False
THP-SET_1917-7A	MK27	CPO	1.0	1	1.0	HiC_scaffold6	35825258	False	G	A	0/0	6	18	6,0	0.0	False
THP-SET_1917-8A	MK27	CPO	1.0	1	1.0	HiC_scaffold6	35825258	False	G	A	0/0	4	12	4,0	0.0	False
XB2014-144-2A	SM35	CYU	1.0	1	1.0	HiC_scaffold6	35825258	False	G	A	0/1	62	99	26,36	0.5806451612903226	True
XB2014-144-3A	SM35	CYU	1.0	1	1.0	HiC_scaffold6	35825258	False	G	A	0/1	32	39	3,29	0.90625	True
XB2014-144-4A	SM35	CYU	1.0	1	1.0	HiC_scaffold6	35825258	False	G	A	0/1	46	99	14,32	0.6956521739130435	True
XB2014-144-5A	SM35	CYU	1.0	1	1.0	HiC_scaffold6	35825258	False	G	A	0/1	56	99	26,30	0.5357142857142857	True
XB2014-144-6A	SM35	CYU	1.0	1	1.0	HiC_scaffold6	35825258	False	G	A	0/1	35	84	6,29	0.8285714285714286	True
XB2014-144-7A	SM35	CYU	1.0	1	1.0	HiC_scaffold6	35825258	False	G	A	0/1	43	99	9,34	0.7906976744186046	True
XB2014-144-8A	SM35	CYU	1.0	1	1.0	HiC_scaffold6	35825258	False	G	A	0/1	50	99	10,40	0.8	True
XB2014-144-9A	SM35	CYU	1.0	1	1.0	HiC_scaffold6	35825258	False	G	A	0/1	46	99	8,38	0.8260869565217391	True
XB2014-38-2A	EY8	CYU	0.0	1	1.0	HiC_scaffold6	35825258	False	G	A	0/1	40	99	21,19	0.475	True
XB2014-38-3A	EY8	CYU	0.0	1	1.0	HiC_scaffold6	35825258	False	G	A	0/1	23	99	19,4	0.17391304347826086	True
XB2014-38-4A	EY8	CYU	0.0	1	1.0	HiC_scaffold6	35825258	False	G	A	0/0	14	42	14,0	0.0	True
XB2014-38-5A	EY8	CYU	0.0	1	1.0	HiC_scaffold6	35825258	False	G	A	0/0	12	30	12,0	0.0	True
XB2014-38-6A	EY9	CPO	0.0	1	1.0	HiC_scaffold6	35825258	False	G	A	0/1	34	99	19,15	0.4411764705882353	True
XB2014-39-1A	EY9	CPO	1.0	1	1.0	HiC_scaffold6	35825258	False	G	A	0/0	12	36	12,0	0.0	True
XB2014-39-2A	EY9	CPO	1.0	1	1.0	HiC_scaffold6	35825258	False	G	A	0/0	35	99	35,0	0.0	True
XB2014-39-3A	EY9	CPO	1.0	1	1.0	HiC_scaffold6	35825258	False	G	A	0/0	17	42	17,0	0.0	True
XB2014-39-4A	EY9	CPO	1.0	1	1.0	HiC_scaffold6	35825258	False	G	A	0/0	11	33	11,0	0.0	True
XB2014-39-5A	EY9	CPO	1.0	1	1.0	HiC_scaffold6	35825258	False	G	A	0/0	8	24	8,0	0.0	False
XB2014-39-6A	EY9	CPO	1.0	1	1.0	HiC_scaffold6	35825258	False	G	A	0/0	14	42	14,0	0.0	True
XB2014-39-7A	EY9	CPO	1.0	1	1.0	HiC_scaffold6	35825258	False	G	A	0/0	34	99	34,0	0.0	True
XB2014-39-8A	EY9	CPO	1.0	1	1.0	HiC_scaffold6	35825258	False	G	A	0/0	17	51	17,0	0.0	True
XB2014-4-2A	MN4	CYU	0.0	0	1.0	HiC_scaffold6	35825258	False	G	A	0/1	33	99	14,19	0.5757575757575758	True
XB2014-4-3A	MN4	CYU	0.0	0	1.0	HiC_scaffold6	35825258	False	G	A	0/1	19	99	4,15	0.7894736842105263	True
XB2014-4-4A	MN4	CYU	0.0	0	1.0	HiC_scaffold6	35825258	False	G	A	0/1	44	99	15,29	0.6590909090909091	True
XB2014-4-5A	MN4	CYU	0.0	0	1.0	HiC_scaffold6	35825258	False	G	A	0/1	35	99	8,27	0.7714285714285715	True
XB2014-4-6A	MN4	CYU	0.0	0	1.0	HiC_scaffold6	35825258	False	G	A	0/1	58	99	8,50	0.8620689655172413	True
XB2014-4-7A	MN4	CYU	0.0	0	1.0	HiC_scaffold6	35825258	False	G	A	0/1	30	99	16,14	0.4666666666666667	True
XB2014-4-8A	YL9	CYU	0.0	0	1.0	HiC_scaffold6	35825258	False	G	A	0/1	46	99	11,35	0.7608695652173914	True
XB2014-4-9A	YL9	CYU	0.0	0	1.0	HiC_scaffold6	35825258	False	G	A	0/1	63	99	26,37	0.5873015873015873	True
XB2014-48-1A	MN4	CYU	0.0	0	1.0	HiC_scaffold6	35825258	False	G	A	0/1	58	99	23,35	0.603448275862069	True
XB2014-48-2A	MN4	CYU	0.0	0	1.0	HiC_scaffold6	35825258	False	G	A	0/1	42	99	12,30	0.7142857142857143	True
XB2014-48-3A	YL9	CYU	0.0	0	1.0	HiC_scaffold6	35825258	False	G	A	0/1	35	99	21,14	0.4	True
XB2014-48-4A	YL9	CYU	0.0	0	1.0	HiC_scaffold6	35825258	False	G	A	0/1	49	99	15,34	0.6938775510204082	True
XB2014-48-5A	YL9	CYU	0.0	0	1.0	HiC_scaffold6	35825258	False	G	A	0/1	26	49	5,21	0.8076923076923077	True
XB2014-48-6A	YL9	CYU	0.0	0	1.0	HiC_scaffold6	35825258	False	G	A	0/1	48	99	22,26	0.5416666666666666	True
XB2014-48-7A	YL9	CYU	0.0	0	1.0	HiC_scaffold6	35825258	False	G	A	0/1	57	99	20,37	0.6491228070175439	True
XB2014-48-9A	YL9	CYU	0.0	0	1.0	HiC_scaffold6	35825258	False	G	A	0/1	38	99	13,25	0.6578947368421053	True
XB26-3B	SC37	CPO	1.0	1	1.0	HiC_scaffold6	35825258	False	G	A	0/0	38	99	38,0	0.0	True
XB26-4B	SC37	CPO	1.0	1	1.0	HiC_scaffold6	35825258	False	G	A	0/0	28	81	28,0	0.0	True
XB26-5B	SC37	CPO	1.0	1	1.0	HiC_scaffold6	35825258	False	G	A	0/0	50	99	50,0	0.0	True
XB26-7B	SC37	CPO	1.0	1	1.0	HiC_scaffold6	35825258	False	G	A	0/0	22	63	22,0	0.0	True
XuBo982-1A	XS40	CMA	1.0	1	0.0	HiC_scaffold6	35825258	False	G	A	0/0	34	90	34,0	0.0	True
XuBo982-2A	XS40	CMA	1.0	1	0.0	HiC_scaffold6	35825258	False	G	A	0/0	20	60	20,0	0.0	True
XuBo982-3A	XS40	CMA	1.0	1	0.0	HiC_scaffold6	35825258	False	G	A	0/0	34	99	34,0	0.0	True
XuBo982-4A	XS40	CMA	1.0	1	0.0	HiC_scaffold6	35825258	False	G	A	0/0	15	45	15,0	0.0	True
XuBo982-5A	XS40	CMA	1.0	1	0.0	HiC_scaffold6	35825258	False	G	A	0/0	7	21	7,0	0.0	False
XubBo-1037-1A	LN46	N	1.0	1	0.0	HiC_scaffold6	35825258	False	G	A	0/0	15	45	15,0	0.0	True
XubBo-1037-2A	TB43	CMA	NA	1	NA	HiC_scaffold6	35825258	False	G	A	0/0	20	60	20,0	0.0	True
XubBo-1037-3A	TB43	CMA	NA	1	NA	HiC_scaffold6	35825258	False	G	A	0/0	12	36	12,0	0.0	True
XubBo-1037-4A	TB43	CMA	NA	1	NA	HiC_scaffold6	35825258	False	G	A	0/0	27	72	27,0	0.0	True
XubBo-1037-5A	TB43	CMA	NA	1	NA	HiC_scaffold6	35825258	False	G	A	0/0	21	60	21,0	0.0	True
XubBo-1037-6A	TB43	CMA	NA	1	NA	HiC_scaffold6	35825258	False	G	A	0/0	26	72	26,0	0.0	True
XubBo-1037-7A	TB43	CMA	NA	1	NA	HiC_scaffold6	35825258	False	G	A	0/0	11	33	11,0	0.0	True
XubBo-1037-8A	TB43	CMA	NA	1	NA	HiC_scaffold6	35825258	False	G	A	0/0	15	45	15,0	0.0	True
XubBo1030-10A	LN46	N	1.0	1	0.0	HiC_scaffold6	35825258	False	G	A	0/0	35	99	35,0	0.0	True
XubBo1030-1A	LN46	N	1.0	1	0.0	HiC_scaffold6	35825258	False	G	A	0/0	39	99	39,0	0.0	True
XubBo1030-3A	LN46	N	1.0	1	0.0	HiC_scaffold6	35825258	False	G	A	0/0	20	60	20,0	0.0	True
XubBo1030-5A	LN46	N	1.0	1	0.0	HiC_scaffold6	35825258	False	G	A	0/0	18	48	18,0	0.0	True
XubBo1030-6A	LN46	N	1.0	1	0.0	HiC_scaffold6	35825258	False	G	A	0/0	8	24	8,0	0.0	False
XubBo1030-8A	LN46	N	1.0	1	0.0	HiC_scaffold6	35825258	False	G	A	0/0	35	99	35,0	0.0	True
XubBo1030-9A	LN46	N	1.0	1	0.0	HiC_scaffold6	35825258	False	G	A	0/0	19	51	19,0	0.0	True
XubBo1051-10A	WX48	CMA	1.0	1	0.0	HiC_scaffold6	35825258	False	G	A	0/0	26	72	26,0	0.0	True
XubBo1051-1A	WX48	CMA	1.0	1	0.0	HiC_scaffold6	35825258	False	G	A	0/0	15	45	15,0	0.0	True
XubBo1051-2A	WX48	CMA	1.0	1	0.0	HiC_scaffold6	35825258	False	G	A	0/0	11	33	11,0	0.0	True
XubBo1051-3A	WX48	CMA	1.0	1	0.0	HiC_scaffold6	35825258	False	G	A	0/0	27	78	27,0	0.0	True
XubBo1051-4A	WX48	CMA	1.0	1	0.0	HiC_scaffold6	35825258	False	G	A	0/0	20	54	20,0	0.0	True
XubBo1051-7A	WX48	CMA	1.0	1	0.0	HiC_scaffold6	35825258	False	G	A	0/0	25	72	25,0	0.0	True
XubBo1051-8A	WX48	CMA	1.0	1	0.0	HiC_scaffold6	35825258	False	G	A	0/0	35	93	35,0	0.0	True
XubBo1051-9A	WX48	CMA	1.0	1	0.0	HiC_scaffold6	35825258	False	G	A	0/0	14	42	14,0	0.0	True
Xubo01402-2A	YS26	CYU	1.0	1	1.0	HiC_scaffold6	35825258	False	G	A	0/0	15	45	15,0	0.0	True
Xubo01402-3A	YS26	CYU	1.0	1	1.0	HiC_scaffold6	35825258	False	G	A	0/0	16	48	16,0	0.0	True
Xubo01402-4A	YS26	CYU	1.0	1	1.0	HiC_scaffold6	35825258	False	G	A	0/0	29	84	29,0	0.0	True
Xubo01402-5A	YS26	CYU	1.0	1	1.0	HiC_scaffold6	35825258	False	G	A	0/0	32	93	32,0	0.0	True
Xubo01402-6A	YS26	CYU	1.0	1	1.0	HiC_scaffold6	35825258	False	G	A	0/0	14	36	14,0	0.0	True
Xubo01402-7A	YS26	CYU	1.0	1	1.0	HiC_scaffold6	35825258	False	G	A	0/0	16	48	16,0	0.0	True
Xubo01402-8A	YS26	CYU	1.0	1	1.0	HiC_scaffold6	35825258	False	G	A	0/0	34	99	34,0	0.0	True
Xubo01402-9A	YS26	CYU	1.0	1	1.0	HiC_scaffold6	35825258	False	G	A	0/0	11	27	11,0	0.0	True
YLZB4703-2A	SM3	CYU	0.0	0	1.0	HiC_scaffold6	35825258	False	G	A	0/1	31	99	8,23	0.7419354838709677	True
YLZB4703-3A	SM3	CYU	0.0	0	1.0	HiC_scaffold6	35825258	False	G	A	1/1	22	17	2,20	0.9090909090909091	False
YLZB4703-5A	SM3	CYU	0.0	0	1.0	HiC_scaffold6	35825258	False	G	A	0/1	49	85	6,43	0.8775510204081632	True
YLZB4703-7A	SM3	CYU	0.0	0	1.0	HiC_scaffold6	35825258	False	G	A	0/1	37	67	7,30	0.8108108108108109	True
YLZB4703-9A	SM3	CYU	0.0	0	1.0	HiC_scaffold6	35825258	False	G	A	1/1	40	30	2,38	0.95	True
YLZB4715-10A	MY1	CYU	0.0	0	1.0	HiC_scaffold6	35825258	False	G	A	0/1	46	99	21,25	0.5434782608695652	True
YLZB4715-1A	MY1	CYU	0.0	0	1.0	HiC_scaffold6	35825258	False	G	A	0/1	46	99	14,32	0.6956521739130435	True
YLZB4715-2A	MY1	CYU	0.0	0	1.0	HiC_scaffold6	35825258	False	G	A	0/1	38	99	9,29	0.7631578947368421	True
YLZB4715-5A	MY1	CYU	0.0	0	1.0	HiC_scaffold6	35825258	False	G	A	0/1	57	99	18,39	0.6842105263157895	True
YLZB4715-6A	MY1	CYU	0.0	0	1.0	HiC_scaffold6	35825258	False	G	A	0/1	46	99	14,32	0.6956521739130435	True
YLZB4715-7A	MY1	CYU	0.0	0	1.0	HiC_scaffold6	35825258	False	G	A	0/1	32	99	10,22	0.6875	True
YLZB4715-8A	MY1	CYU	0.0	0	1.0	HiC_scaffold6	35825258	False	G	A	0/1	80	99	37,43	0.5375	True
YLZB4715-9A	MY1	CYU	0.0	0	1.0	HiC_scaffold6	35825258	False	G	A	0/1	44	99	8,36	0.8181818181818182	True
YLZB4735-10A	YSXC51	CPO	1.0	1	1.0	HiC_scaffold6	35825258	False	G	A	0/0	16	45	16,0	0.0	True
YLZB4735-1A	YSXC51	CPO	1.0	1	1.0	HiC_scaffold6	35825258	False	G	A	0/0	5	15	5,0	0.0	False
YLZB4735-2A	YSXC51	CPO	1.0	1	1.0	HiC_scaffold6	35825258	False	G	A	0/0	8	24	8,0	0.0	False
YLZB4735-3A	YSXC51	CPO	1.0	1	1.0	HiC_scaffold6	35825258	False	G	A	0/0	9	24	9,0	0.0	False
YLZB4735-5A	YSXC51	CPO	1.0	1	1.0	HiC_scaffold6	35825258	False	G	A	0/0	15	39	15,0	0.0	True
YLZB4735-6A	YSXC51	CPO	1.0	1	1.0	HiC_scaffold6	35825258	False	G	A	0/0	6	18	6,0	0.0	False
YLZB4735-8A	YSXC51	CPO	1.0	1	1.0	HiC_scaffold6	35825258	False	G	A	./.	0	0	0,0	NA	False
YLZB4735-9A	YSXC51	CPO	1.0	1	1.0	HiC_scaffold6	35825258	False	G	A	0/0	8	24	8,0	0.0	False
YLZB4816-11A	ASCD52	CPO	1.0	1	1.0	HiC_scaffold6	35825258	False	G	A	0/0	10	27	10,0	0.0	True
YLZB4816-3A	ASCD52	CPO	1.0	1	1.0	HiC_scaffold6	35825258	False	G	A	0/0	18	48	18,0	0.0	True
YLZB4816-4A	ASCD52	CPO	1.0	1	1.0	HiC_scaffold6	35825258	False	G	A	./.	0	0	0,0	NA	False
YLZB4816-6A	ASCD52	CPO	1.0	1	1.0	HiC_scaffold6	35825258	False	G	A	0/0	24	60	24,0	0.0	True
YLZB4816-7A	ASCD52	CPO	1.0	1	1.0	HiC_scaffold6	35825258	False	G	A	0/0	15	42	15,0	0.0	True
YLZB4816-8A	ASCD52	CPO	1.0	1	1.0	HiC_scaffold6	35825258	False	G	A	0/0	2	6	2,0	0.0	False
YLZB4816-9A	ASCD52	CPO	1.0	1	1.0	HiC_scaffold6	35825258	False	G	A	0/0	12	36	12,0	0.0	True
ZXL277-1A	YY12	CMA	1.0	1	0.0	HiC_scaffold6	35825258	False	G	A	0/0	30	84	30,0	0.0	True
ZXL277-2A	YY12	CMA	1.0	1	0.0	HiC_scaffold6	35825258	False	G	A	0/0	23	63	23,0	0.0	True
ZXL277-3A	YY12	CMA	1.0	1	0.0	HiC_scaffold6	35825258	False	G	A	0/0	35	99	35,0	0.0	True
ZXL277-4A	YY12	CMA	1.0	1	0.0	HiC_scaffold6	35825258	False	G	A	0/0	17	51	17,0	0.0	True
ZXL277-5A	YY12	CMA	1.0	1	0.0	HiC_scaffold6	35825258	False	G	A	0/0	16	48	16,0	0.0	True
ZXL277-6A	YY12	CMA	1.0	1	0.0	HiC_scaffold6	35825258	False	G	A	0/0	17	48	17,0	0.0	True
ZXL277-7A	YY12	CMA	1.0	1	0.0	HiC_scaffold6	35825258	False	G	A	0/0	29	81	29,0	0.0	True
ZXL277-8A	YY12	CMA	1.0	1	0.0	HiC_scaffold6	35825258	False	G	A	0/0	13	39	13,0	0.0	True
ZXL79-1A	CZ25	CMA	1.0	1	0.0	HiC_scaffold6	35825258	False	G	A	0/0	14	39	14,0	0.0	True
ZXL79-2A	CZ25	CMA	1.0	1	0.0	HiC_scaffold6	35825258	False	G	A	0/0	18	43	18,0	0.0	True
ZXL79-3A	CZ25	CMA	1.0	1	0.0	HiC_scaffold6	35825258	False	G	A	0/0	21	48	21,0	0.0	True
ZXL79-4A	CZ25	CMA	1.0	1	0.0	HiC_scaffold6	35825258	False	G	A	0/0	25	52	25,0	0.0	True
ZXL79-5A	CZ25	CMA	1.0	1	0.0	HiC_scaffold6	35825258	False	G	A	0/0	34	99	34,0	0.0	True
ZXL79-6A	CZ25	CMA	1.0	1	0.0	HiC_scaffold6	35825258	False	G	A	0/0	18	48	18,0	0.0	True
ZXL79-7A	CZ25	CMA	1.0	1	0.0	HiC_scaffold6	35825258	False	G	A	0/0	29	78	29,0	0.0	True
xubo266-2A	XY36	CMA	1.0	1	0.0	HiC_scaffold6	35825258	False	G	A	0/0	31	90	31,0	0.0	True
xubo266-3A	XY36	CMA	1.0	1	0.0	HiC_scaffold6	35825258	False	G	A	0/0	35	99	35,0	0.0	True
xubo266-4A	XY36	CMA	1.0	1	0.0	HiC_scaffold6	35825258	False	G	A	0/0	32	90	32,0	0.0	True
xubo266-5A	XY36	CMA	1.0	1	0.0	HiC_scaffold6	35825258	False	G	A	0/0	27	81	27,0	0.0	True
xubo266-6A	XY36	CMA	1.0	1	0.0	HiC_scaffold6	35825258	False	G	A	0/0	15	45	15,0	0.0	True
xubo266-8A	XY36	CMA	1.0	1	0.0	HiC_scaffold6	35825258	False	G	A	0/0	36	93	36,0	0.0	True
xubo266-9A	XY36	CMA	1.0	1	0.0	HiC_scaffold6	35825258	False	G	A	0/0	19	54	19,0	0.0	True
zhuzm1009-10A	KM42	CPO	1.0	1	1.0	HiC_scaffold6	35825258	False	G	A	0/0	20	60	20,0	0.0	True
zhuzm1009-2A	KM42	CPO	1.0	1	1.0	HiC_scaffold6	35825258	False	G	A	0/0	22	60	22,0	0.0	True
zhuzm1009-3A	KM42	CPO	1.0	1	1.0	HiC_scaffold6	35825258	False	G	A	0/0	8	21	8,0	0.0	False
zhuzm1009-6A	KM42	CPO	1.0	1	1.0	HiC_scaffold6	35825258	False	G	A	0/0	4	9	4,0	0.0	False
zhuzm1009-7A	KM42	CPO	1.0	1	1.0	HiC_scaffold6	35825258	False	G	A	0/0	20	60	20,0	0.0	True
zhuzm1009-8A	KM42	CPO	1.0	1	1.0	HiC_scaffold6	35825258	False	G	A	0/0	21	60	21,0	0.0	True
2014-128-1A	ML50	CPO	1.0	1	1.0	HiC_scaffold6	35924242	False	C	T	0/0	9	27	9,0	0.0	False
2014-128-2A	ML50	CPO	1.0	1	1.0	HiC_scaffold6	35924242	False	C	T	0/0	14	42	14,0	0.0	True
2014-128-3A	ML50	CPO	1.0	1	1.0	HiC_scaffold6	35924242	False	C	T	0/0	24	72	24,0	0.0	True
2014-128-4A	ML50	CPO	1.0	1	1.0	HiC_scaffold6	35924242	False	C	T	0/0	5	15	5,0	0.0	False
2014-128-5A	ML50	CPO	1.0	1	1.0	HiC_scaffold6	35924242	False	C	T	0/0	19	57	19,0	0.0	True
2014-132-2A	ML5	N	1.0	1	1.0	HiC_scaffold6	35924242	False	C	T	0/0	4	12	4,0	0.0	False
2014-132-3A	ML5	N	1.0	1	1.0	HiC_scaffold6	35924242	False	C	T	0/0	12	0	12,0	0.0	False
2014-132-4A	ML5	N	1.0	1	1.0	HiC_scaffold6	35924242	False	C	T	0/0	15	10	15,0	0.0	False
2014-132-5A	ML5	N	1.0	1	1.0	HiC_scaffold6	35924242	False	C	T	0/0	15	45	15,0	0.0	True
2014-132-6A	ML5	N	1.0	1	1.0	HiC_scaffold6	35924242	False	C	T	0/0	10	30	10,0	0.0	True
2014-132-7A	ML5	N	1.0	1	1.0	HiC_scaffold6	35924242	False	C	T	0/0	20	60	20,0	0.0	True
2014-132-8A	ML5	N	1.0	1	1.0	HiC_scaffold6	35924242	False	C	T	0/0	17	51	17,0	0.0	True
2014-132-9A	ML5	N	1.0	1	1.0	HiC_scaffold6	35924242	False	C	T	0/0	11	33	11,0	0.0	True
2014-3-10A	MN34	CPO	1.0	1	1.0	HiC_scaffold6	35924242	False	C	T	0/0	18	54	18,0	0.0	True
2014-3-3A	MN34	CPO	1.0	1	1.0	HiC_scaffold6	35924242	False	C	T	0/0	25	75	25,0	0.0	True
2014-3-4A	MN34	CPO	1.0	1	1.0	HiC_scaffold6	35924242	False	C	T	0/0	9	27	9,0	0.0	False
2014-3-5A	MN34	CPO	1.0	1	1.0	HiC_scaffold6	35924242	False	C	T	0/0	27	81	27,0	0.0	True
2014-3-6A	MN34	CPO	1.0	1	1.0	HiC_scaffold6	35924242	False	C	T	0/0	27	81	27,0	0.0	True
2014-3-7A	MN34	CPO	1.0	1	1.0	HiC_scaffold6	35924242	False	C	T	0/0	17	51	17,0	0.0	True
2014-3-8A	MN34	CPO	1.0	1	1.0	HiC_scaffold6	35924242	False	C	T	0/0	10	30	10,0	0.0	True
2014-3-9A	MN34	CPO	1.0	1	1.0	HiC_scaffold6	35924242	False	C	T	0/0	16	48	16,0	0.0	True
2014-66-1A	YL49	CPO	1.0	1	1.0	HiC_scaffold6	35924242	False	C	T	0/0	21	28	21,0	0.0	True
2014-66-2A	YL49	CPO	1.0	1	1.0	HiC_scaffold6	35924242	False	C	T	0/0	14	0	14,0	0.0	False
2014-66-3A	YL49	CPO	1.0	1	1.0	HiC_scaffold6	35924242	False	C	T	0/0	12	36	12,0	0.0	True
2014-66-4A	YL49	CPO	1.0	1	1.0	HiC_scaffold6	35924242	False	C	T	0/0	20	60	20,0	0.0	True
2014-66-5A	YL49	CPO	1.0	1	1.0	HiC_scaffold6	35924242	False	C	T	0/0	19	57	19,0	0.0	True
2014-66-6A	YL49	CPO	1.0	1	1.0	HiC_scaffold6	35924242	False	C	T	0/1	15	33	12,3	0.2	True
2014-66-7A	YL49	CPO	1.0	1	1.0	HiC_scaffold6	35924242	False	C	T	0/0	16	5	16,0	0.0	False
2014-66-8A	YL49	CPO	1.0	1	1.0	HiC_scaffold6	35924242	False	C	T	0/0	19	57	19,0	0.0	True
DP1709141A	DQS11	CMA	1.0	1	0.0	HiC_scaffold6	35924242	False	C	T	0/0	3	9	3,0	0.0	False
DP1709144A	DQS11	CMA	1.0	1	0.0	HiC_scaffold6	35924242	False	C	T	0/0	11	33	11,0	0.0	True
DP1709148A	DQS11	CMA	1.0	1	0.0	HiC_scaffold6	35924242	False	C	T	0/0	2	6	2,0	0.0	False
Gln2014-15-10A	LD30	CYU	0.0	0	1.0	HiC_scaffold6	35924242	False	C	T	0/1	32	99	21,11	0.34375	True
Gln2014-15-1A	LD30	CYU	0.0	0	1.0	HiC_scaffold6	35924242	False	C	T	0/1	44	99	31,13	0.29545454545454547	True
Gln2014-15-3A	LD30	CYU	0.0	0	1.0	HiC_scaffold6	35924242	False	C	T	0/1	33	67	29,4	0.12121212121212122	True
Gln2014-15-4A	LD30	CYU	0.0	0	1.0	HiC_scaffold6	35924242	False	C	T	0/1	27	99	20,7	0.25925925925925924	True
Gln2014-15-5A	LD30	CYU	0.0	0	1.0	HiC_scaffold6	35924242	False	C	T	0/0	46	99	46,0	0.0	True
Gln2014-15-6A	LD30	CYU	0.0	0	1.0	HiC_scaffold6	35924242	False	C	T	0/1	28	23	25,3	0.10714285714285714	True
Gln2014-15-7A	LD30	CYU	0.0	0	1.0	HiC_scaffold6	35924242	False	C	T	0/0	23	60	23,0	0.0	True
Gln2014-15-8A	LD30	CYU	0.0	0	1.0	HiC_scaffold6	35924242	False	C	T	0/1	33	99	20,13	0.3939393939393939	True
Gln2014-8-1A	LD06	CPO	1.0	1	1.0	HiC_scaffold6	35924242	False	C	T	0/0	33	99	33,0	0.0	True
Gln2014-8-2A	LD06	CPO	1.0	1	1.0	HiC_scaffold6	35924242	False	C	T	0/0	25	33	25,0	0.0	True
Gln2014-8-4A	LD06	CPO	1.0	1	1.0	HiC_scaffold6	35924242	False	C	T	0/0	33	99	33,0	0.0	True
Gln2014-8-5A	LD06	CPO	1.0	1	1.0	HiC_scaffold6	35924242	False	C	T	0/0	20	60	20,0	0.0	True
Gln2014-8-6A	LD06	CPO	1.0	1	1.0	HiC_scaffold6	35924242	False	C	T	0/0	23	15	21,2	0.08695652173913043	False
Gln2014-8-7A	LD06	CPO	1.0	1	1.0	HiC_scaffold6	35924242	False	C	T	0/0	8	24	8,0	0.0	False
Gln2014-8-8A	LD06	CPO	1.0	1	1.0	HiC_scaffold6	35924242	False	C	T	0/0	22	66	22,0	0.0	True
JLS-BM001-1A	BM31	N	NA	1	NA	HiC_scaffold6	35924242	False	C	T	0/0	47	99	47,0	0.0	True
JLS-BM001-2A	BM31	N	NA	1	NA	HiC_scaffold6	35924242	False	C	T	0/0	59	99	59,0	0.0	True
JLS-BM001-3A	BM31	N	NA	1	NA	HiC_scaffold6	35924242	False	C	T	0/0	49	57	47,2	0.04081632653061224	True
JLS-BM001-4A	BM31	N	NA	1	NA	HiC_scaffold6	35924242	False	C	T	0/0	37	70	37,0	0.0	True
JLS-BM001-5A	BM31	N	NA	1	NA	HiC_scaffold6	35924242	False	C	T	0/0	50	16	47,3	0.06	False
JLS-BM001-6A	BM31	N	NA	1	NA	HiC_scaffold6	35924242	False	C	T	0/0	44	99	44,0	0.0	True
JLS-BM001-7A	BM31	N	NA	1	NA	HiC_scaffold6	35924242	False	C	T	0/0	25	75	25,0	0.0	True
JLS-BM001-8A	BM31	N	NA	1	NA	HiC_scaffold6	35924242	False	C	T	0/0	60	46	57,3	0.05	True
JLS-CY022-10A	CY32	CPO	1.0	1	1.0	HiC_scaffold6	35924242	False	C	T	0/0	10	30	10,0	0.0	True
JLS-CY022-11A	CY32	CPO	1.0	1	1.0	HiC_scaffold6	35924242	False	C	T	0/0	5	15	5,0	0.0	False
JLS-CY022-4A	CY32	CPO	1.0	1	1.0	HiC_scaffold6	35924242	False	C	T	0/0	6	18	6,0	0.0	False
JLS-CY022-5A	CY32	CPO	1.0	1	1.0	HiC_scaffold6	35924242	False	C	T	0/0	8	24	8,0	0.0	False
JLS-CY022-6A	CY32	CPO	1.0	1	1.0	HiC_scaffold6	35924242	False	C	T	0/0	6	18	6,0	0.0	False
JLS-CY022-7A	CY32	CPO	1.0	1	1.0	HiC_scaffold6	35924242	False	C	T	0/0	8	24	8,0	0.0	False
Sha-WS-1A	WS14	CMA	1.0	1	0.0	HiC_scaffold6	35924242	False	C	T	0/0	24	69	24,0	0.0	True
Sha-WS-2A	WS14	CMA	1.0	1	0.0	HiC_scaffold6	35924242	False	C	T	0/0	13	39	13,0	0.0	True
Sha-WS-3A	WS14	CMA	1.0	1	0.0	HiC_scaffold6	35924242	False	C	T	0/0	39	76	39,0	0.0	True
Sha-WS-4A	WS14	CMA	1.0	1	0.0	HiC_scaffold6	35924242	False	C	T	0/0	26	72	26,0	0.0	True
Sha-WS-5A	WS14	CMA	1.0	1	0.0	HiC_scaffold6	35924242	False	C	T	0/0	10	30	10,0	0.0	True
Sha-WS-6A	WS14	CMA	1.0	1	0.0	HiC_scaffold6	35924242	False	C	T	0/0	23	69	23,0	0.0	True
Sha-WS-7A	WS14	CMA	1.0	1	0.0	HiC_scaffold6	35924242	False	C	T	0/0	30	81	30,0	0.0	True
Sha-WS-8A	WS14	CMA	1.0	1	0.0	HiC_scaffold6	35924242	False	C	T	0/0	27	66	27,0	0.0	True
THP-SET_1917-1A	MK27	CPO	1.0	1	1.0	HiC_scaffold6	35924242	False	C	T	0/0	15	45	15,0	0.0	True
THP-SET_1917-2A	MK27	CPO	1.0	1	1.0	HiC_scaffold6	35924242	False	C	T	0/0	9	27	9,0	0.0	False
THP-SET_1917-3A	MK27	CPO	1.0	1	1.0	HiC_scaffold6	35924242	False	C	T	0/0	4	12	4,0	0.0	False
THP-SET_1917-4A	MK27	CPO	1.0	1	1.0	HiC_scaffold6	35924242	False	C	T	0/0	16	5	16,0	0.0	False
THP-SET_1917-5A	MK27	CPO	1.0	1	1.0	HiC_scaffold6	35924242	False	C	T	0/1	12	17	10,2	0.16666666666666666	False
THP-SET_1917-6A	MK27	CPO	1.0	1	1.0	HiC_scaffold6	35924242	False	C	T	0/0	14	0	14,0	0.0	False
THP-SET_1917-7A	MK27	CPO	1.0	1	1.0	HiC_scaffold6	35924242	False	C	T	0/0	8	24	8,0	0.0	False
THP-SET_1917-8A	MK27	CPO	1.0	1	1.0	HiC_scaffold6	35924242	False	C	T	0/0	20	60	20,0	0.0	True
XB2014-144-2A	SM35	CYU	1.0	1	1.0	HiC_scaffold6	35924242	False	C	T	0/0	54	34	54,0	0.0	True
XB2014-144-3A	SM35	CYU	1.0	1	1.0	HiC_scaffold6	35924242	False	C	T	0/0	51	69	51,0	0.0	True
XB2014-144-4A	SM35	CYU	1.0	1	1.0	HiC_scaffold6	35924242	False	C	T	0/0	37	27	37,0	0.0	True
XB2014-144-5A	SM35	CYU	1.0	1	1.0	HiC_scaffold6	35924242	False	C	T	0/0	42	84	42,0	0.0	True
XB2014-144-6A	SM35	CYU	1.0	1	1.0	HiC_scaffold6	35924242	False	C	T	0/0	20	57	20,0	0.0	True
XB2014-144-7A	SM35	CYU	1.0	1	1.0	HiC_scaffold6	35924242	False	C	T	0/0	49	99	49,0	0.0	True
XB2014-144-8A	SM35	CYU	1.0	1	1.0	HiC_scaffold6	35924242	False	C	T	0/1	40	99	31,9	0.225	True
XB2014-144-9A	SM35	CYU	1.0	1	1.0	HiC_scaffold6	35924242	False	C	T	0/0	57	44	57,0	0.0	True
XB2014-38-2A	EY8	CYU	0.0	1	1.0	HiC_scaffold6	35924242	False	C	T	0/1	12	99	7,5	0.4166666666666667	True
XB2014-38-3A	EY8	CYU	0.0	1	1.0	HiC_scaffold6	35924242	False	C	T	0/1	10	99	5,5	0.5	True
XB2014-38-4A	EY8	CYU	0.0	1	1.0	HiC_scaffold6	35924242	False	C	T	0/0	4	12	4,0	0.0	False
XB2014-38-5A	EY8	CYU	0.0	1	1.0	HiC_scaffold6	35924242	False	C	T	0/1	17	34	14,3	0.17647058823529413	True
XB2014-38-6A	EY9	CPO	0.0	1	1.0	HiC_scaffold6	35924242	False	C	T	0/1	9	92	6,3	0.3333333333333333	False
XB2014-39-1A	EY9	CPO	1.0	1	1.0	HiC_scaffold6	35924242	False	C	T	0/0	14	42	14,0	0.0	True
XB2014-39-2A	EY9	CPO	1.0	1	1.0	HiC_scaffold6	35924242	False	C	T	0/0	36	23	36,0	0.0	True
XB2014-39-3A	EY9	CPO	1.0	1	1.0	HiC_scaffold6	35924242	False	C	T	0/0	20	17	20,0	0.0	False
XB2014-39-4A	EY9	CPO	1.0	1	1.0	HiC_scaffold6	35924242	False	C	T	0/0	18	54	18,0	0.0	True
XB2014-39-5A	EY9	CPO	1.0	1	1.0	HiC_scaffold6	35924242	False	C	T	0/0	20	60	20,0	0.0	True
XB2014-39-6A	EY9	CPO	1.0	1	1.0	HiC_scaffold6	35924242	False	C	T	0/0	29	87	29,0	0.0	True
XB2014-39-7A	EY9	CPO	1.0	1	1.0	HiC_scaffold6	35924242	False	C	T	0/0	8	24	8,0	0.0	False
XB2014-39-8A	EY9	CPO	1.0	1	1.0	HiC_scaffold6	35924242	False	C	T	0/0	14	42	14,0	0.0	True
XB2014-4-2A	MN4	CYU	0.0	0	1.0	HiC_scaffold6	35924242	False	C	T	1/1	16	19	1,15	0.9375	False
XB2014-4-3A	MN4	CYU	0.0	0	1.0	HiC_scaffold6	35924242	False	C	T	0/1	16	99	8,8	0.5	True
XB2014-4-4A	MN4	CYU	0.0	0	1.0	HiC_scaffold6	35924242	False	C	T	0/1	34	99	18,16	0.47058823529411764	True
XB2014-4-5A	MN4	CYU	0.0	0	1.0	HiC_scaffold6	35924242	False	C	T	0/1	22	99	8,14	0.6363636363636364	True
XB2014-4-6A	MN4	CYU	0.0	0	1.0	HiC_scaffold6	35924242	False	C	T	0/1	14	88	3,11	0.7857142857142857	True
XB2014-4-7A	MN4	CYU	0.0	0	1.0	HiC_scaffold6	35924242	False	C	T	0/1	25	99	15,10	0.4	True
XB2014-4-8A	YL9	CYU	0.0	0	1.0	HiC_scaffold6	35924242	False	C	T	0/1	22	99	9,13	0.5909090909090909	True
XB2014-4-9A	YL9	CYU	0.0	0	1.0	HiC_scaffold6	35924242	False	C	T	0/1	27	99	6,21	0.7777777777777778	True
XB2014-48-1A	MN4	CYU	0.0	0	1.0	HiC_scaffold6	35924242	False	C	T	1/1	16	20	1,15	0.9375	True
XB2014-48-2A	MN4	CYU	0.0	0	1.0	HiC_scaffold6	35924242	False	C	T	0/1	13	99	4,9	0.6923076923076923	True
XB2014-48-3A	YL9	CYU	0.0	0	1.0	HiC_scaffold6	35924242	False	C	T	0/1	16	99	4,12	0.75	True
XB2014-48-4A	YL9	CYU	0.0	0	1.0	HiC_scaffold6	35924242	False	C	T	0/1	16	99	6,10	0.625	True
XB2014-48-5A	YL9	CYU	0.0	0	1.0	HiC_scaffold6	35924242	False	C	T	0/1	21	99	4,17	0.8095238095238095	True
XB2014-48-6A	YL9	CYU	0.0	0	1.0	HiC_scaffold6	35924242	False	C	T	0/1	18	99	11,7	0.3888888888888889	True
XB2014-48-7A	YL9	CYU	0.0	0	1.0	HiC_scaffold6	35924242	False	C	T	0/1	17	84	3,14	0.8235294117647058	True
XB2014-48-9A	YL9	CYU	0.0	0	1.0	HiC_scaffold6	35924242	False	C	T	0/1	15	99	4,11	0.7333333333333333	True
XB26-3B	SC37	CPO	1.0	1	1.0	HiC_scaffold6	35924242	False	C	T	0/0	16	48	16,0	0.0	True
XB26-4B	SC37	CPO	1.0	1	1.0	HiC_scaffold6	35924242	False	C	T	0/0	19	8	17,2	0.10526315789473684	False
XB26-5B	SC37	CPO	1.0	1	1.0	HiC_scaffold6	35924242	False	C	T	0/0	20	60	20,0	0.0	True
XB26-7B	SC37	CPO	1.0	1	1.0	HiC_scaffold6	35924242	False	C	T	0/0	17	51	17,0	0.0	True
XuBo982-1A	XS40	CMA	1.0	1	0.0	HiC_scaffold6	35924242	False	C	T	0/0	38	30	38,0	0.0	True
XuBo982-2A	XS40	CMA	1.0	1	0.0	HiC_scaffold6	35924242	False	C	T	0/0	23	61	23,0	0.0	True
XuBo982-3A	XS40	CMA	1.0	1	0.0	HiC_scaffold6	35924242	False	C	T	0/0	32	53	32,0	0.0	True
XuBo982-4A	XS40	CMA	1.0	1	0.0	HiC_scaffold6	35924242	False	C	T	0/1	27	9	25,2	0.07407407407407407	False
XuBo982-5A	XS40	CMA	1.0	1	0.0	HiC_scaffold6	35924242	False	C	T	0/0	29	69	29,0	0.0	True
XubBo-1037-1A	LN46	N	1.0	1	0.0	HiC_scaffold6	35924242	False	C	T	0/1	18	99	10,8	0.4444444444444444	True
XubBo-1037-2A	TB43	CMA	NA	1	NA	HiC_scaffold6	35924242	False	C	T	0/0	13	39	13,0	0.0	True
XubBo-1037-3A	TB43	CMA	NA	1	NA	HiC_scaffold6	35924242	False	C	T	0/1	17	99	11,6	0.35294117647058826	True
XubBo-1037-4A	TB43	CMA	NA	1	NA	HiC_scaffold6	35924242	False	C	T	0/1	16	99	9,7	0.4375	True
XubBo-1037-5A	TB43	CMA	NA	1	NA	HiC_scaffold6	35924242	False	C	T	0/1	25	99	13,12	0.48	True
XubBo-1037-6A	TB43	CMA	NA	1	NA	HiC_scaffold6	35924242	False	C	T	0/1	9	99	5,4	0.4444444444444444	False
XubBo-1037-7A	TB43	CMA	NA	1	NA	HiC_scaffold6	35924242	False	C	T	0/0	21	0	21,0	0.0	False
XubBo-1037-8A	TB43	CMA	NA	1	NA	HiC_scaffold6	35924242	False	C	T	0/1	12	81	9,3	0.25	True
XubBo1030-10A	LN46	N	1.0	1	0.0	HiC_scaffold6	35924242	False	C	T	0/0	30	87	30,0	0.0	True
XubBo1030-1A	LN46	N	1.0	1	0.0	HiC_scaffold6	35924242	False	C	T	0/0	29	84	29,0	0.0	True
XubBo1030-3A	LN46	N	1.0	1	0.0	HiC_scaffold6	35924242	False	C	T	0/1	20	30	18,2	0.1	True
XubBo1030-5A	LN46	N	1.0	1	0.0	HiC_scaffold6	35924242	False	C	T	0/0	19	54	19,0	0.0	True
XubBo1030-6A	LN46	N	1.0	1	0.0	HiC_scaffold6	35924242	False	C	T	0/0	21	54	21,0	0.0	True
XubBo1030-8A	LN46	N	1.0	1	0.0	HiC_scaffold6	35924242	False	C	T	0/0	34	89	34,0	0.0	True
XubBo1030-9A	LN46	N	1.0	1	0.0	HiC_scaffold6	35924242	False	C	T	0/0	16	48	16,0	0.0	True
XubBo1051-10A	WX48	CMA	1.0	1	0.0	HiC_scaffold6	35924242	False	C	T	0/0	19	41	19,0	0.0	True
XubBo1051-1A	WX48	CMA	1.0	1	0.0	HiC_scaffold6	35924242	False	C	T	0/0	22	60	22,0	0.0	True
XubBo1051-2A	WX48	CMA	1.0	1	0.0	HiC_scaffold6	35924242	False	C	T	0/0	26	72	26,0	0.0	True
XubBo1051-3A	WX48	CMA	1.0	1	0.0	HiC_scaffold6	35924242	False	C	T	0/0	26	75	26,0	0.0	True
XubBo1051-4A	WX48	CMA	1.0	1	0.0	HiC_scaffold6	35924242	False	C	T	0/0	22	60	22,0	0.0	True
XubBo1051-7A	WX48	CMA	1.0	1	0.0	HiC_scaffold6	35924242	False	C	T	0/0	13	36	13,0	0.0	True
XubBo1051-8A	WX48	CMA	1.0	1	0.0	HiC_scaffold6	35924242	False	C	T	0/0	35	41	33,2	0.05714285714285714	True
XubBo1051-9A	WX48	CMA	1.0	1	0.0	HiC_scaffold6	35924242	False	C	T	0/0	19	54	19,0	0.0	True
Xubo01402-2A	YS26	CYU	1.0	1	1.0	HiC_scaffold6	35924242	False	C	T	0/0	7	21	7,0	0.0	False
Xubo01402-3A	YS26	CYU	1.0	1	1.0	HiC_scaffold6	35924242	False	C	T	0/0	21	63	21,0	0.0	True
Xubo01402-4A	YS26	CYU	1.0	1	1.0	HiC_scaffold6	35924242	False	C	T	0/0	13	39	13,0	0.0	True
Xubo01402-5A	YS26	CYU	1.0	1	1.0	HiC_scaffold6	35924242	False	C	T	0/0	19	57	19,0	0.0	True
Xubo01402-6A	YS26	CYU	1.0	1	1.0	HiC_scaffold6	35924242	False	C	T	0/0	22	66	22,0	0.0	True
Xubo01402-7A	YS26	CYU	1.0	1	1.0	HiC_scaffold6	35924242	False	C	T	0/0	5	15	5,0	0.0	False
Xubo01402-8A	YS26	CYU	1.0	1	1.0	HiC_scaffold6	35924242	False	C	T	0/0	15	45	15,0	0.0	True
Xubo01402-9A	YS26	CYU	1.0	1	1.0	HiC_scaffold6	35924242	False	C	T	0/0	10	30	10,0	0.0	True
YLZB4703-2A	SM3	CYU	0.0	0	1.0	HiC_scaffold6	35924242	False	C	T	0/1	42	9	39,3	0.07142857142857142	False
YLZB4703-3A	SM3	CYU	0.0	0	1.0	HiC_scaffold6	35924242	False	C	T	0/0	32	90	32,0	0.0	True
YLZB4703-5A	SM3	CYU	0.0	0	1.0	HiC_scaffold6	35924242	False	C	T	0/1	32	99	19,13	0.40625	True
YLZB4703-7A	SM3	CYU	0.0	0	1.0	HiC_scaffold6	35924242	False	C	T	0/0	44	99	44,0	0.0	True
YLZB4703-9A	SM3	CYU	0.0	0	1.0	HiC_scaffold6	35924242	False	C	T	0/1	26	99	6,20	0.7692307692307693	True
YLZB4715-10A	MY1	CYU	0.0	0	1.0	HiC_scaffold6	35924242	False	C	T	0/1	25	99	7,18	0.72	True
YLZB4715-1A	MY1	CYU	0.0	0	1.0	HiC_scaffold6	35924242	False	C	T	0/1	18	99	6,12	0.6666666666666666	True
YLZB4715-2A	MY1	CYU	0.0	0	1.0	HiC_scaffold6	35924242	False	C	T	0/1	27	99	10,17	0.6296296296296297	True
YLZB4715-5A	MY1	CYU	0.0	0	1.0	HiC_scaffold6	35924242	False	C	T	0/1	30	99	13,17	0.5666666666666667	True
YLZB4715-6A	MY1	CYU	0.0	0	1.0	HiC_scaffold6	35924242	False	C	T	0/1	23	99	13,10	0.43478260869565216	True
YLZB4715-7A	MY1	CYU	0.0	0	1.0	HiC_scaffold6	35924242	False	C	T	0/1	18	29	2,16	0.8888888888888888	True
YLZB4715-8A	MY1	CYU	0.0	0	1.0	HiC_scaffold6	35924242	False	C	T	0/1	50	99	18,32	0.64	True
YLZB4715-9A	MY1	CYU	0.0	0	1.0	HiC_scaffold6	35924242	False	C	T	0/1	36	99	21,15	0.4166666666666667	True
YLZB4735-10A	YSXC51	CPO	1.0	1	1.0	HiC_scaffold6	35924242	False	C	T	0/0	19	57	19,0	0.0	True
YLZB4735-1A	YSXC51	CPO	1.0	1	1.0	HiC_scaffold6	35924242	False	C	T	0/0	21	21	21,0	0.0	True
YLZB4735-2A	YSXC51	CPO	1.0	1	1.0	HiC_scaffold6	35924242	False	C	T	0/0	26	78	26,0	0.0	True
YLZB4735-3A	YSXC51	CPO	1.0	1	1.0	HiC_scaffold6	35924242	False	C	T	0/0	27	0	27,0	0.0	False
YLZB4735-5A	YSXC51	CPO	1.0	1	1.0	HiC_scaffold6	35924242	False	C	T	0/0	22	66	22,0	0.0	True
YLZB4735-6A	YSXC51	CPO	1.0	1	1.0	HiC_scaffold6	35924242	False	C	T	0/0	7	21	7,0	0.0	False
YLZB4735-8A	YSXC51	CPO	1.0	1	1.0	HiC_scaffold6	35924242	False	C	T	0/0	22	0	22,0	0.0	False
YLZB4735-9A	YSXC51	CPO	1.0	1	1.0	HiC_scaffold6	35924242	False	C	T	0/0	24	0	24,0	0.0	False
YLZB4816-11A	ASCD52	CPO	1.0	1	1.0	HiC_scaffold6	35924242	False	C	T	0/0	13	39	13,0	0.0	True
YLZB4816-3A	ASCD52	CPO	1.0	1	1.0	HiC_scaffold6	35924242	False	C	T	0/0	23	26	22,1	0.043478260869565216	True
YLZB4816-4A	ASCD52	CPO	1.0	1	1.0	HiC_scaffold6	35924242	False	C	T	0/0	5	15	5,0	0.0	False
YLZB4816-6A	ASCD52	CPO	1.0	1	1.0	HiC_scaffold6	35924242	False	C	T	0/0	31	93	31,0	0.0	True
YLZB4816-7A	ASCD52	CPO	1.0	1	1.0	HiC_scaffold6	35924242	False	C	T	0/0	20	60	20,0	0.0	True
YLZB4816-8A	ASCD52	CPO	1.0	1	1.0	HiC_scaffold6	35924242	False	C	T	0/0	2	6	2,0	0.0	False
YLZB4816-9A	ASCD52	CPO	1.0	1	1.0	HiC_scaffold6	35924242	False	C	T	0/0	11	33	11,0	0.0	True
ZXL277-1A	YY12	CMA	1.0	1	0.0	HiC_scaffold6	35924242	False	C	T	./.	0	0	0,0	NA	False
ZXL277-2A	YY12	CMA	1.0	1	0.0	HiC_scaffold6	35924242	False	C	T	0/0	8	24	8,0	0.0	False
ZXL277-3A	YY12	CMA	1.0	1	0.0	HiC_scaffold6	35924242	False	C	T	0/0	24	72	24,0	0.0	True
ZXL277-4A	YY12	CMA	1.0	1	0.0	HiC_scaffold6	35924242	False	C	T	0/0	37	99	37,0	0.0	True
ZXL277-5A	YY12	CMA	1.0	1	0.0	HiC_scaffold6	35924242	False	C	T	0/0	8	24	8,0	0.0	False
ZXL277-6A	YY12	CMA	1.0	1	0.0	HiC_scaffold6	35924242	False	C	T	0/0	17	48	17,0	0.0	True
ZXL277-7A	YY12	CMA	1.0	1	0.0	HiC_scaffold6	35924242	False	C	T	0/0	15	45	15,0	0.0	True
ZXL277-8A	YY12	CMA	1.0	1	0.0	HiC_scaffold6	35924242	False	C	T	0/0	22	60	22,0	0.0	True
ZXL79-1A	CZ25	CMA	1.0	1	0.0	HiC_scaffold6	35924242	False	C	T	0/0	4	12	4,0	0.0	False
ZXL79-2A	CZ25	CMA	1.0	1	0.0	HiC_scaffold6	35924242	False	C	T	0/0	15	45	15,0	0.0	True
ZXL79-3A	CZ25	CMA	1.0	1	0.0	HiC_scaffold6	35924242	False	C	T	0/0	8	0	8,0	0.0	False
ZXL79-4A	CZ25	CMA	1.0	1	0.0	HiC_scaffold6	35924242	False	C	T	0/0	6	18	6,0	0.0	False
ZXL79-5A	CZ25	CMA	1.0	1	0.0	HiC_scaffold6	35924242	False	C	T	0/0	4	12	4,0	0.0	False
ZXL79-6A	CZ25	CMA	1.0	1	0.0	HiC_scaffold6	35924242	False	C	T	0/0	5	15	5,0	0.0	False
ZXL79-7A	CZ25	CMA	1.0	1	0.0	HiC_scaffold6	35924242	False	C	T	0/0	11	33	11,0	0.0	True
xubo266-2A	XY36	CMA	1.0	1	0.0	HiC_scaffold6	35924242	False	C	T	0/0	9	27	9,0	0.0	False
xubo266-3A	XY36	CMA	1.0	1	0.0	HiC_scaffold6	35924242	False	C	T	0/0	10	30	10,0	0.0	True
xubo266-4A	XY36	CMA	1.0	1	0.0	HiC_scaffold6	35924242	False	C	T	0/0	13	39	13,0	0.0	True
xubo266-5A	XY36	CMA	1.0	1	0.0	HiC_scaffold6	35924242	False	C	T	0/0	11	33	11,0	0.0	True
xubo266-6A	XY36	CMA	1.0	1	0.0	HiC_scaffold6	35924242	False	C	T	0/0	10	0	10,0	0.0	False
xubo266-8A	XY36	CMA	1.0	1	0.0	HiC_scaffold6	35924242	False	C	T	0/0	5	15	5,0	0.0	False
xubo266-9A	XY36	CMA	1.0	1	0.0	HiC_scaffold6	35924242	False	C	T	0/0	8	24	8,0	0.0	False
zhuzm1009-10A	KM42	CPO	1.0	1	1.0	HiC_scaffold6	35924242	False	C	T	0/0	11	0	11,0	0.0	False
zhuzm1009-2A	KM42	CPO	1.0	1	1.0	HiC_scaffold6	35924242	False	C	T	0/0	6	18	6,0	0.0	False
zhuzm1009-3A	KM42	CPO	1.0	1	1.0	HiC_scaffold6	35924242	False	C	T	0/0	9	27	9,0	0.0	False
zhuzm1009-6A	KM42	CPO	1.0	1	1.0	HiC_scaffold6	35924242	False	C	T	0/0	17	51	17,0	0.0	True
zhuzm1009-7A	KM42	CPO	1.0	1	1.0	HiC_scaffold6	35924242	False	C	T	0/0	15	45	15,0	0.0	True
zhuzm1009-8A	KM42	CPO	1.0	1	1.0	HiC_scaffold6	35924242	False	C	T	0/0	24	72	24,0	0.0	True
2014-128-1A	ML50	CPO	1.0	1	1.0	HiC_scaffold6	36025076	False	G	A	0/0	14	42	14,0	0.0	True
2014-128-2A	ML50	CPO	1.0	1	1.0	HiC_scaffold6	36025076	False	G	A	0/0	13	39	13,0	0.0	True
2014-128-3A	ML50	CPO	1.0	1	1.0	HiC_scaffold6	36025076	False	G	A	0/0	10	30	10,0	0.0	True
2014-128-4A	ML50	CPO	1.0	1	1.0	HiC_scaffold6	36025076	False	G	A	0/0	13	39	13,0	0.0	True
2014-128-5A	ML50	CPO	1.0	1	1.0	HiC_scaffold6	36025076	False	G	A	0/0	20	20	20,0	0.0	True
2014-132-2A	ML5	N	1.0	1	1.0	HiC_scaffold6	36025076	False	G	A	0/0	13	39	13,0	0.0	True
2014-132-3A	ML5	N	1.0	1	1.0	HiC_scaffold6	36025076	False	G	A	0/0	15	42	15,0	0.0	True
2014-132-4A	ML5	N	1.0	1	1.0	HiC_scaffold6	36025076	False	G	A	0/0	15	45	15,0	0.0	True
2014-132-5A	ML5	N	1.0	1	1.0	HiC_scaffold6	36025076	False	G	A	0/0	14	42	14,0	0.0	True
2014-132-6A	ML5	N	1.0	1	1.0	HiC_scaffold6	36025076	False	G	A	0/0	12	33	12,0	0.0	True
2014-132-7A	ML5	N	1.0	1	1.0	HiC_scaffold6	36025076	False	G	A	0/0	20	60	20,0	0.0	True
2014-132-8A	ML5	N	1.0	1	1.0	HiC_scaffold6	36025076	False	G	A	0/0	22	42	22,0	0.0	True
2014-132-9A	ML5	N	1.0	1	1.0	HiC_scaffold6	36025076	False	G	A	0/0	13	39	13,0	0.0	True
2014-3-10A	MN34	CPO	1.0	1	1.0	HiC_scaffold6	36025076	False	G	A	0/0	15	45	15,0	0.0	True
2014-3-3A	MN34	CPO	1.0	1	1.0	HiC_scaffold6	36025076	False	G	A	0/0	30	90	30,0	0.0	True
2014-3-4A	MN34	CPO	1.0	1	1.0	HiC_scaffold6	36025076	False	G	A	0/0	18	48	18,0	0.0	True
2014-3-5A	MN34	CPO	1.0	1	1.0	HiC_scaffold6	36025076	False	G	A	0/0	15	45	15,0	0.0	True
2014-3-6A	MN34	CPO	1.0	1	1.0	HiC_scaffold6	36025076	False	G	A	0/0	16	48	16,0	0.0	True
2014-3-7A	MN34	CPO	1.0	1	1.0	HiC_scaffold6	36025076	False	G	A	0/0	14	42	14,0	0.0	True
2014-3-8A	MN34	CPO	1.0	1	1.0	HiC_scaffold6	36025076	False	G	A	0/0	20	60	20,0	0.0	True
2014-3-9A	MN34	CPO	1.0	1	1.0	HiC_scaffold6	36025076	False	G	A	0/0	26	71	26,0	0.0	True
2014-66-1A	YL49	CPO	1.0	1	1.0	HiC_scaffold6	36025076	False	G	A	0/0	24	72	24,0	0.0	True
2014-66-2A	YL49	CPO	1.0	1	1.0	HiC_scaffold6	36025076	False	G	A	0/0	27	81	27,0	0.0	True
2014-66-3A	YL49	CPO	1.0	1	1.0	HiC_scaffold6	36025076	False	G	A	0/0	41	99	41,0	0.0	True
2014-66-4A	YL49	CPO	1.0	1	1.0	HiC_scaffold6	36025076	False	G	A	0/0	21	63	21,0	0.0	True
2014-66-5A	YL49	CPO	1.0	1	1.0	HiC_scaffold6	36025076	False	G	A	0/0	16	48	16,0	0.0	True
2014-66-6A	YL49	CPO	1.0	1	1.0	HiC_scaffold6	36025076	False	G	A	0/0	36	99	36,0	0.0	True
2014-66-7A	YL49	CPO	1.0	1	1.0	HiC_scaffold6	36025076	False	G	A	0/0	17	40	17,0	0.0	True
2014-66-8A	YL49	CPO	1.0	1	1.0	HiC_scaffold6	36025076	False	G	A	0/0	29	54	29,0	0.0	True
DP1709141A	DQS11	CMA	1.0	1	0.0	HiC_scaffold6	36025076	False	G	A	0/0	39	99	39,0	0.0	True
DP1709144A	DQS11	CMA	1.0	1	0.0	HiC_scaffold6	36025076	False	G	A	0/0	22	60	22,0	0.0	True
DP1709148A	DQS11	CMA	1.0	1	0.0	HiC_scaffold6	36025076	False	G	A	0/0	22	60	22,0	0.0	True
Gln2014-15-10A	LD30	CYU	0.0	0	1.0	HiC_scaffold6	36025076	False	G	A	0/1	44	99	34,10	0.22727272727272727	True
Gln2014-15-1A	LD30	CYU	0.0	0	1.0	HiC_scaffold6	36025076	False	G	A	0/1	46	99	36,10	0.21739130434782608	True
Gln2014-15-3A	LD30	CYU	0.0	0	1.0	HiC_scaffold6	36025076	False	G	A	0/1	58	99	50,8	0.13793103448275862	True
Gln2014-15-4A	LD30	CYU	0.0	0	1.0	HiC_scaffold6	36025076	False	G	A	0/1	31	99	22,9	0.2903225806451613	True
Gln2014-15-5A	LD30	CYU	0.0	0	1.0	HiC_scaffold6	36025076	False	G	A	0/0	67	99	67,0	0.0	True
Gln2014-15-6A	LD30	CYU	0.0	0	1.0	HiC_scaffold6	36025076	False	G	A	0/1	33	99	23,10	0.30303030303030304	True
Gln2014-15-7A	LD30	CYU	0.0	0	1.0	HiC_scaffold6	36025076	False	G	A	0/0	44	99	44,0	0.0	True
Gln2014-15-8A	LD30	CYU	0.0	0	1.0	HiC_scaffold6	36025076	False	G	A	0/1	36	99	22,14	0.3888888888888889	True
Gln2014-8-1A	LD06	CPO	1.0	1	1.0	HiC_scaffold6	36025076	False	G	A	0/0	20	60	20,0	0.0	True
Gln2014-8-2A	LD06	CPO	1.0	1	1.0	HiC_scaffold6	36025076	False	G	A	0/0	5	15	5,0	0.0	False
Gln2014-8-4A	LD06	CPO	1.0	1	1.0	HiC_scaffold6	36025076	False	G	A	0/0	35	99	35,0	0.0	True
Gln2014-8-5A	LD06	CPO	1.0	1	1.0	HiC_scaffold6	36025076	False	G	A	0/0	26	72	26,0	0.0	True
Gln2014-8-6A	LD06	CPO	1.0	1	1.0	HiC_scaffold6	36025076	False	G	A	0/0	38	99	38,0	0.0	True
Gln2014-8-7A	LD06	CPO	1.0	1	1.0	HiC_scaffold6	36025076	False	G	A	0/0	24	72	24,0	0.0	True
Gln2014-8-8A	LD06	CPO	1.0	1	1.0	HiC_scaffold6	36025076	False	G	A	0/0	22	63	22,0	0.0	True
JLS-BM001-1A	BM31	N	NA	1	NA	HiC_scaffold6	36025076	False	G	A	0/0	34	99	34,0	0.0	True
JLS-BM001-2A	BM31	N	NA	1	NA	HiC_scaffold6	36025076	False	G	A	0/0	36	99	36,0	0.0	True
JLS-BM001-3A	BM31	N	NA	1	NA	HiC_scaffold6	36025076	False	G	A	0/0	26	20	26,0	0.0	True
JLS-BM001-4A	BM31	N	NA	1	NA	HiC_scaffold6	36025076	False	G	A	0/0	29	81	29,0	0.0	True
JLS-BM001-5A	BM31	N	NA	1	NA	HiC_scaffold6	36025076	False	G	A	0/0	32	90	32,0	0.0	True
JLS-BM001-6A	BM31	N	NA	1	NA	HiC_scaffold6	36025076	False	G	A	0/0	48	99	48,0	0.0	True
JLS-BM001-7A	BM31	N	NA	1	NA	HiC_scaffold6	36025076	False	G	A	0/0	29	84	29,0	0.0	True
JLS-BM001-8A	BM31	N	NA	1	NA	HiC_scaffold6	36025076	False	G	A	0/0	35	99	35,0	0.0	True
JLS-CY022-10A	CY32	CPO	1.0	1	1.0	HiC_scaffold6	36025076	False	G	A	0/0	20	60	20,0	0.0	True
JLS-CY022-11A	CY32	CPO	1.0	1	1.0	HiC_scaffold6	36025076	False	G	A	0/0	24	72	24,0	0.0	True
JLS-CY022-4A	CY32	CPO	1.0	1	1.0	HiC_scaffold6	36025076	False	G	A	0/0	8	24	8,0	0.0	False
JLS-CY022-5A	CY32	CPO	1.0	1	1.0	HiC_scaffold6	36025076	False	G	A	0/0	20	57	20,0	0.0	True
JLS-CY022-6A	CY32	CPO	1.0	1	1.0	HiC_scaffold6	36025076	False	G	A	0/0	4	12	4,0	0.0	False
JLS-CY022-7A	CY32	CPO	1.0	1	1.0	HiC_scaffold6	36025076	False	G	A	0/0	9	27	9,0	0.0	False
Sha-WS-1A	WS14	CMA	1.0	1	0.0	HiC_scaffold6	36025076	False	G	A	0/0	25	35	25,0	0.0	True
Sha-WS-2A	WS14	CMA	1.0	1	0.0	HiC_scaffold6	36025076	False	G	A	0/0	43	99	43,0	0.0	True
Sha-WS-3A	WS14	CMA	1.0	1	0.0	HiC_scaffold6	36025076	False	G	A	0/0	30	47	30,0	0.0	True
Sha-WS-4A	WS14	CMA	1.0	1	0.0	HiC_scaffold6	36025076	False	G	A	0/0	25	72	25,0	0.0	True
Sha-WS-5A	WS14	CMA	1.0	1	0.0	HiC_scaffold6	36025076	False	G	A	0/0	34	99	34,0	0.0	True
Sha-WS-6A	WS14	CMA	1.0	1	0.0	HiC_scaffold6	36025076	False	G	A	0/0	24	72	24,0	0.0	True
Sha-WS-7A	WS14	CMA	1.0	1	0.0	HiC_scaffold6	36025076	False	G	A	0/0	28	81	28,0	0.0	True
Sha-WS-8A	WS14	CMA	1.0	1	0.0	HiC_scaffold6	36025076	False	G	A	0/0	40	99	40,0	0.0	True
THP-SET_1917-1A	MK27	CPO	1.0	1	1.0	HiC_scaffold6	36025076	False	G	A	0/0	16	48	16,0	0.0	True
THP-SET_1917-2A	MK27	CPO	1.0	1	1.0	HiC_scaffold6	36025076	False	G	A	0/0	25	72	25,0	0.0	True
THP-SET_1917-3A	MK27	CPO	1.0	1	1.0	HiC_scaffold6	36025076	False	G	A	0/0	6	18	6,0	0.0	False
THP-SET_1917-4A	MK27	CPO	1.0	1	1.0	HiC_scaffold6	36025076	False	G	A	0/0	11	33	11,0	0.0	True
THP-SET_1917-5A	MK27	CPO	1.0	1	1.0	HiC_scaffold6	36025076	False	G	A	0/0	13	36	13,0	0.0	True
THP-SET_1917-6A	MK27	CPO	1.0	1	1.0	HiC_scaffold6	36025076	False	G	A	0/0	20	60	20,0	0.0	True
THP-SET_1917-7A	MK27	CPO	1.0	1	1.0	HiC_scaffold6	36025076	False	G	A	0/0	7	21	7,0	0.0	False
THP-SET_1917-8A	MK27	CPO	1.0	1	1.0	HiC_scaffold6	36025076	False	G	A	0/0	3	9	3,0	0.0	False
XB2014-144-2A	SM35	CYU	1.0	1	1.0	HiC_scaffold6	36025076	False	G	A	0/0	14	42	14,0	0.0	True
XB2014-144-3A	SM35	CYU	1.0	1	1.0	HiC_scaffold6	36025076	False	G	A	0/0	22	60	22,0	0.0	True
XB2014-144-4A	SM35	CYU	1.0	1	1.0	HiC_scaffold6	36025076	False	G	A	0/0	41	99	41,0	0.0	True
XB2014-144-5A	SM35	CYU	1.0	1	1.0	HiC_scaffold6	36025076	False	G	A	0/0	77	99	77,0	0.0	True
XB2014-144-6A	SM35	CYU	1.0	1	1.0	HiC_scaffold6	36025076	False	G	A	0/0	40	99	40,0	0.0	True
XB2014-144-7A	SM35	CYU	1.0	1	1.0	HiC_scaffold6	36025076	False	G	A	0/0	41	99	41,0	0.0	True
XB2014-144-8A	SM35	CYU	1.0	1	1.0	HiC_scaffold6	36025076	False	G	A	0/0	74	99	74,0	0.0	True
XB2014-144-9A	SM35	CYU	1.0	1	1.0	HiC_scaffold6	36025076	False	G	A	0/0	72	99	72,0	0.0	True
XB2014-38-2A	EY8	CYU	0.0	1	1.0	HiC_scaffold6	36025076	False	G	A	0/1	74	99	56,18	0.24324324324324326	True
XB2014-38-3A	EY8	CYU	0.0	1	1.0	HiC_scaffold6	36025076	False	G	A	0/1	50	99	31,19	0.38	True
XB2014-38-4A	EY8	CYU	0.0	1	1.0	HiC_scaffold6	36025076	False	G	A	0/0	35	99	35,0	0.0	True
XB2014-38-5A	EY8	CYU	0.0	1	1.0	HiC_scaffold6	36025076	False	G	A	0/0	24	72	24,0	0.0	True
XB2014-38-6A	EY9	CPO	0.0	1	1.0	HiC_scaffold6	36025076	False	G	A	0/1	60	99	37,23	0.38333333333333336	True
XB2014-39-1A	EY9	CPO	1.0	1	1.0	HiC_scaffold6	36025076	False	G	A	0/0	46	99	46,0	0.0	True
XB2014-39-2A	EY9	CPO	1.0	1	1.0	HiC_scaffold6	36025076	False	G	A	0/0	41	99	41,0	0.0	True
XB2014-39-3A	EY9	CPO	1.0	1	1.0	HiC_scaffold6	36025076	False	G	A	0/0	21	63	21,0	0.0	True
XB2014-39-4A	EY9	CPO	1.0	1	1.0	HiC_scaffold6	36025076	False	G	A	0/0	12	36	12,0	0.0	True
XB2014-39-5A	EY9	CPO	1.0	1	1.0	HiC_scaffold6	36025076	False	G	A	0/0	30	90	30,0	0.0	True
XB2014-39-6A	EY9	CPO	1.0	1	1.0	HiC_scaffold6	36025076	False	G	A	0/0	21	60	21,0	0.0	True
XB2014-39-7A	EY9	CPO	1.0	1	1.0	HiC_scaffold6	36025076	False	G	A	0/0	19	57	19,0	0.0	True
XB2014-39-8A	EY9	CPO	1.0	1	1.0	HiC_scaffold6	36025076	False	G	A	0/0	25	72	25,0	0.0	True
XB2014-4-2A	MN4	CYU	0.0	0	1.0	HiC_scaffold6	36025076	False	G	A	0/1	36	99	12,24	0.6666666666666666	True
XB2014-4-3A	MN4	CYU	0.0	0	1.0	HiC_scaffold6	36025076	False	G	A	0/1	28	99	15,13	0.4642857142857143	True
XB2014-4-4A	MN4	CYU	0.0	0	1.0	HiC_scaffold6	36025076	False	G	A	0/1	29	99	6,23	0.7931034482758621	True
XB2014-4-5A	MN4	CYU	0.0	0	1.0	HiC_scaffold6	36025076	False	G	A	1/1	30	90	0,30	1.0	True
XB2014-4-6A	MN4	CYU	0.0	0	1.0	HiC_scaffold6	36025076	False	G	A	0/1	50	99	21,29	0.58	True
XB2014-4-7A	MN4	CYU	0.0	0	1.0	HiC_scaffold6	36025076	False	G	A	0/1	33	99	14,19	0.5757575757575758	True
XB2014-4-8A	YL9	CYU	0.0	0	1.0	HiC_scaffold6	36025076	False	G	A	0/1	58	99	11,47	0.8103448275862069	True
XB2014-4-9A	YL9	CYU	0.0	0	1.0	HiC_scaffold6	36025076	False	G	A	0/1	61	99	26,35	0.5737704918032787	True
XB2014-48-1A	MN4	CYU	0.0	0	1.0	HiC_scaffold6	36025076	False	G	A	0/1	58	99	14,44	0.7586206896551724	True
XB2014-48-2A	MN4	CYU	0.0	0	1.0	HiC_scaffold6	36025076	False	G	A	0/1	31	99	11,20	0.6451612903225806	True
XB2014-48-3A	YL9	CYU	0.0	0	1.0	HiC_scaffold6	36025076	False	G	A	0/1	32	99	17,15	0.46875	True
XB2014-48-4A	YL9	CYU	0.0	0	1.0	HiC_scaffold6	36025076	False	G	A	0/1	46	99	28,18	0.391304347826087	True
XB2014-48-5A	YL9	CYU	0.0	0	1.0	HiC_scaffold6	36025076	False	G	A	0/1	49	99	14,35	0.7142857142857143	True
XB2014-48-6A	YL9	CYU	0.0	0	1.0	HiC_scaffold6	36025076	False	G	A	0/1	18	81	3,15	0.8333333333333334	True
XB2014-48-7A	YL9	CYU	0.0	0	1.0	HiC_scaffold6	36025076	False	G	A	0/1	56	99	36,20	0.35714285714285715	True
XB2014-48-9A	YL9	CYU	0.0	0	1.0	HiC_scaffold6	36025076	False	G	A	0/1	48	99	12,36	0.75	True
XB26-3B	SC37	CPO	1.0	1	1.0	HiC_scaffold6	36025076	False	G	A	0/0	7	21	7,0	0.0	False
XB26-4B	SC37	CPO	1.0	1	1.0	HiC_scaffold6	36025076	False	G	A	0/0	20	60	20,0	0.0	True
XB26-5B	SC37	CPO	1.0	1	1.0	HiC_scaffold6	36025076	False	G	A	0/0	31	90	31,0	0.0	True
XB26-7B	SC37	CPO	1.0	1	1.0	HiC_scaffold6	36025076	False	G	A	0/0	34	99	34,0	0.0	True
XuBo982-1A	XS40	CMA	1.0	1	0.0	HiC_scaffold6	36025076	False	G	A	0/0	28	81	28,0	0.0	True
XuBo982-2A	XS40	CMA	1.0	1	0.0	HiC_scaffold6	36025076	False	G	A	0/0	27	66	27,0	0.0	True
XuBo982-3A	XS40	CMA	1.0	1	0.0	HiC_scaffold6	36025076	False	G	A	0/0	35	99	35,0	0.0	True
XuBo982-4A	XS40	CMA	1.0	1	0.0	HiC_scaffold6	36025076	False	G	A	0/0	29	44	29,0	0.0	True
XuBo982-5A	XS40	CMA	1.0	1	0.0	HiC_scaffold6	36025076	False	G	A	0/0	19	54	19,0	0.0	True
XubBo-1037-1A	LN46	N	1.0	1	0.0	HiC_scaffold6	36025076	False	G	A	0/0	46	99	46,0	0.0	True
XubBo-1037-2A	TB43	CMA	NA	1	NA	HiC_scaffold6	36025076	False	G	A	0/0	41	99	41,0	0.0	True
XubBo-1037-3A	TB43	CMA	NA	1	NA	HiC_scaffold6	36025076	False	G	A	0/0	43	99	43,0	0.0	True
XubBo-1037-4A	TB43	CMA	NA	1	NA	HiC_scaffold6	36025076	False	G	A	0/0	59	99	59,0	0.0	True
XubBo-1037-5A	TB43	CMA	NA	1	NA	HiC_scaffold6	36025076	False	G	A	0/0	40	99	40,0	0.0	True
XubBo-1037-6A	TB43	CMA	NA	1	NA	HiC_scaffold6	36025076	False	G	A	0/0	22	60	22,0	0.0	True
XubBo-1037-7A	TB43	CMA	NA	1	NA	HiC_scaffold6	36025076	False	G	A	0/0	38	99	38,0	0.0	True
XubBo-1037-8A	TB43	CMA	NA	1	NA	HiC_scaffold6	36025076	False	G	A	0/0	18	42	18,0	0.0	True
XubBo1030-10A	LN46	N	1.0	1	0.0	HiC_scaffold6	36025076	False	G	A	0/0	32	90	32,0	0.0	True
XubBo1030-1A	LN46	N	1.0	1	0.0	HiC_scaffold6	36025076	False	G	A	0/0	32	90	32,0	0.0	True
XubBo1030-3A	LN46	N	1.0	1	0.0	HiC_scaffold6	36025076	False	G	A	0/0	38	90	38,0	0.0	True
XubBo1030-5A	LN46	N	1.0	1	0.0	HiC_scaffold6	36025076	False	G	A	0/0	22	60	22,0	0.0	True
XubBo1030-6A	LN46	N	1.0	1	0.0	HiC_scaffold6	36025076	False	G	A	0/0	30	87	30,0	0.0	True
XubBo1030-8A	LN46	N	1.0	1	0.0	HiC_scaffold6	36025076	False	G	A	0/0	40	99	40,0	0.0	True
XubBo1030-9A	LN46	N	1.0	1	0.0	HiC_scaffold6	36025076	False	G	A	0/0	23	60	23,0	0.0	True
XubBo1051-10A	WX48	CMA	1.0	1	0.0	HiC_scaffold6	36025076	False	G	A	0/0	46	95	46,0	0.0	True
XubBo1051-1A	WX48	CMA	1.0	1	0.0	HiC_scaffold6	36025076	False	G	A	0/0	38	99	38,0	0.0	True
XubBo1051-2A	WX48	CMA	1.0	1	0.0	HiC_scaffold6	36025076	False	G	A	0/0	25	0	25,0	0.0	False
XubBo1051-3A	WX48	CMA	1.0	1	0.0	HiC_scaffold6	36025076	False	G	A	0/0	41	99	41,0	0.0	True
XubBo1051-4A	WX48	CMA	1.0	1	0.0	HiC_scaffold6	36025076	False	G	A	0/0	37	99	37,0	0.0	True
XubBo1051-7A	WX48	CMA	1.0	1	0.0	HiC_scaffold6	36025076	False	G	A	0/0	52	99	52,0	0.0	True
XubBo1051-8A	WX48	CMA	1.0	1	0.0	HiC_scaffold6	36025076	False	G	A	0/0	57	99	57,0	0.0	True
XubBo1051-9A	WX48	CMA	1.0	1	0.0	HiC_scaffold6	36025076	False	G	A	0/0	20	57	20,0	0.0	True
Xubo01402-2A	YS26	CYU	1.0	1	1.0	HiC_scaffold6	36025076	False	G	A	0/0	40	99	40,0	0.0	True
Xubo01402-3A	YS26	CYU	1.0	1	1.0	HiC_scaffold6	36025076	False	G	A	0/0	28	72	28,0	0.0	True
Xubo01402-4A	YS26	CYU	1.0	1	1.0	HiC_scaffold6	36025076	False	G	A	0/0	48	99	48,0	0.0	True
Xubo01402-5A	YS26	CYU	1.0	1	1.0	HiC_scaffold6	36025076	False	G	A	0/0	56	99	56,0	0.0	True
Xubo01402-6A	YS26	CYU	1.0	1	1.0	HiC_scaffold6	36025076	False	G	A	0/0	58	99	58,0	0.0	True
Xubo01402-7A	YS26	CYU	1.0	1	1.0	HiC_scaffold6	36025076	False	G	A	0/0	33	99	33,0	0.0	True
Xubo01402-8A	YS26	CYU	1.0	1	1.0	HiC_scaffold6	36025076	False	G	A	0/0	18	54	18,0	0.0	True
Xubo01402-9A	YS26	CYU	1.0	1	1.0	HiC_scaffold6	36025076	False	G	A	0/0	34	90	34,0	0.0	True
YLZB4703-2A	SM3	CYU	0.0	0	1.0	HiC_scaffold6	36025076	False	G	A	0/0	39	99	39,0	0.0	True
YLZB4703-3A	SM3	CYU	0.0	0	1.0	HiC_scaffold6	36025076	False	G	A	0/0	70	99	70,0	0.0	True
YLZB4703-5A	SM3	CYU	0.0	0	1.0	HiC_scaffold6	36025076	False	G	A	0/1	21	99	9,12	0.5714285714285714	True
YLZB4703-7A	SM3	CYU	0.0	0	1.0	HiC_scaffold6	36025076	False	G	A	0/0	42	99	42,0	0.0	True
YLZB4703-9A	SM3	CYU	0.0	0	1.0	HiC_scaffold6	36025076	False	G	A	0/1	42	99	34,8	0.19047619047619047	True
YLZB4715-10A	MY1	CYU	0.0	0	1.0	HiC_scaffold6	36025076	False	G	A	0/1	60	99	20,40	0.6666666666666666	True
YLZB4715-1A	MY1	CYU	0.0	0	1.0	HiC_scaffold6	36025076	False	G	A	0/1	40	99	11,29	0.725	True
YLZB4715-2A	MY1	CYU	0.0	0	1.0	HiC_scaffold6	36025076	False	G	A	0/1	47	99	18,29	0.6170212765957447	True
YLZB4715-5A	MY1	CYU	0.0	0	1.0	HiC_scaffold6	36025076	False	G	A	0/1	35	99	15,20	0.5714285714285714	True
YLZB4715-6A	MY1	CYU	0.0	0	1.0	HiC_scaffold6	36025076	False	G	A	0/1	38	99	6,32	0.8421052631578947	True
YLZB4715-7A	MY1	CYU	0.0	0	1.0	HiC_scaffold6	36025076	False	G	A	0/1	30	99	8,22	0.7333333333333333	True
YLZB4715-8A	MY1	CYU	0.0	0	1.0	HiC_scaffold6	36025076	False	G	A	0/1	58	99	15,43	0.7413793103448276	True
YLZB4715-9A	MY1	CYU	0.0	0	1.0	HiC_scaffold6	36025076	False	G	A	0/1	41	99	6,35	0.8536585365853658	True
YLZB4735-10A	YSXC51	CPO	1.0	1	1.0	HiC_scaffold6	36025076	False	G	A	0/0	6	18	6,0	0.0	False
YLZB4735-1A	YSXC51	CPO	1.0	1	1.0	HiC_scaffold6	36025076	False	G	A	0/0	1	3	1,0	0.0	False
YLZB4735-2A	YSXC51	CPO	1.0	1	1.0	HiC_scaffold6	36025076	False	G	A	0/0	11	33	11,0	0.0	True
YLZB4735-3A	YSXC51	CPO	1.0	1	1.0	HiC_scaffold6	36025076	False	G	A	0/0	12	36	12,0	0.0	True
YLZB4735-5A	YSXC51	CPO	1.0	1	1.0	HiC_scaffold6	36025076	False	G	A	0/0	4	12	4,0	0.0	False
YLZB4735-6A	YSXC51	CPO	1.0	1	1.0	HiC_scaffold6	36025076	False	G	A	0/0	20	57	20,0	0.0	True
YLZB4735-8A	YSXC51	CPO	1.0	1	1.0	HiC_scaffold6	36025076	False	G	A	0/0	8	24	8,0	0.0	False
YLZB4735-9A	YSXC51	CPO	1.0	1	1.0	HiC_scaffold6	36025076	False	G	A	0/0	10	30	10,0	0.0	True
YLZB4816-11A	ASCD52	CPO	1.0	1	1.0	HiC_scaffold6	36025076	False	G	A	0/0	21	60	21,0	0.0	True
YLZB4816-3A	ASCD52	CPO	1.0	1	1.0	HiC_scaffold6	36025076	False	G	A	0/0	22	60	22,0	0.0	True
YLZB4816-4A	ASCD52	CPO	1.0	1	1.0	HiC_scaffold6	36025076	False	G	A	0/0	6	18	6,0	0.0	False
YLZB4816-6A	ASCD52	CPO	1.0	1	1.0	HiC_scaffold6	36025076	False	G	A	0/0	13	39	13,0	0.0	True
YLZB4816-7A	ASCD52	CPO	1.0	1	1.0	HiC_scaffold6	36025076	False	G	A	0/0	28	81	28,0	0.0	True
YLZB4816-8A	ASCD52	CPO	1.0	1	1.0	HiC_scaffold6	36025076	False	G	A	0/0	7	18	7,0	0.0	False
YLZB4816-9A	ASCD52	CPO	1.0	1	1.0	HiC_scaffold6	36025076	False	G	A	0/0	20	60	20,0	0.0	True
ZXL277-1A	YY12	CMA	1.0	1	0.0	HiC_scaffold6	36025076	False	G	A	0/0	24	72	24,0	0.0	True
ZXL277-2A	YY12	CMA	1.0	1	0.0	HiC_scaffold6	36025076	False	G	A	0/0	22	0	22,0	0.0	False
ZXL277-3A	YY12	CMA	1.0	1	0.0	HiC_scaffold6	36025076	False	G	A	0/0	38	0	38,0	0.0	False
ZXL277-4A	YY12	CMA	1.0	1	0.0	HiC_scaffold6	36025076	False	G	A	./.	28	0	28,0	0.0	False
ZXL277-5A	YY12	CMA	1.0	1	0.0	HiC_scaffold6	36025076	False	G	A	0/0	27	0	27,0	0.0	False
ZXL277-6A	YY12	CMA	1.0	1	0.0	HiC_scaffold6	36025076	False	G	A	0/0	25	32	25,0	0.0	True
ZXL277-7A	YY12	CMA	1.0	1	0.0	HiC_scaffold6	36025076	False	G	A	0/0	41	0	41,0	0.0	False
ZXL277-8A	YY12	CMA	1.0	1	0.0	HiC_scaffold6	36025076	False	G	A	0/0	26	0	26,0	0.0	False
ZXL79-1A	CZ25	CMA	1.0	1	0.0	HiC_scaffold6	36025076	False	G	A	0/0	36	99	36,0	0.0	True
ZXL79-2A	CZ25	CMA	1.0	1	0.0	HiC_scaffold6	36025076	False	G	A	0/0	36	99	36,0	0.0	True
ZXL79-3A	CZ25	CMA	1.0	1	0.0	HiC_scaffold6	36025076	False	G	A	0/0	39	99	39,0	0.0	True
ZXL79-4A	CZ25	CMA	1.0	1	0.0	HiC_scaffold6	36025076	False	G	A	0/0	27	58	27,0	0.0	True
ZXL79-5A	CZ25	CMA	1.0	1	0.0	HiC_scaffold6	36025076	False	G	A	0/0	21	22	21,0	0.0	True
ZXL79-6A	CZ25	CMA	1.0	1	0.0	HiC_scaffold6	36025076	False	G	A	0/0	26	72	26,0	0.0	True
ZXL79-7A	CZ25	CMA	1.0	1	0.0	HiC_scaffold6	36025076	False	G	A	0/0	37	96	37,0	0.0	True
xubo266-2A	XY36	CMA	1.0	1	0.0	HiC_scaffold6	36025076	False	G	A	0/0	54	99	54,0	0.0	True
xubo266-3A	XY36	CMA	1.0	1	0.0	HiC_scaffold6	36025076	False	G	A	0/0	41	99	41,0	0.0	True
xubo266-4A	XY36	CMA	1.0	1	0.0	HiC_scaffold6	36025076	False	G	A	0/0	30	72	30,0	0.0	True
xubo266-5A	XY36	CMA	1.0	1	0.0	HiC_scaffold6	36025076	False	G	A	0/0	38	99	38,0	0.0	True
xubo266-6A	XY36	CMA	1.0	1	0.0	HiC_scaffold6	36025076	False	G	A	0/0	40	99	40,0	0.0	True
xubo266-8A	XY36	CMA	1.0	1	0.0	HiC_scaffold6	36025076	False	G	A	0/0	28	81	28,0	0.0	True
xubo266-9A	XY36	CMA	1.0	1	0.0	HiC_scaffold6	36025076	False	G	A	0/0	36	66	36,0	0.0	True
zhuzm1009-10A	KM42	CPO	1.0	1	1.0	HiC_scaffold6	36025076	False	G	A	0/0	19	48	19,0	0.0	True
zhuzm1009-2A	KM42	CPO	1.0	1	1.0	HiC_scaffold6	36025076	False	G	A	0/0	38	99	38,0	0.0	True
zhuzm1009-3A	KM42	CPO	1.0	1	1.0	HiC_scaffold6	36025076	False	G	A	0/0	8	24	8,0	0.0	False
zhuzm1009-6A	KM42	CPO	1.0	1	1.0	HiC_scaffold6	36025076	False	G	A	./.	0	0	0,0	NA	False
zhuzm1009-7A	KM42	CPO	1.0	1	1.0	HiC_scaffold6	36025076	False	G	A	0/0	12	36	12,0	0.0	True
zhuzm1009-8A	KM42	CPO	1.0	1	1.0	HiC_scaffold6	36025076	False	G	A	0/0	21	60	21,0	0.0	True
2014-128-1A	ML50	CPO	1.0	1	1.0	HiC_scaffold6	36025296	False	C	T	0/0	9	24	9,0	0.0	False
2014-128-2A	ML50	CPO	1.0	1	1.0	HiC_scaffold6	36025296	False	C	T	0/0	9	24	9,0	0.0	False
2014-128-3A	ML50	CPO	1.0	1	1.0	HiC_scaffold6	36025296	False	C	T	0/0	3	9	3,0	0.0	False
2014-128-4A	ML50	CPO	1.0	1	1.0	HiC_scaffold6	36025296	False	C	T	0/0	7	18	7,0	0.0	False
2014-128-5A	ML50	CPO	1.0	1	1.0	HiC_scaffold6	36025296	False	C	T	0/0	17	33	17,0	0.0	True
2014-132-2A	ML5	N	1.0	1	1.0	HiC_scaffold6	36025296	False	C	T	0/0	10	30	10,0	0.0	True
2014-132-3A	ML5	N	1.0	1	1.0	HiC_scaffold6	36025296	False	C	T	0/0	6	9	6,0	0.0	False
2014-132-4A	ML5	N	1.0	1	1.0	HiC_scaffold6	36025296	False	C	T	0/0	10	21	10,0	0.0	True
2014-132-5A	ML5	N	1.0	1	1.0	HiC_scaffold6	36025296	False	C	T	0/0	6	15	6,0	0.0	False
2014-132-6A	ML5	N	1.0	1	1.0	HiC_scaffold6	36025296	False	C	T	0/0	11	33	11,0	0.0	True
2014-132-7A	ML5	N	1.0	1	1.0	HiC_scaffold6	36025296	False	C	T	0/0	3	3	3,0	0.0	False
2014-132-8A	ML5	N	1.0	1	1.0	HiC_scaffold6	36025296	False	C	T	0/0	4	3	4,0	0.0	False
2014-132-9A	ML5	N	1.0	1	1.0	HiC_scaffold6	36025296	False	C	T	0/0	10	15	10,0	0.0	False
2014-3-10A	MN34	CPO	1.0	1	1.0	HiC_scaffold6	36025296	False	C	T	0/0	22	54	22,0	0.0	True
2014-3-3A	MN34	CPO	1.0	1	1.0	HiC_scaffold6	36025296	False	C	T	0/0	10	30	10,0	0.0	True
2014-3-4A	MN34	CPO	1.0	1	1.0	HiC_scaffold6	36025296	False	C	T	0/0	8	21	8,0	0.0	False
2014-3-5A	MN34	CPO	1.0	1	1.0	HiC_scaffold6	36025296	False	C	T	0/0	12	30	12,0	0.0	True
2014-3-6A	MN34	CPO	1.0	1	1.0	HiC_scaffold6	36025296	False	C	T	0/0	6	15	6,0	0.0	False
2014-3-7A	MN34	CPO	1.0	1	1.0	HiC_scaffold6	36025296	False	C	T	0/0	3	3	3,0	0.0	False
2014-3-8A	MN34	CPO	1.0	1	1.0	HiC_scaffold6	36025296	False	C	T	0/0	3	6	3,0	0.0	False
2014-3-9A	MN34	CPO	1.0	1	1.0	HiC_scaffold6	36025296	False	C	T	0/0	14	30	14,0	0.0	True
2014-66-1A	YL49	CPO	1.0	1	1.0	HiC_scaffold6	36025296	False	C	T	0/0	10	21	10,0	0.0	True
2014-66-2A	YL49	CPO	1.0	1	1.0	HiC_scaffold6	36025296	False	C	T	0/0	4	12	4,0	0.0	False
2014-66-3A	YL49	CPO	1.0	1	1.0	HiC_scaffold6	36025296	False	C	T	0/0	15	39	15,0	0.0	True
2014-66-4A	YL49	CPO	1.0	1	1.0	HiC_scaffold6	36025296	False	C	T	0/0	3	6	3,0	0.0	False
2014-66-5A	YL49	CPO	1.0	1	1.0	HiC_scaffold6	36025296	False	C	T	0/0	7	15	7,0	0.0	False
2014-66-6A	YL49	CPO	1.0	1	1.0	HiC_scaffold6	36025296	False	C	T	0/0	8	12	8,0	0.0	False
2014-66-7A	YL49	CPO	1.0	1	1.0	HiC_scaffold6	36025296	False	C	T	0/0	5	3	5,0	0.0	False
2014-66-8A	YL49	CPO	1.0	1	1.0	HiC_scaffold6	36025296	False	C	T	0/0	9	27	9,0	0.0	False
DP1709141A	DQS11	CMA	1.0	1	0.0	HiC_scaffold6	36025296	False	C	T	0/0	29	78	29,0	0.0	True
DP1709144A	DQS11	CMA	1.0	1	0.0	HiC_scaffold6	36025296	False	C	T	0/0	20	60	20,0	0.0	True
DP1709148A	DQS11	CMA	1.0	1	0.0	HiC_scaffold6	36025296	False	C	T	0/0	37	93	37,0	0.0	True
Gln2014-15-10A	LD30	CYU	0.0	0	1.0	HiC_scaffold6	36025296	False	C	T	0/1	50	99	20,30	0.6	True
Gln2014-15-1A	LD30	CYU	0.0	0	1.0	HiC_scaffold6	36025296	False	C	T	0/1	54	99	25,29	0.5370370370370371	True
Gln2014-15-3A	LD30	CYU	0.0	0	1.0	HiC_scaffold6	36025296	False	C	T	0/1	36	99	11,25	0.6944444444444444	True
Gln2014-15-4A	LD30	CYU	0.0	0	1.0	HiC_scaffold6	36025296	False	C	T	0/1	33	99	8,25	0.7575757575757576	True
Gln2014-15-5A	LD30	CYU	0.0	0	1.0	HiC_scaffold6	36025296	False	C	T	1/1	38	24	2,36	0.9473684210526315	True
Gln2014-15-6A	LD30	CYU	0.0	0	1.0	HiC_scaffold6	36025296	False	C	T	0/1	45	99	16,29	0.6444444444444445	True
Gln2014-15-7A	LD30	CYU	0.0	0	1.0	HiC_scaffold6	36025296	False	C	T	0/1	44	99	33,11	0.25	True
Gln2014-15-8A	LD30	CYU	0.0	0	1.0	HiC_scaffold6	36025296	False	C	T	0/1	39	99	16,23	0.5897435897435898	True
Gln2014-8-1A	LD06	CPO	1.0	1	1.0	HiC_scaffold6	36025296	False	C	T	0/0	24	45	24,0	0.0	True
Gln2014-8-2A	LD06	CPO	1.0	1	1.0	HiC_scaffold6	36025296	False	C	T	0/0	4	12	4,0	0.0	False
Gln2014-8-4A	LD06	CPO	1.0	1	1.0	HiC_scaffold6	36025296	False	C	T	0/0	22	24	22,0	0.0	True
Gln2014-8-5A	LD06	CPO	1.0	1	1.0	HiC_scaffold6	36025296	False	C	T	0/0	13	33	13,0	0.0	True
Gln2014-8-6A	LD06	CPO	1.0	1	1.0	HiC_scaffold6	36025296	False	C	T	0/0	29	72	29,0	0.0	True
Gln2014-8-7A	LD06	CPO	1.0	1	1.0	HiC_scaffold6	36025296	False	C	T	0/0	17	9	17,0	0.0	False
Gln2014-8-8A	LD06	CPO	1.0	1	1.0	HiC_scaffold6	36025296	False	C	T	0/1	9	38	7,2	0.2222222222222222	False
JLS-BM001-1A	BM31	N	NA	1	NA	HiC_scaffold6	36025296	False	C	T	0/1	48	99	12,36	0.75	True
JLS-BM001-2A	BM31	N	NA	1	NA	HiC_scaffold6	36025296	False	C	T	0/1	54	99	13,41	0.7592592592592593	True
JLS-BM001-3A	BM31	N	NA	1	NA	HiC_scaffold6	36025296	False	C	T	0/1	43	51	4,39	0.9069767441860465	True
JLS-BM001-4A	BM31	N	NA	1	NA	HiC_scaffold6	36025296	False	C	T	0/1	34	99	11,23	0.6764705882352942	True
JLS-BM001-5A	BM31	N	NA	1	NA	HiC_scaffold6	36025296	False	C	T	0/1	36	99	14,22	0.6111111111111112	True
JLS-BM001-6A	BM31	N	NA	1	NA	HiC_scaffold6	36025296	False	C	T	0/1	51	99	16,35	0.6862745098039216	True
JLS-BM001-7A	BM31	N	NA	1	NA	HiC_scaffold6	36025296	False	C	T	0/1	26	99	9,17	0.6538461538461539	True
JLS-BM001-8A	BM31	N	NA	1	NA	HiC_scaffold6	36025296	False	C	T	0/1	52	99	15,37	0.7115384615384616	True
JLS-CY022-10A	CY32	CPO	1.0	1	1.0	HiC_scaffold6	36025296	False	C	T	0/0	13	36	13,0	0.0	True
JLS-CY022-11A	CY32	CPO	1.0	1	1.0	HiC_scaffold6	36025296	False	C	T	0/0	17	10	17,0	0.0	False
JLS-CY022-4A	CY32	CPO	1.0	1	1.0	HiC_scaffold6	36025296	False	C	T	0/0	9	18	9,0	0.0	False
JLS-CY022-5A	CY32	CPO	1.0	1	1.0	HiC_scaffold6	36025296	False	C	T	0/0	4	6	4,0	0.0	False
JLS-CY022-6A	CY32	CPO	1.0	1	1.0	HiC_scaffold6	36025296	False	C	T	0/0	2	6	2,0	0.0	False
JLS-CY022-7A	CY32	CPO	1.0	1	1.0	HiC_scaffold6	36025296	False	C	T	0/0	3	9	3,0	0.0	False
Sha-WS-1A	WS14	CMA	1.0	1	0.0	HiC_scaffold6	36025296	False	C	T	0/0	34	99	34,0	0.0	True
Sha-WS-2A	WS14	CMA	1.0	1	0.0	HiC_scaffold6	36025296	False	C	T	0/0	29	66	29,0	0.0	True
Sha-WS-3A	WS14	CMA	1.0	1	0.0	HiC_scaffold6	36025296	False	C	T	0/0	36	67	36,0	0.0	True
Sha-WS-4A	WS14	CMA	1.0	1	0.0	HiC_scaffold6	36025296	False	C	T	0/0	31	81	31,0	0.0	True
Sha-WS-5A	WS14	CMA	1.0	1	0.0	HiC_scaffold6	36025296	False	C	T	0/0	44	90	44,0	0.0	True
Sha-WS-6A	WS14	CMA	1.0	1	0.0	HiC_scaffold6	36025296	False	C	T	0/0	21	57	21,0	0.0	True
Sha-WS-7A	WS14	CMA	1.0	1	0.0	HiC_scaffold6	36025296	False	C	T	0/0	32	90	32,0	0.0	True
Sha-WS-8A	WS14	CMA	1.0	1	0.0	HiC_scaffold6	36025296	False	C	T	0/0	41	99	41,0	0.0	True
THP-SET_1917-1A	MK27	CPO	1.0	1	1.0	HiC_scaffold6	36025296	False	C	T	./.	1	0	1,0	0.0	False
THP-SET_1917-2A	MK27	CPO	1.0	1	1.0	HiC_scaffold6	36025296	False	C	T	0/0	20	51	20,0	0.0	True
THP-SET_1917-3A	MK27	CPO	1.0	1	1.0	HiC_scaffold6	36025296	False	C	T	0/0	5	12	5,0	0.0	False
THP-SET_1917-4A	MK27	CPO	1.0	1	1.0	HiC_scaffold6	36025296	False	C	T	./.	0	0	0,0	NA	False
THP-SET_1917-5A	MK27	CPO	1.0	1	1.0	HiC_scaffold6	36025296	False	C	T	0/0	3	3	3,0	0.0	False
THP-SET_1917-6A	MK27	CPO	1.0	1	1.0	HiC_scaffold6	36025296	False	C	T	0/0	22	51	22,0	0.0	True
THP-SET_1917-7A	MK27	CPO	1.0	1	1.0	HiC_scaffold6	36025296	False	C	T	0/0	1	3	1,0	0.0	False
THP-SET_1917-8A	MK27	CPO	1.0	1	1.0	HiC_scaffold6	36025296	False	C	T	0/0	2	6	2,0	0.0	False
XB2014-144-2A	SM35	CYU	1.0	1	1.0	HiC_scaffold6	36025296	False	C	T	0/0	18	36	18,0	0.0	True
XB2014-144-3A	SM35	CYU	1.0	1	1.0	HiC_scaffold6	36025296	False	C	T	0/1	31	99	13,18	0.5806451612903226	True
XB2014-144-4A	SM35	CYU	1.0	1	1.0	HiC_scaffold6	36025296	False	C	T	0/1	31	99	9,22	0.7096774193548387	True
XB2014-144-5A	SM35	CYU	1.0	1	1.0	HiC_scaffold6	36025296	False	C	T	0/1	69	99	26,43	0.6231884057971014	True
XB2014-144-6A	SM35	CYU	1.0	1	1.0	HiC_scaffold6	36025296	False	C	T	0/1	35	99	13,22	0.6285714285714286	True
XB2014-144-7A	SM35	CYU	1.0	1	1.0	HiC_scaffold6	36025296	False	C	T	0/1	37	99	18,19	0.5135135135135135	True
XB2014-144-8A	SM35	CYU	1.0	1	1.0	HiC_scaffold6	36025296	False	C	T	0/1	43	99	8,35	0.813953488372093	True
XB2014-144-9A	SM35	CYU	1.0	1	1.0	HiC_scaffold6	36025296	False	C	T	0/1	50	99	20,30	0.6	True
XB2014-38-2A	EY8	CYU	0.0	1	1.0	HiC_scaffold6	36025296	False	C	T	0/1	45	49	40,5	0.1111111111111111	True
XB2014-38-3A	EY8	CYU	0.0	1	1.0	HiC_scaffold6	36025296	False	C	T	0/1	30	35	27,3	0.1	True
XB2014-38-4A	EY8	CYU	0.0	1	1.0	HiC_scaffold6	36025296	False	C	T	0/0	42	99	42,0	0.0	True
XB2014-38-5A	EY8	CYU	0.0	1	1.0	HiC_scaffold6	36025296	False	C	T	0/0	4	3	4,0	0.0	False
XB2014-38-6A	EY9	CPO	0.0	1	1.0	HiC_scaffold6	36025296	False	C	T	0/1	48	99	29,19	0.3958333333333333	True
XB2014-39-1A	EY9	CPO	1.0	1	1.0	HiC_scaffold6	36025296	False	C	T	0/0	29	60	29,0	0.0	True
XB2014-39-2A	EY9	CPO	1.0	1	1.0	HiC_scaffold6	36025296	False	C	T	0/0	24	57	24,0	0.0	True
XB2014-39-3A	EY9	CPO	1.0	1	1.0	HiC_scaffold6	36025296	False	C	T	0/0	18	45	18,0	0.0	True
XB2014-39-4A	EY9	CPO	1.0	1	1.0	HiC_scaffold6	36025296	False	C	T	0/0	6	18	6,0	0.0	False
XB2014-39-5A	EY9	CPO	1.0	1	1.0	HiC_scaffold6	36025296	False	C	T	0/0	20	48	20,0	0.0	True
XB2014-39-6A	EY9	CPO	1.0	1	1.0	HiC_scaffold6	36025296	False	C	T	0/0	6	3	6,0	0.0	False
XB2014-39-7A	EY9	CPO	1.0	1	1.0	HiC_scaffold6	36025296	False	C	T	0/0	19	30	19,0	0.0	True
XB2014-39-8A	EY9	CPO	1.0	1	1.0	HiC_scaffold6	36025296	False	C	T	0/0	11	10	11,0	0.0	False
XB2014-4-2A	MN4	CYU	0.0	0	1.0	HiC_scaffold6	36025296	False	C	T	0/1	32	99	6,26	0.8125	True
XB2014-4-3A	MN4	CYU	0.0	0	1.0	HiC_scaffold6	36025296	False	C	T	0/1	19	99	9,10	0.5263157894736842	True
XB2014-4-4A	MN4	CYU	0.0	0	1.0	HiC_scaffold6	36025296	False	C	T	0/1	52	99	18,34	0.6538461538461539	True
XB2014-4-5A	MN4	CYU	0.0	0	1.0	HiC_scaffold6	36025296	False	C	T	0/1	41	99	20,21	0.5121951219512195	True
XB2014-4-6A	MN4	CYU	0.0	0	1.0	HiC_scaffold6	36025296	False	C	T	0/1	63	99	28,35	0.5555555555555556	True
XB2014-4-7A	MN4	CYU	0.0	0	1.0	HiC_scaffold6	36025296	False	C	T	0/1	34	99	19,15	0.4411764705882353	True
XB2014-4-8A	YL9	CYU	0.0	0	1.0	HiC_scaffold6	36025296	False	C	T	0/1	34	99	11,23	0.6764705882352942	True
XB2014-4-9A	YL9	CYU	0.0	0	1.0	HiC_scaffold6	36025296	False	C	T	0/1	41	99	8,33	0.8048780487804879	True
XB2014-48-1A	MN4	CYU	0.0	0	1.0	HiC_scaffold6	36025296	False	C	T	0/1	35	99	12,23	0.6571428571428571	True
XB2014-48-2A	MN4	CYU	0.0	0	1.0	HiC_scaffold6	36025296	False	C	T	0/1	32	29	3,29	0.90625	True
XB2014-48-3A	YL9	CYU	0.0	0	1.0	HiC_scaffold6	36025296	False	C	T	0/1	16	19	2,14	0.875	False
XB2014-48-4A	YL9	CYU	0.0	0	1.0	HiC_scaffold6	36025296	False	C	T	0/1	45	99	29,16	0.35555555555555557	True
XB2014-48-5A	YL9	CYU	0.0	0	1.0	HiC_scaffold6	36025296	False	C	T	0/1	45	99	20,25	0.5555555555555556	True
XB2014-48-6A	YL9	CYU	0.0	0	1.0	HiC_scaffold6	36025296	False	C	T	0/1	22	99	10,12	0.5454545454545454	True
XB2014-48-7A	YL9	CYU	0.0	0	1.0	HiC_scaffold6	36025296	False	C	T	0/1	52	99	19,33	0.6346153846153846	True
XB2014-48-9A	YL9	CYU	0.0	0	1.0	HiC_scaffold6	36025296	False	C	T	0/1	38	99	9,29	0.7631578947368421	True
XB26-3B	SC37	CPO	1.0	1	1.0	HiC_scaffold6	36025296	False	C	T	0/0	5	12	5,0	0.0	False
XB26-4B	SC37	CPO	1.0	1	1.0	HiC_scaffold6	36025296	False	C	T	0/0	6	12	6,0	0.0	False
XB26-5B	SC37	CPO	1.0	1	1.0	HiC_scaffold6	36025296	False	C	T	0/0	5	9	5,0	0.0	False
XB26-7B	SC37	CPO	1.0	1	1.0	HiC_scaffold6	36025296	False	C	T	0/0	13	21	13,0	0.0	True
XuBo982-1A	XS40	CMA	1.0	1	0.0	HiC_scaffold6	36025296	False	C	T	0/0	33	78	33,0	0.0	True
XuBo982-2A	XS40	CMA	1.0	1	0.0	HiC_scaffold6	36025296	False	C	T	0/0	29	62	29,0	0.0	True
XuBo982-3A	XS40	CMA	1.0	1	0.0	HiC_scaffold6	36025296	False	C	T	0/0	36	99	36,0	0.0	True
XuBo982-4A	XS40	CMA	1.0	1	0.0	HiC_scaffold6	36025296	False	C	T	0/0	26	63	26,0	0.0	True
XuBo982-5A	XS40	CMA	1.0	1	0.0	HiC_scaffold6	36025296	False	C	T	0/0	41	99	41,0	0.0	True
XubBo-1037-1A	LN46	N	1.0	1	0.0	HiC_scaffold6	36025296	False	C	T	0/0	33	81	33,0	0.0	True
XubBo-1037-2A	TB43	CMA	NA	1	NA	HiC_scaffold6	36025296	False	C	T	0/0	32	84	32,0	0.0	True
XubBo-1037-3A	TB43	CMA	NA	1	NA	HiC_scaffold6	36025296	False	C	T	0/0	25	60	25,0	0.0	True
XubBo-1037-4A	TB43	CMA	NA	1	NA	HiC_scaffold6	36025296	False	C	T	0/0	28	73	28,0	0.0	True
XubBo-1037-5A	TB43	CMA	NA	1	NA	HiC_scaffold6	36025296	False	C	T	0/0	26	72	26,0	0.0	True
XubBo-1037-6A	TB43	CMA	NA	1	NA	HiC_scaffold6	36025296	False	C	T	0/0	25	72	25,0	0.0	True
XubBo-1037-7A	TB43	CMA	NA	1	NA	HiC_scaffold6	36025296	False	C	T	0/0	22	48	22,0	0.0	True
XubBo-1037-8A	TB43	CMA	NA	1	NA	HiC_scaffold6	36025296	False	C	T	0/0	24	69	24,0	0.0	True
XubBo1030-10A	LN46	N	1.0	1	0.0	HiC_scaffold6	36025296	False	C	T	0/0	28	75	28,0	0.0	True
XubBo1030-1A	LN46	N	1.0	1	0.0	HiC_scaffold6	36025296	False	C	T	0/0	29	72	29,0	0.0	True
XubBo1030-3A	LN46	N	1.0	1	0.0	HiC_scaffold6	36025296	False	C	T	0/0	24	72	24,0	0.0	True
XubBo1030-5A	LN46	N	1.0	1	0.0	HiC_scaffold6	36025296	False	C	T	0/0	20	54	20,0	0.0	True
XubBo1030-6A	LN46	N	1.0	1	0.0	HiC_scaffold6	36025296	False	C	T	0/0	41	99	41,0	0.0	True
XubBo1030-8A	LN46	N	1.0	1	0.0	HiC_scaffold6	36025296	False	C	T	0/0	34	99	34,0	0.0	True
XubBo1030-9A	LN46	N	1.0	1	0.0	HiC_scaffold6	36025296	False	C	T	0/0	24	72	24,0	0.0	True
XubBo1051-10A	WX48	CMA	1.0	1	0.0	HiC_scaffold6	36025296	False	C	T	0/0	56	99	56,0	0.0	True
XubBo1051-1A	WX48	CMA	1.0	1	0.0	HiC_scaffold6	36025296	False	C	T	0/0	25	69	25,0	0.0	True
XubBo1051-2A	WX48	CMA	1.0	1	0.0	HiC_scaffold6	36025296	False	C	T	0/0	29	81	29,0	0.0	True
XubBo1051-3A	WX48	CMA	1.0	1	0.0	HiC_scaffold6	36025296	False	C	T	0/0	43	87	43,0	0.0	True
XubBo1051-4A	WX48	CMA	1.0	1	0.0	HiC_scaffold6	36025296	False	C	T	0/0	27	72	27,0	0.0	True
XubBo1051-7A	WX48	CMA	1.0	1	0.0	HiC_scaffold6	36025296	False	C	T	0/0	57	99	57,0	0.0	True
XubBo1051-8A	WX48	CMA	1.0	1	0.0	HiC_scaffold6	36025296	False	C	T	0/0	39	99	39,0	0.0	True
XubBo1051-9A	WX48	CMA	1.0	1	0.0	HiC_scaffold6	36025296	False	C	T	0/0	22	63	22,0	0.0	True
Xubo01402-2A	YS26	CYU	1.0	1	1.0	HiC_scaffold6	36025296	False	C	T	0/0	32	84	32,0	0.0	True
Xubo01402-3A	YS26	CYU	1.0	1	1.0	HiC_scaffold6	36025296	False	C	T	0/0	28	60	28,0	0.0	True
Xubo01402-4A	YS26	CYU	1.0	1	1.0	HiC_scaffold6	36025296	False	C	T	0/0	47	61	47,0	0.0	True
Xubo01402-5A	YS26	CYU	1.0	1	1.0	HiC_scaffold6	36025296	False	C	T	0/0	71	99	71,0	0.0	True
Xubo01402-6A	YS26	CYU	1.0	1	1.0	HiC_scaffold6	36025296	False	C	T	0/0	51	99	51,0	0.0	True
Xubo01402-7A	YS26	CYU	1.0	1	1.0	HiC_scaffold6	36025296	False	C	T	0/0	36	90	36,0	0.0	True
Xubo01402-8A	YS26	CYU	1.0	1	1.0	HiC_scaffold6	36025296	False	C	T	0/0	36	90	36,0	0.0	True
Xubo01402-9A	YS26	CYU	1.0	1	1.0	HiC_scaffold6	36025296	False	C	T	0/0	24	57	24,0	0.0	True
YLZB4703-2A	SM3	CYU	0.0	0	1.0	HiC_scaffold6	36025296	False	C	T	0/1	47	99	9,38	0.8085106382978723	True
YLZB4703-3A	SM3	CYU	0.0	0	1.0	HiC_scaffold6	36025296	False	C	T	0/1	39	99	9,30	0.7692307692307693	True
YLZB4703-5A	SM3	CYU	0.0	0	1.0	HiC_scaffold6	36025296	False	C	T	0/1	29	64	5,24	0.8275862068965517	True
YLZB4703-7A	SM3	CYU	0.0	0	1.0	HiC_scaffold6	36025296	False	C	T	0/1	53	99	13,40	0.7547169811320755	True
YLZB4703-9A	SM3	CYU	0.0	0	1.0	HiC_scaffold6	36025296	False	C	T	0/1	43	90	6,37	0.8604651162790697	True
YLZB4715-10A	MY1	CYU	0.0	0	1.0	HiC_scaffold6	36025296	False	C	T	0/1	38	99	14,24	0.631578947368421	True
YLZB4715-1A	MY1	CYU	0.0	0	1.0	HiC_scaffold6	36025296	False	C	T	0/1	31	99	15,16	0.5161290322580645	True
YLZB4715-2A	MY1	CYU	0.0	0	1.0	HiC_scaffold6	36025296	False	C	T	0/1	43	99	22,21	0.4883720930232558	True
YLZB4715-5A	MY1	CYU	0.0	0	1.0	HiC_scaffold6	36025296	False	C	T	0/1	35	99	23,12	0.34285714285714286	True
YLZB4715-6A	MY1	CYU	0.0	0	1.0	HiC_scaffold6	36025296	False	C	T	0/1	37	99	10,27	0.7297297297297297	True
YLZB4715-7A	MY1	CYU	0.0	0	1.0	HiC_scaffold6	36025296	False	C	T	0/1	43	99	19,24	0.5581395348837209	True
YLZB4715-8A	MY1	CYU	0.0	0	1.0	HiC_scaffold6	36025296	False	C	T	0/1	60	99	26,34	0.5666666666666667	True
YLZB4715-9A	MY1	CYU	0.0	0	1.0	HiC_scaffold6	36025296	False	C	T	0/1	45	99	8,37	0.8222222222222222	True
YLZB4735-10A	YSXC51	CPO	1.0	1	1.0	HiC_scaffold6	36025296	False	C	T	0/0	5	0	5,0	0.0	False
YLZB4735-1A	YSXC51	CPO	1.0	1	1.0	HiC_scaffold6	36025296	False	C	T	0/0	2	6	2,0	0.0	False
YLZB4735-2A	YSXC51	CPO	1.0	1	1.0	HiC_scaffold6	36025296	False	C	T	0/0	11	27	11,0	0.0	True
YLZB4735-3A	YSXC51	CPO	1.0	1	1.0	HiC_scaffold6	36025296	False	C	T	0/0	7	0	7,0	0.0	False
YLZB4735-5A	YSXC51	CPO	1.0	1	1.0	HiC_scaffold6	36025296	False	C	T	0/0	3	9	3,0	0.0	False
YLZB4735-6A	YSXC51	CPO	1.0	1	1.0	HiC_scaffold6	36025296	False	C	T	0/0	18	42	18,0	0.0	True
YLZB4735-8A	YSXC51	CPO	1.0	1	1.0	HiC_scaffold6	36025296	False	C	T	0/0	5	12	5,0	0.0	False
YLZB4735-9A	YSXC51	CPO	1.0	1	1.0	HiC_scaffold6	36025296	False	C	T	0/0	8	18	8,0	0.0	False
YLZB4816-11A	ASCD52	CPO	1.0	1	1.0	HiC_scaffold6	36025296	False	C	T	0/0	15	36	15,0	0.0	True
YLZB4816-3A	ASCD52	CPO	1.0	1	1.0	HiC_scaffold6	36025296	False	C	T	0/0	12	27	12,0	0.0	True
YLZB4816-4A	ASCD52	CPO	1.0	1	1.0	HiC_scaffold6	36025296	False	C	T	0/0	12	30	12,0	0.0	True
YLZB4816-6A	ASCD52	CPO	1.0	1	1.0	HiC_scaffold6	36025296	False	C	T	0/0	16	33	16,0	0.0	True
YLZB4816-7A	ASCD52	CPO	1.0	1	1.0	HiC_scaffold6	36025296	False	C	T	0/0	19	48	19,0	0.0	True
YLZB4816-8A	ASCD52	CPO	1.0	1	1.0	HiC_scaffold6	36025296	False	C	T	0/0	6	12	6,0	0.0	False
YLZB4816-9A	ASCD52	CPO	1.0	1	1.0	HiC_scaffold6	36025296	False	C	T	0/0	16	36	16,0	0.0	True
ZXL277-1A	YY12	CMA	1.0	1	0.0	HiC_scaffold6	36025296	False	C	T	0/0	34	78	34,0	0.0	True
ZXL277-2A	YY12	CMA	1.0	1	0.0	HiC_scaffold6	36025296	False	C	T	0/0	37	93	37,0	0.0	True
ZXL277-3A	YY12	CMA	1.0	1	0.0	HiC_scaffold6	36025296	False	C	T	0/0	21	54	21,0	0.0	True
ZXL277-4A	YY12	CMA	1.0	1	0.0	HiC_scaffold6	36025296	False	C	T	0/0	37	93	37,0	0.0	True
ZXL277-5A	YY12	CMA	1.0	1	0.0	HiC_scaffold6	36025296	False	C	T	0/0	27	0	27,0	0.0	False
ZXL277-6A	YY12	CMA	1.0	1	0.0	HiC_scaffold6	36025296	False	C	T	0/0	19	51	19,0	0.0	True
ZXL277-7A	YY12	CMA	1.0	1	0.0	HiC_scaffold6	36025296	False	C	T	0/0	33	78	33,0	0.0	True
ZXL277-8A	YY12	CMA	1.0	1	0.0	HiC_scaffold6	36025296	False	C	T	0/0	34	90	34,0	0.0	True
ZXL79-1A	CZ25	CMA	1.0	1	0.0	HiC_scaffold6	36025296	False	C	T	0/0	26	69	26,0	0.0	True
ZXL79-2A	CZ25	CMA	1.0	1	0.0	HiC_scaffold6	36025296	False	C	T	0/0	22	57	22,0	0.0	True
ZXL79-3A	CZ25	CMA	1.0	1	0.0	HiC_scaffold6	36025296	False	C	T	0/0	26	66	26,0	0.0	True
ZXL79-4A	CZ25	CMA	1.0	1	0.0	HiC_scaffold6	36025296	False	C	T	0/0	24	29	24,0	0.0	True
ZXL79-5A	CZ25	CMA	1.0	1	0.0	HiC_scaffold6	36025296	False	C	T	0/0	25	66	25,0	0.0	True
ZXL79-6A	CZ25	CMA	1.0	1	0.0	HiC_scaffold6	36025296	False	C	T	0/0	20	57	20,0	0.0	True
ZXL79-7A	CZ25	CMA	1.0	1	0.0	HiC_scaffold6	36025296	False	C	T	0/0	41	99	41,0	0.0	True
xubo266-2A	XY36	CMA	1.0	1	0.0	HiC_scaffold6	36025296	False	C	T	0/0	43	99	43,0	0.0	True
xubo266-3A	XY36	CMA	1.0	1	0.0	HiC_scaffold6	36025296	False	C	T	0/0	33	90	33,0	0.0	True
xubo266-4A	XY36	CMA	1.0	1	0.0	HiC_scaffold6	36025296	False	C	T	0/0	33	86	33,0	0.0	True
xubo266-5A	XY36	CMA	1.0	1	0.0	HiC_scaffold6	36025296	False	C	T	0/0	31	84	31,0	0.0	True
xubo266-6A	XY36	CMA	1.0	1	0.0	HiC_scaffold6	36025296	False	C	T	0/0	25	72	25,0	0.0	True
xubo266-8A	XY36	CMA	1.0	1	0.0	HiC_scaffold6	36025296	False	C	T	0/0	30	75	30,0	0.0	True
xubo266-9A	XY36	CMA	1.0	1	0.0	HiC_scaffold6	36025296	False	C	T	0/0	20	60	20,0	0.0	True
zhuzm1009-10A	KM42	CPO	1.0	1	1.0	HiC_scaffold6	36025296	False	C	T	./.	0	0	0,0	NA	False
zhuzm1009-2A	KM42	CPO	1.0	1	1.0	HiC_scaffold6	36025296	False	C	T	./.	0	0	0,0	NA	False
zhuzm1009-3A	KM42	CPO	1.0	1	1.0	HiC_scaffold6	36025296	False	C	T	0/0	13	0	13,0	0.0	False
zhuzm1009-6A	KM42	CPO	1.0	1	1.0	HiC_scaffold6	36025296	False	C	T	0/0	2	3	2,0	0.0	False
zhuzm1009-7A	KM42	CPO	1.0	1	1.0	HiC_scaffold6	36025296	False	C	T	0/0	5	12	5,0	0.0	False
zhuzm1009-8A	KM42	CPO	1.0	1	1.0	HiC_scaffold6	36025296	False	C	T	0/0	18	39	18,0	0.0	True
2014-128-1A	ML50	CPO	1.0	1	1.0	HiC_scaffold6	36044425	False	G	T	0/0	6	15	6,0	0.0	False
2014-128-2A	ML50	CPO	1.0	1	1.0	HiC_scaffold6	36044425	False	G	T	0/0	2	6	2,0	0.0	False
2014-128-3A	ML50	CPO	1.0	1	1.0	HiC_scaffold6	36044425	False	G	T	0/0	4	12	4,0	0.0	False
2014-128-4A	ML50	CPO	1.0	1	1.0	HiC_scaffold6	36044425	False	G	T	0/0	2	6	2,0	0.0	False
2014-128-5A	ML50	CPO	1.0	1	1.0	HiC_scaffold6	36044425	False	G	T	0/0	6	18	6,0	0.0	False
2014-132-2A	ML5	N	1.0	1	1.0	HiC_scaffold6	36044425	False	G	T	0/0	5	0	5,0	0.0	False
2014-132-3A	ML5	N	1.0	1	1.0	HiC_scaffold6	36044425	False	G	T	0/0	2	6	2,0	0.0	False
2014-132-4A	ML5	N	1.0	1	1.0	HiC_scaffold6	36044425	False	G	T	0/0	6	18	6,0	0.0	False
2014-132-5A	ML5	N	1.0	1	1.0	HiC_scaffold6	36044425	False	G	T	0/0	4	12	4,0	0.0	False
2014-132-6A	ML5	N	1.0	1	1.0	HiC_scaffold6	36044425	False	G	T	0/0	3	9	3,0	0.0	False
2014-132-7A	ML5	N	1.0	1	1.0	HiC_scaffold6	36044425	False	G	T	0/0	4	12	4,0	0.0	False
2014-132-8A	ML5	N	1.0	1	1.0	HiC_scaffold6	36044425	False	G	T	0/0	1	3	1,0	0.0	False
2014-132-9A	ML5	N	1.0	1	1.0	HiC_scaffold6	36044425	False	G	T	0/0	4	12	4,0	0.0	False
2014-3-10A	MN34	CPO	1.0	1	1.0	HiC_scaffold6	36044425	False	G	T	0/0	2	6	2,0	0.0	False
2014-3-3A	MN34	CPO	1.0	1	1.0	HiC_scaffold6	36044425	False	G	T	0/0	2	6	2,0	0.0	False
2014-3-4A	MN34	CPO	1.0	1	1.0	HiC_scaffold6	36044425	False	G	T	0/0	3	9	3,0	0.0	False
2014-3-5A	MN34	CPO	1.0	1	1.0	HiC_scaffold6	36044425	False	G	T	0/0	8	24	8,0	0.0	False
2014-3-6A	MN34	CPO	1.0	1	1.0	HiC_scaffold6	36044425	False	G	T	0/0	2	6	2,0	0.0	False
2014-3-7A	MN34	CPO	1.0	1	1.0	HiC_scaffold6	36044425	False	G	T	0/0	4	9	4,0	0.0	False
2014-3-8A	MN34	CPO	1.0	1	1.0	HiC_scaffold6	36044425	False	G	T	0/0	1	3	1,0	0.0	False
2014-3-9A	MN34	CPO	1.0	1	1.0	HiC_scaffold6	36044425	False	G	T	0/0	3	0	3,0	0.0	False
2014-66-1A	YL49	CPO	1.0	1	1.0	HiC_scaffold6	36044425	False	G	T	0/0	3	9	3,0	0.0	False
2014-66-2A	YL49	CPO	1.0	1	1.0	HiC_scaffold6	36044425	False	G	T	0/0	5	15	5,0	0.0	False
2014-66-3A	YL49	CPO	1.0	1	1.0	HiC_scaffold6	36044425	False	G	T	0/0	6	18	6,0	0.0	False
2014-66-4A	YL49	CPO	1.0	1	1.0	HiC_scaffold6	36044425	False	G	T	0/0	3	9	3,0	0.0	False
2014-66-5A	YL49	CPO	1.0	1	1.0	HiC_scaffold6	36044425	False	G	T	0/0	3	9	3,0	0.0	False
2014-66-6A	YL49	CPO	1.0	1	1.0	HiC_scaffold6	36044425	False	G	T	./.	0	0	0,0	NA	False
2014-66-7A	YL49	CPO	1.0	1	1.0	HiC_scaffold6	36044425	False	G	T	0/0	1	3	1,0	0.0	False
2014-66-8A	YL49	CPO	1.0	1	1.0	HiC_scaffold6	36044425	False	G	T	0/0	2	6	2,0	0.0	False
DP1709141A	DQS11	CMA	1.0	1	0.0	HiC_scaffold6	36044425	False	G	T	0/0	22	60	22,0	0.0	True
DP1709144A	DQS11	CMA	1.0	1	0.0	HiC_scaffold6	36044425	False	G	T	0/0	27	72	27,0	0.0	True
DP1709148A	DQS11	CMA	1.0	1	0.0	HiC_scaffold6	36044425	False	G	T	0/0	28	75	28,0	0.0	True
Gln2014-15-10A	LD30	CYU	0.0	0	1.0	HiC_scaffold6	36044425	False	G	T	0/1	21	99	7,14	0.6666666666666666	True
Gln2014-15-1A	LD30	CYU	0.0	0	1.0	HiC_scaffold6	36044425	False	G	T	0/1	25	99	14,11	0.44	True
Gln2014-15-3A	LD30	CYU	0.0	0	1.0	HiC_scaffold6	36044425	False	G	T	0/1	14	99	8,6	0.42857142857142855	True
Gln2014-15-4A	LD30	CYU	0.0	0	1.0	HiC_scaffold6	36044425	False	G	T	0/1	26	99	13,13	0.5	True
Gln2014-15-5A	LD30	CYU	0.0	0	1.0	HiC_scaffold6	36044425	False	G	T	0/0	25	72	25,0	0.0	True
Gln2014-15-6A	LD30	CYU	0.0	0	1.0	HiC_scaffold6	36044425	False	G	T	0/1	20	99	12,8	0.4	True
Gln2014-15-7A	LD30	CYU	0.0	0	1.0	HiC_scaffold6	36044425	False	G	T	0/0	13	33	13,0	0.0	True
Gln2014-15-8A	LD30	CYU	0.0	0	1.0	HiC_scaffold6	36044425	False	G	T	0/1	19	99	13,6	0.3157894736842105	True
Gln2014-8-1A	LD06	CPO	1.0	1	1.0	HiC_scaffold6	36044425	False	G	T	0/0	2	6	2,0	0.0	False
Gln2014-8-2A	LD06	CPO	1.0	1	1.0	HiC_scaffold6	36044425	False	G	T	0/0	4	12	4,0	0.0	False
Gln2014-8-4A	LD06	CPO	1.0	1	1.0	HiC_scaffold6	36044425	False	G	T	./.	2	0	2,0	0.0	False
Gln2014-8-5A	LD06	CPO	1.0	1	1.0	HiC_scaffold6	36044425	False	G	T	0/0	1	3	1,0	0.0	False
Gln2014-8-6A	LD06	CPO	1.0	1	1.0	HiC_scaffold6	36044425	False	G	T	0/0	11	30	11,0	0.0	True
Gln2014-8-7A	LD06	CPO	1.0	1	1.0	HiC_scaffold6	36044425	False	G	T	0/0	1	3	1,0	0.0	False
Gln2014-8-8A	LD06	CPO	1.0	1	1.0	HiC_scaffold6	36044425	False	G	T	0/0	4	9	4,0	0.0	False
JLS-BM001-1A	BM31	N	NA	1	NA	HiC_scaffold6	36044425	False	G	T	0/0	34	99	34,0	0.0	True
JLS-BM001-2A	BM31	N	NA	1	NA	HiC_scaffold6	36044425	False	G	T	0/0	26	72	26,0	0.0	True
JLS-BM001-3A	BM31	N	NA	1	NA	HiC_scaffold6	36044425	False	G	T	0/0	27	75	27,0	0.0	True
JLS-BM001-4A	BM31	N	NA	1	NA	HiC_scaffold6	36044425	False	G	T	0/0	26	72	26,0	0.0	True
JLS-BM001-5A	BM31	N	NA	1	NA	HiC_scaffold6	36044425	False	G	T	0/0	27	59	27,0	0.0	True
JLS-BM001-6A	BM31	N	NA	1	NA	HiC_scaffold6	36044425	False	G	T	0/0	24	72	24,0	0.0	True
JLS-BM001-7A	BM31	N	NA	1	NA	HiC_scaffold6	36044425	False	G	T	0/0	20	60	20,0	0.0	True
JLS-BM001-8A	BM31	N	NA	1	NA	HiC_scaffold6	36044425	False	G	T	0/0	35	90	35,0	0.0	True
JLS-CY022-10A	CY32	CPO	1.0	1	1.0	HiC_scaffold6	36044425	False	G	T	0/0	1	3	1,0	0.0	False
JLS-CY022-11A	CY32	CPO	1.0	1	1.0	HiC_scaffold6	36044425	False	G	T	./.	0	0	0,0	NA	False
JLS-CY022-4A	CY32	CPO	1.0	1	1.0	HiC_scaffold6	36044425	False	G	T	0/0	2	6	2,0	0.0	False
JLS-CY022-5A	CY32	CPO	1.0	1	1.0	HiC_scaffold6	36044425	False	G	T	0/0	2	6	2,0	0.0	False
JLS-CY022-6A	CY32	CPO	1.0	1	1.0	HiC_scaffold6	36044425	False	G	T	0/0	1	3	1,0	0.0	False
JLS-CY022-7A	CY32	CPO	1.0	1	1.0	HiC_scaffold6	36044425	False	G	T	./.	0	0	0,0	NA	False
Sha-WS-1A	WS14	CMA	1.0	1	0.0	HiC_scaffold6	36044425	False	G	T	0/0	25	72	25,0	0.0	True
Sha-WS-2A	WS14	CMA	1.0	1	0.0	HiC_scaffold6	36044425	False	G	T	0/0	33	99	33,0	0.0	True
Sha-WS-3A	WS14	CMA	1.0	1	0.0	HiC_scaffold6	36044425	False	G	T	0/0	31	75	31,0	0.0	True
Sha-WS-4A	WS14	CMA	1.0	1	0.0	HiC_scaffold6	36044425	False	G	T	0/0	32	90	32,0	0.0	True
Sha-WS-5A	WS14	CMA	1.0	1	0.0	HiC_scaffold6	36044425	False	G	T	0/0	35	62	35,0	0.0	True
Sha-WS-6A	WS14	CMA	1.0	1	0.0	HiC_scaffold6	36044425	False	G	T	0/0	25	72	25,0	0.0	True
Sha-WS-7A	WS14	CMA	1.0	1	0.0	HiC_scaffold6	36044425	False	G	T	0/0	25	72	25,0	0.0	True
Sha-WS-8A	WS14	CMA	1.0	1	0.0	HiC_scaffold6	36044425	False	G	T	0/0	18	54	18,0	0.0	True
THP-SET_1917-1A	MK27	CPO	1.0	1	1.0	HiC_scaffold6	36044425	False	G	T	0/0	3	9	3,0	0.0	False
THP-SET_1917-2A	MK27	CPO	1.0	1	1.0	HiC_scaffold6	36044425	False	G	T	0/0	4	12	4,0	0.0	False
THP-SET_1917-3A	MK27	CPO	1.0	1	1.0	HiC_scaffold6	36044425	False	G	T	0/0	3	9	3,0	0.0	False
THP-SET_1917-4A	MK27	CPO	1.0	1	1.0	HiC_scaffold6	36044425	False	G	T	0/0	4	0	4,0	0.0	False
THP-SET_1917-5A	MK27	CPO	1.0	1	1.0	HiC_scaffold6	36044425	False	G	T	0/0	2	6	2,0	0.0	False
THP-SET_1917-6A	MK27	CPO	1.0	1	1.0	HiC_scaffold6	36044425	False	G	T	0/0	1	3	1,0	0.0	False
THP-SET_1917-7A	MK27	CPO	1.0	1	1.0	HiC_scaffold6	36044425	False	G	T	0/0	2	6	2,0	0.0	False
THP-SET_1917-8A	MK27	CPO	1.0	1	1.0	HiC_scaffold6	36044425	False	G	T	./.	0	0	0,0	NA	False
XB2014-144-2A	SM35	CYU	1.0	1	1.0	HiC_scaffold6	36044425	False	G	T	0/0	23	63	23,0	0.0	True
XB2014-144-3A	SM35	CYU	1.0	1	1.0	HiC_scaffold6	36044425	False	G	T	0/0	22	63	22,0	0.0	True
XB2014-144-4A	SM35	CYU	1.0	1	1.0	HiC_scaffold6	36044425	False	G	T	0/0	29	81	29,0	0.0	True
XB2014-144-5A	SM35	CYU	1.0	1	1.0	HiC_scaffold6	36044425	False	G	T	0/0	23	60	23,0	0.0	True
XB2014-144-6A	SM35	CYU	1.0	1	1.0	HiC_scaffold6	36044425	False	G	T	0/0	21	60	21,0	0.0	True
XB2014-144-7A	SM35	CYU	1.0	1	1.0	HiC_scaffold6	36044425	False	G	T	0/0	35	99	35,0	0.0	True
XB2014-144-8A	SM35	CYU	1.0	1	1.0	HiC_scaffold6	36044425	False	G	T	0/0	34	90	34,0	0.0	True
XB2014-144-9A	SM35	CYU	1.0	1	1.0	HiC_scaffold6	36044425	False	G	T	0/0	25	72	25,0	0.0	True
XB2014-38-2A	EY8	CYU	0.0	1	1.0	HiC_scaffold6	36044425	False	G	T	0/1	16	42	2,14	0.875	True
XB2014-38-3A	EY8	CYU	0.0	1	1.0	HiC_scaffold6	36044425	False	G	T	0/1	14	48	2,12	0.8571428571428571	True
XB2014-38-4A	EY8	CYU	0.0	1	1.0	HiC_scaffold6	36044425	False	G	T	0/0	3	9	3,0	0.0	False
XB2014-38-5A	EY8	CYU	0.0	1	1.0	HiC_scaffold6	36044425	False	G	T	0/0	2	6	2,0	0.0	False
XB2014-38-6A	EY9	CPO	0.0	1	1.0	HiC_scaffold6	36044425	False	G	T	0/1	9	99	3,6	0.6666666666666666	False
XB2014-39-1A	EY9	CPO	1.0	1	1.0	HiC_scaffold6	36044425	False	G	T	0/0	2	6	2,0	0.0	False
XB2014-39-2A	EY9	CPO	1.0	1	1.0	HiC_scaffold6	36044425	False	G	T	0/0	4	12	4,0	0.0	False
XB2014-39-3A	EY9	CPO	1.0	1	1.0	HiC_scaffold6	36044425	False	G	T	0/0	3	9	3,0	0.0	False
XB2014-39-4A	EY9	CPO	1.0	1	1.0	HiC_scaffold6	36044425	False	G	T	./.	0	0	0,0	NA	False
XB2014-39-5A	EY9	CPO	1.0	1	1.0	HiC_scaffold6	36044425	False	G	T	0/0	2	6	2,0	0.0	False
XB2014-39-6A	EY9	CPO	1.0	1	1.0	HiC_scaffold6	36044425	False	G	T	0/0	2	6	2,0	0.0	False
XB2014-39-7A	EY9	CPO	1.0	1	1.0	HiC_scaffold6	36044425	False	G	T	0/0	3	9	3,0	0.0	False
XB2014-39-8A	EY9	CPO	1.0	1	1.0	HiC_scaffold6	36044425	False	G	T	0/0	2	6	2,0	0.0	False
XB2014-4-2A	MN4	CYU	0.0	0	1.0	HiC_scaffold6	36044425	False	G	T	1/1	18	54	0,18	1.0	True
XB2014-4-3A	MN4	CYU	0.0	0	1.0	HiC_scaffold6	36044425	False	G	T	1/1	6	18	0,6	1.0	False
XB2014-4-4A	MN4	CYU	0.0	0	1.0	HiC_scaffold6	36044425	False	G	T	0/1	20	30	2,18	0.9	True
XB2014-4-5A	MN4	CYU	0.0	0	1.0	HiC_scaffold6	36044425	False	G	T	0/1	30	90	4,26	0.8666666666666667	True
XB2014-4-6A	MN4	CYU	0.0	0	1.0	HiC_scaffold6	36044425	False	G	T	0/1	29	99	6,23	0.7931034482758621	True
XB2014-4-7A	MN4	CYU	0.0	0	1.0	HiC_scaffold6	36044425	False	G	T	0/1	16	99	4,12	0.75	True
XB2014-4-8A	YL9	CYU	0.0	0	1.0	HiC_scaffold6	36044425	False	G	T	1/1	26	33	1,25	0.9615384615384616	True
XB2014-4-9A	YL9	CYU	0.0	0	1.0	HiC_scaffold6	36044425	False	G	T	1/1	27	36	1,26	0.9629629629629629	True
XB2014-48-1A	MN4	CYU	0.0	0	1.0	HiC_scaffold6	36044425	False	G	T	0/1	32	84	4,28	0.875	True
XB2014-48-2A	MN4	CYU	0.0	0	1.0	HiC_scaffold6	36044425	False	G	T	0/1	35	99	9,26	0.7428571428571429	True
XB2014-48-3A	YL9	CYU	0.0	0	1.0	HiC_scaffold6	36044425	False	G	T	0/1	17	99	9,8	0.47058823529411764	True
XB2014-48-4A	YL9	CYU	0.0	0	1.0	HiC_scaffold6	36044425	False	G	T	0/1	21	99	13,8	0.38095238095238093	True
XB2014-48-5A	YL9	CYU	0.0	0	1.0	HiC_scaffold6	36044425	False	G	T	0/1	27	99	5,22	0.8148148148148148	True
XB2014-48-6A	YL9	CYU	0.0	0	1.0	HiC_scaffold6	36044425	False	G	T	0/1	18	99	5,13	0.7222222222222222	True
XB2014-48-7A	YL9	CYU	0.0	0	1.0	HiC_scaffold6	36044425	False	G	T	1/1	28	84	0,28	1.0	True
XB2014-48-9A	YL9	CYU	0.0	0	1.0	HiC_scaffold6	36044425	False	G	T	0/1	22	99	4,18	0.8181818181818182	True
XB26-3B	SC37	CPO	1.0	1	1.0	HiC_scaffold6	36044425	False	G	T	0/0	4	12	4,0	0.0	False
XB26-4B	SC37	CPO	1.0	1	1.0	HiC_scaffold6	36044425	False	G	T	0/0	10	30	10,0	0.0	True
XB26-5B	SC37	CPO	1.0	1	1.0	HiC_scaffold6	36044425	False	G	T	0/0	19	54	19,0	0.0	True
XB26-7B	SC37	CPO	1.0	1	1.0	HiC_scaffold6	36044425	False	G	T	0/0	8	24	8,0	0.0	False
XuBo982-1A	XS40	CMA	1.0	1	0.0	HiC_scaffold6	36044425	False	G	T	0/0	34	99	34,0	0.0	True
XuBo982-2A	XS40	CMA	1.0	1	0.0	HiC_scaffold6	36044425	False	G	T	0/0	28	81	28,0	0.0	True
XuBo982-3A	XS40	CMA	1.0	1	0.0	HiC_scaffold6	36044425	False	G	T	0/0	38	99	38,0	0.0	True
XuBo982-4A	XS40	CMA	1.0	1	0.0	HiC_scaffold6	36044425	False	G	T	0/0	29	50	29,0	0.0	True
XuBo982-5A	XS40	CMA	1.0	1	0.0	HiC_scaffold6	36044425	False	G	T	0/0	29	81	29,0	0.0	True
XubBo-1037-1A	LN46	N	1.0	1	0.0	HiC_scaffold6	36044425	False	G	T	0/0	3	9	3,0	0.0	False
XubBo-1037-2A	TB43	CMA	NA	1	NA	HiC_scaffold6	36044425	False	G	T	0/0	6	0	6,0	0.0	False
XubBo-1037-3A	TB43	CMA	NA	1	NA	HiC_scaffold6	36044425	False	G	T	0/0	1	3	1,0	0.0	False
XubBo-1037-4A	TB43	CMA	NA	1	NA	HiC_scaffold6	36044425	False	G	T	0/0	1	3	1,0	0.0	False
XubBo-1037-5A	TB43	CMA	NA	1	NA	HiC_scaffold6	36044425	False	G	T	./.	5	0	5,0	0.0	False
XubBo-1037-6A	TB43	CMA	NA	1	NA	HiC_scaffold6	36044425	False	G	T	./.	0	0	0,0	NA	False
XubBo-1037-7A	TB43	CMA	NA	1	NA	HiC_scaffold6	36044425	False	G	T	0/0	1	3	1,0	0.0	False
XubBo-1037-8A	TB43	CMA	NA	1	NA	HiC_scaffold6	36044425	False	G	T	./.	0	0	0,0	NA	False
XubBo1030-10A	LN46	N	1.0	1	0.0	HiC_scaffold6	36044425	False	G	T	0/0	34	89	34,0	0.0	True
XubBo1030-1A	LN46	N	1.0	1	0.0	HiC_scaffold6	36044425	False	G	T	0/0	27	38	27,0	0.0	True
XubBo1030-3A	LN46	N	1.0	1	0.0	HiC_scaffold6	36044425	False	G	T	0/0	40	97	40,0	0.0	True
XubBo1030-5A	LN46	N	1.0	1	0.0	HiC_scaffold6	36044425	False	G	T	0/0	18	54	18,0	0.0	True
XubBo1030-6A	LN46	N	1.0	1	0.0	HiC_scaffold6	36044425	False	G	T	0/0	33	99	33,0	0.0	True
XubBo1030-8A	LN46	N	1.0	1	0.0	HiC_scaffold6	36044425	False	G	T	0/0	21	63	21,0	0.0	True
XubBo1030-9A	LN46	N	1.0	1	0.0	HiC_scaffold6	36044425	False	G	T	0/0	28	84	28,0	0.0	True
XubBo1051-10A	WX48	CMA	1.0	1	0.0	HiC_scaffold6	36044425	False	G	T	0/0	22	60	22,0	0.0	True
XubBo1051-1A	WX48	CMA	1.0	1	0.0	HiC_scaffold6	36044425	False	G	T	0/0	26	51	26,0	0.0	True
XubBo1051-2A	WX48	CMA	1.0	1	0.0	HiC_scaffold6	36044425	False	G	T	0/0	36	96	36,0	0.0	True
XubBo1051-3A	WX48	CMA	1.0	1	0.0	HiC_scaffold6	36044425	False	G	T	0/0	23	63	23,0	0.0	True
XubBo1051-4A	WX48	CMA	1.0	1	0.0	HiC_scaffold6	36044425	False	G	T	0/0	24	58	24,0	0.0	True
XubBo1051-7A	WX48	CMA	1.0	1	0.0	HiC_scaffold6	36044425	False	G	T	0/0	20	60	20,0	0.0	True
XubBo1051-8A	WX48	CMA	1.0	1	0.0	HiC_scaffold6	36044425	False	G	T	0/0	33	57	33,0	0.0	True
XubBo1051-9A	WX48	CMA	1.0	1	0.0	HiC_scaffold6	36044425	False	G	T	0/0	13	36	13,0	0.0	True
Xubo01402-2A	YS26	CYU	1.0	1	1.0	HiC_scaffold6	36044425	False	G	T	0/0	3	9	3,0	0.0	False
Xubo01402-3A	YS26	CYU	1.0	1	1.0	HiC_scaffold6	36044425	False	G	T	0/0	4	12	4,0	0.0	False
Xubo01402-4A	YS26	CYU	1.0	1	1.0	HiC_scaffold6	36044425	False	G	T	0/0	3	9	3,0	0.0	False
Xubo01402-5A	YS26	CYU	1.0	1	1.0	HiC_scaffold6	36044425	False	G	T	0/0	2	6	2,0	0.0	False
Xubo01402-6A	YS26	CYU	1.0	1	1.0	HiC_scaffold6	36044425	False	G	T	0/0	7	18	7,0	0.0	False
Xubo01402-7A	YS26	CYU	1.0	1	1.0	HiC_scaffold6	36044425	False	G	T	./.	2	0	2,0	0.0	False
Xubo01402-8A	YS26	CYU	1.0	1	1.0	HiC_scaffold6	36044425	False	G	T	0/0	5	12	5,0	0.0	False
Xubo01402-9A	YS26	CYU	1.0	1	1.0	HiC_scaffold6	36044425	False	G	T	0/0	6	15	6,0	0.0	False
YLZB4703-2A	SM3	CYU	0.0	0	1.0	HiC_scaffold6	36044425	False	G	T	0/0	26	70	26,0	0.0	True
YLZB4703-3A	SM3	CYU	0.0	0	1.0	HiC_scaffold6	36044425	False	G	T	0/0	18	48	18,0	0.0	True
YLZB4703-5A	SM3	CYU	0.0	0	1.0	HiC_scaffold6	36044425	False	G	T	0/1	19	99	12,7	0.3684210526315789	True
YLZB4703-7A	SM3	CYU	0.0	0	1.0	HiC_scaffold6	36044425	False	G	T	0/0	33	81	33,0	0.0	True
YLZB4703-9A	SM3	CYU	0.0	0	1.0	HiC_scaffold6	36044425	False	G	T	0/1	26	99	15,11	0.4230769230769231	True
YLZB4715-10A	MY1	CYU	0.0	0	1.0	HiC_scaffold6	36044425	False	G	T	1/1	19	57	0,19	1.0	True
YLZB4715-1A	MY1	CYU	0.0	0	1.0	HiC_scaffold6	36044425	False	G	T	1/1	16	48	0,16	1.0	True
YLZB4715-2A	MY1	CYU	0.0	0	1.0	HiC_scaffold6	36044425	False	G	T	1/1	18	9	1,17	0.9444444444444444	False
YLZB4715-5A	MY1	CYU	0.0	0	1.0	HiC_scaffold6	36044425	False	G	T	1/1	23	24	1,22	0.9565217391304348	True
YLZB4715-6A	MY1	CYU	0.0	0	1.0	HiC_scaffold6	36044425	False	G	T	0/1	16	99	4,12	0.75	True
YLZB4715-7A	MY1	CYU	0.0	0	1.0	HiC_scaffold6	36044425	False	G	T	1/1	16	48	0,16	1.0	True
YLZB4715-8A	MY1	CYU	0.0	0	1.0	HiC_scaffold6	36044425	False	G	T	1/1	38	99	0,38	1.0	True
YLZB4715-9A	MY1	CYU	0.0	0	1.0	HiC_scaffold6	36044425	False	G	T	0/1	29	3	2,27	0.9310344827586207	False
YLZB4735-10A	YSXC51	CPO	1.0	1	1.0	HiC_scaffold6	36044425	False	G	T	0/0	5	15	5,0	0.0	False
YLZB4735-1A	YSXC51	CPO	1.0	1	1.0	HiC_scaffold6	36044425	False	G	T	./.	0	0	0,0	NA	False
YLZB4735-2A	YSXC51	CPO	1.0	1	1.0	HiC_scaffold6	36044425	False	G	T	0/0	1	3	1,0	0.0	False
YLZB4735-3A	YSXC51	CPO	1.0	1	1.0	HiC_scaffold6	36044425	False	G	T	0/0	1	3	1,0	0.0	False
YLZB4735-5A	YSXC51	CPO	1.0	1	1.0	HiC_scaffold6	36044425	False	G	T	0/0	5	15	5,0	0.0	False
YLZB4735-6A	YSXC51	CPO	1.0	1	1.0	HiC_scaffold6	36044425	False	G	T	./.	0	0	0,0	NA	False
YLZB4735-8A	YSXC51	CPO	1.0	1	1.0	HiC_scaffold6	36044425	False	G	T	0/0	2	6	2,0	0.0	False
YLZB4735-9A	YSXC51	CPO	1.0	1	1.0	HiC_scaffold6	36044425	False	G	T	0/0	3	9	3,0	0.0	False
YLZB4816-11A	ASCD52	CPO	1.0	1	1.0	HiC_scaffold6	36044425	False	G	T	0/0	1	3	1,0	0.0	False
YLZB4816-3A	ASCD52	CPO	1.0	1	1.0	HiC_scaffold6	36044425	False	G	T	0/0	4	12	4,0	0.0	False
YLZB4816-4A	ASCD52	CPO	1.0	1	1.0	HiC_scaffold6	36044425	False	G	T	0/0	2	6	2,0	0.0	False
YLZB4816-6A	ASCD52	CPO	1.0	1	1.0	HiC_scaffold6	36044425	False	G	T	0/0	2	3	2,0	0.0	False
YLZB4816-7A	ASCD52	CPO	1.0	1	1.0	HiC_scaffold6	36044425	False	G	T	0/0	1	3	1,0	0.0	False
YLZB4816-8A	ASCD52	CPO	1.0	1	1.0	HiC_scaffold6	36044425	False	G	T	0/0	2	6	2,0	0.0	False
YLZB4816-9A	ASCD52	CPO	1.0	1	1.0	HiC_scaffold6	36044425	False	G	T	0/0	2	6	2,0	0.0	False
ZXL277-1A	YY12	CMA	1.0	1	0.0	HiC_scaffold6	36044425	False	G	T	0/0	30	90	30,0	0.0	True
ZXL277-2A	YY12	CMA	1.0	1	0.0	HiC_scaffold6	36044425	False	G	T	0/0	28	81	28,0	0.0	True
ZXL277-3A	YY12	CMA	1.0	1	0.0	HiC_scaffold6	36044425	False	G	T	0/0	31	90	31,0	0.0	True
ZXL277-4A	YY12	CMA	1.0	1	0.0	HiC_scaffold6	36044425	False	G	T	0/0	35	99	35,0	0.0	True
ZXL277-5A	YY12	CMA	1.0	1	0.0	HiC_scaffold6	36044425	False	G	T	0/0	28	81	28,0	0.0	True
ZXL277-6A	YY12	CMA	1.0	1	0.0	HiC_scaffold6	36044425	False	G	T	0/0	32	90	32,0	0.0	True
ZXL277-7A	YY12	CMA	1.0	1	0.0	HiC_scaffold6	36044425	False	G	T	0/0	38	99	38,0	0.0	True
ZXL277-8A	YY12	CMA	1.0	1	0.0	HiC_scaffold6	36044425	False	G	T	0/0	29	84	29,0	0.0	True
ZXL79-1A	CZ25	CMA	1.0	1	0.0	HiC_scaffold6	36044425	False	G	T	0/0	27	78	27,0	0.0	True
ZXL79-2A	CZ25	CMA	1.0	1	0.0	HiC_scaffold6	36044425	False	G	T	0/0	28	81	28,0	0.0	True
ZXL79-3A	CZ25	CMA	1.0	1	0.0	HiC_scaffold6	36044425	False	G	T	0/0	22	60	22,0	0.0	True
ZXL79-4A	CZ25	CMA	1.0	1	0.0	HiC_scaffold6	36044425	False	G	T	0/0	29	81	29,0	0.0	True
ZXL79-5A	CZ25	CMA	1.0	1	0.0	HiC_scaffold6	36044425	False	G	T	0/0	30	81	30,0	0.0	True
ZXL79-6A	CZ25	CMA	1.0	1	0.0	HiC_scaffold6	36044425	False	G	T	0/0	15	42	15,0	0.0	True
ZXL79-7A	CZ25	CMA	1.0	1	0.0	HiC_scaffold6	36044425	False	G	T	0/0	22	60	22,0	0.0	True
xubo266-2A	XY36	CMA	1.0	1	0.0	HiC_scaffold6	36044425	False	G	T	0/0	23	66	23,0	0.0	True
xubo266-3A	XY36	CMA	1.0	1	0.0	HiC_scaffold6	36044425	False	G	T	0/0	23	60	23,0	0.0	True
xubo266-4A	XY36	CMA	1.0	1	0.0	HiC_scaffold6	36044425	False	G	T	0/0	27	39	27,0	0.0	True
xubo266-5A	XY36	CMA	1.0	1	0.0	HiC_scaffold6	36044425	False	G	T	0/0	35	91	35,0	0.0	True
xubo266-6A	XY36	CMA	1.0	1	0.0	HiC_scaffold6	36044425	False	G	T	0/0	28	75	28,0	0.0	True
xubo266-8A	XY36	CMA	1.0	1	0.0	HiC_scaffold6	36044425	False	G	T	0/0	26	72	26,0	0.0	True
xubo266-9A	XY36	CMA	1.0	1	0.0	HiC_scaffold6	36044425	False	G	T	0/0	22	63	22,0	0.0	True
zhuzm1009-10A	KM42	CPO	1.0	1	1.0	HiC_scaffold6	36044425	False	G	T	0/0	4	12	4,0	0.0	False
zhuzm1009-2A	KM42	CPO	1.0	1	1.0	HiC_scaffold6	36044425	False	G	T	0/0	5	15	5,0	0.0	False
zhuzm1009-3A	KM42	CPO	1.0	1	1.0	HiC_scaffold6	36044425	False	G	T	0/0	1	3	1,0	0.0	False
zhuzm1009-6A	KM42	CPO	1.0	1	1.0	HiC_scaffold6	36044425	False	G	T	./.	0	0	0,0	NA	False
zhuzm1009-7A	KM42	CPO	1.0	1	1.0	HiC_scaffold6	36044425	False	G	T	0/0	2	6	2,0	0.0	False
zhuzm1009-8A	KM42	CPO	1.0	1	1.0	HiC_scaffold6	36044425	False	G	T	0/0	2	6	2,0	0.0	False
2014-128-1A	ML50	CPO	1.0	1	1.0	HiC_scaffold6	36090082	False	C	T	0/0	8	24	8,0	0.0	False
2014-128-2A	ML50	CPO	1.0	1	1.0	HiC_scaffold6	36090082	False	C	T	0/0	3	9	3,0	0.0	False
2014-128-3A	ML50	CPO	1.0	1	1.0	HiC_scaffold6	36090082	False	C	T	0/0	4	12	4,0	0.0	False
2014-128-4A	ML50	CPO	1.0	1	1.0	HiC_scaffold6	36090082	False	C	T	0/0	10	27	10,0	0.0	True
2014-128-5A	ML50	CPO	1.0	1	1.0	HiC_scaffold6	36090082	False	C	T	0/0	11	33	11,0	0.0	True
2014-132-2A	ML5	N	1.0	1	1.0	HiC_scaffold6	36090082	False	C	T	0/0	41	99	41,0	0.0	True
2014-132-3A	ML5	N	1.0	1	1.0	HiC_scaffold6	36090082	False	C	T	0/0	5	15	5,0	0.0	False
2014-132-4A	ML5	N	1.0	1	1.0	HiC_scaffold6	36090082	False	C	T	0/0	10	30	10,0	0.0	True
2014-132-5A	ML5	N	1.0	1	1.0	HiC_scaffold6	36090082	False	C	T	0/0	25	72	25,0	0.0	True
2014-132-6A	ML5	N	1.0	1	1.0	HiC_scaffold6	36090082	False	C	T	0/0	24	72	24,0	0.0	True
2014-132-7A	ML5	N	1.0	1	1.0	HiC_scaffold6	36090082	False	C	T	0/0	21	60	21,0	0.0	True
2014-132-8A	ML5	N	1.0	1	1.0	HiC_scaffold6	36090082	False	C	T	0/0	5	15	5,0	0.0	False
2014-132-9A	ML5	N	1.0	1	1.0	HiC_scaffold6	36090082	False	C	T	0/0	25	72	25,0	0.0	True
2014-3-10A	MN34	CPO	1.0	1	1.0	HiC_scaffold6	36090082	False	C	T	0/0	1	3	1,0	0.0	False
2014-3-3A	MN34	CPO	1.0	1	1.0	HiC_scaffold6	36090082	False	C	T	0/0	8	24	8,0	0.0	False
2014-3-4A	MN34	CPO	1.0	1	1.0	HiC_scaffold6	36090082	False	C	T	0/0	4	12	4,0	0.0	False
2014-3-5A	MN34	CPO	1.0	1	1.0	HiC_scaffold6	36090082	False	C	T	0/0	5	15	5,0	0.0	False
2014-3-6A	MN34	CPO	1.0	1	1.0	HiC_scaffold6	36090082	False	C	T	0/0	8	24	8,0	0.0	False
2014-3-7A	MN34	CPO	1.0	1	1.0	HiC_scaffold6	36090082	False	C	T	./.	0	0	0,0	NA	False
2014-3-8A	MN34	CPO	1.0	1	1.0	HiC_scaffold6	36090082	False	C	T	0/0	6	18	6,0	0.0	False
2014-3-9A	MN34	CPO	1.0	1	1.0	HiC_scaffold6	36090082	False	C	T	0/0	5	15	5,0	0.0	False
2014-66-1A	YL49	CPO	1.0	1	1.0	HiC_scaffold6	36090082	False	C	T	0/0	12	33	12,0	0.0	True
2014-66-2A	YL49	CPO	1.0	1	1.0	HiC_scaffold6	36090082	False	C	T	0/0	11	30	11,0	0.0	True
2014-66-3A	YL49	CPO	1.0	1	1.0	HiC_scaffold6	36090082	False	C	T	0/0	27	81	27,0	0.0	True
2014-66-4A	YL49	CPO	1.0	1	1.0	HiC_scaffold6	36090082	False	C	T	0/0	8	21	8,0	0.0	False
2014-66-5A	YL49	CPO	1.0	1	1.0	HiC_scaffold6	36090082	False	C	T	0/0	15	42	15,0	0.0	True
2014-66-6A	YL49	CPO	1.0	1	1.0	HiC_scaffold6	36090082	False	C	T	0/0	10	30	10,0	0.0	True
2014-66-7A	YL49	CPO	1.0	1	1.0	HiC_scaffold6	36090082	False	C	T	0/0	8	24	8,0	0.0	False
2014-66-8A	YL49	CPO	1.0	1	1.0	HiC_scaffold6	36090082	False	C	T	0/0	14	42	14,0	0.0	True
DP1709141A	DQS11	CMA	1.0	1	0.0	HiC_scaffold6	36090082	False	C	T	0/0	2	6	2,0	0.0	False
DP1709144A	DQS11	CMA	1.0	1	0.0	HiC_scaffold6	36090082	False	C	T	0/0	4	12	4,0	0.0	False
DP1709148A	DQS11	CMA	1.0	1	0.0	HiC_scaffold6	36090082	False	C	T	0/0	2	6	2,0	0.0	False
Gln2014-15-10A	LD30	CYU	0.0	0	1.0	HiC_scaffold6	36090082	False	C	T	0/1	36	99	19,17	0.4722222222222222	True
Gln2014-15-1A	LD30	CYU	0.0	0	1.0	HiC_scaffold6	36090082	False	C	T	0/1	58	99	43,15	0.25862068965517243	True
Gln2014-15-3A	LD30	CYU	0.0	0	1.0	HiC_scaffold6	36090082	False	C	T	0/1	28	99	8,20	0.7142857142857143	True
Gln2014-15-4A	LD30	CYU	0.0	0	1.0	HiC_scaffold6	36090082	False	C	T	0/1	20	75	3,17	0.85	True
Gln2014-15-5A	LD30	CYU	0.0	0	1.0	HiC_scaffold6	36090082	False	C	T	0/0	53	99	53,0	0.0	True
Gln2014-15-6A	LD30	CYU	0.0	0	1.0	HiC_scaffold6	36090082	False	C	T	0/1	57	99	45,12	0.21052631578947367	True
Gln2014-15-7A	LD30	CYU	0.0	0	1.0	HiC_scaffold6	36090082	False	C	T	0/0	31	81	31,0	0.0	True
Gln2014-15-8A	LD30	CYU	0.0	0	1.0	HiC_scaffold6	36090082	False	C	T	0/1	47	99	26,21	0.44680851063829785	True
Gln2014-8-1A	LD06	CPO	1.0	1	1.0	HiC_scaffold6	36090082	False	C	T	0/0	7	21	7,0	0.0	False
Gln2014-8-2A	LD06	CPO	1.0	1	1.0	HiC_scaffold6	36090082	False	C	T	0/0	9	27	9,0	0.0	False
Gln2014-8-4A	LD06	CPO	1.0	1	1.0	HiC_scaffold6	36090082	False	C	T	0/0	7	21	7,0	0.0	False
Gln2014-8-5A	LD06	CPO	1.0	1	1.0	HiC_scaffold6	36090082	False	C	T	0/0	25	75	25,0	0.0	True
Gln2014-8-6A	LD06	CPO	1.0	1	1.0	HiC_scaffold6	36090082	False	C	T	0/0	18	54	18,0	0.0	True
Gln2014-8-7A	LD06	CPO	1.0	1	1.0	HiC_scaffold6	36090082	False	C	T	0/0	10	0	10,0	0.0	False
Gln2014-8-8A	LD06	CPO	1.0	1	1.0	HiC_scaffold6	36090082	False	C	T	0/0	12	36	12,0	0.0	True
JLS-BM001-1A	BM31	N	NA	1	NA	HiC_scaffold6	36090082	False	C	T	0/0	32	90	32,0	0.0	True
JLS-BM001-2A	BM31	N	NA	1	NA	HiC_scaffold6	36090082	False	C	T	0/0	27	70	27,0	0.0	True
JLS-BM001-3A	BM31	N	NA	1	NA	HiC_scaffold6	36090082	False	C	T	0/0	45	99	45,0	0.0	True
JLS-BM001-4A	BM31	N	NA	1	NA	HiC_scaffold6	36090082	False	C	T	0/0	30	87	30,0	0.0	True
JLS-BM001-5A	BM31	N	NA	1	NA	HiC_scaffold6	36090082	False	C	T	0/0	24	72	24,0	0.0	True
JLS-BM001-6A	BM31	N	NA	1	NA	HiC_scaffold6	36090082	False	C	T	0/0	23	66	23,0	0.0	True
JLS-BM001-7A	BM31	N	NA	1	NA	HiC_scaffold6	36090082	False	C	T	0/0	12	33	12,0	0.0	True
JLS-BM001-8A	BM31	N	NA	1	NA	HiC_scaffold6	36090082	False	C	T	0/0	43	99	43,0	0.0	True
JLS-CY022-10A	CY32	CPO	1.0	1	1.0	HiC_scaffold6	36090082	False	C	T	0/0	2	6	2,0	0.0	False
JLS-CY022-11A	CY32	CPO	1.0	1	1.0	HiC_scaffold6	36090082	False	C	T	0/0	2	6	2,0	0.0	False
JLS-CY022-4A	CY32	CPO	1.0	1	1.0	HiC_scaffold6	36090082	False	C	T	./.	0	0	0,0	NA	False
JLS-CY022-5A	CY32	CPO	1.0	1	1.0	HiC_scaffold6	36090082	False	C	T	0/0	14	39	14,0	0.0	True
JLS-CY022-6A	CY32	CPO	1.0	1	1.0	HiC_scaffold6	36090082	False	C	T	./.	0	0	0,0	NA	False
JLS-CY022-7A	CY32	CPO	1.0	1	1.0	HiC_scaffold6	36090082	False	C	T	0/0	1	3	1,0	0.0	False
Sha-WS-1A	WS14	CMA	1.0	1	0.0	HiC_scaffold6	36090082	False	C	T	0/0	28	81	28,0	0.0	True
Sha-WS-2A	WS14	CMA	1.0	1	0.0	HiC_scaffold6	36090082	False	C	T	0/0	27	66	27,0	0.0	True
Sha-WS-3A	WS14	CMA	1.0	1	0.0	HiC_scaffold6	36090082	False	C	T	0/0	28	84	28,0	0.0	True
Sha-WS-4A	WS14	CMA	1.0	1	0.0	HiC_scaffold6	36090082	False	C	T	0/0	22	60	22,0	0.0	True
Sha-WS-5A	WS14	CMA	1.0	1	0.0	HiC_scaffold6	36090082	False	C	T	0/0	21	63	21,0	0.0	True
Sha-WS-6A	WS14	CMA	1.0	1	0.0	HiC_scaffold6	36090082	False	C	T	0/0	35	99	35,0	0.0	True
Sha-WS-7A	WS14	CMA	1.0	1	0.0	HiC_scaffold6	36090082	False	C	T	0/0	47	99	47,0	0.0	True
Sha-WS-8A	WS14	CMA	1.0	1	0.0	HiC_scaffold6	36090082	False	C	T	0/0	34	85	34,0	0.0	True
THP-SET_1917-1A	MK27	CPO	1.0	1	1.0	HiC_scaffold6	36090082	False	C	T	0/0	7	21	7,0	0.0	False
THP-SET_1917-2A	MK27	CPO	1.0	1	1.0	HiC_scaffold6	36090082	False	C	T	0/0	16	42	16,0	0.0	True
THP-SET_1917-3A	MK27	CPO	1.0	1	1.0	HiC_scaffold6	36090082	False	C	T	0/0	4	12	4,0	0.0	False
THP-SET_1917-4A	MK27	CPO	1.0	1	1.0	HiC_scaffold6	36090082	False	C	T	0/0	2	6	2,0	0.0	False
THP-SET_1917-5A	MK27	CPO	1.0	1	1.0	HiC_scaffold6	36090082	False	C	T	0/0	4	12	4,0	0.0	False
THP-SET_1917-6A	MK27	CPO	1.0	1	1.0	HiC_scaffold6	36090082	False	C	T	0/0	1	3	1,0	0.0	False
THP-SET_1917-7A	MK27	CPO	1.0	1	1.0	HiC_scaffold6	36090082	False	C	T	0/0	14	31	14,0	0.0	True
THP-SET_1917-8A	MK27	CPO	1.0	1	1.0	HiC_scaffold6	36090082	False	C	T	0/0	4	12	4,0	0.0	False
XB2014-144-2A	SM35	CYU	1.0	1	1.0	HiC_scaffold6	36090082	False	C	T	0/0	33	99	33,0	0.0	True
XB2014-144-3A	SM35	CYU	1.0	1	1.0	HiC_scaffold6	36090082	False	C	T	0/0	49	70	49,0	0.0	True
XB2014-144-4A	SM35	CYU	1.0	1	1.0	HiC_scaffold6	36090082	False	C	T	0/0	47	99	47,0	0.0	True
XB2014-144-5A	SM35	CYU	1.0	1	1.0	HiC_scaffold6	36090082	False	C	T	0/0	48	99	48,0	0.0	True
XB2014-144-6A	SM35	CYU	1.0	1	1.0	HiC_scaffold6	36090082	False	C	T	0/0	43	99	43,0	0.0	True
XB2014-144-7A	SM35	CYU	1.0	1	1.0	HiC_scaffold6	36090082	False	C	T	0/0	56	99	56,0	0.0	True
XB2014-144-8A	SM35	CYU	1.0	1	1.0	HiC_scaffold6	36090082	False	C	T	0/0	62	99	62,0	0.0	True
XB2014-144-9A	SM35	CYU	1.0	1	1.0	HiC_scaffold6	36090082	False	C	T	0/0	77	99	77,0	0.0	True
XB2014-38-2A	EY8	CYU	0.0	1	1.0	HiC_scaffold6	36090082	False	C	T	0/1	16	87	3,13	0.8125	True
XB2014-38-3A	EY8	CYU	0.0	1	1.0	HiC_scaffold6	36090082	False	C	T	1/1	18	54	0,18	1.0	True
XB2014-38-4A	EY8	CYU	0.0	1	1.0	HiC_scaffold6	36090082	False	C	T	0/0	33	99	33,0	0.0	True
XB2014-38-5A	EY8	CYU	0.0	1	1.0	HiC_scaffold6	36090082	False	C	T	0/0	20	60	20,0	0.0	True
XB2014-38-6A	EY9	CPO	0.0	1	1.0	HiC_scaffold6	36090082	False	C	T	1/1	14	42	0,14	1.0	True
XB2014-39-1A	EY9	CPO	1.0	1	1.0	HiC_scaffold6	36090082	False	C	T	0/0	17	51	17,0	0.0	True
XB2014-39-2A	EY9	CPO	1.0	1	1.0	HiC_scaffold6	36090082	False	C	T	0/0	35	99	35,0	0.0	True
XB2014-39-3A	EY9	CPO	1.0	1	1.0	HiC_scaffold6	36090082	False	C	T	0/0	25	72	25,0	0.0	True
XB2014-39-4A	EY9	CPO	1.0	1	1.0	HiC_scaffold6	36090082	False	C	T	0/0	8	24	8,0	0.0	False
XB2014-39-5A	EY9	CPO	1.0	1	1.0	HiC_scaffold6	36090082	False	C	T	0/0	21	60	21,0	0.0	True
XB2014-39-6A	EY9	CPO	1.0	1	1.0	HiC_scaffold6	36090082	False	C	T	0/0	12	36	12,0	0.0	True
XB2014-39-7A	EY9	CPO	1.0	1	1.0	HiC_scaffold6	36090082	False	C	T	0/0	25	69	25,0	0.0	True
XB2014-39-8A	EY9	CPO	1.0	1	1.0	HiC_scaffold6	36090082	False	C	T	0/0	5	15	5,0	0.0	False
XB2014-4-2A	MN4	CYU	0.0	0	1.0	HiC_scaffold6	36090082	False	C	T	0/1	39	99	20,19	0.48717948717948717	True
XB2014-4-3A	MN4	CYU	0.0	0	1.0	HiC_scaffold6	36090082	False	C	T	0/1	32	99	19,13	0.40625	True
XB2014-4-4A	MN4	CYU	0.0	0	1.0	HiC_scaffold6	36090082	False	C	T	1/1	34	99	0,34	1.0	True
XB2014-4-5A	MN4	CYU	0.0	0	1.0	HiC_scaffold6	36090082	False	C	T	0/1	44	99	14,30	0.6818181818181818	True
XB2014-4-6A	MN4	CYU	0.0	0	1.0	HiC_scaffold6	36090082	False	C	T	0/1	38	99	12,26	0.6842105263157895	True
XB2014-4-7A	MN4	CYU	0.0	0	1.0	HiC_scaffold6	36090082	False	C	T	0/1	53	99	34,19	0.3584905660377358	True
XB2014-4-8A	YL9	CYU	0.0	0	1.0	HiC_scaffold6	36090082	False	C	T	1/1	36	99	0,36	1.0	True
XB2014-4-9A	YL9	CYU	0.0	0	1.0	HiC_scaffold6	36090082	False	C	T	0/1	61	99	17,44	0.7213114754098361	True
XB2014-48-1A	MN4	CYU	0.0	0	1.0	HiC_scaffold6	36090082	False	C	T	1/1	37	99	0,37	1.0	True
XB2014-48-2A	MN4	CYU	0.0	0	1.0	HiC_scaffold6	36090082	False	C	T	0/1	64	99	31,33	0.515625	True
XB2014-48-3A	YL9	CYU	0.0	0	1.0	HiC_scaffold6	36090082	False	C	T	0/1	39	99	16,23	0.5897435897435898	True
XB2014-48-4A	YL9	CYU	0.0	0	1.0	HiC_scaffold6	36090082	False	C	T	0/1	49	99	31,18	0.3673469387755102	True
XB2014-48-5A	YL9	CYU	0.0	0	1.0	HiC_scaffold6	36090082	False	C	T	0/1	53	99	24,29	0.5471698113207547	True
XB2014-48-6A	YL9	CYU	0.0	0	1.0	HiC_scaffold6	36090082	False	C	T	0/1	41	99	23,18	0.43902439024390244	True
XB2014-48-7A	YL9	CYU	0.0	0	1.0	HiC_scaffold6	36090082	False	C	T	0/1	72	99	36,36	0.5	True
XB2014-48-9A	YL9	CYU	0.0	0	1.0	HiC_scaffold6	36090082	False	C	T	0/1	45	99	18,27	0.6	True
XB26-3B	SC37	CPO	1.0	1	1.0	HiC_scaffold6	36090082	False	C	T	0/0	20	60	20,0	0.0	True
XB26-4B	SC37	CPO	1.0	1	1.0	HiC_scaffold6	36090082	False	C	T	0/0	17	51	17,0	0.0	True
XB26-5B	SC37	CPO	1.0	1	1.0	HiC_scaffold6	36090082	False	C	T	0/0	30	90	30,0	0.0	True
XB26-7B	SC37	CPO	1.0	1	1.0	HiC_scaffold6	36090082	False	C	T	0/0	20	60	20,0	0.0	True
XuBo982-1A	XS40	CMA	1.0	1	0.0	HiC_scaffold6	36090082	False	C	T	0/0	40	99	40,0	0.0	True
XuBo982-2A	XS40	CMA	1.0	1	0.0	HiC_scaffold6	36090082	False	C	T	0/0	21	60	21,0	0.0	True
XuBo982-3A	XS40	CMA	1.0	1	0.0	HiC_scaffold6	36090082	False	C	T	0/0	36	99	36,0	0.0	True
XuBo982-4A	XS40	CMA	1.0	1	0.0	HiC_scaffold6	36090082	False	C	T	0/0	22	63	22,0	0.0	True
XuBo982-5A	XS40	CMA	1.0	1	0.0	HiC_scaffold6	36090082	False	C	T	0/0	49	99	49,0	0.0	True
XubBo-1037-1A	LN46	N	1.0	1	0.0	HiC_scaffold6	36090082	False	C	T	./.	0	0	0,0	NA	False
XubBo-1037-2A	TB43	CMA	NA	1	NA	HiC_scaffold6	36090082	False	C	T	0/0	1	3	1,0	0.0	False
XubBo-1037-3A	TB43	CMA	NA	1	NA	HiC_scaffold6	36090082	False	C	T	./.	0	0	0,0	NA	False
XubBo-1037-4A	TB43	CMA	NA	1	NA	HiC_scaffold6	36090082	False	C	T	0/0	4	3	4,0	0.0	False
XubBo-1037-5A	TB43	CMA	NA	1	NA	HiC_scaffold6	36090082	False	C	T	./.	0	0	0,0	NA	False
XubBo-1037-6A	TB43	CMA	NA	1	NA	HiC_scaffold6	36090082	False	C	T	0/0	1	3	1,0	0.0	False
XubBo-1037-7A	TB43	CMA	NA	1	NA	HiC_scaffold6	36090082	False	C	T	./.	0	0	0,0	NA	False
XubBo-1037-8A	TB43	CMA	NA	1	NA	HiC_scaffold6	36090082	False	C	T	./.	0	0	0,0	NA	False
XubBo1030-10A	LN46	N	1.0	1	0.0	HiC_scaffold6	36090082	False	C	T	0/0	4	12	4,0	0.0	False
XubBo1030-1A	LN46	N	1.0	1	0.0	HiC_scaffold6	36090082	False	C	T	0/0	6	0	6,0	0.0	False
XubBo1030-3A	LN46	N	1.0	1	0.0	HiC_scaffold6	36090082	False	C	T	0/0	5	15	5,0	0.0	False
XubBo1030-5A	LN46	N	1.0	1	0.0	HiC_scaffold6	36090082	False	C	T	./.	0	0	0,0	NA	False
XubBo1030-6A	LN46	N	1.0	1	0.0	HiC_scaffold6	36090082	False	C	T	0/0	26	75	26,0	0.0	True
XubBo1030-8A	LN46	N	1.0	1	0.0	HiC_scaffold6	36090082	False	C	T	0/0	34	96	34,0	0.0	True
XubBo1030-9A	LN46	N	1.0	1	0.0	HiC_scaffold6	36090082	False	C	T	0/0	6	18	6,0	0.0	False
XubBo1051-10A	WX48	CMA	1.0	1	0.0	HiC_scaffold6	36090082	False	C	T	0/0	26	72	26,0	0.0	True
XubBo1051-1A	WX48	CMA	1.0	1	0.0	HiC_scaffold6	36090082	False	C	T	0/0	18	51	18,0	0.0	True
XubBo1051-2A	WX48	CMA	1.0	1	0.0	HiC_scaffold6	36090082	False	C	T	0/0	31	78	31,0	0.0	True
XubBo1051-3A	WX48	CMA	1.0	1	0.0	HiC_scaffold6	36090082	False	C	T	0/0	36	99	36,0	0.0	True
XubBo1051-4A	WX48	CMA	1.0	1	0.0	HiC_scaffold6	36090082	False	C	T	0/0	19	54	19,0	0.0	True
XubBo1051-7A	WX48	CMA	1.0	1	0.0	HiC_scaffold6	36090082	False	C	T	0/0	39	99	39,0	0.0	True
XubBo1051-8A	WX48	CMA	1.0	1	0.0	HiC_scaffold6	36090082	False	C	T	0/0	55	99	55,0	0.0	True
XubBo1051-9A	WX48	CMA	1.0	1	0.0	HiC_scaffold6	36090082	False	C	T	0/0	27	75	27,0	0.0	True
Xubo01402-2A	YS26	CYU	1.0	1	1.0	HiC_scaffold6	36090082	False	C	T	0/0	22	57	22,0	0.0	True
Xubo01402-3A	YS26	CYU	1.0	1	1.0	HiC_scaffold6	36090082	False	C	T	0/0	29	81	29,0	0.0	True
Xubo01402-4A	YS26	CYU	1.0	1	1.0	HiC_scaffold6	36090082	False	C	T	0/0	31	90	31,0	0.0	True
Xubo01402-5A	YS26	CYU	1.0	1	1.0	HiC_scaffold6	36090082	False	C	T	0/0	31	90	31,0	0.0	True
Xubo01402-6A	YS26	CYU	1.0	1	1.0	HiC_scaffold6	36090082	False	C	T	0/0	35	99	35,0	0.0	True
Xubo01402-7A	YS26	CYU	1.0	1	1.0	HiC_scaffold6	36090082	False	C	T	0/0	20	60	20,0	0.0	True
Xubo01402-8A	YS26	CYU	1.0	1	1.0	HiC_scaffold6	36090082	False	C	T	0/0	36	99	36,0	0.0	True
Xubo01402-9A	YS26	CYU	1.0	1	1.0	HiC_scaffold6	36090082	False	C	T	0/0	19	57	19,0	0.0	True
YLZB4703-2A	SM3	CYU	0.0	0	1.0	HiC_scaffold6	36090082	False	C	T	0/0	31	81	31,0	0.0	True
YLZB4703-3A	SM3	CYU	0.0	0	1.0	HiC_scaffold6	36090082	False	C	T	0/0	37	99	37,0	0.0	True
YLZB4703-5A	SM3	CYU	0.0	0	1.0	HiC_scaffold6	36090082	False	C	T	0/1	65	99	53,12	0.18461538461538463	True
YLZB4703-7A	SM3	CYU	0.0	0	1.0	HiC_scaffold6	36090082	False	C	T	0/0	30	84	30,0	0.0	True
YLZB4703-9A	SM3	CYU	0.0	0	1.0	HiC_scaffold6	36090082	False	C	T	0/1	32	99	14,18	0.5625	True
YLZB4715-10A	MY1	CYU	0.0	0	1.0	HiC_scaffold6	36090082	False	C	T	0/1	53	99	18,35	0.660377358490566	True
YLZB4715-1A	MY1	CYU	0.0	0	1.0	HiC_scaffold6	36090082	False	C	T	0/1	39	99	21,18	0.46153846153846156	True
YLZB4715-2A	MY1	CYU	0.0	0	1.0	HiC_scaffold6	36090082	False	C	T	0/1	49	99	17,32	0.6530612244897959	True
YLZB4715-5A	MY1	CYU	0.0	0	1.0	HiC_scaffold6	36090082	False	C	T	0/1	47	99	18,29	0.6170212765957447	True
YLZB4715-6A	MY1	CYU	0.0	0	1.0	HiC_scaffold6	36090082	False	C	T	0/1	53	99	17,36	0.6792452830188679	True
YLZB4715-7A	MY1	CYU	0.0	0	1.0	HiC_scaffold6	36090082	False	C	T	0/1	47	99	18,29	0.6170212765957447	True
YLZB4715-8A	MY1	CYU	0.0	0	1.0	HiC_scaffold6	36090082	False	C	T	0/1	83	99	34,49	0.5903614457831325	True
YLZB4715-9A	MY1	CYU	0.0	0	1.0	HiC_scaffold6	36090082	False	C	T	0/1	51	99	12,39	0.7647058823529411	True
YLZB4735-10A	YSXC51	CPO	1.0	1	1.0	HiC_scaffold6	36090082	False	C	T	0/0	13	39	13,0	0.0	True
YLZB4735-1A	YSXC51	CPO	1.0	1	1.0	HiC_scaffold6	36090082	False	C	T	0/0	14	42	14,0	0.0	True
YLZB4735-2A	YSXC51	CPO	1.0	1	1.0	HiC_scaffold6	36090082	False	C	T	0/0	12	36	12,0	0.0	True
YLZB4735-3A	YSXC51	CPO	1.0	1	1.0	HiC_scaffold6	36090082	False	C	T	0/0	7	21	7,0	0.0	False
YLZB4735-5A	YSXC51	CPO	1.0	1	1.0	HiC_scaffold6	36090082	False	C	T	0/0	10	30	10,0	0.0	True
YLZB4735-6A	YSXC51	CPO	1.0	1	1.0	HiC_scaffold6	36090082	False	C	T	0/0	14	42	14,0	0.0	True
YLZB4735-8A	YSXC51	CPO	1.0	1	1.0	HiC_scaffold6	36090082	False	C	T	0/0	18	54	18,0	0.0	True
YLZB4735-9A	YSXC51	CPO	1.0	1	1.0	HiC_scaffold6	36090082	False	C	T	0/0	16	48	16,0	0.0	True
YLZB4816-11A	ASCD52	CPO	1.0	1	1.0	HiC_scaffold6	36090082	False	C	T	0/0	20	60	20,0	0.0	True
YLZB4816-3A	ASCD52	CPO	1.0	1	1.0	HiC_scaffold6	36090082	False	C	T	0/0	12	36	12,0	0.0	True
YLZB4816-4A	ASCD52	CPO	1.0	1	1.0	HiC_scaffold6	36090082	False	C	T	0/0	5	15	5,0	0.0	False
YLZB4816-6A	ASCD52	CPO	1.0	1	1.0	HiC_scaffold6	36090082	False	C	T	0/0	13	39	13,0	0.0	True
YLZB4816-7A	ASCD52	CPO	1.0	1	1.0	HiC_scaffold6	36090082	False	C	T	0/0	12	36	12,0	0.0	True
YLZB4816-8A	ASCD52	CPO	1.0	1	1.0	HiC_scaffold6	36090082	False	C	T	0/0	5	15	5,0	0.0	False
YLZB4816-9A	ASCD52	CPO	1.0	1	1.0	HiC_scaffold6	36090082	False	C	T	0/0	5	15	5,0	0.0	False
ZXL277-1A	YY12	CMA	1.0	1	0.0	HiC_scaffold6	36090082	False	C	T	0/0	33	99	33,0	0.0	True
ZXL277-2A	YY12	CMA	1.0	1	0.0	HiC_scaffold6	36090082	False	C	T	0/0	29	73	29,0	0.0	True
ZXL277-3A	YY12	CMA	1.0	1	0.0	HiC_scaffold6	36090082	False	C	T	0/0	36	99	36,0	0.0	True
ZXL277-4A	YY12	CMA	1.0	1	0.0	HiC_scaffold6	36090082	False	C	T	0/0	38	99	38,0	0.0	True
ZXL277-5A	YY12	CMA	1.0	1	0.0	HiC_scaffold6	36090082	False	C	T	0/0	28	75	28,0	0.0	True
ZXL277-6A	YY12	CMA	1.0	1	0.0	HiC_scaffold6	36090082	False	C	T	0/0	24	60	24,0	0.0	True
ZXL277-7A	YY12	CMA	1.0	1	0.0	HiC_scaffold6	36090082	False	C	T	0/0	27	72	27,0	0.0	True
ZXL277-8A	YY12	CMA	1.0	1	0.0	HiC_scaffold6	36090082	False	C	T	0/0	39	99	39,0	0.0	True
ZXL79-1A	CZ25	CMA	1.0	1	0.0	HiC_scaffold6	36090082	False	C	T	0/0	25	72	25,0	0.0	True
ZXL79-2A	CZ25	CMA	1.0	1	0.0	HiC_scaffold6	36090082	False	C	T	0/0	5	15	5,0	0.0	False
ZXL79-3A	CZ25	CMA	1.0	1	0.0	HiC_scaffold6	36090082	False	C	T	0/0	7	21	7,0	0.0	False
ZXL79-4A	CZ25	CMA	1.0	1	0.0	HiC_scaffold6	36090082	False	C	T	0/0	15	45	15,0	0.0	True
ZXL79-5A	CZ25	CMA	1.0	1	0.0	HiC_scaffold6	36090082	False	C	T	0/0	18	54	18,0	0.0	True
ZXL79-6A	CZ25	CMA	1.0	1	0.0	HiC_scaffold6	36090082	False	C	T	0/0	14	39	14,0	0.0	True
ZXL79-7A	CZ25	CMA	1.0	1	0.0	HiC_scaffold6	36090082	False	C	T	0/0	34	87	34,0	0.0	True
xubo266-2A	XY36	CMA	1.0	1	0.0	HiC_scaffold6	36090082	False	C	T	0/0	25	72	25,0	0.0	True
xubo266-3A	XY36	CMA	1.0	1	0.0	HiC_scaffold6	36090082	False	C	T	0/0	19	51	19,0	0.0	True
xubo266-4A	XY36	CMA	1.0	1	0.0	HiC_scaffold6	36090082	False	C	T	0/0	36	99	36,0	0.0	True
xubo266-5A	XY36	CMA	1.0	1	0.0	HiC_scaffold6	36090082	False	C	T	0/0	36	99	36,0	0.0	True
xubo266-6A	XY36	CMA	1.0	1	0.0	HiC_scaffold6	36090082	False	C	T	0/0	22	60	22,0	0.0	True
xubo266-8A	XY36	CMA	1.0	1	0.0	HiC_scaffold6	36090082	False	C	T	0/0	33	99	33,0	0.0	True
xubo266-9A	XY36	CMA	1.0	1	0.0	HiC_scaffold6	36090082	False	C	T	0/0	21	60	21,0	0.0	True
zhuzm1009-10A	KM42	CPO	1.0	1	1.0	HiC_scaffold6	36090082	False	C	T	0/0	15	45	15,0	0.0	True
zhuzm1009-2A	KM42	CPO	1.0	1	1.0	HiC_scaffold6	36090082	False	C	T	0/0	13	36	13,0	0.0	True
zhuzm1009-3A	KM42	CPO	1.0	1	1.0	HiC_scaffold6	36090082	False	C	T	0/0	3	9	3,0	0.0	False
zhuzm1009-6A	KM42	CPO	1.0	1	1.0	HiC_scaffold6	36090082	False	C	T	0/0	11	33	11,0	0.0	True
zhuzm1009-7A	KM42	CPO	1.0	1	1.0	HiC_scaffold6	36090082	False	C	T	0/0	19	57	19,0	0.0	True
zhuzm1009-8A	KM42	CPO	1.0	1	1.0	HiC_scaffold6	36090082	False	C	T	0/0	11	33	11,0	0.0	True
2014-128-1A	ML50	CPO	1.0	1	1.0	HiC_scaffold6	36120090	False	A	G	0/0	26	72	26,0	0.0	True
2014-128-2A	ML50	CPO	1.0	1	1.0	HiC_scaffold6	36120090	False	A	G	0/0	16	48	16,0	0.0	True
2014-128-3A	ML50	CPO	1.0	1	1.0	HiC_scaffold6	36120090	False	A	G	0/0	21	60	21,0	0.0	True
2014-128-4A	ML50	CPO	1.0	1	1.0	HiC_scaffold6	36120090	False	A	G	0/0	33	99	33,0	0.0	True
2014-128-5A	ML50	CPO	1.0	1	1.0	HiC_scaffold6	36120090	False	A	G	0/0	36	99	36,0	0.0	True
2014-132-2A	ML5	N	1.0	1	1.0	HiC_scaffold6	36120090	False	A	G	0/0	53	99	53,0	0.0	True
2014-132-3A	ML5	N	1.0	1	1.0	HiC_scaffold6	36120090	False	A	G	0/0	24	60	24,0	0.0	True
2014-132-4A	ML5	N	1.0	1	1.0	HiC_scaffold6	36120090	False	A	G	0/0	33	90	33,0	0.0	True
2014-132-5A	ML5	N	1.0	1	1.0	HiC_scaffold6	36120090	False	A	G	0/0	41	99	41,0	0.0	True
2014-132-6A	ML5	N	1.0	1	1.0	HiC_scaffold6	36120090	False	A	G	0/0	33	90	33,0	0.0	True
2014-132-7A	ML5	N	1.0	1	1.0	HiC_scaffold6	36120090	False	A	G	0/0	42	99	42,0	0.0	True
2014-132-8A	ML5	N	1.0	1	1.0	HiC_scaffold6	36120090	False	A	G	0/0	36	99	36,0	0.0	True
2014-132-9A	ML5	N	1.0	1	1.0	HiC_scaffold6	36120090	False	A	G	0/0	44	99	44,0	0.0	True
2014-3-10A	MN34	CPO	1.0	1	1.0	HiC_scaffold6	36120090	False	A	G	0/0	14	36	14,0	0.0	True
2014-3-3A	MN34	CPO	1.0	1	1.0	HiC_scaffold6	36120090	False	A	G	0/0	11	33	11,0	0.0	True
2014-3-4A	MN34	CPO	1.0	1	1.0	HiC_scaffold6	36120090	False	A	G	0/0	9	24	9,0	0.0	False
2014-3-5A	MN34	CPO	1.0	1	1.0	HiC_scaffold6	36120090	False	A	G	0/0	12	36	12,0	0.0	True
2014-3-6A	MN34	CPO	1.0	1	1.0	HiC_scaffold6	36120090	False	A	G	0/0	8	0	8,0	0.0	False
2014-3-7A	MN34	CPO	1.0	1	1.0	HiC_scaffold6	36120090	False	A	G	0/0	5	15	5,0	0.0	False
2014-3-8A	MN34	CPO	1.0	1	1.0	HiC_scaffold6	36120090	False	A	G	0/0	7	18	7,0	0.0	False
2014-3-9A	MN34	CPO	1.0	1	1.0	HiC_scaffold6	36120090	False	A	G	0/0	7	21	7,0	0.0	False
2014-66-1A	YL49	CPO	1.0	1	1.0	HiC_scaffold6	36120090	False	A	G	0/0	36	99	36,0	0.0	True
2014-66-2A	YL49	CPO	1.0	1	1.0	HiC_scaffold6	36120090	False	A	G	0/0	31	75	31,0	0.0	True
2014-66-3A	YL49	CPO	1.0	1	1.0	HiC_scaffold6	36120090	False	A	G	0/0	30	90	30,0	0.0	True
2014-66-4A	YL49	CPO	1.0	1	1.0	HiC_scaffold6	36120090	False	A	G	0/0	42	99	42,0	0.0	True
2014-66-5A	YL49	CPO	1.0	1	1.0	HiC_scaffold6	36120090	False	A	G	0/0	32	93	32,0	0.0	True
2014-66-6A	YL49	CPO	1.0	1	1.0	HiC_scaffold6	36120090	False	A	G	0/0	46	99	46,0	0.0	True
2014-66-7A	YL49	CPO	1.0	1	1.0	HiC_scaffold6	36120090	False	A	G	0/0	28	81	28,0	0.0	True
2014-66-8A	YL49	CPO	1.0	1	1.0	HiC_scaffold6	36120090	False	A	G	0/0	46	99	46,0	0.0	True
DP1709141A	DQS11	CMA	1.0	1	0.0	HiC_scaffold6	36120090	False	A	G	./.	0	0	0,0	NA	False
DP1709144A	DQS11	CMA	1.0	1	0.0	HiC_scaffold6	36120090	False	A	G	./.	0	0	0,0	NA	False
DP1709148A	DQS11	CMA	1.0	1	0.0	HiC_scaffold6	36120090	False	A	G	./.	0	0	0,0	NA	False
Gln2014-15-10A	LD30	CYU	0.0	0	1.0	HiC_scaffold6	36120090	False	A	G	0/1	33	99	14,19	0.5757575757575758	True
Gln2014-15-1A	LD30	CYU	0.0	0	1.0	HiC_scaffold6	36120090	False	A	G	0/1	30	99	11,19	0.6333333333333333	True
Gln2014-15-3A	LD30	CYU	0.0	0	1.0	HiC_scaffold6	36120090	False	A	G	0/1	42	99	19,23	0.5476190476190477	True
Gln2014-15-4A	LD30	CYU	0.0	0	1.0	HiC_scaffold6	36120090	False	A	G	0/1	24	99	17,7	0.2916666666666667	True
Gln2014-15-5A	LD30	CYU	0.0	0	1.0	HiC_scaffold6	36120090	False	A	G	0/0	25	72	25,0	0.0	True
Gln2014-15-6A	LD30	CYU	0.0	0	1.0	HiC_scaffold6	36120090	False	A	G	0/1	21	99	12,9	0.42857142857142855	True
Gln2014-15-7A	LD30	CYU	0.0	0	1.0	HiC_scaffold6	36120090	False	A	G	0/0	31	90	31,0	0.0	True
Gln2014-15-8A	LD30	CYU	0.0	0	1.0	HiC_scaffold6	36120090	False	A	G	0/1	35	99	17,18	0.5142857142857142	True
Gln2014-8-1A	LD06	CPO	1.0	1	1.0	HiC_scaffold6	36120090	False	A	G	0/0	47	99	47,0	0.0	True
Gln2014-8-2A	LD06	CPO	1.0	1	1.0	HiC_scaffold6	36120090	False	A	G	0/0	42	99	42,0	0.0	True
Gln2014-8-4A	LD06	CPO	1.0	1	1.0	HiC_scaffold6	36120090	False	A	G	0/0	31	90	31,0	0.0	True
Gln2014-8-5A	LD06	CPO	1.0	1	1.0	HiC_scaffold6	36120090	False	A	G	0/0	41	99	41,0	0.0	True
Gln2014-8-6A	LD06	CPO	1.0	1	1.0	HiC_scaffold6	36120090	False	A	G	0/0	48	99	48,0	0.0	True
Gln2014-8-7A	LD06	CPO	1.0	1	1.0	HiC_scaffold6	36120090	False	A	G	0/0	39	99	39,0	0.0	True
Gln2014-8-8A	LD06	CPO	1.0	1	1.0	HiC_scaffold6	36120090	False	A	G	0/0	39	99	39,0	0.0	True
JLS-BM001-1A	BM31	N	NA	1	NA	HiC_scaffold6	36120090	False	A	G	0/0	13	36	13,0	0.0	True
JLS-BM001-2A	BM31	N	NA	1	NA	HiC_scaffold6	36120090	False	A	G	0/0	20	51	20,0	0.0	True
JLS-BM001-3A	BM31	N	NA	1	NA	HiC_scaffold6	36120090	False	A	G	0/0	37	99	37,0	0.0	True
JLS-BM001-4A	BM31	N	NA	1	NA	HiC_scaffold6	36120090	False	A	G	0/0	22	60	22,0	0.0	True
JLS-BM001-5A	BM31	N	NA	1	NA	HiC_scaffold6	36120090	False	A	G	0/0	28	81	28,0	0.0	True
JLS-BM001-6A	BM31	N	NA	1	NA	HiC_scaffold6	36120090	False	A	G	0/0	21	60	21,0	0.0	True
JLS-BM001-7A	BM31	N	NA	1	NA	HiC_scaffold6	36120090	False	A	G	0/0	20	60	20,0	0.0	True
JLS-BM001-8A	BM31	N	NA	1	NA	HiC_scaffold6	36120090	False	A	G	0/0	35	93	35,0	0.0	True
JLS-CY022-10A	CY32	CPO	1.0	1	1.0	HiC_scaffold6	36120090	False	A	G	0/0	24	72	24,0	0.0	True
JLS-CY022-11A	CY32	CPO	1.0	1	1.0	HiC_scaffold6	36120090	False	A	G	0/0	33	93	33,0	0.0	True
JLS-CY022-4A	CY32	CPO	1.0	1	1.0	HiC_scaffold6	36120090	False	A	G	0/0	13	39	13,0	0.0	True
JLS-CY022-5A	CY32	CPO	1.0	1	1.0	HiC_scaffold6	36120090	False	A	G	0/0	19	57	19,0	0.0	True
JLS-CY022-6A	CY32	CPO	1.0	1	1.0	HiC_scaffold6	36120090	False	A	G	0/0	12	36	12,0	0.0	True
JLS-CY022-7A	CY32	CPO	1.0	1	1.0	HiC_scaffold6	36120090	False	A	G	0/0	11	30	11,0	0.0	True
Sha-WS-1A	WS14	CMA	1.0	1	0.0	HiC_scaffold6	36120090	False	A	G	0/0	27	71	27,0	0.0	True
Sha-WS-2A	WS14	CMA	1.0	1	0.0	HiC_scaffold6	36120090	False	A	G	0/0	23	56	23,0	0.0	True
Sha-WS-3A	WS14	CMA	1.0	1	0.0	HiC_scaffold6	36120090	False	A	G	0/0	37	99	37,0	0.0	True
Sha-WS-4A	WS14	CMA	1.0	1	0.0	HiC_scaffold6	36120090	False	A	G	0/0	21	60	21,0	0.0	True
Sha-WS-5A	WS14	CMA	1.0	1	0.0	HiC_scaffold6	36120090	False	A	G	0/0	36	99	36,0	0.0	True
Sha-WS-6A	WS14	CMA	1.0	1	0.0	HiC_scaffold6	36120090	False	A	G	0/0	16	42	16,0	0.0	True
Sha-WS-7A	WS14	CMA	1.0	1	0.0	HiC_scaffold6	36120090	False	A	G	0/0	34	99	34,0	0.0	True
Sha-WS-8A	WS14	CMA	1.0	1	0.0	HiC_scaffold6	36120090	False	A	G	0/0	29	81	29,0	0.0	True
THP-SET_1917-1A	MK27	CPO	1.0	1	1.0	HiC_scaffold6	36120090	False	A	G	0/0	20	54	20,0	0.0	True
THP-SET_1917-2A	MK27	CPO	1.0	1	1.0	HiC_scaffold6	36120090	False	A	G	0/0	17	48	17,0	0.0	True
THP-SET_1917-3A	MK27	CPO	1.0	1	1.0	HiC_scaffold6	36120090	False	A	G	0/0	18	48	18,0	0.0	True
THP-SET_1917-4A	MK27	CPO	1.0	1	1.0	HiC_scaffold6	36120090	False	A	G	0/0	18	54	18,0	0.0	True
THP-SET_1917-5A	MK27	CPO	1.0	1	1.0	HiC_scaffold6	36120090	False	A	G	0/0	36	99	36,0	0.0	True
THP-SET_1917-6A	MK27	CPO	1.0	1	1.0	HiC_scaffold6	36120090	False	A	G	0/0	19	57	19,0	0.0	True
THP-SET_1917-7A	MK27	CPO	1.0	1	1.0	HiC_scaffold6	36120090	False	A	G	0/0	33	99	33,0	0.0	True
THP-SET_1917-8A	MK27	CPO	1.0	1	1.0	HiC_scaffold6	36120090	False	A	G	0/0	8	21	8,0	0.0	False
XB2014-144-2A	SM35	CYU	1.0	1	1.0	HiC_scaffold6	36120090	False	A	G	0/0	51	99	51,0	0.0	True
XB2014-144-3A	SM35	CYU	1.0	1	1.0	HiC_scaffold6	36120090	False	A	G	0/0	40	99	40,0	0.0	True
XB2014-144-4A	SM35	CYU	1.0	1	1.0	HiC_scaffold6	36120090	False	A	G	0/0	36	99	36,0	0.0	True
XB2014-144-5A	SM35	CYU	1.0	1	1.0	HiC_scaffold6	36120090	False	A	G	0/0	47	99	47,0	0.0	True
XB2014-144-6A	SM35	CYU	1.0	1	1.0	HiC_scaffold6	36120090	False	A	G	0/0	18	51	18,0	0.0	True
XB2014-144-7A	SM35	CYU	1.0	1	1.0	HiC_scaffold6	36120090	False	A	G	0/0	49	99	49,0	0.0	True
XB2014-144-8A	SM35	CYU	1.0	1	1.0	HiC_scaffold6	36120090	False	A	G	0/0	34	99	34,0	0.0	True
XB2014-144-9A	SM35	CYU	1.0	1	1.0	HiC_scaffold6	36120090	False	A	G	0/0	51	99	51,0	0.0	True
XB2014-38-2A	EY8	CYU	0.0	1	1.0	HiC_scaffold6	36120090	False	A	G	0/1	35	99	24,11	0.3142857142857143	True
XB2014-38-3A	EY8	CYU	0.0	1	1.0	HiC_scaffold6	36120090	False	A	G	0/1	27	99	20,7	0.25925925925925924	True
XB2014-38-4A	EY8	CYU	0.0	1	1.0	HiC_scaffold6	36120090	False	A	G	0/0	20	57	20,0	0.0	True
XB2014-38-5A	EY8	CYU	0.0	1	1.0	HiC_scaffold6	36120090	False	A	G	0/0	35	90	35,0	0.0	True
XB2014-38-6A	EY9	CPO	0.0	1	1.0	HiC_scaffold6	36120090	False	A	G	0/1	23	99	11,12	0.5217391304347826	True
XB2014-39-1A	EY9	CPO	1.0	1	1.0	HiC_scaffold6	36120090	False	A	G	0/0	34	99	34,0	0.0	True
XB2014-39-2A	EY9	CPO	1.0	1	1.0	HiC_scaffold6	36120090	False	A	G	0/0	46	99	46,0	0.0	True
XB2014-39-3A	EY9	CPO	1.0	1	1.0	HiC_scaffold6	36120090	False	A	G	0/0	33	99	33,0	0.0	True
XB2014-39-4A	EY9	CPO	1.0	1	1.0	HiC_scaffold6	36120090	False	A	G	0/0	26	72	26,0	0.0	True
XB2014-39-5A	EY9	CPO	1.0	1	1.0	HiC_scaffold6	36120090	False	A	G	0/0	30	90	30,0	0.0	True
XB2014-39-6A	EY9	CPO	1.0	1	1.0	HiC_scaffold6	36120090	False	A	G	0/0	43	99	43,0	0.0	True
XB2014-39-7A	EY9	CPO	1.0	1	1.0	HiC_scaffold6	36120090	False	A	G	0/0	43	99	43,0	0.0	True
XB2014-39-8A	EY9	CPO	1.0	1	1.0	HiC_scaffold6	36120090	False	A	G	0/0	41	99	41,0	0.0	True
XB2014-4-2A	MN4	CYU	0.0	0	1.0	HiC_scaffold6	36120090	False	A	G	0/1	27	61	5,22	0.8148148148148148	True
XB2014-4-3A	MN4	CYU	0.0	0	1.0	HiC_scaffold6	36120090	False	A	G	0/1	21	99	11,10	0.47619047619047616	True
XB2014-4-4A	MN4	CYU	0.0	0	1.0	HiC_scaffold6	36120090	False	A	G	0/1	36	99	9,27	0.75	True
XB2014-4-5A	MN4	CYU	0.0	0	1.0	HiC_scaffold6	36120090	False	A	G	0/1	26	99	6,20	0.7692307692307693	True
XB2014-4-6A	MN4	CYU	0.0	0	1.0	HiC_scaffold6	36120090	False	A	G	0/1	27	99	7,20	0.7407407407407407	True
XB2014-4-7A	MN4	CYU	0.0	0	1.0	HiC_scaffold6	36120090	False	A	G	0/1	27	99	16,11	0.4074074074074074	True
XB2014-4-8A	YL9	CYU	0.0	0	1.0	HiC_scaffold6	36120090	False	A	G	0/1	38	99	8,30	0.7894736842105263	True
XB2014-4-9A	YL9	CYU	0.0	0	1.0	HiC_scaffold6	36120090	False	A	G	0/1	40	96	8,32	0.8	True
XB2014-48-1A	MN4	CYU	0.0	0	1.0	HiC_scaffold6	36120090	False	A	G	1/1	30	31	2,28	0.9333333333333333	True
XB2014-48-2A	MN4	CYU	0.0	0	1.0	HiC_scaffold6	36120090	False	A	G	1/1	33	99	0,33	1.0	True
XB2014-48-3A	YL9	CYU	0.0	0	1.0	HiC_scaffold6	36120090	False	A	G	0/1	24	99	13,11	0.4583333333333333	True
XB2014-48-4A	YL9	CYU	0.0	0	1.0	HiC_scaffold6	36120090	False	A	G	0/1	24	99	14,10	0.4166666666666667	True
XB2014-48-5A	YL9	CYU	0.0	0	1.0	HiC_scaffold6	36120090	False	A	G	1/1	40	6	3,37	0.925	False
XB2014-48-6A	YL9	CYU	0.0	0	1.0	HiC_scaffold6	36120090	False	A	G	0/1	31	99	19,12	0.3870967741935484	True
XB2014-48-7A	YL9	CYU	0.0	0	1.0	HiC_scaffold6	36120090	False	A	G	1/1	19	32	1,18	0.9473684210526315	True
XB2014-48-9A	YL9	CYU	0.0	0	1.0	HiC_scaffold6	36120090	False	A	G	0/1	30	26	4,26	0.8666666666666667	True
XB26-3B	SC37	CPO	1.0	1	1.0	HiC_scaffold6	36120090	False	A	G	0/0	37	99	37,0	0.0	True
XB26-4B	SC37	CPO	1.0	1	1.0	HiC_scaffold6	36120090	False	A	G	0/0	33	99	33,0	0.0	True
XB26-5B	SC37	CPO	1.0	1	1.0	HiC_scaffold6	36120090	False	A	G	0/0	41	99	41,0	0.0	True
XB26-7B	SC37	CPO	1.0	1	1.0	HiC_scaffold6	36120090	False	A	G	0/0	44	99	44,0	0.0	True
XuBo982-1A	XS40	CMA	1.0	1	0.0	HiC_scaffold6	36120090	False	A	G	0/0	23	64	23,0	0.0	True
XuBo982-2A	XS40	CMA	1.0	1	0.0	HiC_scaffold6	36120090	False	A	G	0/0	22	60	22,0	0.0	True
XuBo982-3A	XS40	CMA	1.0	1	0.0	HiC_scaffold6	36120090	False	A	G	0/0	31	90	31,0	0.0	True
XuBo982-4A	XS40	CMA	1.0	1	0.0	HiC_scaffold6	36120090	False	A	G	0/0	28	81	28,0	0.0	True
XuBo982-5A	XS40	CMA	1.0	1	0.0	HiC_scaffold6	36120090	False	A	G	0/0	29	81	29,0	0.0	True
XubBo-1037-1A	LN46	N	1.0	1	0.0	HiC_scaffold6	36120090	False	A	G	0/0	24	29	24,0	0.0	True
XubBo-1037-2A	TB43	CMA	NA	1	NA	HiC_scaffold6	36120090	False	A	G	0/0	18	54	18,0	0.0	True
XubBo-1037-3A	TB43	CMA	NA	1	NA	HiC_scaffold6	36120090	False	A	G	0/0	21	57	21,0	0.0	True
XubBo-1037-4A	TB43	CMA	NA	1	NA	HiC_scaffold6	36120090	False	A	G	0/0	24	66	24,0	0.0	True
XubBo-1037-5A	TB43	CMA	NA	1	NA	HiC_scaffold6	36120090	False	A	G	0/0	12	27	12,0	0.0	True
XubBo-1037-6A	TB43	CMA	NA	1	NA	HiC_scaffold6	36120090	False	A	G	0/0	24	72	24,0	0.0	True
XubBo-1037-7A	TB43	CMA	NA	1	NA	HiC_scaffold6	36120090	False	A	G	0/0	10	24	10,0	0.0	True
XubBo-1037-8A	TB43	CMA	NA	1	NA	HiC_scaffold6	36120090	False	A	G	0/0	13	33	13,0	0.0	True
XubBo1030-10A	LN46	N	1.0	1	0.0	HiC_scaffold6	36120090	False	A	G	0/0	21	60	21,0	0.0	True
XubBo1030-1A	LN46	N	1.0	1	0.0	HiC_scaffold6	36120090	False	A	G	0/0	20	54	20,0	0.0	True
XubBo1030-3A	LN46	N	1.0	1	0.0	HiC_scaffold6	36120090	False	A	G	0/0	28	81	28,0	0.0	True
XubBo1030-5A	LN46	N	1.0	1	0.0	HiC_scaffold6	36120090	False	A	G	0/0	10	30	10,0	0.0	True
XubBo1030-6A	LN46	N	1.0	1	0.0	HiC_scaffold6	36120090	False	A	G	0/0	24	72	24,0	0.0	True
XubBo1030-8A	LN46	N	1.0	1	0.0	HiC_scaffold6	36120090	False	A	G	0/0	26	75	26,0	0.0	True
XubBo1030-9A	LN46	N	1.0	1	0.0	HiC_scaffold6	36120090	False	A	G	0/0	20	54	20,0	0.0	True
XubBo1051-10A	WX48	CMA	1.0	1	0.0	HiC_scaffold6	36120090	False	A	G	0/0	17	42	17,0	0.0	True
XubBo1051-1A	WX48	CMA	1.0	1	0.0	HiC_scaffold6	36120090	False	A	G	0/0	36	99	36,0	0.0	True
XubBo1051-2A	WX48	CMA	1.0	1	0.0	HiC_scaffold6	36120090	False	A	G	0/0	35	90	35,0	0.0	True
XubBo1051-3A	WX48	CMA	1.0	1	0.0	HiC_scaffold6	36120090	False	A	G	0/0	23	60	23,0	0.0	True
XubBo1051-4A	WX48	CMA	1.0	1	0.0	HiC_scaffold6	36120090	False	A	G	0/0	22	60	22,0	0.0	True
XubBo1051-7A	WX48	CMA	1.0	1	0.0	HiC_scaffold6	36120090	False	A	G	0/0	33	81	33,0	0.0	True
XubBo1051-8A	WX48	CMA	1.0	1	0.0	HiC_scaffold6	36120090	False	A	G	0/0	42	99	42,0	0.0	True
XubBo1051-9A	WX48	CMA	1.0	1	0.0	HiC_scaffold6	36120090	False	A	G	0/0	31	81	31,0	0.0	True
Xubo01402-2A	YS26	CYU	1.0	1	1.0	HiC_scaffold6	36120090	False	A	G	0/0	34	99	34,0	0.0	True
Xubo01402-3A	YS26	CYU	1.0	1	1.0	HiC_scaffold6	36120090	False	A	G	0/0	16	45	16,0	0.0	True
Xubo01402-4A	YS26	CYU	1.0	1	1.0	HiC_scaffold6	36120090	False	A	G	0/0	36	99	36,0	0.0	True
Xubo01402-5A	YS26	CYU	1.0	1	1.0	HiC_scaffold6	36120090	False	A	G	0/0	37	99	37,0	0.0	True
Xubo01402-6A	YS26	CYU	1.0	1	1.0	HiC_scaffold6	36120090	False	A	G	0/0	32	90	32,0	0.0	True
Xubo01402-7A	YS26	CYU	1.0	1	1.0	HiC_scaffold6	36120090	False	A	G	0/0	27	81	27,0	0.0	True
Xubo01402-8A	YS26	CYU	1.0	1	1.0	HiC_scaffold6	36120090	False	A	G	0/0	30	84	30,0	0.0	True
Xubo01402-9A	YS26	CYU	1.0	1	1.0	HiC_scaffold6	36120090	False	A	G	0/0	22	63	22,0	0.0	True
YLZB4703-2A	SM3	CYU	0.0	0	1.0	HiC_scaffold6	36120090	False	A	G	0/0	25	72	25,0	0.0	True
YLZB4703-3A	SM3	CYU	0.0	0	1.0	HiC_scaffold6	36120090	False	A	G	0/0	24	69	24,0	0.0	True
YLZB4703-5A	SM3	CYU	0.0	0	1.0	HiC_scaffold6	36120090	False	A	G	0/1	32	99	16,16	0.5	True
YLZB4703-7A	SM3	CYU	0.0	0	1.0	HiC_scaffold6	36120090	False	A	G	0/0	33	99	33,0	0.0	True
YLZB4703-9A	SM3	CYU	0.0	0	1.0	HiC_scaffold6	36120090	False	A	G	0/1	24	99	13,11	0.4583333333333333	True
YLZB4715-10A	MY1	CYU	0.0	0	1.0	HiC_scaffold6	36120090	False	A	G	1/1	25	50	1,24	0.96	True
YLZB4715-1A	MY1	CYU	0.0	0	1.0	HiC_scaffold6	36120090	False	A	G	1/1	20	30	1,19	0.95	True
YLZB4715-2A	MY1	CYU	0.0	0	1.0	HiC_scaffold6	36120090	False	A	G	0/1	29	99	6,23	0.7931034482758621	True
YLZB4715-5A	MY1	CYU	0.0	0	1.0	HiC_scaffold6	36120090	False	A	G	0/1	6	7	1,5	0.8333333333333334	False
YLZB4715-6A	MY1	CYU	0.0	0	1.0	HiC_scaffold6	36120090	False	A	G	1/1	19	32	1,18	0.9473684210526315	True
YLZB4715-7A	MY1	CYU	0.0	0	1.0	HiC_scaffold6	36120090	False	A	G	1/1	24	47	1,23	0.9583333333333334	True
YLZB4715-8A	MY1	CYU	0.0	0	1.0	HiC_scaffold6	36120090	False	A	G	1/1	45	61	3,42	0.9333333333333333	True
YLZB4715-9A	MY1	CYU	0.0	0	1.0	HiC_scaffold6	36120090	False	A	G	0/1	25	85	5,20	0.8	True
YLZB4735-10A	YSXC51	CPO	1.0	1	1.0	HiC_scaffold6	36120090	False	A	G	0/0	29	84	29,0	0.0	True
YLZB4735-1A	YSXC51	CPO	1.0	1	1.0	HiC_scaffold6	36120090	False	A	G	0/0	16	48	16,0	0.0	True
YLZB4735-2A	YSXC51	CPO	1.0	1	1.0	HiC_scaffold6	36120090	False	A	G	0/0	35	99	35,0	0.0	True
YLZB4735-3A	YSXC51	CPO	1.0	1	1.0	HiC_scaffold6	36120090	False	A	G	0/0	26	72	26,0	0.0	True
YLZB4735-5A	YSXC51	CPO	1.0	1	1.0	HiC_scaffold6	36120090	False	A	G	0/0	34	99	34,0	0.0	True
YLZB4735-6A	YSXC51	CPO	1.0	1	1.0	HiC_scaffold6	36120090	False	A	G	0/0	33	87	33,0	0.0	True
YLZB4735-8A	YSXC51	CPO	1.0	1	1.0	HiC_scaffold6	36120090	False	A	G	0/0	26	72	26,0	0.0	True
YLZB4735-9A	YSXC51	CPO	1.0	1	1.0	HiC_scaffold6	36120090	False	A	G	0/0	33	90	33,0	0.0	True
YLZB4816-11A	ASCD52	CPO	1.0	1	1.0	HiC_scaffold6	36120090	False	A	G	0/0	37	99	37,0	0.0	True
YLZB4816-3A	ASCD52	CPO	1.0	1	1.0	HiC_scaffold6	36120090	False	A	G	0/0	38	99	38,0	0.0	True
YLZB4816-4A	ASCD52	CPO	1.0	1	1.0	HiC_scaffold6	36120090	False	A	G	0/0	20	54	20,0	0.0	True
YLZB4816-6A	ASCD52	CPO	1.0	1	1.0	HiC_scaffold6	36120090	False	A	G	0/0	31	87	31,0	0.0	True
YLZB4816-7A	ASCD52	CPO	1.0	1	1.0	HiC_scaffold6	36120090	False	A	G	0/0	36	99	36,0	0.0	True
YLZB4816-8A	ASCD52	CPO	1.0	1	1.0	HiC_scaffold6	36120090	False	A	G	0/0	5	15	5,0	0.0	False
YLZB4816-9A	ASCD52	CPO	1.0	1	1.0	HiC_scaffold6	36120090	False	A	G	0/0	28	75	28,0	0.0	True
ZXL277-1A	YY12	CMA	1.0	1	0.0	HiC_scaffold6	36120090	False	A	G	0/0	21	60	21,0	0.0	True
ZXL277-2A	YY12	CMA	1.0	1	0.0	HiC_scaffold6	36120090	False	A	G	0/0	29	69	29,0	0.0	True
ZXL277-3A	YY12	CMA	1.0	1	0.0	HiC_scaffold6	36120090	False	A	G	0/0	26	72	26,0	0.0	True
ZXL277-4A	YY12	CMA	1.0	1	0.0	HiC_scaffold6	36120090	False	A	G	0/0	35	99	35,0	0.0	True
ZXL277-5A	YY12	CMA	1.0	1	0.0	HiC_scaffold6	36120090	False	A	G	0/0	26	75	26,0	0.0	True
ZXL277-6A	YY12	CMA	1.0	1	0.0	HiC_scaffold6	36120090	False	A	G	0/0	26	75	26,0	0.0	True
ZXL277-7A	YY12	CMA	1.0	1	0.0	HiC_scaffold6	36120090	False	A	G	0/0	29	81	29,0	0.0	True
ZXL277-8A	YY12	CMA	1.0	1	0.0	HiC_scaffold6	36120090	False	A	G	0/0	34	99	34,0	0.0	True
ZXL79-1A	CZ25	CMA	1.0	1	0.0	HiC_scaffold6	36120090	False	A	G	0/0	12	36	12,0	0.0	True
ZXL79-2A	CZ25	CMA	1.0	1	0.0	HiC_scaffold6	36120090	False	A	G	./.	0	0	0,0	NA	False
ZXL79-3A	CZ25	CMA	1.0	1	0.0	HiC_scaffold6	36120090	False	A	G	./.	0	0	0,0	NA	False
ZXL79-4A	CZ25	CMA	1.0	1	0.0	HiC_scaffold6	36120090	False	A	G	0/0	10	30	10,0	0.0	True
ZXL79-5A	CZ25	CMA	1.0	1	0.0	HiC_scaffold6	36120090	False	A	G	0/0	10	27	10,0	0.0	True
ZXL79-6A	CZ25	CMA	1.0	1	0.0	HiC_scaffold6	36120090	False	A	G	0/0	4	12	4,0	0.0	False
ZXL79-7A	CZ25	CMA	1.0	1	0.0	HiC_scaffold6	36120090	False	A	G	0/0	24	72	24,0	0.0	True
xubo266-2A	XY36	CMA	1.0	1	0.0	HiC_scaffold6	36120090	False	A	G	0/0	12	36	12,0	0.0	True
xubo266-3A	XY36	CMA	1.0	1	0.0	HiC_scaffold6	36120090	False	A	G	0/0	14	39	14,0	0.0	True
xubo266-4A	XY36	CMA	1.0	1	0.0	HiC_scaffold6	36120090	False	A	G	0/0	30	80	30,0	0.0	True
xubo266-5A	XY36	CMA	1.0	1	0.0	HiC_scaffold6	36120090	False	A	G	0/0	22	57	22,0	0.0	True
xubo266-6A	XY36	CMA	1.0	1	0.0	HiC_scaffold6	36120090	False	A	G	0/0	26	72	26,0	0.0	True
xubo266-8A	XY36	CMA	1.0	1	0.0	HiC_scaffold6	36120090	False	A	G	0/0	23	66	23,0	0.0	True
xubo266-9A	XY36	CMA	1.0	1	0.0	HiC_scaffold6	36120090	False	A	G	0/0	16	45	16,0	0.0	True
zhuzm1009-10A	KM42	CPO	1.0	1	1.0	HiC_scaffold6	36120090	False	A	G	0/0	46	99	46,0	0.0	True
zhuzm1009-2A	KM42	CPO	1.0	1	1.0	HiC_scaffold6	36120090	False	A	G	0/0	31	81	31,0	0.0	True
zhuzm1009-3A	KM42	CPO	1.0	1	1.0	HiC_scaffold6	36120090	False	A	G	0/0	33	99	33,0	0.0	True
zhuzm1009-6A	KM42	CPO	1.0	1	1.0	HiC_scaffold6	36120090	False	A	G	0/0	22	60	22,0	0.0	True
zhuzm1009-7A	KM42	CPO	1.0	1	1.0	HiC_scaffold6	36120090	False	A	G	0/0	37	99	37,0	0.0	True
zhuzm1009-8A	KM42	CPO	1.0	1	1.0	HiC_scaffold6	36120090	False	A	G	0/0	43	99	43,0	0.0	True
2014-128-1A	ML50	CPO	1.0	1	1.0	HiC_scaffold6	36150560	False	T	A	0/0	2	6	2,0	0.0	False
2014-128-2A	ML50	CPO	1.0	1	1.0	HiC_scaffold6	36150560	False	T	A	0/0	3	9	3,0	0.0	False
2014-128-3A	ML50	CPO	1.0	1	1.0	HiC_scaffold6	36150560	False	T	A	0/0	3	9	3,0	0.0	False
2014-128-4A	ML50	CPO	1.0	1	1.0	HiC_scaffold6	36150560	False	T	A	./.	0	0	0,0	NA	False
2014-128-5A	ML50	CPO	1.0	1	1.0	HiC_scaffold6	36150560	False	T	A	0/0	3	9	3,0	0.0	False
2014-132-2A	ML5	N	1.0	1	1.0	HiC_scaffold6	36150560	False	T	A	0/0	4	12	4,0	0.0	False
2014-132-3A	ML5	N	1.0	1	1.0	HiC_scaffold6	36150560	False	T	A	0/0	2	6	2,0	0.0	False
2014-132-4A	ML5	N	1.0	1	1.0	HiC_scaffold6	36150560	False	T	A	0/0	5	15	5,0	0.0	False
2014-132-5A	ML5	N	1.0	1	1.0	HiC_scaffold6	36150560	False	T	A	0/0	4	12	4,0	0.0	False
2014-132-6A	ML5	N	1.0	1	1.0	HiC_scaffold6	36150560	False	T	A	0/0	1	3	1,0	0.0	False
2014-132-7A	ML5	N	1.0	1	1.0	HiC_scaffold6	36150560	False	T	A	0/0	4	12	4,0	0.0	False
2014-132-8A	ML5	N	1.0	1	1.0	HiC_scaffold6	36150560	False	T	A	0/0	5	15	5,0	0.0	False
2014-132-9A	ML5	N	1.0	1	1.0	HiC_scaffold6	36150560	False	T	A	0/0	5	15	5,0	0.0	False
2014-3-10A	MN34	CPO	1.0	1	1.0	HiC_scaffold6	36150560	False	T	A	0/0	8	24	8,0	0.0	False
2014-3-3A	MN34	CPO	1.0	1	1.0	HiC_scaffold6	36150560	False	T	A	0/0	4	12	4,0	0.0	False
2014-3-4A	MN34	CPO	1.0	1	1.0	HiC_scaffold6	36150560	False	T	A	0/0	4	12	4,0	0.0	False
2014-3-5A	MN34	CPO	1.0	1	1.0	HiC_scaffold6	36150560	False	T	A	0/0	9	27	9,0	0.0	False
2014-3-6A	MN34	CPO	1.0	1	1.0	HiC_scaffold6	36150560	False	T	A	0/0	4	12	4,0	0.0	False
2014-3-7A	MN34	CPO	1.0	1	1.0	HiC_scaffold6	36150560	False	T	A	0/0	9	27	9,0	0.0	False
2014-3-8A	MN34	CPO	1.0	1	1.0	HiC_scaffold6	36150560	False	T	A	0/0	6	18	6,0	0.0	False
2014-3-9A	MN34	CPO	1.0	1	1.0	HiC_scaffold6	36150560	False	T	A	0/0	4	12	4,0	0.0	False
2014-66-1A	YL49	CPO	1.0	1	1.0	HiC_scaffold6	36150560	False	T	A	0/0	3	9	3,0	0.0	False
2014-66-2A	YL49	CPO	1.0	1	1.0	HiC_scaffold6	36150560	False	T	A	0/0	1	3	1,0	0.0	False
2014-66-3A	YL49	CPO	1.0	1	1.0	HiC_scaffold6	36150560	False	T	A	0/0	5	15	5,0	0.0	False
2014-66-4A	YL49	CPO	1.0	1	1.0	HiC_scaffold6	36150560	False	T	A	0/0	3	9	3,0	0.0	False
2014-66-5A	YL49	CPO	1.0	1	1.0	HiC_scaffold6	36150560	False	T	A	0/0	4	12	4,0	0.0	False
2014-66-6A	YL49	CPO	1.0	1	1.0	HiC_scaffold6	36150560	False	T	A	0/0	2	6	2,0	0.0	False
2014-66-7A	YL49	CPO	1.0	1	1.0	HiC_scaffold6	36150560	False	T	A	0/0	9	27	9,0	0.0	False
2014-66-8A	YL49	CPO	1.0	1	1.0	HiC_scaffold6	36150560	False	T	A	0/0	1	3	1,0	0.0	False
DP1709141A	DQS11	CMA	1.0	1	0.0	HiC_scaffold6	36150560	False	T	A	./.	0	0	0,0	NA	False
DP1709144A	DQS11	CMA	1.0	1	0.0	HiC_scaffold6	36150560	False	T	A	./.	0	0	0,0	NA	False
DP1709148A	DQS11	CMA	1.0	1	0.0	HiC_scaffold6	36150560	False	T	A	./.	0	0	0,0	NA	False
Gln2014-15-10A	LD30	CYU	0.0	0	1.0	HiC_scaffold6	36150560	False	T	A	0/1	20	99	10,10	0.5	True
Gln2014-15-1A	LD30	CYU	0.0	0	1.0	HiC_scaffold6	36150560	False	T	A	0/0	24	72	24,0	0.0	True
Gln2014-15-3A	LD30	CYU	0.0	0	1.0	HiC_scaffold6	36150560	False	T	A	0/1	12	99	5,7	0.5833333333333334	True
Gln2014-15-4A	LD30	CYU	0.0	0	1.0	HiC_scaffold6	36150560	False	T	A	0/0	4	12	4,0	0.0	False
Gln2014-15-5A	LD30	CYU	0.0	0	1.0	HiC_scaffold6	36150560	False	T	A	0/0	17	51	17,0	0.0	True
Gln2014-15-6A	LD30	CYU	0.0	0	1.0	HiC_scaffold6	36150560	False	T	A	0/1	14	99	9,5	0.35714285714285715	True
Gln2014-15-7A	LD30	CYU	0.0	0	1.0	HiC_scaffold6	36150560	False	T	A	0/0	26	72	26,0	0.0	True
Gln2014-15-8A	LD30	CYU	0.0	0	1.0	HiC_scaffold6	36150560	False	T	A	0/1	30	99	21,9	0.3	True
Gln2014-8-1A	LD06	CPO	1.0	1	1.0	HiC_scaffold6	36150560	False	T	A	0/0	6	18	6,0	0.0	False
Gln2014-8-2A	LD06	CPO	1.0	1	1.0	HiC_scaffold6	36150560	False	T	A	./.	0	0	0,0	NA	False
Gln2014-8-4A	LD06	CPO	1.0	1	1.0	HiC_scaffold6	36150560	False	T	A	0/0	1	3	1,0	0.0	False
Gln2014-8-5A	LD06	CPO	1.0	1	1.0	HiC_scaffold6	36150560	False	T	A	0/0	1	3	1,0	0.0	False
Gln2014-8-6A	LD06	CPO	1.0	1	1.0	HiC_scaffold6	36150560	False	T	A	0/0	5	15	5,0	0.0	False
Gln2014-8-7A	LD06	CPO	1.0	1	1.0	HiC_scaffold6	36150560	False	T	A	0/0	6	18	6,0	0.0	False
Gln2014-8-8A	LD06	CPO	1.0	1	1.0	HiC_scaffold6	36150560	False	T	A	0/0	4	12	4,0	0.0	False
JLS-BM001-1A	BM31	N	NA	1	NA	HiC_scaffold6	36150560	False	T	A	0/0	8	24	8,0	0.0	False
JLS-BM001-2A	BM31	N	NA	1	NA	HiC_scaffold6	36150560	False	T	A	0/0	12	33	12,0	0.0	True
JLS-BM001-3A	BM31	N	NA	1	NA	HiC_scaffold6	36150560	False	T	A	0/0	14	42	14,0	0.0	True
JLS-BM001-4A	BM31	N	NA	1	NA	HiC_scaffold6	36150560	False	T	A	0/0	8	24	8,0	0.0	False
JLS-BM001-5A	BM31	N	NA	1	NA	HiC_scaffold6	36150560	False	T	A	0/0	10	30	10,0	0.0	True
JLS-BM001-6A	BM31	N	NA	1	NA	HiC_scaffold6	36150560	False	T	A	0/0	5	15	5,0	0.0	False
JLS-BM001-7A	BM31	N	NA	1	NA	HiC_scaffold6	36150560	False	T	A	0/0	3	9	3,0	0.0	False
JLS-BM001-8A	BM31	N	NA	1	NA	HiC_scaffold6	36150560	False	T	A	0/0	9	27	9,0	0.0	False
JLS-CY022-10A	CY32	CPO	1.0	1	1.0	HiC_scaffold6	36150560	False	T	A	0/0	10	30	10,0	0.0	True
JLS-CY022-11A	CY32	CPO	1.0	1	1.0	HiC_scaffold6	36150560	False	T	A	0/0	6	18	6,0	0.0	False
JLS-CY022-4A	CY32	CPO	1.0	1	1.0	HiC_scaffold6	36150560	False	T	A	0/0	3	9	3,0	0.0	False
JLS-CY022-5A	CY32	CPO	1.0	1	1.0	HiC_scaffold6	36150560	False	T	A	0/0	3	9	3,0	0.0	False
JLS-CY022-6A	CY32	CPO	1.0	1	1.0	HiC_scaffold6	36150560	False	T	A	0/0	2	6	2,0	0.0	False
JLS-CY022-7A	CY32	CPO	1.0	1	1.0	HiC_scaffold6	36150560	False	T	A	0/0	8	24	8,0	0.0	False
Sha-WS-1A	WS14	CMA	1.0	1	0.0	HiC_scaffold6	36150560	False	T	A	0/0	22	60	22,0	0.0	True
Sha-WS-2A	WS14	CMA	1.0	1	0.0	HiC_scaffold6	36150560	False	T	A	0/0	15	45	15,0	0.0	True
Sha-WS-3A	WS14	CMA	1.0	1	0.0	HiC_scaffold6	36150560	False	T	A	0/0	21	57	21,0	0.0	True
Sha-WS-4A	WS14	CMA	1.0	1	0.0	HiC_scaffold6	36150560	False	T	A	0/0	19	57	19,0	0.0	True
Sha-WS-5A	WS14	CMA	1.0	1	0.0	HiC_scaffold6	36150560	False	T	A	0/0	20	57	20,0	0.0	True
Sha-WS-6A	WS14	CMA	1.0	1	0.0	HiC_scaffold6	36150560	False	T	A	0/0	27	81	27,0	0.0	True
Sha-WS-7A	WS14	CMA	1.0	1	0.0	HiC_scaffold6	36150560	False	T	A	0/0	27	78	27,0	0.0	True
Sha-WS-8A	WS14	CMA	1.0	1	0.0	HiC_scaffold6	36150560	False	T	A	0/0	9	27	9,0	0.0	False
THP-SET_1917-1A	MK27	CPO	1.0	1	1.0	HiC_scaffold6	36150560	False	T	A	0/0	1	3	1,0	0.0	False
THP-SET_1917-2A	MK27	CPO	1.0	1	1.0	HiC_scaffold6	36150560	False	T	A	0/0	3	9	3,0	0.0	False
THP-SET_1917-3A	MK27	CPO	1.0	1	1.0	HiC_scaffold6	36150560	False	T	A	0/0	4	12	4,0	0.0	False
THP-SET_1917-4A	MK27	CPO	1.0	1	1.0	HiC_scaffold6	36150560	False	T	A	0/0	1	3	1,0	0.0	False
THP-SET_1917-5A	MK27	CPO	1.0	1	1.0	HiC_scaffold6	36150560	False	T	A	0/0	5	15	5,0	0.0	False
THP-SET_1917-6A	MK27	CPO	1.0	1	1.0	HiC_scaffold6	36150560	False	T	A	0/0	5	15	5,0	0.0	False
THP-SET_1917-7A	MK27	CPO	1.0	1	1.0	HiC_scaffold6	36150560	False	T	A	0/0	4	12	4,0	0.0	False
THP-SET_1917-8A	MK27	CPO	1.0	1	1.0	HiC_scaffold6	36150560	False	T	A	0/0	3	9	3,0	0.0	False
XB2014-144-2A	SM35	CYU	1.0	1	1.0	HiC_scaffold6	36150560	False	T	A	0/0	12	36	12,0	0.0	True
XB2014-144-3A	SM35	CYU	1.0	1	1.0	HiC_scaffold6	36150560	False	T	A	0/0	15	39	15,0	0.0	True
XB2014-144-4A	SM35	CYU	1.0	1	1.0	HiC_scaffold6	36150560	False	T	A	0/0	18	54	18,0	0.0	True
XB2014-144-5A	SM35	CYU	1.0	1	1.0	HiC_scaffold6	36150560	False	T	A	0/0	35	99	35,0	0.0	True
XB2014-144-6A	SM35	CYU	1.0	1	1.0	HiC_scaffold6	36150560	False	T	A	0/0	15	45	15,0	0.0	True
XB2014-144-7A	SM35	CYU	1.0	1	1.0	HiC_scaffold6	36150560	False	T	A	0/0	24	69	24,0	0.0	True
XB2014-144-8A	SM35	CYU	1.0	1	1.0	HiC_scaffold6	36150560	False	T	A	0/0	16	48	16,0	0.0	True
XB2014-144-9A	SM35	CYU	1.0	1	1.0	HiC_scaffold6	36150560	False	T	A	0/0	18	54	18,0	0.0	True
XB2014-38-2A	EY8	CYU	0.0	1	1.0	HiC_scaffold6	36150560	False	T	A	0/1	22	99	15,7	0.3181818181818182	True
XB2014-38-3A	EY8	CYU	0.0	1	1.0	HiC_scaffold6	36150560	False	T	A	0/1	6	72	2,4	0.6666666666666666	False
XB2014-38-4A	EY8	CYU	0.0	1	1.0	HiC_scaffold6	36150560	False	T	A	0/0	7	21	7,0	0.0	False
XB2014-38-5A	EY8	CYU	0.0	1	1.0	HiC_scaffold6	36150560	False	T	A	0/0	4	12	4,0	0.0	False
XB2014-38-6A	EY9	CPO	0.0	1	1.0	HiC_scaffold6	36150560	False	T	A	0/1	11	99	6,5	0.45454545454545453	True
XB2014-39-1A	EY9	CPO	1.0	1	1.0	HiC_scaffold6	36150560	False	T	A	0/0	6	18	6,0	0.0	False
XB2014-39-2A	EY9	CPO	1.0	1	1.0	HiC_scaffold6	36150560	False	T	A	0/0	7	21	7,0	0.0	False
XB2014-39-3A	EY9	CPO	1.0	1	1.0	HiC_scaffold6	36150560	False	T	A	0/0	4	12	4,0	0.0	False
XB2014-39-4A	EY9	CPO	1.0	1	1.0	HiC_scaffold6	36150560	False	T	A	0/0	5	15	5,0	0.0	False
XB2014-39-5A	EY9	CPO	1.0	1	1.0	HiC_scaffold6	36150560	False	T	A	0/0	2	6	2,0	0.0	False
XB2014-39-6A	EY9	CPO	1.0	1	1.0	HiC_scaffold6	36150560	False	T	A	0/0	8	24	8,0	0.0	False
XB2014-39-7A	EY9	CPO	1.0	1	1.0	HiC_scaffold6	36150560	False	T	A	0/0	2	6	2,0	0.0	False
XB2014-39-8A	EY9	CPO	1.0	1	1.0	HiC_scaffold6	36150560	False	T	A	0/0	3	9	3,0	0.0	False
XB2014-4-2A	MN4	CYU	0.0	0	1.0	HiC_scaffold6	36150560	False	T	A	0/1	16	99	5,11	0.6875	True
XB2014-4-3A	MN4	CYU	0.0	0	1.0	HiC_scaffold6	36150560	False	T	A	0/1	8	94	5,3	0.375	False
XB2014-4-4A	MN4	CYU	0.0	0	1.0	HiC_scaffold6	36150560	False	T	A	0/1	14	93	3,11	0.7857142857142857	True
XB2014-4-5A	MN4	CYU	0.0	0	1.0	HiC_scaffold6	36150560	False	T	A	0/1	7	69	2,5	0.7142857142857143	False
XB2014-4-6A	MN4	CYU	0.0	0	1.0	HiC_scaffold6	36150560	False	T	A	0/1	15	99	6,9	0.6	True
XB2014-4-7A	MN4	CYU	0.0	0	1.0	HiC_scaffold6	36150560	False	T	A	0/1	7	77	4,3	0.42857142857142855	False
XB2014-4-8A	YL9	CYU	0.0	0	1.0	HiC_scaffold6	36150560	False	T	A	0/1	7	24	1,6	0.8571428571428571	False
XB2014-4-9A	YL9	CYU	0.0	0	1.0	HiC_scaffold6	36150560	False	T	A	0/1	16	48	3,13	0.8125	True
XB2014-48-1A	MN4	CYU	0.0	0	1.0	HiC_scaffold6	36150560	False	T	A	0/1	17	99	13,4	0.23529411764705882	True
XB2014-48-2A	MN4	CYU	0.0	0	1.0	HiC_scaffold6	36150560	False	T	A	0/1	15	99	9,6	0.4	True
XB2014-48-3A	YL9	CYU	0.0	0	1.0	HiC_scaffold6	36150560	False	T	A	0/1	8	99	3,5	0.625	False
XB2014-48-4A	YL9	CYU	0.0	0	1.0	HiC_scaffold6	36150560	False	T	A	0/1	9	18	8,1	0.1111111111111111	False
XB2014-48-5A	YL9	CYU	0.0	0	1.0	HiC_scaffold6	36150560	False	T	A	0/1	16	99	5,11	0.6875	True
XB2014-48-6A	YL9	CYU	0.0	0	1.0	HiC_scaffold6	36150560	False	T	A	0/1	12	99	7,5	0.4166666666666667	True
XB2014-48-7A	YL9	CYU	0.0	0	1.0	HiC_scaffold6	36150560	False	T	A	0/1	25	99	8,17	0.68	True
XB2014-48-9A	YL9	CYU	0.0	0	1.0	HiC_scaffold6	36150560	False	T	A	0/1	15	99	6,9	0.6	True
XB26-3B	SC37	CPO	1.0	1	1.0	HiC_scaffold6	36150560	False	T	A	0/0	4	12	4,0	0.0	False
XB26-4B	SC37	CPO	1.0	1	1.0	HiC_scaffold6	36150560	False	T	A	0/0	9	27	9,0	0.0	False
XB26-5B	SC37	CPO	1.0	1	1.0	HiC_scaffold6	36150560	False	T	A	0/0	6	18	6,0	0.0	False
XB26-7B	SC37	CPO	1.0	1	1.0	HiC_scaffold6	36150560	False	T	A	0/0	6	18	6,0	0.0	False
XuBo982-1A	XS40	CMA	1.0	1	0.0	HiC_scaffold6	36150560	False	T	A	0/0	20	48	20,0	0.0	True
XuBo982-2A	XS40	CMA	1.0	1	0.0	HiC_scaffold6	36150560	False	T	A	0/0	15	45	15,0	0.0	True
XuBo982-3A	XS40	CMA	1.0	1	0.0	HiC_scaffold6	36150560	False	T	A	0/0	27	81	27,0	0.0	True
XuBo982-4A	XS40	CMA	1.0	1	0.0	HiC_scaffold6	36150560	False	T	A	0/0	26	72	26,0	0.0	True
XuBo982-5A	XS40	CMA	1.0	1	0.0	HiC_scaffold6	36150560	False	T	A	0/0	38	99	38,0	0.0	True
XubBo-1037-1A	LN46	N	1.0	1	0.0	HiC_scaffold6	36150560	False	T	A	0/0	5	15	5,0	0.0	False
XubBo-1037-2A	TB43	CMA	NA	1	NA	HiC_scaffold6	36150560	False	T	A	0/0	2	6	2,0	0.0	False
XubBo-1037-3A	TB43	CMA	NA	1	NA	HiC_scaffold6	36150560	False	T	A	0/0	18	54	18,0	0.0	True
XubBo-1037-4A	TB43	CMA	NA	1	NA	HiC_scaffold6	36150560	False	T	A	0/0	7	21	7,0	0.0	False
XubBo-1037-5A	TB43	CMA	NA	1	NA	HiC_scaffold6	36150560	False	T	A	0/0	2	6	2,0	0.0	False
XubBo-1037-6A	TB43	CMA	NA	1	NA	HiC_scaffold6	36150560	False	T	A	0/0	5	15	5,0	0.0	False
XubBo-1037-7A	TB43	CMA	NA	1	NA	HiC_scaffold6	36150560	False	T	A	0/0	4	12	4,0	0.0	False
XubBo-1037-8A	TB43	CMA	NA	1	NA	HiC_scaffold6	36150560	False	T	A	0/0	7	21	7,0	0.0	False
XubBo1030-10A	LN46	N	1.0	1	0.0	HiC_scaffold6	36150560	False	T	A	0/0	5	15	5,0	0.0	False
XubBo1030-1A	LN46	N	1.0	1	0.0	HiC_scaffold6	36150560	False	T	A	0/0	7	21	7,0	0.0	False
XubBo1030-3A	LN46	N	1.0	1	0.0	HiC_scaffold6	36150560	False	T	A	0/0	8	24	8,0	0.0	False
XubBo1030-5A	LN46	N	1.0	1	0.0	HiC_scaffold6	36150560	False	T	A	0/0	12	36	12,0	0.0	True
XubBo1030-6A	LN46	N	1.0	1	0.0	HiC_scaffold6	36150560	False	T	A	0/0	13	36	13,0	0.0	True
XubBo1030-8A	LN46	N	1.0	1	0.0	HiC_scaffold6	36150560	False	T	A	0/0	23	69	23,0	0.0	True
XubBo1030-9A	LN46	N	1.0	1	0.0	HiC_scaffold6	36150560	False	T	A	0/0	4	12	4,0	0.0	False
XubBo1051-10A	WX48	CMA	1.0	1	0.0	HiC_scaffold6	36150560	False	T	A	0/0	10	30	10,0	0.0	True
XubBo1051-1A	WX48	CMA	1.0	1	0.0	HiC_scaffold6	36150560	False	T	A	0/0	16	48	16,0	0.0	True
XubBo1051-2A	WX48	CMA	1.0	1	0.0	HiC_scaffold6	36150560	False	T	A	0/0	24	72	24,0	0.0	True
XubBo1051-3A	WX48	CMA	1.0	1	0.0	HiC_scaffold6	36150560	False	T	A	0/0	13	39	13,0	0.0	True
XubBo1051-4A	WX48	CMA	1.0	1	0.0	HiC_scaffold6	36150560	False	T	A	0/0	12	36	12,0	0.0	True
XubBo1051-7A	WX48	CMA	1.0	1	0.0	HiC_scaffold6	36150560	False	T	A	0/0	8	24	8,0	0.0	False
XubBo1051-8A	WX48	CMA	1.0	1	0.0	HiC_scaffold6	36150560	False	T	A	0/0	27	81	27,0	0.0	True
XubBo1051-9A	WX48	CMA	1.0	1	0.0	HiC_scaffold6	36150560	False	T	A	0/0	17	51	17,0	0.0	True
Xubo01402-2A	YS26	CYU	1.0	1	1.0	HiC_scaffold6	36150560	False	T	A	0/0	13	39	13,0	0.0	True
Xubo01402-3A	YS26	CYU	1.0	1	1.0	HiC_scaffold6	36150560	False	T	A	0/0	8	24	8,0	0.0	False
Xubo01402-4A	YS26	CYU	1.0	1	1.0	HiC_scaffold6	36150560	False	T	A	0/0	13	39	13,0	0.0	True
Xubo01402-5A	YS26	CYU	1.0	1	1.0	HiC_scaffold6	36150560	False	T	A	0/0	16	48	16,0	0.0	True
Xubo01402-6A	YS26	CYU	1.0	1	1.0	HiC_scaffold6	36150560	False	T	A	0/0	11	33	11,0	0.0	True
Xubo01402-7A	YS26	CYU	1.0	1	1.0	HiC_scaffold6	36150560	False	T	A	0/0	10	30	10,0	0.0	True
Xubo01402-8A	YS26	CYU	1.0	1	1.0	HiC_scaffold6	36150560	False	T	A	0/0	8	24	8,0	0.0	False
Xubo01402-9A	YS26	CYU	1.0	1	1.0	HiC_scaffold6	36150560	False	T	A	0/0	11	33	11,0	0.0	True
YLZB4703-2A	SM3	CYU	0.0	0	1.0	HiC_scaffold6	36150560	False	T	A	0/0	12	36	12,0	0.0	True
YLZB4703-3A	SM3	CYU	0.0	0	1.0	HiC_scaffold6	36150560	False	T	A	0/0	12	36	12,0	0.0	True
YLZB4703-5A	SM3	CYU	0.0	0	1.0	HiC_scaffold6	36150560	False	T	A	0/1	20	99	9,11	0.55	True
YLZB4703-7A	SM3	CYU	0.0	0	1.0	HiC_scaffold6	36150560	False	T	A	0/0	9	27	9,0	0.0	False
YLZB4703-9A	SM3	CYU	0.0	0	1.0	HiC_scaffold6	36150560	False	T	A	0/1	7	51	2,5	0.7142857142857143	False
YLZB4715-10A	MY1	CYU	0.0	0	1.0	HiC_scaffold6	36150560	False	T	A	0/1	8	60	2,6	0.75	False
YLZB4715-1A	MY1	CYU	0.0	0	1.0	HiC_scaffold6	36150560	False	T	A	0/1	15	99	5,10	0.6666666666666666	True
YLZB4715-2A	MY1	CYU	0.0	0	1.0	HiC_scaffold6	36150560	False	T	A	0/1	18	99	8,10	0.5555555555555556	True
YLZB4715-5A	MY1	CYU	0.0	0	1.0	HiC_scaffold6	36150560	False	T	A	0/1	15	99	7,8	0.5333333333333333	True
YLZB4715-6A	MY1	CYU	0.0	0	1.0	HiC_scaffold6	36150560	False	T	A	0/1	6	72	2,4	0.6666666666666666	False
YLZB4715-7A	MY1	CYU	0.0	0	1.0	HiC_scaffold6	36150560	False	T	A	0/1	14	99	10,4	0.2857142857142857	True
YLZB4715-8A	MY1	CYU	0.0	0	1.0	HiC_scaffold6	36150560	False	T	A	0/1	28	99	11,17	0.6071428571428571	True
YLZB4715-9A	MY1	CYU	0.0	0	1.0	HiC_scaffold6	36150560	False	T	A	0/1	13	99	7,6	0.46153846153846156	True
YLZB4735-10A	YSXC51	CPO	1.0	1	1.0	HiC_scaffold6	36150560	False	T	A	0/0	8	24	8,0	0.0	False
YLZB4735-1A	YSXC51	CPO	1.0	1	1.0	HiC_scaffold6	36150560	False	T	A	0/0	4	12	4,0	0.0	False
YLZB4735-2A	YSXC51	CPO	1.0	1	1.0	HiC_scaffold6	36150560	False	T	A	0/0	3	9	3,0	0.0	False
YLZB4735-3A	YSXC51	CPO	1.0	1	1.0	HiC_scaffold6	36150560	False	T	A	0/0	3	9	3,0	0.0	False
YLZB4735-5A	YSXC51	CPO	1.0	1	1.0	HiC_scaffold6	36150560	False	T	A	0/0	2	6	2,0	0.0	False
YLZB4735-6A	YSXC51	CPO	1.0	1	1.0	HiC_scaffold6	36150560	False	T	A	./.	0	0	0,0	NA	False
YLZB4735-8A	YSXC51	CPO	1.0	1	1.0	HiC_scaffold6	36150560	False	T	A	0/0	2	6	2,0	0.0	False
YLZB4735-9A	YSXC51	CPO	1.0	1	1.0	HiC_scaffold6	36150560	False	T	A	0/0	2	3	2,0	0.0	False
YLZB4816-11A	ASCD52	CPO	1.0	1	1.0	HiC_scaffold6	36150560	False	T	A	0/0	6	18	6,0	0.0	False
YLZB4816-3A	ASCD52	CPO	1.0	1	1.0	HiC_scaffold6	36150560	False	T	A	0/0	2	6	2,0	0.0	False
YLZB4816-4A	ASCD52	CPO	1.0	1	1.0	HiC_scaffold6	36150560	False	T	A	0/0	5	15	5,0	0.0	False
YLZB4816-6A	ASCD52	CPO	1.0	1	1.0	HiC_scaffold6	36150560	False	T	A	0/0	5	15	5,0	0.0	False
YLZB4816-7A	ASCD52	CPO	1.0	1	1.0	HiC_scaffold6	36150560	False	T	A	0/0	4	12	4,0	0.0	False
YLZB4816-8A	ASCD52	CPO	1.0	1	1.0	HiC_scaffold6	36150560	False	T	A	0/0	1	3	1,0	0.0	False
YLZB4816-9A	ASCD52	CPO	1.0	1	1.0	HiC_scaffold6	36150560	False	T	A	0/0	2	6	2,0	0.0	False
ZXL277-1A	YY12	CMA	1.0	1	0.0	HiC_scaffold6	36150560	False	T	A	0/0	7	21	7,0	0.0	False
ZXL277-2A	YY12	CMA	1.0	1	0.0	HiC_scaffold6	36150560	False	T	A	0/0	12	36	12,0	0.0	True
ZXL277-3A	YY12	CMA	1.0	1	0.0	HiC_scaffold6	36150560	False	T	A	0/0	26	71	26,0	0.0	True
ZXL277-4A	YY12	CMA	1.0	1	0.0	HiC_scaffold6	36150560	False	T	A	0/0	22	60	22,0	0.0	True
ZXL277-5A	YY12	CMA	1.0	1	0.0	HiC_scaffold6	36150560	False	T	A	0/0	12	36	12,0	0.0	True
ZXL277-6A	YY12	CMA	1.0	1	0.0	HiC_scaffold6	36150560	False	T	A	0/0	16	48	16,0	0.0	True
ZXL277-7A	YY12	CMA	1.0	1	0.0	HiC_scaffold6	36150560	False	T	A	0/0	20	57	20,0	0.0	True
ZXL277-8A	YY12	CMA	1.0	1	0.0	HiC_scaffold6	36150560	False	T	A	0/0	24	63	24,0	0.0	True
ZXL79-1A	CZ25	CMA	1.0	1	0.0	HiC_scaffold6	36150560	False	T	A	0/0	4	12	4,0	0.0	False
ZXL79-2A	CZ25	CMA	1.0	1	0.0	HiC_scaffold6	36150560	False	T	A	./.	0	0	0,0	NA	False
ZXL79-3A	CZ25	CMA	1.0	1	0.0	HiC_scaffold6	36150560	False	T	A	./.	0	0	0,0	NA	False
ZXL79-4A	CZ25	CMA	1.0	1	0.0	HiC_scaffold6	36150560	False	T	A	0/0	1	3	1,0	0.0	False
ZXL79-5A	CZ25	CMA	1.0	1	0.0	HiC_scaffold6	36150560	False	T	A	0/0	1	3	1,0	0.0	False
ZXL79-6A	CZ25	CMA	1.0	1	0.0	HiC_scaffold6	36150560	False	T	A	0/0	4	12	4,0	0.0	False
ZXL79-7A	CZ25	CMA	1.0	1	0.0	HiC_scaffold6	36150560	False	T	A	0/0	8	21	8,0	0.0	False
xubo266-2A	XY36	CMA	1.0	1	0.0	HiC_scaffold6	36150560	False	T	A	0/0	1	3	1,0	0.0	False
xubo266-3A	XY36	CMA	1.0	1	0.0	HiC_scaffold6	36150560	False	T	A	0/0	2	6	2,0	0.0	False
xubo266-4A	XY36	CMA	1.0	1	0.0	HiC_scaffold6	36150560	False	T	A	0/0	3	9	3,0	0.0	False
xubo266-5A	XY36	CMA	1.0	1	0.0	HiC_scaffold6	36150560	False	T	A	0/0	8	24	8,0	0.0	False
xubo266-6A	XY36	CMA	1.0	1	0.0	HiC_scaffold6	36150560	False	T	A	0/0	9	27	9,0	0.0	False
xubo266-8A	XY36	CMA	1.0	1	0.0	HiC_scaffold6	36150560	False	T	A	0/0	1	3	1,0	0.0	False
xubo266-9A	XY36	CMA	1.0	1	0.0	HiC_scaffold6	36150560	False	T	A	0/0	9	27	9,0	0.0	False
zhuzm1009-10A	KM42	CPO	1.0	1	1.0	HiC_scaffold6	36150560	False	T	A	0/0	4	12	4,0	0.0	False
zhuzm1009-2A	KM42	CPO	1.0	1	1.0	HiC_scaffold6	36150560	False	T	A	0/0	6	18	6,0	0.0	False
zhuzm1009-3A	KM42	CPO	1.0	1	1.0	HiC_scaffold6	36150560	False	T	A	0/0	3	9	3,0	0.0	False
zhuzm1009-6A	KM42	CPO	1.0	1	1.0	HiC_scaffold6	36150560	False	T	A	0/0	5	15	5,0	0.0	False
zhuzm1009-7A	KM42	CPO	1.0	1	1.0	HiC_scaffold6	36150560	False	T	A	0/0	6	18	6,0	0.0	False
zhuzm1009-8A	KM42	CPO	1.0	1	1.0	HiC_scaffold6	36150560	False	T	A	0/0	4	12	4,0	0.0	False
2014-128-1A	ML50	CPO	1.0	1	1.0	HiC_scaffold6	36201715	False	C	T	0/0	24	63	24,0	0.0	True
2014-128-2A	ML50	CPO	1.0	1	1.0	HiC_scaffold6	36201715	False	C	T	0/0	27	72	27,0	0.0	True
2014-128-3A	ML50	CPO	1.0	1	1.0	HiC_scaffold6	36201715	False	C	T	0/0	25	66	25,0	0.0	True
2014-128-4A	ML50	CPO	1.0	1	1.0	HiC_scaffold6	36201715	False	C	T	0/0	42	99	42,0	0.0	True
2014-128-5A	ML50	CPO	1.0	1	1.0	HiC_scaffold6	36201715	False	C	T	0/0	16	48	16,0	0.0	True
2014-132-2A	ML5	N	1.0	1	1.0	HiC_scaffold6	36201715	False	C	T	0/0	33	93	33,0	0.0	True
2014-132-3A	ML5	N	1.0	1	1.0	HiC_scaffold6	36201715	False	C	T	0/0	37	99	37,0	0.0	True
2014-132-4A	ML5	N	1.0	1	1.0	HiC_scaffold6	36201715	False	C	T	0/0	47	99	47,0	0.0	True
2014-132-5A	ML5	N	1.0	1	1.0	HiC_scaffold6	36201715	False	C	T	0/0	46	99	46,0	0.0	True
2014-132-6A	ML5	N	1.0	1	1.0	HiC_scaffold6	36201715	False	C	T	0/0	29	84	29,0	0.0	True
2014-132-7A	ML5	N	1.0	1	1.0	HiC_scaffold6	36201715	False	C	T	0/0	47	99	47,0	0.0	True
2014-132-8A	ML5	N	1.0	1	1.0	HiC_scaffold6	36201715	False	C	T	0/0	41	99	41,0	0.0	True
2014-132-9A	ML5	N	1.0	1	1.0	HiC_scaffold6	36201715	False	C	T	0/0	35	99	35,0	0.0	True
2014-3-10A	MN34	CPO	1.0	1	1.0	HiC_scaffold6	36201715	False	C	T	0/0	12	33	12,0	0.0	True
2014-3-3A	MN34	CPO	1.0	1	1.0	HiC_scaffold6	36201715	False	C	T	0/0	10	27	10,0	0.0	True
2014-3-4A	MN34	CPO	1.0	1	1.0	HiC_scaffold6	36201715	False	C	T	0/0	8	18	8,0	0.0	False
2014-3-5A	MN34	CPO	1.0	1	1.0	HiC_scaffold6	36201715	False	C	T	0/0	16	48	16,0	0.0	True
2014-3-6A	MN34	CPO	1.0	1	1.0	HiC_scaffold6	36201715	False	C	T	0/0	15	45	15,0	0.0	True
2014-3-7A	MN34	CPO	1.0	1	1.0	HiC_scaffold6	36201715	False	C	T	0/0	10	24	10,0	0.0	True
2014-3-8A	MN34	CPO	1.0	1	1.0	HiC_scaffold6	36201715	False	C	T	0/0	8	21	8,0	0.0	False
2014-3-9A	MN34	CPO	1.0	1	1.0	HiC_scaffold6	36201715	False	C	T	0/0	5	15	5,0	0.0	False
2014-66-1A	YL49	CPO	1.0	1	1.0	HiC_scaffold6	36201715	False	C	T	0/0	38	99	38,0	0.0	True
2014-66-2A	YL49	CPO	1.0	1	1.0	HiC_scaffold6	36201715	False	C	T	0/0	31	81	31,0	0.0	True
2014-66-3A	YL49	CPO	1.0	1	1.0	HiC_scaffold6	36201715	False	C	T	0/0	35	99	35,0	0.0	True
2014-66-4A	YL49	CPO	1.0	1	1.0	HiC_scaffold6	36201715	False	C	T	0/0	55	99	55,0	0.0	True
2014-66-5A	YL49	CPO	1.0	1	1.0	HiC_scaffold6	36201715	False	C	T	0/0	30	90	30,0	0.0	True
2014-66-6A	YL49	CPO	1.0	1	1.0	HiC_scaffold6	36201715	False	C	T	0/0	36	99	36,0	0.0	True
2014-66-7A	YL49	CPO	1.0	1	1.0	HiC_scaffold6	36201715	False	C	T	0/0	22	57	22,0	0.0	True
2014-66-8A	YL49	CPO	1.0	1	1.0	HiC_scaffold6	36201715	False	C	T	0/0	33	90	33,0	0.0	True
DP1709141A	DQS11	CMA	1.0	1	0.0	HiC_scaffold6	36201715	False	C	T	0/0	21	57	21,0	0.0	True
DP1709144A	DQS11	CMA	1.0	1	0.0	HiC_scaffold6	36201715	False	C	T	0/0	22	60	22,0	0.0	True
DP1709148A	DQS11	CMA	1.0	1	0.0	HiC_scaffold6	36201715	False	C	T	0/0	26	75	26,0	0.0	True
Gln2014-15-10A	LD30	CYU	0.0	0	1.0	HiC_scaffold6	36201715	False	C	T	1/1	28	84	0,28	1.0	True
Gln2014-15-1A	LD30	CYU	0.0	0	1.0	HiC_scaffold6	36201715	False	C	T	1/1	35	60	1,34	0.9714285714285714	True
Gln2014-15-3A	LD30	CYU	0.0	0	1.0	HiC_scaffold6	36201715	False	C	T	1/1	35	60	1,34	0.9714285714285714	True
Gln2014-15-4A	LD30	CYU	0.0	0	1.0	HiC_scaffold6	36201715	False	C	T	0/1	27	9	2,25	0.9259259259259259	False
Gln2014-15-5A	LD30	CYU	0.0	0	1.0	HiC_scaffold6	36201715	False	C	T	0/1	31	99	7,24	0.7741935483870968	True
Gln2014-15-6A	LD30	CYU	0.0	0	1.0	HiC_scaffold6	36201715	False	C	T	0/1	24	63	3,21	0.875	True
Gln2014-15-7A	LD30	CYU	0.0	0	1.0	HiC_scaffold6	36201715	False	C	T	0/1	26	99	13,13	0.5	True
Gln2014-15-8A	LD30	CYU	0.0	0	1.0	HiC_scaffold6	36201715	False	C	T	0/1	39	63	4,35	0.8974358974358975	True
Gln2014-8-1A	LD06	CPO	1.0	1	1.0	HiC_scaffold6	36201715	False	C	T	0/0	46	99	46,0	0.0	True
Gln2014-8-2A	LD06	CPO	1.0	1	1.0	HiC_scaffold6	36201715	False	C	T	0/0	27	78	27,0	0.0	True
Gln2014-8-4A	LD06	CPO	1.0	1	1.0	HiC_scaffold6	36201715	False	C	T	0/0	20	54	20,0	0.0	True
Gln2014-8-5A	LD06	CPO	1.0	1	1.0	HiC_scaffold6	36201715	False	C	T	0/0	38	99	38,0	0.0	True
Gln2014-8-6A	LD06	CPO	1.0	1	1.0	HiC_scaffold6	36201715	False	C	T	0/0	38	99	38,0	0.0	True
Gln2014-8-7A	LD06	CPO	1.0	1	1.0	HiC_scaffold6	36201715	False	C	T	0/0	26	66	26,0	0.0	True
Gln2014-8-8A	LD06	CPO	1.0	1	1.0	HiC_scaffold6	36201715	False	C	T	0/0	34	93	34,0	0.0	True
JLS-BM001-1A	BM31	N	NA	1	NA	HiC_scaffold6	36201715	False	C	T	1/1	39	27	2,37	0.9487179487179487	True
JLS-BM001-2A	BM31	N	NA	1	NA	HiC_scaffold6	36201715	False	C	T	0/1	34	99	5,29	0.8529411764705882	True
JLS-BM001-3A	BM31	N	NA	1	NA	HiC_scaffold6	36201715	False	C	T	1/1	34	99	0,34	1.0	True
JLS-BM001-4A	BM31	N	NA	1	NA	HiC_scaffold6	36201715	False	C	T	0/1	31	99	11,20	0.6451612903225806	True
JLS-BM001-5A	BM31	N	NA	1	NA	HiC_scaffold6	36201715	False	C	T	0/1	37	24	3,34	0.918918918918919	True
JLS-BM001-6A	BM31	N	NA	1	NA	HiC_scaffold6	36201715	False	C	T	0/1	28	99	6,22	0.7857142857142857	True
JLS-BM001-7A	BM31	N	NA	1	NA	HiC_scaffold6	36201715	False	C	T	0/1	26	99	6,20	0.7692307692307693	True
JLS-BM001-8A	BM31	N	NA	1	NA	HiC_scaffold6	36201715	False	C	T	0/1	42	99	13,29	0.6904761904761905	True
JLS-CY022-10A	CY32	CPO	1.0	1	1.0	HiC_scaffold6	36201715	False	C	T	0/0	28	72	28,0	0.0	True
JLS-CY022-11A	CY32	CPO	1.0	1	1.0	HiC_scaffold6	36201715	False	C	T	0/0	30	78	30,0	0.0	True
JLS-CY022-4A	CY32	CPO	1.0	1	1.0	HiC_scaffold6	36201715	False	C	T	0/0	40	96	40,0	0.0	True
JLS-CY022-5A	CY32	CPO	1.0	1	1.0	HiC_scaffold6	36201715	False	C	T	0/0	27	72	27,0	0.0	True
JLS-CY022-6A	CY32	CPO	1.0	1	1.0	HiC_scaffold6	36201715	False	C	T	0/0	17	45	17,0	0.0	True
JLS-CY022-7A	CY32	CPO	1.0	1	1.0	HiC_scaffold6	36201715	False	C	T	0/0	15	45	15,0	0.0	True
Sha-WS-1A	WS14	CMA	1.0	1	0.0	HiC_scaffold6	36201715	False	C	T	0/0	18	51	18,0	0.0	True
Sha-WS-2A	WS14	CMA	1.0	1	0.0	HiC_scaffold6	36201715	False	C	T	0/0	21	57	21,0	0.0	True
Sha-WS-3A	WS14	CMA	1.0	1	0.0	HiC_scaffold6	36201715	False	C	T	0/0	34	99	34,0	0.0	True
Sha-WS-4A	WS14	CMA	1.0	1	0.0	HiC_scaffold6	36201715	False	C	T	0/0	19	57	19,0	0.0	True
Sha-WS-5A	WS14	CMA	1.0	1	0.0	HiC_scaffold6	36201715	False	C	T	0/0	25	72	25,0	0.0	True
Sha-WS-6A	WS14	CMA	1.0	1	0.0	HiC_scaffold6	36201715	False	C	T	0/0	23	66	23,0	0.0	True
Sha-WS-7A	WS14	CMA	1.0	1	0.0	HiC_scaffold6	36201715	False	C	T	0/0	35	99	35,0	0.0	True
Sha-WS-8A	WS14	CMA	1.0	1	0.0	HiC_scaffold6	36201715	False	C	T	0/0	24	72	24,0	0.0	True
THP-SET_1917-1A	MK27	CPO	1.0	1	1.0	HiC_scaffold6	36201715	False	C	T	0/0	24	72	24,0	0.0	True
THP-SET_1917-2A	MK27	CPO	1.0	1	1.0	HiC_scaffold6	36201715	False	C	T	0/0	19	48	19,0	0.0	True
THP-SET_1917-3A	MK27	CPO	1.0	1	1.0	HiC_scaffold6	36201715	False	C	T	0/0	28	78	28,0	0.0	True
THP-SET_1917-4A	MK27	CPO	1.0	1	1.0	HiC_scaffold6	36201715	False	C	T	0/0	17	51	17,0	0.0	True
THP-SET_1917-5A	MK27	CPO	1.0	1	1.0	HiC_scaffold6	36201715	False	C	T	0/0	46	99	46,0	0.0	True
THP-SET_1917-6A	MK27	CPO	1.0	1	1.0	HiC_scaffold6	36201715	False	C	T	0/0	31	81	31,0	0.0	True
THP-SET_1917-7A	MK27	CPO	1.0	1	1.0	HiC_scaffold6	36201715	False	C	T	0/0	22	60	22,0	0.0	True
THP-SET_1917-8A	MK27	CPO	1.0	1	1.0	HiC_scaffold6	36201715	False	C	T	0/0	20	57	20,0	0.0	True
XB2014-144-2A	SM35	CYU	1.0	1	1.0	HiC_scaffold6	36201715	False	C	T	0/1	41	57	4,37	0.9024390243902439	True
XB2014-144-3A	SM35	CYU	1.0	1	1.0	HiC_scaffold6	36201715	False	C	T	0/1	29	3	2,27	0.9310344827586207	False
XB2014-144-4A	SM35	CYU	1.0	1	1.0	HiC_scaffold6	36201715	False	C	T	0/1	29	93	4,25	0.8620689655172413	True
XB2014-144-5A	SM35	CYU	1.0	1	1.0	HiC_scaffold6	36201715	False	C	T	0/1	42	99	10,32	0.7619047619047619	True
XB2014-144-6A	SM35	CYU	1.0	1	1.0	HiC_scaffold6	36201715	False	C	T	0/1	28	96	4,24	0.8571428571428571	True
XB2014-144-7A	SM35	CYU	1.0	1	1.0	HiC_scaffold6	36201715	False	C	T	0/1	43	99	6,37	0.8604651162790697	True
XB2014-144-8A	SM35	CYU	1.0	1	1.0	HiC_scaffold6	36201715	False	C	T	0/1	51	99	10,41	0.803921568627451	True
XB2014-144-9A	SM35	CYU	1.0	1	1.0	HiC_scaffold6	36201715	False	C	T	0/1	41	99	6,35	0.8536585365853658	True
XB2014-38-2A	EY8	CYU	0.0	1	1.0	HiC_scaffold6	36201715	False	C	T	0/1	30	99	16,14	0.4666666666666667	True
XB2014-38-3A	EY8	CYU	0.0	1	1.0	HiC_scaffold6	36201715	False	C	T	0/1	36	99	9,27	0.75	True
XB2014-38-4A	EY8	CYU	0.0	1	1.0	HiC_scaffold6	36201715	False	C	T	0/0	36	96	36,0	0.0	True
XB2014-38-5A	EY8	CYU	0.0	1	1.0	HiC_scaffold6	36201715	False	C	T	0/0	25	69	25,0	0.0	True
XB2014-38-6A	EY9	CPO	0.0	1	1.0	HiC_scaffold6	36201715	False	C	T	0/1	24	99	9,15	0.625	True
XB2014-39-1A	EY9	CPO	1.0	1	1.0	HiC_scaffold6	36201715	False	C	T	0/0	36	90	36,0	0.0	True
XB2014-39-2A	EY9	CPO	1.0	1	1.0	HiC_scaffold6	36201715	False	C	T	0/0	44	99	44,0	0.0	True
XB2014-39-3A	EY9	CPO	1.0	1	1.0	HiC_scaffold6	36201715	False	C	T	0/0	37	99	37,0	0.0	True
XB2014-39-4A	EY9	CPO	1.0	1	1.0	HiC_scaffold6	36201715	False	C	T	0/0	21	63	21,0	0.0	True
XB2014-39-5A	EY9	CPO	1.0	1	1.0	HiC_scaffold6	36201715	False	C	T	0/0	30	78	30,0	0.0	True
XB2014-39-6A	EY9	CPO	1.0	1	1.0	HiC_scaffold6	36201715	False	C	T	0/0	35	99	35,0	0.0	True
XB2014-39-7A	EY9	CPO	1.0	1	1.0	HiC_scaffold6	36201715	False	C	T	0/0	43	99	43,0	0.0	True
XB2014-39-8A	EY9	CPO	1.0	1	1.0	HiC_scaffold6	36201715	False	C	T	0/0	41	99	41,0	0.0	True
XB2014-4-2A	MN4	CYU	0.0	0	1.0	HiC_scaffold6	36201715	False	C	T	0/1	30	99	5,25	0.8333333333333334	True
XB2014-4-3A	MN4	CYU	0.0	0	1.0	HiC_scaffold6	36201715	False	C	T	0/1	26	99	16,10	0.38461538461538464	True
XB2014-4-4A	MN4	CYU	0.0	0	1.0	HiC_scaffold6	36201715	False	C	T	0/1	46	99	8,38	0.8260869565217391	True
XB2014-4-5A	MN4	CYU	0.0	0	1.0	HiC_scaffold6	36201715	False	C	T	0/1	41	99	11,30	0.7317073170731707	True
XB2014-4-6A	MN4	CYU	0.0	0	1.0	HiC_scaffold6	36201715	False	C	T	0/1	27	99	7,20	0.7407407407407407	True
XB2014-4-7A	MN4	CYU	0.0	0	1.0	HiC_scaffold6	36201715	False	C	T	0/1	35	99	14,21	0.6	True
XB2014-4-8A	YL9	CYU	0.0	0	1.0	HiC_scaffold6	36201715	False	C	T	1/1	35	99	0,35	1.0	True
XB2014-4-9A	YL9	CYU	0.0	0	1.0	HiC_scaffold6	36201715	False	C	T	0/1	40	99	10,30	0.75	True
XB2014-48-1A	MN4	CYU	0.0	0	1.0	HiC_scaffold6	36201715	False	C	T	1/1	33	99	0,33	1.0	True
XB2014-48-2A	MN4	CYU	0.0	0	1.0	HiC_scaffold6	36201715	False	C	T	0/1	46	99	7,39	0.8478260869565217	True
XB2014-48-3A	YL9	CYU	0.0	0	1.0	HiC_scaffold6	36201715	False	C	T	0/1	37	99	24,13	0.35135135135135137	True
XB2014-48-4A	YL9	CYU	0.0	0	1.0	HiC_scaffold6	36201715	False	C	T	0/1	36	99	13,23	0.6388888888888888	True
XB2014-48-5A	YL9	CYU	0.0	0	1.0	HiC_scaffold6	36201715	False	C	T	0/1	43	99	7,36	0.8372093023255814	True
XB2014-48-6A	YL9	CYU	0.0	0	1.0	HiC_scaffold6	36201715	False	C	T	0/1	36	99	20,16	0.4444444444444444	True
XB2014-48-7A	YL9	CYU	0.0	0	1.0	HiC_scaffold6	36201715	False	C	T	0/1	34	78	4,30	0.8823529411764706	True
XB2014-48-9A	YL9	CYU	0.0	0	1.0	HiC_scaffold6	36201715	False	C	T	0/1	28	6	2,26	0.9285714285714286	False
XB26-3B	SC37	CPO	1.0	1	1.0	HiC_scaffold6	36201715	False	C	T	0/0	37	99	37,0	0.0	True
XB26-4B	SC37	CPO	1.0	1	1.0	HiC_scaffold6	36201715	False	C	T	0/0	36	99	36,0	0.0	True
XB26-5B	SC37	CPO	1.0	1	1.0	HiC_scaffold6	36201715	False	C	T	0/0	51	99	51,0	0.0	True
XB26-7B	SC37	CPO	1.0	1	1.0	HiC_scaffold6	36201715	False	C	T	0/0	36	99	36,0	0.0	True
XuBo982-1A	XS40	CMA	1.0	1	0.0	HiC_scaffold6	36201715	False	C	T	0/0	37	96	37,0	0.0	True
XuBo982-2A	XS40	CMA	1.0	1	0.0	HiC_scaffold6	36201715	False	C	T	0/0	11	30	11,0	0.0	True
XuBo982-3A	XS40	CMA	1.0	1	0.0	HiC_scaffold6	36201715	False	C	T	0/0	33	93	33,0	0.0	True
XuBo982-4A	XS40	CMA	1.0	1	0.0	HiC_scaffold6	36201715	False	C	T	0/0	36	99	36,0	0.0	True
XuBo982-5A	XS40	CMA	1.0	1	0.0	HiC_scaffold6	36201715	False	C	T	0/0	35	99	35,0	0.0	True
XubBo-1037-1A	LN46	N	1.0	1	0.0	HiC_scaffold6	36201715	False	C	T	0/0	34	99	34,0	0.0	True
XubBo-1037-2A	TB43	CMA	NA	1	NA	HiC_scaffold6	36201715	False	C	T	0/0	31	90	31,0	0.0	True
XubBo-1037-3A	TB43	CMA	NA	1	NA	HiC_scaffold6	36201715	False	C	T	0/0	32	90	32,0	0.0	True
XubBo-1037-4A	TB43	CMA	NA	1	NA	HiC_scaffold6	36201715	False	C	T	0/0	28	67	28,0	0.0	True
XubBo-1037-5A	TB43	CMA	NA	1	NA	HiC_scaffold6	36201715	False	C	T	0/0	21	51	21,0	0.0	True
XubBo-1037-6A	TB43	CMA	NA	1	NA	HiC_scaffold6	36201715	False	C	T	0/0	27	78	27,0	0.0	True
XubBo-1037-7A	TB43	CMA	NA	1	NA	HiC_scaffold6	36201715	False	C	T	0/0	19	51	19,0	0.0	True
XubBo-1037-8A	TB43	CMA	NA	1	NA	HiC_scaffold6	36201715	False	C	T	0/0	13	30	13,0	0.0	True
XubBo1030-10A	LN46	N	1.0	1	0.0	HiC_scaffold6	36201715	False	C	T	0/0	24	72	24,0	0.0	True
XubBo1030-1A	LN46	N	1.0	1	0.0	HiC_scaffold6	36201715	False	C	T	0/0	33	90	33,0	0.0	True
XubBo1030-3A	LN46	N	1.0	1	0.0	HiC_scaffold6	36201715	False	C	T	0/0	20	60	20,0	0.0	True
XubBo1030-5A	LN46	N	1.0	1	0.0	HiC_scaffold6	36201715	False	C	T	0/0	20	60	20,0	0.0	True
XubBo1030-6A	LN46	N	1.0	1	0.0	HiC_scaffold6	36201715	False	C	T	0/0	32	90	32,0	0.0	True
XubBo1030-8A	LN46	N	1.0	1	0.0	HiC_scaffold6	36201715	False	C	T	0/0	34	90	34,0	0.0	True
XubBo1030-9A	LN46	N	1.0	1	0.0	HiC_scaffold6	36201715	False	C	T	0/0	32	81	32,0	0.0	True
XubBo1051-10A	WX48	CMA	1.0	1	0.0	HiC_scaffold6	36201715	False	C	T	0/0	25	72	25,0	0.0	True
XubBo1051-1A	WX48	CMA	1.0	1	0.0	HiC_scaffold6	36201715	False	C	T	0/0	22	60	22,0	0.0	True
XubBo1051-2A	WX48	CMA	1.0	1	0.0	HiC_scaffold6	36201715	False	C	T	0/0	26	72	26,0	0.0	True
XubBo1051-3A	WX48	CMA	1.0	1	0.0	HiC_scaffold6	36201715	False	C	T	0/0	20	60	20,0	0.0	True
XubBo1051-4A	WX48	CMA	1.0	1	0.0	HiC_scaffold6	36201715	False	C	T	0/0	17	48	17,0	0.0	True
XubBo1051-7A	WX48	CMA	1.0	1	0.0	HiC_scaffold6	36201715	False	C	T	0/0	21	60	21,0	0.0	True
XubBo1051-8A	WX48	CMA	1.0	1	0.0	HiC_scaffold6	36201715	False	C	T	0/0	39	99	39,0	0.0	True
XubBo1051-9A	WX48	CMA	1.0	1	0.0	HiC_scaffold6	36201715	False	C	T	0/0	19	48	19,0	0.0	True
Xubo01402-2A	YS26	CYU	1.0	1	1.0	HiC_scaffold6	36201715	False	C	T	0/0	36	99	36,0	0.0	True
Xubo01402-3A	YS26	CYU	1.0	1	1.0	HiC_scaffold6	36201715	False	C	T	0/0	45	99	45,0	0.0	True
Xubo01402-4A	YS26	CYU	1.0	1	1.0	HiC_scaffold6	36201715	False	C	T	0/0	35	93	35,0	0.0	True
Xubo01402-5A	YS26	CYU	1.0	1	1.0	HiC_scaffold6	36201715	False	C	T	0/0	28	78	28,0	0.0	True
Xubo01402-6A	YS26	CYU	1.0	1	1.0	HiC_scaffold6	36201715	False	C	T	0/0	39	99	39,0	0.0	True
Xubo01402-7A	YS26	CYU	1.0	1	1.0	HiC_scaffold6	36201715	False	C	T	0/0	35	99	35,0	0.0	True
Xubo01402-8A	YS26	CYU	1.0	1	1.0	HiC_scaffold6	36201715	False	C	T	0/0	42	99	42,0	0.0	True
Xubo01402-9A	YS26	CYU	1.0	1	1.0	HiC_scaffold6	36201715	False	C	T	0/0	28	66	28,0	0.0	True
YLZB4703-2A	SM3	CYU	0.0	0	1.0	HiC_scaffold6	36201715	False	C	T	0/1	30	99	5,25	0.8333333333333334	True
YLZB4703-3A	SM3	CYU	0.0	0	1.0	HiC_scaffold6	36201715	False	C	T	0/1	23	99	4,19	0.8260869565217391	True
YLZB4703-5A	SM3	CYU	0.0	0	1.0	HiC_scaffold6	36201715	False	C	T	1/1	28	39	1,27	0.9642857142857143	True
YLZB4703-7A	SM3	CYU	0.0	0	1.0	HiC_scaffold6	36201715	False	C	T	0/1	47	99	8,39	0.8297872340425532	True
YLZB4703-9A	SM3	CYU	0.0	0	1.0	HiC_scaffold6	36201715	False	C	T	1/1	28	84	0,28	1.0	True
YLZB4715-10A	MY1	CYU	0.0	0	1.0	HiC_scaffold6	36201715	False	C	T	1/1	41	99	0,41	1.0	True
YLZB4715-1A	MY1	CYU	0.0	0	1.0	HiC_scaffold6	36201715	False	C	T	0/1	27	99	7,20	0.7407407407407407	True
YLZB4715-2A	MY1	CYU	0.0	0	1.0	HiC_scaffold6	36201715	False	C	T	0/1	37	99	8,29	0.7837837837837838	True
YLZB4715-5A	MY1	CYU	0.0	0	1.0	HiC_scaffold6	36201715	False	C	T	0/1	33	99	6,27	0.8181818181818182	True
YLZB4715-6A	MY1	CYU	0.0	0	1.0	HiC_scaffold6	36201715	False	C	T	0/1	33	99	9,24	0.7272727272727273	True
YLZB4715-7A	MY1	CYU	0.0	0	1.0	HiC_scaffold6	36201715	False	C	T	0/1	20	30	2,18	0.9	True
YLZB4715-8A	MY1	CYU	0.0	0	1.0	HiC_scaffold6	36201715	False	C	T	0/1	72	99	13,59	0.8194444444444444	True
YLZB4715-9A	MY1	CYU	0.0	0	1.0	HiC_scaffold6	36201715	False	C	T	0/1	28	6	2,26	0.9285714285714286	False
YLZB4735-10A	YSXC51	CPO	1.0	1	1.0	HiC_scaffold6	36201715	False	C	T	0/0	23	60	23,0	0.0	True
YLZB4735-1A	YSXC51	CPO	1.0	1	1.0	HiC_scaffold6	36201715	False	C	T	0/0	17	48	17,0	0.0	True
YLZB4735-2A	YSXC51	CPO	1.0	1	1.0	HiC_scaffold6	36201715	False	C	T	0/0	39	99	39,0	0.0	True
YLZB4735-3A	YSXC51	CPO	1.0	1	1.0	HiC_scaffold6	36201715	False	C	T	0/0	21	60	21,0	0.0	True
YLZB4735-5A	YSXC51	CPO	1.0	1	1.0	HiC_scaffold6	36201715	False	C	T	0/0	25	75	25,0	0.0	True
YLZB4735-6A	YSXC51	CPO	1.0	1	1.0	HiC_scaffold6	36201715	False	C	T	0/0	32	93	32,0	0.0	True
YLZB4735-8A	YSXC51	CPO	1.0	1	1.0	HiC_scaffold6	36201715	False	C	T	0/0	24	66	24,0	0.0	True
YLZB4735-9A	YSXC51	CPO	1.0	1	1.0	HiC_scaffold6	36201715	False	C	T	0/0	24	66	24,0	0.0	True
YLZB4816-11A	ASCD52	CPO	1.0	1	1.0	HiC_scaffold6	36201715	False	C	T	0/0	31	90	31,0	0.0	True
YLZB4816-3A	ASCD52	CPO	1.0	1	1.0	HiC_scaffold6	36201715	False	C	T	0/0	34	99	34,0	0.0	True
YLZB4816-4A	ASCD52	CPO	1.0	1	1.0	HiC_scaffold6	36201715	False	C	T	0/0	27	75	27,0	0.0	True
YLZB4816-6A	ASCD52	CPO	1.0	1	1.0	HiC_scaffold6	36201715	False	C	T	0/0	33	93	33,0	0.0	True
YLZB4816-7A	ASCD52	CPO	1.0	1	1.0	HiC_scaffold6	36201715	False	C	T	0/0	45	99	45,0	0.0	True
YLZB4816-8A	ASCD52	CPO	1.0	1	1.0	HiC_scaffold6	36201715	False	C	T	0/0	10	30	10,0	0.0	True
YLZB4816-9A	ASCD52	CPO	1.0	1	1.0	HiC_scaffold6	36201715	False	C	T	0/0	26	72	26,0	0.0	True
ZXL277-1A	YY12	CMA	1.0	1	0.0	HiC_scaffold6	36201715	False	C	T	0/0	35	99	35,0	0.0	True
ZXL277-2A	YY12	CMA	1.0	1	0.0	HiC_scaffold6	36201715	False	C	T	0/0	22	60	22,0	0.0	True
ZXL277-3A	YY12	CMA	1.0	1	0.0	HiC_scaffold6	36201715	False	C	T	0/0	24	64	24,0	0.0	True
ZXL277-4A	YY12	CMA	1.0	1	0.0	HiC_scaffold6	36201715	False	C	T	0/0	31	93	31,0	0.0	True
ZXL277-5A	YY12	CMA	1.0	1	0.0	HiC_scaffold6	36201715	False	C	T	0/0	32	90	32,0	0.0	True
ZXL277-6A	YY12	CMA	1.0	1	0.0	HiC_scaffold6	36201715	False	C	T	0/0	30	81	30,0	0.0	True
ZXL277-7A	YY12	CMA	1.0	1	0.0	HiC_scaffold6	36201715	False	C	T	0/0	31	84	31,0	0.0	True
ZXL277-8A	YY12	CMA	1.0	1	0.0	HiC_scaffold6	36201715	False	C	T	0/0	30	81	30,0	0.0	True
ZXL79-1A	CZ25	CMA	1.0	1	0.0	HiC_scaffold6	36201715	False	C	T	0/0	22	63	22,0	0.0	True
ZXL79-2A	CZ25	CMA	1.0	1	0.0	HiC_scaffold6	36201715	False	C	T	0/0	27	81	27,0	0.0	True
ZXL79-3A	CZ25	CMA	1.0	1	0.0	HiC_scaffold6	36201715	False	C	T	0/0	27	78	27,0	0.0	True
ZXL79-4A	CZ25	CMA	1.0	1	0.0	HiC_scaffold6	36201715	False	C	T	0/0	21	63	21,0	0.0	True
ZXL79-5A	CZ25	CMA	1.0	1	0.0	HiC_scaffold6	36201715	False	C	T	0/0	26	72	26,0	0.0	True
ZXL79-6A	CZ25	CMA	1.0	1	0.0	HiC_scaffold6	36201715	False	C	T	0/0	22	63	21,0	0.0	True
ZXL79-7A	CZ25	CMA	1.0	1	0.0	HiC_scaffold6	36201715	False	C	T	0/0	21	60	21,0	0.0	True
xubo266-2A	XY36	CMA	1.0	1	0.0	HiC_scaffold6	36201715	False	C	T	0/0	23	66	23,0	0.0	True
xubo266-3A	XY36	CMA	1.0	1	0.0	HiC_scaffold6	36201715	False	C	T	0/0	34	99	34,0	0.0	True
xubo266-4A	XY36	CMA	1.0	1	0.0	HiC_scaffold6	36201715	False	C	T	0/0	44	99	44,0	0.0	True
xubo266-5A	XY36	CMA	1.0	1	0.0	HiC_scaffold6	36201715	False	C	T	0/0	26	72	26,0	0.0	True
xubo266-6A	XY36	CMA	1.0	1	0.0	HiC_scaffold6	36201715	False	C	T	0/0	22	63	22,0	0.0	True
xubo266-8A	XY36	CMA	1.0	1	0.0	HiC_scaffold6	36201715	False	C	T	0/0	26	72	26,0	0.0	True
xubo266-9A	XY36	CMA	1.0	1	0.0	HiC_scaffold6	36201715	False	C	T	0/0	22	61	22,0	0.0	True
zhuzm1009-10A	KM42	CPO	1.0	1	1.0	HiC_scaffold6	36201715	False	C	T	0/0	15	45	15,0	0.0	True
zhuzm1009-2A	KM42	CPO	1.0	1	1.0	HiC_scaffold6	36201715	False	C	T	0/0	31	84	31,0	0.0	True
zhuzm1009-3A	KM42	CPO	1.0	1	1.0	HiC_scaffold6	36201715	False	C	T	0/0	26	66	26,0	0.0	True
zhuzm1009-6A	KM42	CPO	1.0	1	1.0	HiC_scaffold6	36201715	False	C	T	0/0	21	60	21,0	0.0	True
zhuzm1009-7A	KM42	CPO	1.0	1	1.0	HiC_scaffold6	36201715	False	C	T	0/0	38	99	38,0	0.0	True
zhuzm1009-8A	KM42	CPO	1.0	1	1.0	HiC_scaffold6	36201715	False	C	T	0/0	34	90	34,0	0.0	True
2014-128-1A	ML50	CPO	1.0	1	1.0	HiC_scaffold6	36201760	False	G	A	0/0	23	60	23,0	0.0	True
2014-128-2A	ML50	CPO	1.0	1	1.0	HiC_scaffold6	36201760	False	G	A	0/0	26	66	26,0	0.0	True
2014-128-3A	ML50	CPO	1.0	1	1.0	HiC_scaffold6	36201760	False	G	A	0/0	19	51	19,0	0.0	True
2014-128-4A	ML50	CPO	1.0	1	1.0	HiC_scaffold6	36201760	False	G	A	0/0	41	99	41,0	0.0	True
2014-128-5A	ML50	CPO	1.0	1	1.0	HiC_scaffold6	36201760	False	G	A	0/0	18	48	18,0	0.0	True
2014-132-2A	ML5	N	1.0	1	1.0	HiC_scaffold6	36201760	False	G	A	0/0	33	78	33,0	0.0	True
2014-132-3A	ML5	N	1.0	1	1.0	HiC_scaffold6	36201760	False	G	A	0/0	41	99	41,0	0.0	True
2014-132-4A	ML5	N	1.0	1	1.0	HiC_scaffold6	36201760	False	G	A	0/0	42	99	42,0	0.0	True
2014-132-5A	ML5	N	1.0	1	1.0	HiC_scaffold6	36201760	False	G	A	0/0	44	99	44,0	0.0	True
2014-132-6A	ML5	N	1.0	1	1.0	HiC_scaffold6	36201760	False	G	A	0/0	35	87	35,0	0.0	True
2014-132-7A	ML5	N	1.0	1	1.0	HiC_scaffold6	36201760	False	G	A	0/0	45	99	45,0	0.0	True
2014-132-8A	ML5	N	1.0	1	1.0	HiC_scaffold6	36201760	False	G	A	0/0	35	90	35,0	0.0	True
2014-132-9A	ML5	N	1.0	1	1.0	HiC_scaffold6	36201760	False	G	A	0/0	38	99	38,0	0.0	True
2014-3-10A	MN34	CPO	1.0	1	1.0	HiC_scaffold6	36201760	False	G	A	0/0	9	9	9,0	0.0	False
2014-3-3A	MN34	CPO	1.0	1	1.0	HiC_scaffold6	36201760	False	G	A	0/0	8	9	8,0	0.0	False
2014-3-4A	MN34	CPO	1.0	1	1.0	HiC_scaffold6	36201760	False	G	A	0/0	4	9	4,0	0.0	False
2014-3-5A	MN34	CPO	1.0	1	1.0	HiC_scaffold6	36201760	False	G	A	0/0	11	18	11,0	0.0	False
2014-3-6A	MN34	CPO	1.0	1	1.0	HiC_scaffold6	36201760	False	G	A	0/0	14	15	14,0	0.0	False
2014-3-7A	MN34	CPO	1.0	1	1.0	HiC_scaffold6	36201760	False	G	A	0/0	6	12	6,0	0.0	False
2014-3-8A	MN34	CPO	1.0	1	1.0	HiC_scaffold6	36201760	False	G	A	0/0	9	18	9,0	0.0	False
2014-3-9A	MN34	CPO	1.0	1	1.0	HiC_scaffold6	36201760	False	G	A	0/0	6	15	6,0	0.0	False
2014-66-1A	YL49	CPO	1.0	1	1.0	HiC_scaffold6	36201760	False	G	A	0/0	28	78	28,0	0.0	True
2014-66-2A	YL49	CPO	1.0	1	1.0	HiC_scaffold6	36201760	False	G	A	0/0	30	84	30,0	0.0	True
2014-66-3A	YL49	CPO	1.0	1	1.0	HiC_scaffold6	36201760	False	G	A	0/0	29	81	29,0	0.0	True
2014-66-4A	YL49	CPO	1.0	1	1.0	HiC_scaffold6	36201760	False	G	A	0/0	41	99	41,0	0.0	True
2014-66-5A	YL49	CPO	1.0	1	1.0	HiC_scaffold6	36201760	False	G	A	0/0	35	96	35,0	0.0	True
2014-66-6A	YL49	CPO	1.0	1	1.0	HiC_scaffold6	36201760	False	G	A	0/0	39	99	39,0	0.0	True
2014-66-7A	YL49	CPO	1.0	1	1.0	HiC_scaffold6	36201760	False	G	A	0/0	31	87	31,0	0.0	True
2014-66-8A	YL49	CPO	1.0	1	1.0	HiC_scaffold6	36201760	False	G	A	0/0	36	93	36,0	0.0	True
DP1709141A	DQS11	CMA	1.0	1	0.0	HiC_scaffold6	36201760	False	G	A	0/0	22	60	22,0	0.0	True
DP1709144A	DQS11	CMA	1.0	1	0.0	HiC_scaffold6	36201760	False	G	A	0/0	25	72	25,0	0.0	True
DP1709148A	DQS11	CMA	1.0	1	0.0	HiC_scaffold6	36201760	False	G	A	0/0	26	72	26,0	0.0	True
Gln2014-15-10A	LD30	CYU	0.0	0	1.0	HiC_scaffold6	36201760	False	G	A	0/1	32	99	14,18	0.5625	True
Gln2014-15-1A	LD30	CYU	0.0	0	1.0	HiC_scaffold6	36201760	False	G	A	0/1	34	99	14,20	0.5882352941176471	True
Gln2014-15-3A	LD30	CYU	0.0	0	1.0	HiC_scaffold6	36201760	False	G	A	0/1	27	99	13,14	0.5185185185185185	True
Gln2014-15-4A	LD30	CYU	0.0	0	1.0	HiC_scaffold6	36201760	False	G	A	0/1	28	99	22,6	0.21428571428571427	True
Gln2014-15-5A	LD30	CYU	0.0	0	1.0	HiC_scaffold6	36201760	False	G	A	0/0	30	81	30,0	0.0	True
Gln2014-15-6A	LD30	CYU	0.0	0	1.0	HiC_scaffold6	36201760	False	G	A	0/1	21	99	12,9	0.42857142857142855	True
Gln2014-15-7A	LD30	CYU	0.0	0	1.0	HiC_scaffold6	36201760	False	G	A	0/0	22	60	22,0	0.0	True
Gln2014-15-8A	LD30	CYU	0.0	0	1.0	HiC_scaffold6	36201760	False	G	A	0/1	35	99	18,17	0.4857142857142857	True
Gln2014-8-1A	LD06	CPO	1.0	1	1.0	HiC_scaffold6	36201760	False	G	A	0/0	40	99	40,0	0.0	True
Gln2014-8-2A	LD06	CPO	1.0	1	1.0	HiC_scaffold6	36201760	False	G	A	0/0	32	84	32,0	0.0	True
Gln2014-8-4A	LD06	CPO	1.0	1	1.0	HiC_scaffold6	36201760	False	G	A	0/0	26	72	26,0	0.0	True
Gln2014-8-5A	LD06	CPO	1.0	1	1.0	HiC_scaffold6	36201760	False	G	A	0/0	42	99	42,0	0.0	True
Gln2014-8-6A	LD06	CPO	1.0	1	1.0	HiC_scaffold6	36201760	False	G	A	0/0	38	99	38,0	0.0	True
Gln2014-8-7A	LD06	CPO	1.0	1	1.0	HiC_scaffold6	36201760	False	G	A	0/0	30	84	30,0	0.0	True
Gln2014-8-8A	LD06	CPO	1.0	1	1.0	HiC_scaffold6	36201760	False	G	A	0/0	34	99	34,0	0.0	True
JLS-BM001-1A	BM31	N	NA	1	NA	HiC_scaffold6	36201760	False	G	A	0/0	48	99	48,0	0.0	True
JLS-BM001-2A	BM31	N	NA	1	NA	HiC_scaffold6	36201760	False	G	A	0/0	37	99	37,0	0.0	True
JLS-BM001-3A	BM31	N	NA	1	NA	HiC_scaffold6	36201760	False	G	A	0/0	33	96	33,0	0.0	True
JLS-BM001-4A	BM31	N	NA	1	NA	HiC_scaffold6	36201760	False	G	A	0/0	36	99	36,0	0.0	True
JLS-BM001-5A	BM31	N	NA	1	NA	HiC_scaffold6	36201760	False	G	A	0/0	34	93	34,0	0.0	True
JLS-BM001-6A	BM31	N	NA	1	NA	HiC_scaffold6	36201760	False	G	A	0/0	31	84	31,0	0.0	True
JLS-BM001-7A	BM31	N	NA	1	NA	HiC_scaffold6	36201760	False	G	A	0/0	23	63	23,0	0.0	True
JLS-BM001-8A	BM31	N	NA	1	NA	HiC_scaffold6	36201760	False	G	A	0/0	38	99	38,0	0.0	True
JLS-CY022-10A	CY32	CPO	1.0	1	1.0	HiC_scaffold6	36201760	False	G	A	0/0	34	84	34,0	0.0	True
JLS-CY022-11A	CY32	CPO	1.0	1	1.0	HiC_scaffold6	36201760	False	G	A	0/0	23	60	23,0	0.0	True
JLS-CY022-4A	CY32	CPO	1.0	1	1.0	HiC_scaffold6	36201760	False	G	A	0/0	39	99	39,0	0.0	True
JLS-CY022-5A	CY32	CPO	1.0	1	1.0	HiC_scaffold6	36201760	False	G	A	0/0	20	42	20,0	0.0	True
JLS-CY022-6A	CY32	CPO	1.0	1	1.0	HiC_scaffold6	36201760	False	G	A	0/0	14	27	14,0	0.0	True
JLS-CY022-7A	CY32	CPO	1.0	1	1.0	HiC_scaffold6	36201760	False	G	A	0/0	20	60	20,0	0.0	True
Sha-WS-1A	WS14	CMA	1.0	1	0.0	HiC_scaffold6	36201760	False	G	A	0/0	20	57	20,0	0.0	True
Sha-WS-2A	WS14	CMA	1.0	1	0.0	HiC_scaffold6	36201760	False	G	A	0/0	21	60	21,0	0.0	True
Sha-WS-3A	WS14	CMA	1.0	1	0.0	HiC_scaffold6	36201760	False	G	A	0/0	39	99	39,0	0.0	True
Sha-WS-4A	WS14	CMA	1.0	1	0.0	HiC_scaffold6	36201760	False	G	A	0/0	22	57	22,0	0.0	True
Sha-WS-5A	WS14	CMA	1.0	1	0.0	HiC_scaffold6	36201760	False	G	A	0/0	21	60	21,0	0.0	True
Sha-WS-6A	WS14	CMA	1.0	1	0.0	HiC_scaffold6	36201760	False	G	A	0/0	26	72	26,0	0.0	True
Sha-WS-7A	WS14	CMA	1.0	1	0.0	HiC_scaffold6	36201760	False	G	A	0/0	35	99	35,0	0.0	True
Sha-WS-8A	WS14	CMA	1.0	1	0.0	HiC_scaffold6	36201760	False	G	A	0/0	24	71	24,0	0.0	True
THP-SET_1917-1A	MK27	CPO	1.0	1	1.0	HiC_scaffold6	36201760	False	G	A	0/0	33	78	33,0	0.0	True
THP-SET_1917-2A	MK27	CPO	1.0	1	1.0	HiC_scaffold6	36201760	False	G	A	0/0	26	72	26,0	0.0	True
THP-SET_1917-3A	MK27	CPO	1.0	1	1.0	HiC_scaffold6	36201760	False	G	A	0/0	23	60	23,0	0.0	True
THP-SET_1917-4A	MK27	CPO	1.0	1	1.0	HiC_scaffold6	36201760	False	G	A	0/0	23	63	23,0	0.0	True
THP-SET_1917-5A	MK27	CPO	1.0	1	1.0	HiC_scaffold6	36201760	False	G	A	0/0	41	99	41,0	0.0	True
THP-SET_1917-6A	MK27	CPO	1.0	1	1.0	HiC_scaffold6	36201760	False	G	A	0/0	32	84	32,0	0.0	True
THP-SET_1917-7A	MK27	CPO	1.0	1	1.0	HiC_scaffold6	36201760	False	G	A	0/0	19	48	19,0	0.0	True
THP-SET_1917-8A	MK27	CPO	1.0	1	1.0	HiC_scaffold6	36201760	False	G	A	0/0	26	63	26,0	0.0	True
XB2014-144-2A	SM35	CYU	1.0	1	1.0	HiC_scaffold6	36201760	False	G	A	0/0	46	99	46,0	0.0	True
XB2014-144-3A	SM35	CYU	1.0	1	1.0	HiC_scaffold6	36201760	False	G	A	0/0	32	81	32,0	0.0	True
XB2014-144-4A	SM35	CYU	1.0	1	1.0	HiC_scaffold6	36201760	False	G	A	0/0	35	96	35,0	0.0	True
XB2014-144-5A	SM35	CYU	1.0	1	1.0	HiC_scaffold6	36201760	False	G	A	0/0	49	99	49,0	0.0	True
XB2014-144-6A	SM35	CYU	1.0	1	1.0	HiC_scaffold6	36201760	False	G	A	0/0	29	75	29,0	0.0	True
XB2014-144-7A	SM35	CYU	1.0	1	1.0	HiC_scaffold6	36201760	False	G	A	0/0	45	99	45,0	0.0	True
XB2014-144-8A	SM35	CYU	1.0	1	1.0	HiC_scaffold6	36201760	False	G	A	0/0	51	99	51,0	0.0	True
XB2014-144-9A	SM35	CYU	1.0	1	1.0	HiC_scaffold6	36201760	False	G	A	0/0	44	99	44,0	0.0	True
XB2014-38-2A	EY8	CYU	0.0	1	1.0	HiC_scaffold6	36201760	False	G	A	0/1	29	99	14,15	0.5172413793103449	True
XB2014-38-3A	EY8	CYU	0.0	1	1.0	HiC_scaffold6	36201760	False	G	A	0/1	36	99	13,23	0.6388888888888888	True
XB2014-38-4A	EY8	CYU	0.0	1	1.0	HiC_scaffold6	36201760	False	G	A	0/0	29	87	29,0	0.0	True
XB2014-38-5A	EY8	CYU	0.0	1	1.0	HiC_scaffold6	36201760	False	G	A	0/0	27	38	27,0	0.0	True
XB2014-38-6A	EY9	CPO	0.0	1	1.0	HiC_scaffold6	36201760	False	G	A	0/1	27	99	9,18	0.6666666666666666	True
XB2014-39-1A	EY9	CPO	1.0	1	1.0	HiC_scaffold6	36201760	False	G	A	0/0	37	96	37,0	0.0	True
XB2014-39-2A	EY9	CPO	1.0	1	1.0	HiC_scaffold6	36201760	False	G	A	0/0	53	99	53,0	0.0	True
XB2014-39-3A	EY9	CPO	1.0	1	1.0	HiC_scaffold6	36201760	False	G	A	0/0	39	93	39,0	0.0	True
XB2014-39-4A	EY9	CPO	1.0	1	1.0	HiC_scaffold6	36201760	False	G	A	0/0	21	31	21,0	0.0	True
XB2014-39-5A	EY9	CPO	1.0	1	1.0	HiC_scaffold6	36201760	False	G	A	0/0	29	78	29,0	0.0	True
XB2014-39-6A	EY9	CPO	1.0	1	1.0	HiC_scaffold6	36201760	False	G	A	0/0	38	96	38,0	0.0	True
XB2014-39-7A	EY9	CPO	1.0	1	1.0	HiC_scaffold6	36201760	False	G	A	0/0	43	99	43,0	0.0	True
XB2014-39-8A	EY9	CPO	1.0	1	1.0	HiC_scaffold6	36201760	False	G	A	0/0	47	99	47,0	0.0	True
XB2014-4-2A	MN4	CYU	0.0	0	1.0	HiC_scaffold6	36201760	False	G	A	0/1	30	99	6,24	0.8	True
XB2014-4-3A	MN4	CYU	0.0	0	1.0	HiC_scaffold6	36201760	False	G	A	0/1	31	99	19,12	0.3870967741935484	True
XB2014-4-4A	MN4	CYU	0.0	0	1.0	HiC_scaffold6	36201760	False	G	A	0/1	41	99	7,34	0.8292682926829268	True
XB2014-4-5A	MN4	CYU	0.0	0	1.0	HiC_scaffold6	36201760	False	G	A	0/1	41	99	8,33	0.8048780487804879	True
XB2014-4-6A	MN4	CYU	0.0	0	1.0	HiC_scaffold6	36201760	False	G	A	0/1	24	46	3,21	0.875	True
XB2014-4-7A	MN4	CYU	0.0	0	1.0	HiC_scaffold6	36201760	False	G	A	0/1	54	99	24,30	0.5555555555555556	True
XB2014-4-8A	YL9	CYU	0.0	0	1.0	HiC_scaffold6	36201760	False	G	A	0/1	46	99	7,39	0.8478260869565217	True
XB2014-4-9A	YL9	CYU	0.0	0	1.0	HiC_scaffold6	36201760	False	G	A	0/1	41	99	8,33	0.8048780487804879	True
XB2014-48-1A	MN4	CYU	0.0	0	1.0	HiC_scaffold6	36201760	False	G	A	1/1	33	99	0,33	1.0	True
XB2014-48-2A	MN4	CYU	0.0	0	1.0	HiC_scaffold6	36201760	False	G	A	0/1	43	99	6,37	0.8604651162790697	True
XB2014-48-3A	YL9	CYU	0.0	0	1.0	HiC_scaffold6	36201760	False	G	A	0/1	46	99	29,17	0.3695652173913043	True
XB2014-48-4A	YL9	CYU	0.0	0	1.0	HiC_scaffold6	36201760	False	G	A	0/1	46	99	26,20	0.43478260869565216	True
XB2014-48-5A	YL9	CYU	0.0	0	1.0	HiC_scaffold6	36201760	False	G	A	0/1	35	99	6,29	0.8285714285714286	True
XB2014-48-6A	YL9	CYU	0.0	0	1.0	HiC_scaffold6	36201760	False	G	A	0/1	33	99	15,18	0.5454545454545454	True
XB2014-48-7A	YL9	CYU	0.0	0	1.0	HiC_scaffold6	36201760	False	G	A	0/1	30	45	3,27	0.9	True
XB2014-48-9A	YL9	CYU	0.0	0	1.0	HiC_scaffold6	36201760	False	G	A	1/1	34	12	2,32	0.9411764705882353	False
XB26-3B	SC37	CPO	1.0	1	1.0	HiC_scaffold6	36201760	False	G	A	0/0	45	99	45,0	0.0	True
XB26-4B	SC37	CPO	1.0	1	1.0	HiC_scaffold6	36201760	False	G	A	0/0	37	81	37,0	0.0	True
XB26-5B	SC37	CPO	1.0	1	1.0	HiC_scaffold6	36201760	False	G	A	0/0	45	99	45,0	0.0	True
XB26-7B	SC37	CPO	1.0	1	1.0	HiC_scaffold6	36201760	False	G	A	0/0	44	99	44,0	0.0	True
XuBo982-1A	XS40	CMA	1.0	1	0.0	HiC_scaffold6	36201760	False	G	A	0/0	32	90	32,0	0.0	True
XuBo982-2A	XS40	CMA	1.0	1	0.0	HiC_scaffold6	36201760	False	G	A	0/0	18	33	18,0	0.0	True
XuBo982-3A	XS40	CMA	1.0	1	0.0	HiC_scaffold6	36201760	False	G	A	0/0	32	87	32,0	0.0	True
XuBo982-4A	XS40	CMA	1.0	1	0.0	HiC_scaffold6	36201760	False	G	A	0/0	36	99	36,0	0.0	True
XuBo982-5A	XS40	CMA	1.0	1	0.0	HiC_scaffold6	36201760	False	G	A	0/0	37	99	37,0	0.0	True
XubBo-1037-1A	LN46	N	1.0	1	0.0	HiC_scaffold6	36201760	False	G	A	0/0	29	72	29,0	0.0	True
XubBo-1037-2A	TB43	CMA	NA	1	NA	HiC_scaffold6	36201760	False	G	A	0/0	37	99	37,0	0.0	True
XubBo-1037-3A	TB43	CMA	NA	1	NA	HiC_scaffold6	36201760	False	G	A	0/0	27	60	27,0	0.0	True
XubBo-1037-4A	TB43	CMA	NA	1	NA	HiC_scaffold6	36201760	False	G	A	0/0	31	84	31,0	0.0	True
XubBo-1037-5A	TB43	CMA	NA	1	NA	HiC_scaffold6	36201760	False	G	A	0/0	18	48	18,0	0.0	True
XubBo-1037-6A	TB43	CMA	NA	1	NA	HiC_scaffold6	36201760	False	G	A	0/0	27	81	27,0	0.0	True
XubBo-1037-7A	TB43	CMA	NA	1	NA	HiC_scaffold6	36201760	False	G	A	0/0	22	63	22,0	0.0	True
XubBo-1037-8A	TB43	CMA	NA	1	NA	HiC_scaffold6	36201760	False	G	A	0/0	14	39	14,0	0.0	True
XubBo1030-10A	LN46	N	1.0	1	0.0	HiC_scaffold6	36201760	False	G	A	0/0	28	75	28,0	0.0	True
XubBo1030-1A	LN46	N	1.0	1	0.0	HiC_scaffold6	36201760	False	G	A	0/0	31	72	31,0	0.0	True
XubBo1030-3A	LN46	N	1.0	1	0.0	HiC_scaffold6	36201760	False	G	A	0/0	20	57	20,0	0.0	True
XubBo1030-5A	LN46	N	1.0	1	0.0	HiC_scaffold6	36201760	False	G	A	0/0	21	60	21,0	0.0	True
XubBo1030-6A	LN46	N	1.0	1	0.0	HiC_scaffold6	36201760	False	G	A	0/0	21	60	21,0	0.0	True
XubBo1030-8A	LN46	N	1.0	1	0.0	HiC_scaffold6	36201760	False	G	A	0/0	33	93	33,0	0.0	True
XubBo1030-9A	LN46	N	1.0	1	0.0	HiC_scaffold6	36201760	False	G	A	0/0	27	72	27,0	0.0	True
XubBo1051-10A	WX48	CMA	1.0	1	0.0	HiC_scaffold6	36201760	False	G	A	0/0	30	70	30,0	0.0	True
XubBo1051-1A	WX48	CMA	1.0	1	0.0	HiC_scaffold6	36201760	False	G	A	0/0	21	60	21,0	0.0	True
XubBo1051-2A	WX48	CMA	1.0	1	0.0	HiC_scaffold6	36201760	False	G	A	0/0	28	81	28,0	0.0	True
XubBo1051-3A	WX48	CMA	1.0	1	0.0	HiC_scaffold6	36201760	False	G	A	0/0	17	22	17,0	0.0	True
XubBo1051-4A	WX48	CMA	1.0	1	0.0	HiC_scaffold6	36201760	False	G	A	0/0	21	60	21,0	0.0	True
XubBo1051-7A	WX48	CMA	1.0	1	0.0	HiC_scaffold6	36201760	False	G	A	0/0	28	81	28,0	0.0	True
XubBo1051-8A	WX48	CMA	1.0	1	0.0	HiC_scaffold6	36201760	False	G	A	0/0	39	99	39,0	0.0	True
XubBo1051-9A	WX48	CMA	1.0	1	0.0	HiC_scaffold6	36201760	False	G	A	0/0	17	51	17,0	0.0	True
Xubo01402-2A	YS26	CYU	1.0	1	1.0	HiC_scaffold6	36201760	False	G	A	0/0	36	90	36,0	0.0	True
Xubo01402-3A	YS26	CYU	1.0	1	1.0	HiC_scaffold6	36201760	False	G	A	0/0	42	99	42,0	0.0	True
Xubo01402-4A	YS26	CYU	1.0	1	1.0	HiC_scaffold6	36201760	False	G	A	0/0	25	72	25,0	0.0	True
Xubo01402-5A	YS26	CYU	1.0	1	1.0	HiC_scaffold6	36201760	False	G	A	0/0	25	59	25,0	0.0	True
Xubo01402-6A	YS26	CYU	1.0	1	1.0	HiC_scaffold6	36201760	False	G	A	0/0	37	99	37,0	0.0	True
Xubo01402-7A	YS26	CYU	1.0	1	1.0	HiC_scaffold6	36201760	False	G	A	0/0	35	99	35,0	0.0	True
Xubo01402-8A	YS26	CYU	1.0	1	1.0	HiC_scaffold6	36201760	False	G	A	0/0	32	90	32,0	0.0	True
Xubo01402-9A	YS26	CYU	1.0	1	1.0	HiC_scaffold6	36201760	False	G	A	0/0	25	66	25,0	0.0	True
YLZB4703-2A	SM3	CYU	0.0	0	1.0	HiC_scaffold6	36201760	False	G	A	0/0	27	75	27,0	0.0	True
YLZB4703-3A	SM3	CYU	0.0	0	1.0	HiC_scaffold6	36201760	False	G	A	0/0	26	63	26,0	0.0	True
YLZB4703-5A	SM3	CYU	0.0	0	1.0	HiC_scaffold6	36201760	False	G	A	0/1	33	99	18,15	0.45454545454545453	True
YLZB4703-7A	SM3	CYU	0.0	0	1.0	HiC_scaffold6	36201760	False	G	A	0/0	52	99	52,0	0.0	True
YLZB4703-9A	SM3	CYU	0.0	0	1.0	HiC_scaffold6	36201760	False	G	A	0/1	30	99	17,13	0.43333333333333335	True
YLZB4715-10A	MY1	CYU	0.0	0	1.0	HiC_scaffold6	36201760	False	G	A	1/1	33	98	0,33	1.0	True
YLZB4715-1A	MY1	CYU	0.0	0	1.0	HiC_scaffold6	36201760	False	G	A	0/1	26	99	5,21	0.8076923076923077	True
YLZB4715-2A	MY1	CYU	0.0	0	1.0	HiC_scaffold6	36201760	False	G	A	0/1	45	99	8,37	0.8222222222222222	True
YLZB4715-5A	MY1	CYU	0.0	0	1.0	HiC_scaffold6	36201760	False	G	A	0/1	29	48	3,26	0.896551724137931	True
YLZB4715-6A	MY1	CYU	0.0	0	1.0	HiC_scaffold6	36201760	False	G	A	0/1	29	3	2,27	0.9310344827586207	False
YLZB4715-7A	MY1	CYU	0.0	0	1.0	HiC_scaffold6	36201760	False	G	A	0/1	17	39	2,15	0.8823529411764706	True
YLZB4715-8A	MY1	CYU	0.0	0	1.0	HiC_scaffold6	36201760	False	G	A	0/1	60	99	9,51	0.85	True
YLZB4715-9A	MY1	CYU	0.0	0	1.0	HiC_scaffold6	36201760	False	G	A	0/1	30	45	3,27	0.9	True
YLZB4735-10A	YSXC51	CPO	1.0	1	1.0	HiC_scaffold6	36201760	False	G	A	0/0	19	51	19,0	0.0	True
YLZB4735-1A	YSXC51	CPO	1.0	1	1.0	HiC_scaffold6	36201760	False	G	A	0/0	21	57	21,0	0.0	True
YLZB4735-2A	YSXC51	CPO	1.0	1	1.0	HiC_scaffold6	36201760	False	G	A	0/0	28	81	28,0	0.0	True
YLZB4735-3A	YSXC51	CPO	1.0	1	1.0	HiC_scaffold6	36201760	False	G	A	0/0	20	57	20,0	0.0	True
YLZB4735-5A	YSXC51	CPO	1.0	1	1.0	HiC_scaffold6	36201760	False	G	A	0/0	28	75	28,0	0.0	True
YLZB4735-6A	YSXC51	CPO	1.0	1	1.0	HiC_scaffold6	36201760	False	G	A	0/0	35	99	35,0	0.0	True
YLZB4735-8A	YSXC51	CPO	1.0	1	1.0	HiC_scaffold6	36201760	False	G	A	0/0	21	60	21,0	0.0	True
YLZB4735-9A	YSXC51	CPO	1.0	1	1.0	HiC_scaffold6	36201760	False	G	A	0/0	30	87	30,0	0.0	True
YLZB4816-11A	ASCD52	CPO	1.0	1	1.0	HiC_scaffold6	36201760	False	G	A	0/0	35	84	35,0	0.0	True
YLZB4816-3A	ASCD52	CPO	1.0	1	1.0	HiC_scaffold6	36201760	False	G	A	0/0	36	87	36,0	0.0	True
YLZB4816-4A	ASCD52	CPO	1.0	1	1.0	HiC_scaffold6	36201760	False	G	A	0/0	27	72	27,0	0.0	True
YLZB4816-6A	ASCD52	CPO	1.0	1	1.0	HiC_scaffold6	36201760	False	G	A	0/0	34	96	34,0	0.0	True
YLZB4816-7A	ASCD52	CPO	1.0	1	1.0	HiC_scaffold6	36201760	False	G	A	0/0	43	99	43,0	0.0	True
YLZB4816-8A	ASCD52	CPO	1.0	1	1.0	HiC_scaffold6	36201760	False	G	A	0/0	11	30	11,0	0.0	True
YLZB4816-9A	ASCD52	CPO	1.0	1	1.0	HiC_scaffold6	36201760	False	G	A	0/0	25	72	25,0	0.0	True
ZXL277-1A	YY12	CMA	1.0	1	0.0	HiC_scaffold6	36201760	False	G	A	0/0	34	96	34,0	0.0	True
ZXL277-2A	YY12	CMA	1.0	1	0.0	HiC_scaffold6	36201760	False	G	A	0/0	25	72	25,0	0.0	True
ZXL277-3A	YY12	CMA	1.0	1	0.0	HiC_scaffold6	36201760	False	G	A	0/0	28	81	28,0	0.0	True
ZXL277-4A	YY12	CMA	1.0	1	0.0	HiC_scaffold6	36201760	False	G	A	0/0	34	90	34,0	0.0	True
ZXL277-5A	YY12	CMA	1.0	1	0.0	HiC_scaffold6	36201760	False	G	A	0/0	32	90	32,0	0.0	True
ZXL277-6A	YY12	CMA	1.0	1	0.0	HiC_scaffold6	36201760	False	G	A	0/0	29	81	29,0	0.0	True
ZXL277-7A	YY12	CMA	1.0	1	0.0	HiC_scaffold6	36201760	False	G	A	0/0	28	75	28,0	0.0	True
ZXL277-8A	YY12	CMA	1.0	1	0.0	HiC_scaffold6	36201760	False	G	A	0/0	25	71	25,0	0.0	True
ZXL79-1A	CZ25	CMA	1.0	1	0.0	HiC_scaffold6	36201760	False	G	A	0/0	25	72	25,0	0.0	True
ZXL79-2A	CZ25	CMA	1.0	1	0.0	HiC_scaffold6	36201760	False	G	A	0/0	29	75	29,0	0.0	True
ZXL79-3A	CZ25	CMA	1.0	1	0.0	HiC_scaffold6	36201760	False	G	A	0/0	27	72	27,0	0.0	True
ZXL79-4A	CZ25	CMA	1.0	1	0.0	HiC_scaffold6	36201760	False	G	A	0/0	21	60	21,0	0.0	True
ZXL79-5A	CZ25	CMA	1.0	1	0.0	HiC_scaffold6	36201760	False	G	A	0/0	30	84	30,0	0.0	True
ZXL79-6A	CZ25	CMA	1.0	1	0.0	HiC_scaffold6	36201760	False	G	A	0/0	20	60	20,0	0.0	True
ZXL79-7A	CZ25	CMA	1.0	1	0.0	HiC_scaffold6	36201760	False	G	A	0/0	19	57	19,0	0.0	True
xubo266-2A	XY36	CMA	1.0	1	0.0	HiC_scaffold6	36201760	False	G	A	0/0	33	99	33,0	0.0	True
xubo266-3A	XY36	CMA	1.0	1	0.0	HiC_scaffold6	36201760	False	G	A	0/0	35	90	35,0	0.0	True
xubo266-4A	XY36	CMA	1.0	1	0.0	HiC_scaffold6	36201760	False	G	A	0/0	37	99	37,0	0.0	True
xubo266-5A	XY36	CMA	1.0	1	0.0	HiC_scaffold6	36201760	False	G	A	0/0	35	99	35,0	0.0	True
xubo266-6A	XY36	CMA	1.0	1	0.0	HiC_scaffold6	36201760	False	G	A	0/0	28	72	28,0	0.0	True
xubo266-8A	XY36	CMA	1.0	1	0.0	HiC_scaffold6	36201760	False	G	A	0/0	34	99	34,0	0.0	True
xubo266-9A	XY36	CMA	1.0	1	0.0	HiC_scaffold6	36201760	False	G	A	0/0	24	63	24,0	0.0	True
zhuzm1009-10A	KM42	CPO	1.0	1	1.0	HiC_scaffold6	36201760	False	G	A	0/0	18	51	18,0	0.0	True
zhuzm1009-2A	KM42	CPO	1.0	1	1.0	HiC_scaffold6	36201760	False	G	A	0/0	32	84	32,0	0.0	True
zhuzm1009-3A	KM42	CPO	1.0	1	1.0	HiC_scaffold6	36201760	False	G	A	0/0	17	45	17,0	0.0	True
zhuzm1009-6A	KM42	CPO	1.0	1	1.0	HiC_scaffold6	36201760	False	G	A	0/0	20	60	20,0	0.0	True
zhuzm1009-7A	KM42	CPO	1.0	1	1.0	HiC_scaffold6	36201760	False	G	A	0/0	38	99	38,0	0.0	True
zhuzm1009-8A	KM42	CPO	1.0	1	1.0	HiC_scaffold6	36201760	False	G	A	0/0	38	99	38,0	0.0	True
2014-128-1A	ML50	CPO	1.0	1	1.0	HiC_scaffold6	36211203	False	C	T	0/0	5	15	5,0	0.0	False
2014-128-2A	ML50	CPO	1.0	1	1.0	HiC_scaffold6	36211203	False	C	T	0/0	11	33	11,0	0.0	True
2014-128-3A	ML50	CPO	1.0	1	1.0	HiC_scaffold6	36211203	False	C	T	0/0	17	0	17,0	0.0	False
2014-128-4A	ML50	CPO	1.0	1	1.0	HiC_scaffold6	36211203	False	C	T	0/0	31	81	31,0	0.0	True
2014-128-5A	ML50	CPO	1.0	1	1.0	HiC_scaffold6	36211203	False	C	T	0/0	8	21	8,0	0.0	False
2014-132-2A	ML5	N	1.0	1	1.0	HiC_scaffold6	36211203	False	C	T	0/0	16	33	16,0	0.0	True
2014-132-3A	ML5	N	1.0	1	1.0	HiC_scaffold6	36211203	False	C	T	0/0	13	33	13,0	0.0	True
2014-132-4A	ML5	N	1.0	1	1.0	HiC_scaffold6	36211203	False	C	T	0/0	11	30	11,0	0.0	True
2014-132-5A	ML5	N	1.0	1	1.0	HiC_scaffold6	36211203	False	C	T	0/0	14	42	14,0	0.0	True
2014-132-6A	ML5	N	1.0	1	1.0	HiC_scaffold6	36211203	False	C	T	0/0	16	48	16,0	0.0	True
2014-132-7A	ML5	N	1.0	1	1.0	HiC_scaffold6	36211203	False	C	T	0/0	24	66	24,0	0.0	True
2014-132-8A	ML5	N	1.0	1	1.0	HiC_scaffold6	36211203	False	C	T	0/0	17	48	17,0	0.0	True
2014-132-9A	ML5	N	1.0	1	1.0	HiC_scaffold6	36211203	False	C	T	0/0	20	54	20,0	0.0	True
2014-3-10A	MN34	CPO	1.0	1	1.0	HiC_scaffold6	36211203	False	C	T	0/0	24	66	24,0	0.0	True
2014-3-3A	MN34	CPO	1.0	1	1.0	HiC_scaffold6	36211203	False	C	T	0/0	15	42	15,0	0.0	True
2014-3-4A	MN34	CPO	1.0	1	1.0	HiC_scaffold6	36211203	False	C	T	0/0	19	54	19,0	0.0	True
2014-3-5A	MN34	CPO	1.0	1	1.0	HiC_scaffold6	36211203	False	C	T	0/1	26	99	13,13	0.5	True
2014-3-6A	MN34	CPO	1.0	1	1.0	HiC_scaffold6	36211203	False	C	T	0/0	21	51	21,0	0.0	True
2014-3-7A	MN34	CPO	1.0	1	1.0	HiC_scaffold6	36211203	False	C	T	0/1	15	74	3,12	0.8	True
2014-3-8A	MN34	CPO	1.0	1	1.0	HiC_scaffold6	36211203	False	C	T	0/0	22	60	22,0	0.0	True
2014-3-9A	MN34	CPO	1.0	1	1.0	HiC_scaffold6	36211203	False	C	T	0/0	19	51	19,0	0.0	True
2014-66-1A	YL49	CPO	1.0	1	1.0	HiC_scaffold6	36211203	False	C	T	0/0	15	33	15,0	0.0	True
2014-66-2A	YL49	CPO	1.0	1	1.0	HiC_scaffold6	36211203	False	C	T	0/0	12	36	12,0	0.0	True
2014-66-3A	YL49	CPO	1.0	1	1.0	HiC_scaffold6	36211203	False	C	T	0/0	23	60	23,0	0.0	True
2014-66-4A	YL49	CPO	1.0	1	1.0	HiC_scaffold6	36211203	False	C	T	0/0	18	51	18,0	0.0	True
2014-66-5A	YL49	CPO	1.0	1	1.0	HiC_scaffold6	36211203	False	C	T	0/0	22	54	22,0	0.0	True
2014-66-6A	YL49	CPO	1.0	1	1.0	HiC_scaffold6	36211203	False	C	T	0/0	13	33	13,0	0.0	True
2014-66-7A	YL49	CPO	1.0	1	1.0	HiC_scaffold6	36211203	False	C	T	0/0	10	24	10,0	0.0	True
2014-66-8A	YL49	CPO	1.0	1	1.0	HiC_scaffold6	36211203	False	C	T	0/0	18	36	18,0	0.0	True
DP1709141A	DQS11	CMA	1.0	1	0.0	HiC_scaffold6	36211203	False	C	T	0/0	15	42	15,0	0.0	True
DP1709144A	DQS11	CMA	1.0	1	0.0	HiC_scaffold6	36211203	False	C	T	0/0	14	36	14,0	0.0	True
DP1709148A	DQS11	CMA	1.0	1	0.0	HiC_scaffold6	36211203	False	C	T	0/0	36	99	36,0	0.0	True
Gln2014-15-10A	LD30	CYU	0.0	0	1.0	HiC_scaffold6	36211203	False	C	T	0/1	22	99	12,10	0.45454545454545453	True
Gln2014-15-1A	LD30	CYU	0.0	0	1.0	HiC_scaffold6	36211203	False	C	T	0/1	12	99	5,7	0.5833333333333334	True
Gln2014-15-3A	LD30	CYU	0.0	0	1.0	HiC_scaffold6	36211203	False	C	T	0/1	21	99	9,12	0.5714285714285714	True
Gln2014-15-4A	LD30	CYU	0.0	0	1.0	HiC_scaffold6	36211203	False	C	T	0/1	13	99	6,7	0.5384615384615384	True
Gln2014-15-5A	LD30	CYU	0.0	0	1.0	HiC_scaffold6	36211203	False	C	T	0/0	10	30	10,0	0.0	True
Gln2014-15-6A	LD30	CYU	0.0	0	1.0	HiC_scaffold6	36211203	False	C	T	0/1	22	99	6,16	0.7272727272727273	True
Gln2014-15-7A	LD30	CYU	0.0	0	1.0	HiC_scaffold6	36211203	False	C	T	0/0	42	84	42,0	0.0	True
Gln2014-15-8A	LD30	CYU	0.0	0	1.0	HiC_scaffold6	36211203	False	C	T	0/1	17	99	6,11	0.6470588235294118	True
Gln2014-8-1A	LD06	CPO	1.0	1	1.0	HiC_scaffold6	36211203	False	C	T	0/0	11	30	11,0	0.0	True
Gln2014-8-2A	LD06	CPO	1.0	1	1.0	HiC_scaffold6	36211203	False	C	T	0/0	7	21	7,0	0.0	False
Gln2014-8-4A	LD06	CPO	1.0	1	1.0	HiC_scaffold6	36211203	False	C	T	0/0	25	63	25,0	0.0	True
Gln2014-8-5A	LD06	CPO	1.0	1	1.0	HiC_scaffold6	36211203	False	C	T	0/0	14	36	14,0	0.0	True
Gln2014-8-6A	LD06	CPO	1.0	1	1.0	HiC_scaffold6	36211203	False	C	T	0/0	24	0	24,0	0.0	False
Gln2014-8-7A	LD06	CPO	1.0	1	1.0	HiC_scaffold6	36211203	False	C	T	0/0	22	0	22,0	0.0	False
Gln2014-8-8A	LD06	CPO	1.0	1	1.0	HiC_scaffold6	36211203	False	C	T	0/0	15	45	15,0	0.0	True
JLS-BM001-1A	BM31	N	NA	1	NA	HiC_scaffold6	36211203	False	C	T	0/0	27	81	27,0	0.0	True
JLS-BM001-2A	BM31	N	NA	1	NA	HiC_scaffold6	36211203	False	C	T	0/0	30	90	30,0	0.0	True
JLS-BM001-3A	BM31	N	NA	1	NA	HiC_scaffold6	36211203	False	C	T	0/0	22	60	22,0	0.0	True
JLS-BM001-4A	BM31	N	NA	1	NA	HiC_scaffold6	36211203	False	C	T	0/0	27	0	27,0	0.0	False
JLS-BM001-5A	BM31	N	NA	1	NA	HiC_scaffold6	36211203	False	C	T	0/0	34	99	34,0	0.0	True
JLS-BM001-6A	BM31	N	NA	1	NA	HiC_scaffold6	36211203	False	C	T	0/0	38	99	38,0	0.0	True
JLS-BM001-7A	BM31	N	NA	1	NA	HiC_scaffold6	36211203	False	C	T	0/0	9	24	9,0	0.0	False
JLS-BM001-8A	BM31	N	NA	1	NA	HiC_scaffold6	36211203	False	C	T	0/0	26	72	26,0	0.0	True
JLS-CY022-10A	CY32	CPO	1.0	1	1.0	HiC_scaffold6	36211203	False	C	T	0/0	8	24	8,0	0.0	False
JLS-CY022-11A	CY32	CPO	1.0	1	1.0	HiC_scaffold6	36211203	False	C	T	0/0	18	30	18,0	0.0	True
JLS-CY022-4A	CY32	CPO	1.0	1	1.0	HiC_scaffold6	36211203	False	C	T	0/0	15	45	15,0	0.0	True
JLS-CY022-5A	CY32	CPO	1.0	1	1.0	HiC_scaffold6	36211203	False	C	T	0/0	14	33	14,0	0.0	True
JLS-CY022-6A	CY32	CPO	1.0	1	1.0	HiC_scaffold6	36211203	False	C	T	0/0	10	0	10,0	0.0	False
JLS-CY022-7A	CY32	CPO	1.0	1	1.0	HiC_scaffold6	36211203	False	C	T	0/0	10	27	10,0	0.0	True
Sha-WS-1A	WS14	CMA	1.0	1	0.0	HiC_scaffold6	36211203	False	C	T	0/0	21	63	21,0	0.0	True
Sha-WS-2A	WS14	CMA	1.0	1	0.0	HiC_scaffold6	36211203	False	C	T	0/0	30	87	30,0	0.0	True
Sha-WS-3A	WS14	CMA	1.0	1	0.0	HiC_scaffold6	36211203	False	C	T	0/0	37	93	37,0	0.0	True
Sha-WS-4A	WS14	CMA	1.0	1	0.0	HiC_scaffold6	36211203	False	C	T	0/0	27	72	27,0	0.0	True
Sha-WS-5A	WS14	CMA	1.0	1	0.0	HiC_scaffold6	36211203	False	C	T	0/0	21	60	21,0	0.0	True
Sha-WS-6A	WS14	CMA	1.0	1	0.0	HiC_scaffold6	36211203	False	C	T	0/0	26	72	26,0	0.0	True
Sha-WS-7A	WS14	CMA	1.0	1	0.0	HiC_scaffold6	36211203	False	C	T	0/0	26	72	26,0	0.0	True
Sha-WS-8A	WS14	CMA	1.0	1	0.0	HiC_scaffold6	36211203	False	C	T	0/0	23	49	23,0	0.0	True
THP-SET_1917-1A	MK27	CPO	1.0	1	1.0	HiC_scaffold6	36211203	False	C	T	0/0	8	0	8,0	0.0	False
THP-SET_1917-2A	MK27	CPO	1.0	1	1.0	HiC_scaffold6	36211203	False	C	T	0/0	13	0	13,0	0.0	False
THP-SET_1917-3A	MK27	CPO	1.0	1	1.0	HiC_scaffold6	36211203	False	C	T	0/0	16	0	16,0	0.0	False
THP-SET_1917-4A	MK27	CPO	1.0	1	1.0	HiC_scaffold6	36211203	False	C	T	0/0	17	10	17,0	0.0	False
THP-SET_1917-5A	MK27	CPO	1.0	1	1.0	HiC_scaffold6	36211203	False	C	T	0/0	9	27	9,0	0.0	False
THP-SET_1917-6A	MK27	CPO	1.0	1	1.0	HiC_scaffold6	36211203	False	C	T	0/0	8	0	8,0	0.0	False
THP-SET_1917-7A	MK27	CPO	1.0	1	1.0	HiC_scaffold6	36211203	False	C	T	0/0	18	6	18,0	0.0	False
THP-SET_1917-8A	MK27	CPO	1.0	1	1.0	HiC_scaffold6	36211203	False	C	T	0/0	6	6	6,0	0.0	False
XB2014-144-2A	SM35	CYU	1.0	1	1.0	HiC_scaffold6	36211203	False	C	T	0/0	28	81	28,0	0.0	True
XB2014-144-3A	SM35	CYU	1.0	1	1.0	HiC_scaffold6	36211203	False	C	T	0/0	23	63	23,0	0.0	True
XB2014-144-4A	SM35	CYU	1.0	1	1.0	HiC_scaffold6	36211203	False	C	T	0/0	21	57	21,0	0.0	True
XB2014-144-5A	SM35	CYU	1.0	1	1.0	HiC_scaffold6	36211203	False	C	T	0/0	22	51	22,0	0.0	True
XB2014-144-6A	SM35	CYU	1.0	1	1.0	HiC_scaffold6	36211203	False	C	T	0/0	4	12	4,0	0.0	False
XB2014-144-7A	SM35	CYU	1.0	1	1.0	HiC_scaffold6	36211203	False	C	T	0/0	20	60	20,0	0.0	True
XB2014-144-8A	SM35	CYU	1.0	1	1.0	HiC_scaffold6	36211203	False	C	T	0/0	15	33	15,0	0.0	True
XB2014-144-9A	SM35	CYU	1.0	1	1.0	HiC_scaffold6	36211203	False	C	T	0/0	32	93	32,0	0.0	True
XB2014-38-2A	EY8	CYU	0.0	1	1.0	HiC_scaffold6	36211203	False	C	T	0/1	50	99	18,32	0.64	True
XB2014-38-3A	EY8	CYU	0.0	1	1.0	HiC_scaffold6	36211203	False	C	T	0/1	24	99	14,10	0.4166666666666667	True
XB2014-38-4A	EY8	CYU	0.0	1	1.0	HiC_scaffold6	36211203	False	C	T	0/0	27	81	27,0	0.0	True
XB2014-38-5A	EY8	CYU	0.0	1	1.0	HiC_scaffold6	36211203	False	C	T	0/0	19	0	19,0	0.0	False
XB2014-38-6A	EY9	CPO	0.0	1	1.0	HiC_scaffold6	36211203	False	C	T	0/1	23	99	14,9	0.391304347826087	True
XB2014-39-1A	EY9	CPO	1.0	1	1.0	HiC_scaffold6	36211203	False	C	T	0/0	15	42	15,0	0.0	True
XB2014-39-2A	EY9	CPO	1.0	1	1.0	HiC_scaffold6	36211203	False	C	T	0/0	11	21	11,0	0.0	True
XB2014-39-3A	EY9	CPO	1.0	1	1.0	HiC_scaffold6	36211203	False	C	T	0/0	13	30	13,0	0.0	True
XB2014-39-4A	EY9	CPO	1.0	1	1.0	HiC_scaffold6	36211203	False	C	T	0/0	14	39	14,0	0.0	True
XB2014-39-5A	EY9	CPO	1.0	1	1.0	HiC_scaffold6	36211203	False	C	T	0/0	15	39	15,0	0.0	True
XB2014-39-6A	EY9	CPO	1.0	1	1.0	HiC_scaffold6	36211203	False	C	T	0/0	10	30	10,0	0.0	True
XB2014-39-7A	EY9	CPO	1.0	1	1.0	HiC_scaffold6	36211203	False	C	T	0/0	12	24	12,0	0.0	True
XB2014-39-8A	EY9	CPO	1.0	1	1.0	HiC_scaffold6	36211203	False	C	T	0/0	13	36	13,0	0.0	True
XB2014-4-2A	MN4	CYU	0.0	0	1.0	HiC_scaffold6	36211203	False	C	T	1/1	18	54	0,18	1.0	True
XB2014-4-3A	MN4	CYU	0.0	0	1.0	HiC_scaffold6	36211203	False	C	T	0/1	27	99	17,10	0.37037037037037035	True
XB2014-4-4A	MN4	CYU	0.0	0	1.0	HiC_scaffold6	36211203	False	C	T	0/1	34	33	3,31	0.9117647058823529	True
XB2014-4-5A	MN4	CYU	0.0	0	1.0	HiC_scaffold6	36211203	False	C	T	0/1	13	99	4,9	0.6923076923076923	True
XB2014-4-6A	MN4	CYU	0.0	0	1.0	HiC_scaffold6	36211203	False	C	T	1/1	22	21	1,21	0.9545454545454546	True
XB2014-4-7A	MN4	CYU	0.0	0	1.0	HiC_scaffold6	36211203	False	C	T	0/1	38	99	20,18	0.47368421052631576	True
XB2014-4-8A	YL9	CYU	0.0	0	1.0	HiC_scaffold6	36211203	False	C	T	0/1	18	36	2,16	0.8888888888888888	True
XB2014-4-9A	YL9	CYU	0.0	0	1.0	HiC_scaffold6	36211203	False	C	T	0/1	37	99	5,32	0.8648648648648649	True
XB2014-48-1A	MN4	CYU	0.0	0	1.0	HiC_scaffold6	36211203	False	C	T	0/1	44	99	7,37	0.8409090909090909	True
XB2014-48-2A	MN4	CYU	0.0	0	1.0	HiC_scaffold6	36211203	False	C	T	0/1	26	99	4,22	0.8461538461538461	True
XB2014-48-3A	YL9	CYU	0.0	0	1.0	HiC_scaffold6	36211203	False	C	T	0/1	37	99	12,25	0.6756756756756757	True
XB2014-48-4A	YL9	CYU	0.0	0	1.0	HiC_scaffold6	36211203	False	C	T	0/1	31	99	16,15	0.4838709677419355	True
XB2014-48-5A	YL9	CYU	0.0	0	1.0	HiC_scaffold6	36211203	False	C	T	1/1	32	6	2,30	0.9375	False
XB2014-48-6A	YL9	CYU	0.0	0	1.0	HiC_scaffold6	36211203	False	C	T	0/1	21	99	13,8	0.38095238095238093	True
XB2014-48-7A	YL9	CYU	0.0	0	1.0	HiC_scaffold6	36211203	False	C	T	0/1	31	42	3,28	0.9032258064516129	True
XB2014-48-9A	YL9	CYU	0.0	0	1.0	HiC_scaffold6	36211203	False	C	T	1/1	22	66	0,22	1.0	True
XB26-3B	SC37	CPO	1.0	1	1.0	HiC_scaffold6	36211203	False	C	T	0/0	15	42	15,0	0.0	True
XB26-4B	SC37	CPO	1.0	1	1.0	HiC_scaffold6	36211203	False	C	T	0/0	22	57	22,0	0.0	True
XB26-5B	SC37	CPO	1.0	1	1.0	HiC_scaffold6	36211203	False	C	T	0/0	19	0	19,0	0.0	False
XB26-7B	SC37	CPO	1.0	1	1.0	HiC_scaffold6	36211203	False	C	T	0/0	41	99	41,0	0.0	True
XuBo982-1A	XS40	CMA	1.0	1	0.0	HiC_scaffold6	36211203	False	C	T	0/0	23	60	23,0	0.0	True
XuBo982-2A	XS40	CMA	1.0	1	0.0	HiC_scaffold6	36211203	False	C	T	0/0	20	51	20,0	0.0	True
XuBo982-3A	XS40	CMA	1.0	1	0.0	HiC_scaffold6	36211203	False	C	T	0/0	25	72	25,0	0.0	True
XuBo982-4A	XS40	CMA	1.0	1	0.0	HiC_scaffold6	36211203	False	C	T	0/0	27	81	27,0	0.0	True
XuBo982-5A	XS40	CMA	1.0	1	0.0	HiC_scaffold6	36211203	False	C	T	0/0	20	60	20,0	0.0	True
XubBo-1037-1A	LN46	N	1.0	1	0.0	HiC_scaffold6	36211203	False	C	T	0/0	12	33	11,0	0.0	True
XubBo-1037-2A	TB43	CMA	NA	1	NA	HiC_scaffold6	36211203	False	C	T	0/0	17	48	16,0	0.0	True
XubBo-1037-3A	TB43	CMA	NA	1	NA	HiC_scaffold6	36211203	False	C	T	0/0	14	0	14,0	0.0	False
XubBo-1037-4A	TB43	CMA	NA	1	NA	HiC_scaffold6	36211203	False	C	T	0/0	8	24	8,0	0.0	False
XubBo-1037-5A	TB43	CMA	NA	1	NA	HiC_scaffold6	36211203	False	C	T	0/0	7	18	7,0	0.0	False
XubBo-1037-6A	TB43	CMA	NA	1	NA	HiC_scaffold6	36211203	False	C	T	0/0	16	45	15,0	0.0	True
XubBo-1037-7A	TB43	CMA	NA	1	NA	HiC_scaffold6	36211203	False	C	T	./.	10	0	10,0	0.0	False
XubBo-1037-8A	TB43	CMA	NA	1	NA	HiC_scaffold6	36211203	False	C	T	0/0	11	30	10,0	0.0	True
XubBo1030-10A	LN46	N	1.0	1	0.0	HiC_scaffold6	36211203	False	C	T	0/0	35	99	35,0	0.0	True
XubBo1030-1A	LN46	N	1.0	1	0.0	HiC_scaffold6	36211203	False	C	T	0/0	41	99	41,0	0.0	True
XubBo1030-3A	LN46	N	1.0	1	0.0	HiC_scaffold6	36211203	False	C	T	0/0	27	28	27,0	0.0	True
XubBo1030-5A	LN46	N	1.0	1	0.0	HiC_scaffold6	36211203	False	C	T	0/0	20	60	20,0	0.0	True
XubBo1030-6A	LN46	N	1.0	1	0.0	HiC_scaffold6	36211203	False	C	T	0/0	29	81	29,0	0.0	True
XubBo1030-8A	LN46	N	1.0	1	0.0	HiC_scaffold6	36211203	False	C	T	0/0	38	99	38,0	0.0	True
XubBo1030-9A	LN46	N	1.0	1	0.0	HiC_scaffold6	36211203	False	C	T	0/0	20	57	20,0	0.0	True
XubBo1051-10A	WX48	CMA	1.0	1	0.0	HiC_scaffold6	36211203	False	C	T	0/0	34	84	34,0	0.0	True
XubBo1051-1A	WX48	CMA	1.0	1	0.0	HiC_scaffold6	36211203	False	C	T	0/0	22	60	22,0	0.0	True
XubBo1051-2A	WX48	CMA	1.0	1	0.0	HiC_scaffold6	36211203	False	C	T	0/0	12	36	12,0	0.0	True
XubBo1051-3A	WX48	CMA	1.0	1	0.0	HiC_scaffold6	36211203	False	C	T	0/0	37	99	37,0	0.0	True
XubBo1051-4A	WX48	CMA	1.0	1	0.0	HiC_scaffold6	36211203	False	C	T	0/0	17	48	17,0	0.0	True
XubBo1051-7A	WX48	CMA	1.0	1	0.0	HiC_scaffold6	36211203	False	C	T	0/0	17	51	17,0	0.0	True
XubBo1051-8A	WX48	CMA	1.0	1	0.0	HiC_scaffold6	36211203	False	C	T	0/0	37	99	37,0	0.0	True
XubBo1051-9A	WX48	CMA	1.0	1	0.0	HiC_scaffold6	36211203	False	C	T	0/0	20	57	20,0	0.0	True
Xubo01402-2A	YS26	CYU	1.0	1	1.0	HiC_scaffold6	36211203	False	C	T	0/0	24	72	24,0	0.0	True
Xubo01402-3A	YS26	CYU	1.0	1	1.0	HiC_scaffold6	36211203	False	C	T	0/0	25	75	25,0	0.0	True
Xubo01402-4A	YS26	CYU	1.0	1	1.0	HiC_scaffold6	36211203	False	C	T	0/0	23	66	23,0	0.0	True
Xubo01402-5A	YS26	CYU	1.0	1	1.0	HiC_scaffold6	36211203	False	C	T	0/0	25	72	25,0	0.0	True
Xubo01402-6A	YS26	CYU	1.0	1	1.0	HiC_scaffold6	36211203	False	C	T	0/0	24	63	24,0	0.0	True
Xubo01402-7A	YS26	CYU	1.0	1	1.0	HiC_scaffold6	36211203	False	C	T	0/0	23	63	23,0	0.0	True
Xubo01402-8A	YS26	CYU	1.0	1	1.0	HiC_scaffold6	36211203	False	C	T	0/0	34	99	34,0	0.0	True
Xubo01402-9A	YS26	CYU	1.0	1	1.0	HiC_scaffold6	36211203	False	C	T	0/0	20	57	20,0	0.0	True
YLZB4703-2A	SM3	CYU	0.0	0	1.0	HiC_scaffold6	36211203	False	C	T	0/0	7	21	7,0	0.0	False
YLZB4703-3A	SM3	CYU	0.0	0	1.0	HiC_scaffold6	36211203	False	C	T	0/0	9	21	9,0	0.0	False
YLZB4703-5A	SM3	CYU	0.0	0	1.0	HiC_scaffold6	36211203	False	C	T	0/1	14	99	9,5	0.35714285714285715	True
YLZB4703-7A	SM3	CYU	0.0	0	1.0	HiC_scaffold6	36211203	False	C	T	0/0	21	60	21,0	0.0	True
YLZB4703-9A	SM3	CYU	0.0	0	1.0	HiC_scaffold6	36211203	False	C	T	0/1	28	99	5,23	0.8214285714285714	True
YLZB4715-10A	MY1	CYU	0.0	0	1.0	HiC_scaffold6	36211203	False	C	T	1/1	19	57	0,19	1.0	True
YLZB4715-1A	MY1	CYU	0.0	0	1.0	HiC_scaffold6	36211203	False	C	T	1/1	15	45	0,15	1.0	True
YLZB4715-2A	MY1	CYU	0.0	0	1.0	HiC_scaffold6	36211203	False	C	T	1/1	5	15	0,5	1.0	False
YLZB4715-5A	MY1	CYU	0.0	0	1.0	HiC_scaffold6	36211203	False	C	T	1/1	22	66	0,22	1.0	True
YLZB4715-6A	MY1	CYU	0.0	0	1.0	HiC_scaffold6	36211203	False	C	T	1/1	20	15	1,19	0.95	False
YLZB4715-7A	MY1	CYU	0.0	0	1.0	HiC_scaffold6	36211203	False	C	T	1/1	23	69	0,23	1.0	True
YLZB4715-8A	MY1	CYU	0.0	0	1.0	HiC_scaffold6	36211203	False	C	T	1/1	31	93	0,31	1.0	True
YLZB4715-9A	MY1	CYU	0.0	0	1.0	HiC_scaffold6	36211203	False	C	T	1/1	18	54	0,18	1.0	True
YLZB4735-10A	YSXC51	CPO	1.0	1	1.0	HiC_scaffold6	36211203	False	C	T	0/0	17	48	17,0	0.0	True
YLZB4735-1A	YSXC51	CPO	1.0	1	1.0	HiC_scaffold6	36211203	False	C	T	0/0	12	0	12,0	0.0	False
YLZB4735-2A	YSXC51	CPO	1.0	1	1.0	HiC_scaffold6	36211203	False	C	T	0/0	25	66	25,0	0.0	True
YLZB4735-3A	YSXC51	CPO	1.0	1	1.0	HiC_scaffold6	36211203	False	C	T	0/0	14	36	14,0	0.0	True
YLZB4735-5A	YSXC51	CPO	1.0	1	1.0	HiC_scaffold6	36211203	False	C	T	0/0	7	18	7,0	0.0	False
YLZB4735-6A	YSXC51	CPO	1.0	1	1.0	HiC_scaffold6	36211203	False	C	T	0/0	12	33	12,0	0.0	True
YLZB4735-8A	YSXC51	CPO	1.0	1	1.0	HiC_scaffold6	36211203	False	C	T	0/0	14	30	14,0	0.0	True
YLZB4735-9A	YSXC51	CPO	1.0	1	1.0	HiC_scaffold6	36211203	False	C	T	0/0	27	72	27,0	0.0	True
YLZB4816-11A	ASCD52	CPO	1.0	1	1.0	HiC_scaffold6	36211203	False	C	T	0/0	24	60	24,0	0.0	True
YLZB4816-3A	ASCD52	CPO	1.0	1	1.0	HiC_scaffold6	36211203	False	C	T	0/0	20	54	20,0	0.0	True
YLZB4816-4A	ASCD52	CPO	1.0	1	1.0	HiC_scaffold6	36211203	False	C	T	0/0	16	48	16,0	0.0	True
YLZB4816-6A	ASCD52	CPO	1.0	1	1.0	HiC_scaffold6	36211203	False	C	T	0/0	26	72	26,0	0.0	True
YLZB4816-7A	ASCD52	CPO	1.0	1	1.0	HiC_scaffold6	36211203	False	C	T	0/0	19	54	19,0	0.0	True
YLZB4816-8A	ASCD52	CPO	1.0	1	1.0	HiC_scaffold6	36211203	False	C	T	0/0	8	24	8,0	0.0	False
YLZB4816-9A	ASCD52	CPO	1.0	1	1.0	HiC_scaffold6	36211203	False	C	T	0/0	19	48	19,0	0.0	True
ZXL277-1A	YY12	CMA	1.0	1	0.0	HiC_scaffold6	36211203	False	C	T	0/0	19	54	19,0	0.0	True
ZXL277-2A	YY12	CMA	1.0	1	0.0	HiC_scaffold6	36211203	False	C	T	0/0	41	81	41,0	0.0	True
ZXL277-3A	YY12	CMA	1.0	1	0.0	HiC_scaffold6	36211203	False	C	T	0/0	34	99	34,0	0.0	True
ZXL277-4A	YY12	CMA	1.0	1	0.0	HiC_scaffold6	36211203	False	C	T	0/0	38	99	38,0	0.0	True
ZXL277-5A	YY12	CMA	1.0	1	0.0	HiC_scaffold6	36211203	False	C	T	0/0	31	90	31,0	0.0	True
ZXL277-6A	YY12	CMA	1.0	1	0.0	HiC_scaffold6	36211203	False	C	T	0/0	28	81	28,0	0.0	True
ZXL277-7A	YY12	CMA	1.0	1	0.0	HiC_scaffold6	36211203	False	C	T	0/0	29	81	29,0	0.0	True
ZXL277-8A	YY12	CMA	1.0	1	0.0	HiC_scaffold6	36211203	False	C	T	0/0	30	80	30,0	0.0	True
ZXL79-1A	CZ25	CMA	1.0	1	0.0	HiC_scaffold6	36211203	False	C	T	0/0	38	72	38,0	0.0	True
ZXL79-2A	CZ25	CMA	1.0	1	0.0	HiC_scaffold6	36211203	False	C	T	0/0	24	60	24,0	0.0	True
ZXL79-3A	CZ25	CMA	1.0	1	0.0	HiC_scaffold6	36211203	False	C	T	0/0	14	39	14,0	0.0	True
ZXL79-4A	CZ25	CMA	1.0	1	0.0	HiC_scaffold6	36211203	False	C	T	0/0	14	39	14,0	0.0	True
ZXL79-5A	CZ25	CMA	1.0	1	0.0	HiC_scaffold6	36211203	False	C	T	0/0	29	81	29,0	0.0	True
ZXL79-6A	CZ25	CMA	1.0	1	0.0	HiC_scaffold6	36211203	False	C	T	0/0	22	60	22,0	0.0	True
ZXL79-7A	CZ25	CMA	1.0	1	0.0	HiC_scaffold6	36211203	False	C	T	0/0	21	57	21,0	0.0	True
xubo266-2A	XY36	CMA	1.0	1	0.0	HiC_scaffold6	36211203	False	C	T	0/0	31	78	31,0	0.0	True
xubo266-3A	XY36	CMA	1.0	1	0.0	HiC_scaffold6	36211203	False	C	T	0/0	34	90	34,0	0.0	True
xubo266-4A	XY36	CMA	1.0	1	0.0	HiC_scaffold6	36211203	False	C	T	0/0	30	84	30,0	0.0	True
xubo266-5A	XY36	CMA	1.0	1	0.0	HiC_scaffold6	36211203	False	C	T	0/0	33	99	33,0	0.0	True
xubo266-6A	XY36	CMA	1.0	1	0.0	HiC_scaffold6	36211203	False	C	T	0/0	23	60	23,0	0.0	True
xubo266-8A	XY36	CMA	1.0	1	0.0	HiC_scaffold6	36211203	False	C	T	0/0	27	72	27,0	0.0	True
xubo266-9A	XY36	CMA	1.0	1	0.0	HiC_scaffold6	36211203	False	C	T	0/0	24	66	24,0	0.0	True
zhuzm1009-10A	KM42	CPO	1.0	1	1.0	HiC_scaffold6	36211203	False	C	T	0/0	10	0	10,0	0.0	False
zhuzm1009-2A	KM42	CPO	1.0	1	1.0	HiC_scaffold6	36211203	False	C	T	0/0	32	62	32,0	0.0	True
zhuzm1009-3A	KM42	CPO	1.0	1	1.0	HiC_scaffold6	36211203	False	C	T	0/0	15	3	15,0	0.0	False
zhuzm1009-6A	KM42	CPO	1.0	1	1.0	HiC_scaffold6	36211203	False	C	T	0/0	8	18	8,0	0.0	False
zhuzm1009-7A	KM42	CPO	1.0	1	1.0	HiC_scaffold6	36211203	False	C	T	0/0	14	30	14,0	0.0	True
zhuzm1009-8A	KM42	CPO	1.0	1	1.0	HiC_scaffold6	36211203	False	C	T	0/0	18	35	18,0	0.0	True
2014-128-1A	ML50	CPO	1.0	1	1.0	HiC_scaffold6	36243920	False	C	A	0/0	52	99	52,0	0.0	True
2014-128-2A	ML50	CPO	1.0	1	1.0	HiC_scaffold6	36243920	False	C	A	0/0	39	99	39,0	0.0	True
2014-128-3A	ML50	CPO	1.0	1	1.0	HiC_scaffold6	36243920	False	C	A	0/0	37	99	37,0	0.0	True
2014-128-4A	ML50	CPO	1.0	1	1.0	HiC_scaffold6	36243920	False	C	A	0/0	43	99	43,0	0.0	True
2014-128-5A	ML50	CPO	1.0	1	1.0	HiC_scaffold6	36243920	False	C	A	0/0	58	99	58,0	0.0	True
2014-132-2A	ML5	N	1.0	1	1.0	HiC_scaffold6	36243920	False	C	A	0/0	37	99	37,0	0.0	True
2014-132-3A	ML5	N	1.0	1	1.0	HiC_scaffold6	36243920	False	C	A	0/0	44	99	44,0	0.0	True
2014-132-4A	ML5	N	1.0	1	1.0	HiC_scaffold6	36243920	False	C	A	0/0	63	99	63,0	0.0	True
2014-132-5A	ML5	N	1.0	1	1.0	HiC_scaffold6	36243920	False	C	A	0/0	24	63	24,0	0.0	True
2014-132-6A	ML5	N	1.0	1	1.0	HiC_scaffold6	36243920	False	C	A	0/0	44	99	44,0	0.0	True
2014-132-7A	ML5	N	1.0	1	1.0	HiC_scaffold6	36243920	False	C	A	0/0	58	99	58,0	0.0	True
2014-132-8A	ML5	N	1.0	1	1.0	HiC_scaffold6	36243920	False	C	A	0/0	55	99	55,0	0.0	True
2014-132-9A	ML5	N	1.0	1	1.0	HiC_scaffold6	36243920	False	C	A	0/0	50	99	50,0	0.0	True
2014-3-10A	MN34	CPO	1.0	1	1.0	HiC_scaffold6	36243920	False	C	A	0/0	60	99	60,0	0.0	True
2014-3-3A	MN34	CPO	1.0	1	1.0	HiC_scaffold6	36243920	False	C	A	0/0	48	99	48,0	0.0	True
2014-3-4A	MN34	CPO	1.0	1	1.0	HiC_scaffold6	36243920	False	C	A	0/0	56	99	56,0	0.0	True
2014-3-5A	MN34	CPO	1.0	1	1.0	HiC_scaffold6	36243920	False	C	A	0/0	30	48	30,0	0.0	True
2014-3-6A	MN34	CPO	1.0	1	1.0	HiC_scaffold6	36243920	False	C	A	0/0	41	99	41,0	0.0	True
2014-3-7A	MN34	CPO	1.0	1	1.0	HiC_scaffold6	36243920	False	C	A	0/0	47	99	47,0	0.0	True
2014-3-8A	MN34	CPO	1.0	1	1.0	HiC_scaffold6	36243920	False	C	A	0/0	43	99	43,0	0.0	True
2014-3-9A	MN34	CPO	1.0	1	1.0	HiC_scaffold6	36243920	False	C	A	0/0	46	99	46,0	0.0	True
2014-66-1A	YL49	CPO	1.0	1	1.0	HiC_scaffold6	36243920	False	C	A	0/0	40	96	40,0	0.0	True
2014-66-2A	YL49	CPO	1.0	1	1.0	HiC_scaffold6	36243920	False	C	A	0/0	29	81	29,0	0.0	True
2014-66-3A	YL49	CPO	1.0	1	1.0	HiC_scaffold6	36243920	False	C	A	0/0	41	99	41,0	0.0	True
2014-66-4A	YL49	CPO	1.0	1	1.0	HiC_scaffold6	36243920	False	C	A	0/0	66	99	66,0	0.0	True
2014-66-5A	YL49	CPO	1.0	1	1.0	HiC_scaffold6	36243920	False	C	A	0/0	45	99	45,0	0.0	True
2014-66-6A	YL49	CPO	1.0	1	1.0	HiC_scaffold6	36243920	False	C	A	0/0	38	90	38,0	0.0	True
2014-66-7A	YL49	CPO	1.0	1	1.0	HiC_scaffold6	36243920	False	C	A	0/0	51	99	51,0	0.0	True
2014-66-8A	YL49	CPO	1.0	1	1.0	HiC_scaffold6	36243920	False	C	A	0/0	62	99	62,0	0.0	True
DP1709141A	DQS11	CMA	1.0	1	0.0	HiC_scaffold6	36243920	False	C	A	0/0	33	90	33,0	0.0	True
DP1709144A	DQS11	CMA	1.0	1	0.0	HiC_scaffold6	36243920	False	C	A	0/0	22	60	22,0	0.0	True
DP1709148A	DQS11	CMA	1.0	1	0.0	HiC_scaffold6	36243920	False	C	A	0/0	33	96	33,0	0.0	True
Gln2014-15-10A	LD30	CYU	0.0	0	1.0	HiC_scaffold6	36243920	False	C	A	0/1	34	99	16,18	0.5294117647058824	True
Gln2014-15-1A	LD30	CYU	0.0	0	1.0	HiC_scaffold6	36243920	False	C	A	0/1	36	99	19,17	0.4722222222222222	True
Gln2014-15-3A	LD30	CYU	0.0	0	1.0	HiC_scaffold6	36243920	False	C	A	0/1	28	99	18,10	0.35714285714285715	True
Gln2014-15-4A	LD30	CYU	0.0	0	1.0	HiC_scaffold6	36243920	False	C	A	0/1	40	99	23,16	0.41025641025641024	True
Gln2014-15-5A	LD30	CYU	0.0	0	1.0	HiC_scaffold6	36243920	False	C	A	0/0	40	99	40,0	0.0	True
Gln2014-15-6A	LD30	CYU	0.0	0	1.0	HiC_scaffold6	36243920	False	C	A	0/1	38	99	20,18	0.47368421052631576	True
Gln2014-15-7A	LD30	CYU	0.0	0	1.0	HiC_scaffold6	36243920	False	C	A	0/0	41	99	41,0	0.0	True
Gln2014-15-8A	LD30	CYU	0.0	0	1.0	HiC_scaffold6	36243920	False	C	A	0/1	24	63	21,3	0.125	True
Gln2014-8-1A	LD06	CPO	1.0	1	1.0	HiC_scaffold6	36243920	False	C	A	0/0	74	99	74,0	0.0	True
Gln2014-8-2A	LD06	CPO	1.0	1	1.0	HiC_scaffold6	36243920	False	C	A	0/0	35	99	35,0	0.0	True
Gln2014-8-4A	LD06	CPO	1.0	1	1.0	HiC_scaffold6	36243920	False	C	A	0/0	45	53	45,0	0.0	True
Gln2014-8-5A	LD06	CPO	1.0	1	1.0	HiC_scaffold6	36243920	False	C	A	0/0	43	99	43,0	0.0	True
Gln2014-8-6A	LD06	CPO	1.0	1	1.0	HiC_scaffold6	36243920	False	C	A	0/0	59	99	59,0	0.0	True
Gln2014-8-7A	LD06	CPO	1.0	1	1.0	HiC_scaffold6	36243920	False	C	A	0/0	55	99	55,0	0.0	True
Gln2014-8-8A	LD06	CPO	1.0	1	1.0	HiC_scaffold6	36243920	False	C	A	0/0	49	99	49,0	0.0	True
JLS-BM001-1A	BM31	N	NA	1	NA	HiC_scaffold6	36243920	False	C	A	0/0	50	99	50,0	0.0	True
JLS-BM001-2A	BM31	N	NA	1	NA	HiC_scaffold6	36243920	False	C	A	0/0	39	99	39,0	0.0	True
JLS-BM001-3A	BM31	N	NA	1	NA	HiC_scaffold6	36243920	False	C	A	0/0	46	99	43,0	0.0	True
JLS-BM001-4A	BM31	N	NA	1	NA	HiC_scaffold6	36243920	False	C	A	0/0	47	99	47,0	0.0	True
JLS-BM001-5A	BM31	N	NA	1	NA	HiC_scaffold6	36243920	False	C	A	0/0	46	99	46,0	0.0	True
JLS-BM001-6A	BM31	N	NA	1	NA	HiC_scaffold6	36243920	False	C	A	0/0	48	99	48,0	0.0	True
JLS-BM001-7A	BM31	N	NA	1	NA	HiC_scaffold6	36243920	False	C	A	0/0	21	51	21,0	0.0	True
JLS-BM001-8A	BM31	N	NA	1	NA	HiC_scaffold6	36243920	False	C	A	0/0	29	81	29,0	0.0	True
JLS-CY022-10A	CY32	CPO	1.0	1	1.0	HiC_scaffold6	36243920	False	C	A	0/0	66	99	66,0	0.0	True
JLS-CY022-11A	CY32	CPO	1.0	1	1.0	HiC_scaffold6	36243920	False	C	A	0/0	48	99	48,0	0.0	True
JLS-CY022-4A	CY32	CPO	1.0	1	1.0	HiC_scaffold6	36243920	False	C	A	0/0	38	77	38,0	0.0	True
JLS-CY022-5A	CY32	CPO	1.0	1	1.0	HiC_scaffold6	36243920	False	C	A	0/0	33	90	33,0	0.0	True
JLS-CY022-6A	CY32	CPO	1.0	1	1.0	HiC_scaffold6	36243920	False	C	A	0/0	28	75	28,0	0.0	True
JLS-CY022-7A	CY32	CPO	1.0	1	1.0	HiC_scaffold6	36243920	False	C	A	0/0	18	45	18,0	0.0	True
Sha-WS-1A	WS14	CMA	1.0	1	0.0	HiC_scaffold6	36243920	False	C	A	0/0	32	90	32,0	0.0	True
Sha-WS-2A	WS14	CMA	1.0	1	0.0	HiC_scaffold6	36243920	False	C	A	0/0	17	45	17,0	0.0	True
Sha-WS-3A	WS14	CMA	1.0	1	0.0	HiC_scaffold6	36243920	False	C	A	0/0	43	99	43,0	0.0	True
Sha-WS-4A	WS14	CMA	1.0	1	0.0	HiC_scaffold6	36243920	False	C	A	0/0	20	54	20,0	0.0	True
Sha-WS-5A	WS14	CMA	1.0	1	0.0	HiC_scaffold6	36243920	False	C	A	0/0	32	90	32,0	0.0	True
Sha-WS-6A	WS14	CMA	1.0	1	0.0	HiC_scaffold6	36243920	False	C	A	0/0	19	29	19,0	0.0	True
Sha-WS-7A	WS14	CMA	1.0	1	0.0	HiC_scaffold6	36243920	False	C	A	0/0	26	72	26,0	0.0	True
Sha-WS-8A	WS14	CMA	1.0	1	0.0	HiC_scaffold6	36243920	False	C	A	0/0	20	60	20,0	0.0	True
THP-SET_1917-1A	MK27	CPO	1.0	1	1.0	HiC_scaffold6	36243920	False	C	A	0/0	29	87	29,0	0.0	True
THP-SET_1917-2A	MK27	CPO	1.0	1	1.0	HiC_scaffold6	36243920	False	C	A	0/0	27	72	27,0	0.0	True
THP-SET_1917-3A	MK27	CPO	1.0	1	1.0	HiC_scaffold6	36243920	False	C	A	0/0	44	99	44,0	0.0	True
THP-SET_1917-4A	MK27	CPO	1.0	1	1.0	HiC_scaffold6	36243920	False	C	A	0/1	24	63	21,3	0.125	True
THP-SET_1917-5A	MK27	CPO	1.0	1	1.0	HiC_scaffold6	36243920	False	C	A	0/0	45	99	45,0	0.0	True
THP-SET_1917-6A	MK27	CPO	1.0	1	1.0	HiC_scaffold6	36243920	False	C	A	0/0	36	99	36,0	0.0	True
THP-SET_1917-7A	MK27	CPO	1.0	1	1.0	HiC_scaffold6	36243920	False	C	A	0/0	51	99	51,0	0.0	True
THP-SET_1917-8A	MK27	CPO	1.0	1	1.0	HiC_scaffold6	36243920	False	C	A	0/0	14	39	14,0	0.0	True
XB2014-144-2A	SM35	CYU	1.0	1	1.0	HiC_scaffold6	36243920	False	C	A	0/0	45	99	45,0	0.0	True
XB2014-144-3A	SM35	CYU	1.0	1	1.0	HiC_scaffold6	36243920	False	C	A	0/0	27	72	27,0	0.0	True
XB2014-144-4A	SM35	CYU	1.0	1	1.0	HiC_scaffold6	36243920	False	C	A	0/0	49	99	49,0	0.0	True
XB2014-144-5A	SM35	CYU	1.0	1	1.0	HiC_scaffold6	36243920	False	C	A	0/0	41	99	41,0	0.0	True
XB2014-144-6A	SM35	CYU	1.0	1	1.0	HiC_scaffold6	36243920	False	C	A	0/0	42	99	42,0	0.0	True
XB2014-144-7A	SM35	CYU	1.0	1	1.0	HiC_scaffold6	36243920	False	C	A	0/0	66	99	66,0	0.0	True
XB2014-144-8A	SM35	CYU	1.0	1	1.0	HiC_scaffold6	36243920	False	C	A	0/0	39	99	39,0	0.0	True
XB2014-144-9A	SM35	CYU	1.0	1	1.0	HiC_scaffold6	36243920	False	C	A	0/0	46	99	46,0	0.0	True
XB2014-38-2A	EY8	CYU	0.0	1	1.0	HiC_scaffold6	36243920	False	C	A	0/1	32	91	27,5	0.15625	True
XB2014-38-3A	EY8	CYU	0.0	1	1.0	HiC_scaffold6	36243920	False	C	A	0/1	21	99	13,8	0.38095238095238093	True
XB2014-38-4A	EY8	CYU	0.0	1	1.0	HiC_scaffold6	36243920	False	C	A	0/0	29	4	29,0	0.0	False
XB2014-38-5A	EY8	CYU	0.0	1	1.0	HiC_scaffold6	36243920	False	C	A	0/0	50	99	50,0	0.0	True
XB2014-38-6A	EY9	CPO	0.0	1	1.0	HiC_scaffold6	36243920	False	C	A	0/1	32	99	22,10	0.3125	True
XB2014-39-1A	EY9	CPO	1.0	1	1.0	HiC_scaffold6	36243920	False	C	A	0/0	39	99	39,0	0.0	True
XB2014-39-2A	EY9	CPO	1.0	1	1.0	HiC_scaffold6	36243920	False	C	A	0/0	37	99	37,0	0.0	True
XB2014-39-3A	EY9	CPO	1.0	1	1.0	HiC_scaffold6	36243920	False	C	A	0/0	33	99	33,0	0.0	True
XB2014-39-4A	EY9	CPO	1.0	1	1.0	HiC_scaffold6	36243920	False	C	A	0/0	35	87	35,0	0.0	True
XB2014-39-5A	EY9	CPO	1.0	1	1.0	HiC_scaffold6	36243920	False	C	A	0/0	42	99	42,0	0.0	True
XB2014-39-6A	EY9	CPO	1.0	1	1.0	HiC_scaffold6	36243920	False	C	A	0/0	57	99	57,0	0.0	True
XB2014-39-7A	EY9	CPO	1.0	1	1.0	HiC_scaffold6	36243920	False	C	A	0/0	51	99	51,0	0.0	True
XB2014-39-8A	EY9	CPO	1.0	1	1.0	HiC_scaffold6	36243920	False	C	A	0/0	62	99	62,0	0.0	True
XB2014-4-2A	MN4	CYU	0.0	0	1.0	HiC_scaffold6	36243920	False	C	A	0/1	49	99	15,34	0.6938775510204082	True
XB2014-4-3A	MN4	CYU	0.0	0	1.0	HiC_scaffold6	36243920	False	C	A	0/1	27	99	18,9	0.3333333333333333	True
XB2014-4-4A	MN4	CYU	0.0	0	1.0	HiC_scaffold6	36243920	False	C	A	0/1	37	99	18,19	0.5135135135135135	True
XB2014-4-5A	MN4	CYU	0.0	0	1.0	HiC_scaffold6	36243920	False	C	A	0/1	37	99	17,20	0.5405405405405406	True
XB2014-4-6A	MN4	CYU	0.0	0	1.0	HiC_scaffold6	36243920	False	C	A	0/1	53	99	18,35	0.660377358490566	True
XB2014-4-7A	MN4	CYU	0.0	0	1.0	HiC_scaffold6	36243920	False	C	A	0/1	43	99	27,16	0.37209302325581395	True
XB2014-4-8A	YL9	CYU	0.0	0	1.0	HiC_scaffold6	36243920	False	C	A	0/1	29	99	5,24	0.8275862068965517	True
XB2014-4-9A	YL9	CYU	0.0	0	1.0	HiC_scaffold6	36243920	False	C	A	0/1	45	41	5,40	0.8888888888888888	True
XB2014-48-1A	MN4	CYU	0.0	0	1.0	HiC_scaffold6	36243920	False	C	A	0/1	47	99	19,28	0.5957446808510638	True
XB2014-48-2A	MN4	CYU	0.0	0	1.0	HiC_scaffold6	36243920	False	C	A	0/1	42	99	8,34	0.8095238095238095	True
XB2014-48-3A	YL9	CYU	0.0	0	1.0	HiC_scaffold6	36243920	False	C	A	0/1	40	99	24,16	0.4	True
XB2014-48-4A	YL9	CYU	0.0	0	1.0	HiC_scaffold6	36243920	False	C	A	0/1	37	99	26,11	0.2972972972972973	True
XB2014-48-5A	YL9	CYU	0.0	0	1.0	HiC_scaffold6	36243920	False	C	A	0/1	41	99	23,18	0.43902439024390244	True
XB2014-48-6A	YL9	CYU	0.0	0	1.0	HiC_scaffold6	36243920	False	C	A	0/1	25	99	17,8	0.32	True
XB2014-48-7A	YL9	CYU	0.0	0	1.0	HiC_scaffold6	36243920	False	C	A	0/1	31	99	10,21	0.6774193548387096	True
XB2014-48-9A	YL9	CYU	0.0	0	1.0	HiC_scaffold6	36243920	False	C	A	0/1	35	99	8,25	0.7575757575757576	True
XB26-3B	SC37	CPO	1.0	1	1.0	HiC_scaffold6	36243920	False	C	A	0/0	29	72	29,0	0.0	True
XB26-4B	SC37	CPO	1.0	1	1.0	HiC_scaffold6	36243920	False	C	A	0/0	18	51	18,0	0.0	True
XB26-5B	SC37	CPO	1.0	1	1.0	HiC_scaffold6	36243920	False	C	A	0/0	26	63	26,0	0.0	True
XB26-7B	SC37	CPO	1.0	1	1.0	HiC_scaffold6	36243920	False	C	A	0/0	17	33	17,0	0.0	True
XuBo982-1A	XS40	CMA	1.0	1	0.0	HiC_scaffold6	36243920	False	C	A	0/0	32	90	32,0	0.0	True
XuBo982-2A	XS40	CMA	1.0	1	0.0	HiC_scaffold6	36243920	False	C	A	0/0	30	73	30,0	0.0	True
XuBo982-3A	XS40	CMA	1.0	1	0.0	HiC_scaffold6	36243920	False	C	A	0/0	28	81	28,0	0.0	True
XuBo982-4A	XS40	CMA	1.0	1	0.0	HiC_scaffold6	36243920	False	C	A	0/0	33	92	33,0	0.0	True
XuBo982-5A	XS40	CMA	1.0	1	0.0	HiC_scaffold6	36243920	False	C	A	0/0	35	93	35,0	0.0	True
XubBo-1037-1A	LN46	N	1.0	1	0.0	HiC_scaffold6	36243920	False	C	A	0/0	74	99	74,0	0.0	True
XubBo-1037-2A	TB43	CMA	NA	1	NA	HiC_scaffold6	36243920	False	C	A	0/0	61	99	61,0	0.0	True
XubBo-1037-3A	TB43	CMA	NA	1	NA	HiC_scaffold6	36243920	False	C	A	0/0	47	99	47,0	0.0	True
XubBo-1037-4A	TB43	CMA	NA	1	NA	HiC_scaffold6	36243920	False	C	A	0/0	43	99	43,0	0.0	True
XubBo-1037-5A	TB43	CMA	NA	1	NA	HiC_scaffold6	36243920	False	C	A	0/0	48	99	48,0	0.0	True
XubBo-1037-6A	TB43	CMA	NA	1	NA	HiC_scaffold6	36243920	False	C	A	0/0	71	99	71,0	0.0	True
XubBo-1037-7A	TB43	CMA	NA	1	NA	HiC_scaffold6	36243920	False	C	A	0/0	41	99	41,0	0.0	True
XubBo-1037-8A	TB43	CMA	NA	1	NA	HiC_scaffold6	36243920	False	C	A	0/0	36	96	36,0	0.0	True
XubBo1030-10A	LN46	N	1.0	1	0.0	HiC_scaffold6	36243920	False	C	A	0/0	31	82	31,0	0.0	True
XubBo1030-1A	LN46	N	1.0	1	0.0	HiC_scaffold6	36243920	False	C	A	0/0	24	69	24,0	0.0	True
XubBo1030-3A	LN46	N	1.0	1	0.0	HiC_scaffold6	36243920	False	C	A	0/0	23	66	23,0	0.0	True
XubBo1030-5A	LN46	N	1.0	1	0.0	HiC_scaffold6	36243920	False	C	A	0/0	19	57	19,0	0.0	True
XubBo1030-6A	LN46	N	1.0	1	0.0	HiC_scaffold6	36243920	False	C	A	0/0	28	81	28,0	0.0	True
XubBo1030-8A	LN46	N	1.0	1	0.0	HiC_scaffold6	36243920	False	C	A	0/0	36	99	36,0	0.0	True
XubBo1030-9A	LN46	N	1.0	1	0.0	HiC_scaffold6	36243920	False	C	A	0/0	29	81	29,0	0.0	True
XubBo1051-10A	WX48	CMA	1.0	1	0.0	HiC_scaffold6	36243920	False	C	A	0/0	34	81	34,0	0.0	True
XubBo1051-1A	WX48	CMA	1.0	1	0.0	HiC_scaffold6	36243920	False	C	A	0/0	31	81	31,0	0.0	True
XubBo1051-2A	WX48	CMA	1.0	1	0.0	HiC_scaffold6	36243920	False	C	A	0/0	26	64	26,0	0.0	True
XubBo1051-3A	WX48	CMA	1.0	1	0.0	HiC_scaffold6	36243920	False	C	A	0/0	24	66	24,0	0.0	True
XubBo1051-4A	WX48	CMA	1.0	1	0.0	HiC_scaffold6	36243920	False	C	A	0/0	26	72	26,0	0.0	True
XubBo1051-7A	WX48	CMA	1.0	1	0.0	HiC_scaffold6	36243920	False	C	A	0/0	42	99	42,0	0.0	True
XubBo1051-8A	WX48	CMA	1.0	1	0.0	HiC_scaffold6	36243920	False	C	A	0/0	41	99	41,0	0.0	True
XubBo1051-9A	WX48	CMA	1.0	1	0.0	HiC_scaffold6	36243920	False	C	A	0/0	22	60	22,0	0.0	True
Xubo01402-2A	YS26	CYU	1.0	1	1.0	HiC_scaffold6	36243920	False	C	A	0/0	27	81	27,0	0.0	True
Xubo01402-3A	YS26	CYU	1.0	1	1.0	HiC_scaffold6	36243920	False	C	A	0/0	32	81	32,0	0.0	True
Xubo01402-4A	YS26	CYU	1.0	1	1.0	HiC_scaffold6	36243920	False	C	A	0/0	37	99	37,0	0.0	True
Xubo01402-5A	YS26	CYU	1.0	1	1.0	HiC_scaffold6	36243920	False	C	A	0/0	39	99	39,0	0.0	True
Xubo01402-6A	YS26	CYU	1.0	1	1.0	HiC_scaffold6	36243920	False	C	A	0/0	36	99	36,0	0.0	True
Xubo01402-7A	YS26	CYU	1.0	1	1.0	HiC_scaffold6	36243920	False	C	A	0/0	34	90	34,0	0.0	True
Xubo01402-8A	YS26	CYU	1.0	1	1.0	HiC_scaffold6	36243920	False	C	A	0/0	55	99	55,0	0.0	True
Xubo01402-9A	YS26	CYU	1.0	1	1.0	HiC_scaffold6	36243920	False	C	A	0/0	21	60	21,0	0.0	True
YLZB4703-2A	SM3	CYU	0.0	0	1.0	HiC_scaffold6	36243920	False	C	A	0/0	37	99	37,0	0.0	True
YLZB4703-3A	SM3	CYU	0.0	0	1.0	HiC_scaffold6	36243920	False	C	A	0/0	44	99	44,0	0.0	True
YLZB4703-5A	SM3	CYU	0.0	0	1.0	HiC_scaffold6	36243920	False	C	A	0/1	52	99	40,12	0.23076923076923078	True
YLZB4703-7A	SM3	CYU	0.0	0	1.0	HiC_scaffold6	36243920	False	C	A	0/0	31	48	30,1	0.03225806451612903	True
YLZB4703-9A	SM3	CYU	0.0	0	1.0	HiC_scaffold6	36243920	False	C	A	0/1	30	99	18,12	0.4	True
YLZB4715-10A	MY1	CYU	0.0	0	1.0	HiC_scaffold6	36243920	False	C	A	0/1	35	99	9,26	0.7428571428571429	True
YLZB4715-1A	MY1	CYU	0.0	0	1.0	HiC_scaffold6	36243920	False	C	A	0/1	34	97	5,29	0.8529411764705882	True
YLZB4715-2A	MY1	CYU	0.0	0	1.0	HiC_scaffold6	36243920	False	C	A	0/1	35	99	10,25	0.7142857142857143	True
YLZB4715-5A	MY1	CYU	0.0	0	1.0	HiC_scaffold6	36243920	False	C	A	0/1	30	99	5,25	0.8333333333333334	True
YLZB4715-6A	MY1	CYU	0.0	0	1.0	HiC_scaffold6	36243920	False	C	A	0/1	51	99	21,30	0.5882352941176471	True
YLZB4715-7A	MY1	CYU	0.0	0	1.0	HiC_scaffold6	36243920	False	C	A	1/1	17	51	0,17	1.0	True
YLZB4715-8A	MY1	CYU	0.0	0	1.0	HiC_scaffold6	36243920	False	C	A	0/1	49	49	5,44	0.8979591836734694	True
YLZB4715-9A	MY1	CYU	0.0	0	1.0	HiC_scaffold6	36243920	False	C	A	0/1	41	99	15,26	0.6341463414634146	True
YLZB4735-10A	YSXC51	CPO	1.0	1	1.0	HiC_scaffold6	36243920	False	C	A	0/0	39	99	39,0	0.0	True
YLZB4735-1A	YSXC51	CPO	1.0	1	1.0	HiC_scaffold6	36243920	False	C	A	0/0	31	81	31,0	0.0	True
YLZB4735-2A	YSXC51	CPO	1.0	1	1.0	HiC_scaffold6	36243920	False	C	A	0/0	51	99	51,0	0.0	True
YLZB4735-3A	YSXC51	CPO	1.0	1	1.0	HiC_scaffold6	36243920	False	C	A	0/0	34	93	34,0	0.0	True
YLZB4735-5A	YSXC51	CPO	1.0	1	1.0	HiC_scaffold6	36243920	False	C	A	0/0	37	99	37,0	0.0	True
YLZB4735-6A	YSXC51	CPO	1.0	1	1.0	HiC_scaffold6	36243920	False	C	A	0/0	38	99	38,0	0.0	True
YLZB4735-8A	YSXC51	CPO	1.0	1	1.0	HiC_scaffold6	36243920	False	C	A	0/0	28	84	28,0	0.0	True
YLZB4735-9A	YSXC51	CPO	1.0	1	1.0	HiC_scaffold6	36243920	False	C	A	0/0	40	99	40,0	0.0	True
YLZB4816-11A	ASCD52	CPO	1.0	1	1.0	HiC_scaffold6	36243920	False	C	A	0/0	35	99	35,0	0.0	True
YLZB4816-3A	ASCD52	CPO	1.0	1	1.0	HiC_scaffold6	36243920	False	C	A	0/0	45	99	45,0	0.0	True
YLZB4816-4A	ASCD52	CPO	1.0	1	1.0	HiC_scaffold6	36243920	False	C	A	0/0	44	99	44,0	0.0	True
YLZB4816-6A	ASCD52	CPO	1.0	1	1.0	HiC_scaffold6	36243920	False	C	A	0/0	49	99	49,0	0.0	True
YLZB4816-7A	ASCD52	CPO	1.0	1	1.0	HiC_scaffold6	36243920	False	C	A	0/0	61	99	61,0	0.0	True
YLZB4816-8A	ASCD52	CPO	1.0	1	1.0	HiC_scaffold6	36243920	False	C	A	0/0	17	48	17,0	0.0	True
YLZB4816-9A	ASCD52	CPO	1.0	1	1.0	HiC_scaffold6	36243920	False	C	A	0/0	29	81	29,0	0.0	True
ZXL277-1A	YY12	CMA	1.0	1	0.0	HiC_scaffold6	36243920	False	C	A	0/0	30	78	30,0	0.0	True
ZXL277-2A	YY12	CMA	1.0	1	0.0	HiC_scaffold6	36243920	False	C	A	0/0	32	90	32,0	0.0	True
ZXL277-3A	YY12	CMA	1.0	1	0.0	HiC_scaffold6	36243920	False	C	A	0/0	33	96	33,0	0.0	True
ZXL277-4A	YY12	CMA	1.0	1	0.0	HiC_scaffold6	36243920	False	C	A	0/0	40	99	40,0	0.0	True
ZXL277-5A	YY12	CMA	1.0	1	0.0	HiC_scaffold6	36243920	False	C	A	0/0	20	60	20,0	0.0	True
ZXL277-6A	YY12	CMA	1.0	1	0.0	HiC_scaffold6	36243920	False	C	A	0/0	27	81	27,0	0.0	True
ZXL277-7A	YY12	CMA	1.0	1	0.0	HiC_scaffold6	36243920	False	C	A	0/0	31	90	31,0	0.0	True
ZXL277-8A	YY12	CMA	1.0	1	0.0	HiC_scaffold6	36243920	False	C	A	0/0	18	54	18,0	0.0	True
ZXL79-1A	CZ25	CMA	1.0	1	0.0	HiC_scaffold6	36243920	False	C	A	0/0	37	99	37,0	0.0	True
ZXL79-2A	CZ25	CMA	1.0	1	0.0	HiC_scaffold6	36243920	False	C	A	0/0	22	63	22,0	0.0	True
ZXL79-3A	CZ25	CMA	1.0	1	0.0	HiC_scaffold6	36243920	False	C	A	0/0	27	66	27,0	0.0	True
ZXL79-4A	CZ25	CMA	1.0	1	0.0	HiC_scaffold6	36243920	False	C	A	0/0	27	72	27,0	0.0	True
ZXL79-5A	CZ25	CMA	1.0	1	0.0	HiC_scaffold6	36243920	False	C	A	0/0	19	54	19,0	0.0	True
ZXL79-6A	CZ25	CMA	1.0	1	0.0	HiC_scaffold6	36243920	False	C	A	0/0	18	48	18,0	0.0	True
ZXL79-7A	CZ25	CMA	1.0	1	0.0	HiC_scaffold6	36243920	False	C	A	0/0	31	37	31,0	0.0	True
xubo266-2A	XY36	CMA	1.0	1	0.0	HiC_scaffold6	36243920	False	C	A	0/0	24	63	24,0	0.0	True
xubo266-3A	XY36	CMA	1.0	1	0.0	HiC_scaffold6	36243920	False	C	A	0/0	37	99	37,0	0.0	True
xubo266-4A	XY36	CMA	1.0	1	0.0	HiC_scaffold6	36243920	False	C	A	0/0	20	57	20,0	0.0	True
xubo266-5A	XY36	CMA	1.0	1	0.0	HiC_scaffold6	36243920	False	C	A	0/0	37	90	37,0	0.0	True
xubo266-6A	XY36	CMA	1.0	1	0.0	HiC_scaffold6	36243920	False	C	A	0/0	28	81	28,0	0.0	True
xubo266-8A	XY36	CMA	1.0	1	0.0	HiC_scaffold6	36243920	False	C	A	0/0	30	78	30,0	0.0	True
xubo266-9A	XY36	CMA	1.0	1	0.0	HiC_scaffold6	36243920	False	C	A	0/0	38	99	38,0	0.0	True
zhuzm1009-10A	KM42	CPO	1.0	1	1.0	HiC_scaffold6	36243920	False	C	A	0/0	39	99	39,0	0.0	True
zhuzm1009-2A	KM42	CPO	1.0	1	1.0	HiC_scaffold6	36243920	False	C	A	0/0	55	99	55,0	0.0	True
zhuzm1009-3A	KM42	CPO	1.0	1	1.0	HiC_scaffold6	36243920	False	C	A	0/0	40	99	40,0	0.0	True
zhuzm1009-6A	KM42	CPO	1.0	1	1.0	HiC_scaffold6	36243920	False	C	A	0/0	41	99	41,0	0.0	True
zhuzm1009-7A	KM42	CPO	1.0	1	1.0	HiC_scaffold6	36243920	False	C	A	0/0	34	88	34,0	0.0	True
zhuzm1009-8A	KM42	CPO	1.0	1	1.0	HiC_scaffold6	36243920	False	C	A	0/0	49	99	49,0	0.0	True
2014-128-1A	ML50	CPO	1.0	1	1.0	HiC_scaffold6	36246062	False	C	T	0/0	56	99	56,0	0.0	True
2014-128-2A	ML50	CPO	1.0	1	1.0	HiC_scaffold6	36246062	False	C	T	0/0	92	99	92,0	0.0	True
2014-128-3A	ML50	CPO	1.0	1	1.0	HiC_scaffold6	36246062	False	C	T	0/0	48	99	48,0	0.0	True
2014-128-4A	ML50	CPO	1.0	1	1.0	HiC_scaffold6	36246062	False	C	T	0/0	61	99	61,0	0.0	True
2014-128-5A	ML50	CPO	1.0	1	1.0	HiC_scaffold6	36246062	False	C	T	0/0	48	99	48,0	0.0	True
2014-132-2A	ML5	N	1.0	1	1.0	HiC_scaffold6	36246062	False	C	T	0/0	49	99	49,0	0.0	True
2014-132-3A	ML5	N	1.0	1	1.0	HiC_scaffold6	36246062	False	C	T	0/0	68	99	68,0	0.0	True
2014-132-4A	ML5	N	1.0	1	1.0	HiC_scaffold6	36246062	False	C	T	0/0	34	99	34,0	0.0	True
2014-132-5A	ML5	N	1.0	1	1.0	HiC_scaffold6	36246062	False	C	T	0/0	36	99	36,0	0.0	True
2014-132-6A	ML5	N	1.0	1	1.0	HiC_scaffold6	36246062	False	C	T	0/0	53	99	53,0	0.0	True
2014-132-7A	ML5	N	1.0	1	1.0	HiC_scaffold6	36246062	False	C	T	0/0	45	99	45,0	0.0	True
2014-132-8A	ML5	N	1.0	1	1.0	HiC_scaffold6	36246062	False	C	T	0/0	87	99	87,0	0.0	True
2014-132-9A	ML5	N	1.0	1	1.0	HiC_scaffold6	36246062	False	C	T	0/0	42	99	42,0	0.0	True
2014-3-10A	MN34	CPO	1.0	1	1.0	HiC_scaffold6	36246062	False	C	T	0/0	80	99	80,0	0.0	True
2014-3-3A	MN34	CPO	1.0	1	1.0	HiC_scaffold6	36246062	False	C	T	0/0	50	99	50,0	0.0	True
2014-3-4A	MN34	CPO	1.0	1	1.0	HiC_scaffold6	36246062	False	C	T	0/0	63	99	63,0	0.0	True
2014-3-5A	MN34	CPO	1.0	1	1.0	HiC_scaffold6	36246062	False	C	T	0/0	56	99	56,0	0.0	True
2014-3-6A	MN34	CPO	1.0	1	1.0	HiC_scaffold6	36246062	False	C	T	0/0	51	99	51,0	0.0	True
2014-3-7A	MN34	CPO	1.0	1	1.0	HiC_scaffold6	36246062	False	C	T	0/0	51	99	51,0	0.0	True
2014-3-8A	MN34	CPO	1.0	1	1.0	HiC_scaffold6	36246062	False	C	T	0/0	41	99	41,0	0.0	True
2014-3-9A	MN34	CPO	1.0	1	1.0	HiC_scaffold6	36246062	False	C	T	0/0	80	99	80,0	0.0	True
2014-66-1A	YL49	CPO	1.0	1	1.0	HiC_scaffold6	36246062	False	C	T	0/0	86	99	86,0	0.0	True
2014-66-2A	YL49	CPO	1.0	1	1.0	HiC_scaffold6	36246062	False	C	T	0/0	81	99	81,0	0.0	True
2014-66-3A	YL49	CPO	1.0	1	1.0	HiC_scaffold6	36246062	False	C	T	0/0	74	99	74,0	0.0	True
2014-66-4A	YL49	CPO	1.0	1	1.0	HiC_scaffold6	36246062	False	C	T	0/0	78	99	78,0	0.0	True
2014-66-5A	YL49	CPO	1.0	1	1.0	HiC_scaffold6	36246062	False	C	T	0/0	59	99	59,0	0.0	True
2014-66-6A	YL49	CPO	1.0	1	1.0	HiC_scaffold6	36246062	False	C	T	0/0	49	99	49,0	0.0	True
2014-66-7A	YL49	CPO	1.0	1	1.0	HiC_scaffold6	36246062	False	C	T	0/0	70	99	70,0	0.0	True
2014-66-8A	YL49	CPO	1.0	1	1.0	HiC_scaffold6	36246062	False	C	T	0/0	77	99	77,0	0.0	True
DP1709141A	DQS11	CMA	1.0	1	0.0	HiC_scaffold6	36246062	False	C	T	0/0	46	99	46,0	0.0	True
DP1709144A	DQS11	CMA	1.0	1	0.0	HiC_scaffold6	36246062	False	C	T	0/0	51	99	51,0	0.0	True
DP1709148A	DQS11	CMA	1.0	1	0.0	HiC_scaffold6	36246062	False	C	T	0/0	41	99	41,0	0.0	True
Gln2014-15-10A	LD30	CYU	0.0	0	1.0	HiC_scaffold6	36246062	False	C	T	0/1	31	99	14,17	0.5483870967741935	True
Gln2014-15-1A	LD30	CYU	0.0	0	1.0	HiC_scaffold6	36246062	False	C	T	0/1	42	99	30,12	0.2857142857142857	True
Gln2014-15-3A	LD30	CYU	0.0	0	1.0	HiC_scaffold6	36246062	False	C	T	0/1	44	99	25,19	0.4318181818181818	True
Gln2014-15-4A	LD30	CYU	0.0	0	1.0	HiC_scaffold6	36246062	False	C	T	0/1	43	99	17,26	0.6046511627906976	True
Gln2014-15-5A	LD30	CYU	0.0	0	1.0	HiC_scaffold6	36246062	False	C	T	0/0	49	99	49,0	0.0	True
Gln2014-15-6A	LD30	CYU	0.0	0	1.0	HiC_scaffold6	36246062	False	C	T	0/1	57	99	39,18	0.3157894736842105	True
Gln2014-15-7A	LD30	CYU	0.0	0	1.0	HiC_scaffold6	36246062	False	C	T	0/0	40	99	40,0	0.0	True
Gln2014-15-8A	LD30	CYU	0.0	0	1.0	HiC_scaffold6	36246062	False	C	T	0/1	48	99	29,19	0.3958333333333333	True
Gln2014-8-1A	LD06	CPO	1.0	1	1.0	HiC_scaffold6	36246062	False	C	T	0/0	66	99	66,0	0.0	True
Gln2014-8-2A	LD06	CPO	1.0	1	1.0	HiC_scaffold6	36246062	False	C	T	0/0	71	99	71,0	0.0	True
Gln2014-8-4A	LD06	CPO	1.0	1	1.0	HiC_scaffold6	36246062	False	C	T	0/0	78	99	78,0	0.0	True
Gln2014-8-5A	LD06	CPO	1.0	1	1.0	HiC_scaffold6	36246062	False	C	T	0/0	49	99	49,0	0.0	True
Gln2014-8-6A	LD06	CPO	1.0	1	1.0	HiC_scaffold6	36246062	False	C	T	0/0	53	99	53,0	0.0	True
Gln2014-8-7A	LD06	CPO	1.0	1	1.0	HiC_scaffold6	36246062	False	C	T	0/0	84	99	84,0	0.0	True
Gln2014-8-8A	LD06	CPO	1.0	1	1.0	HiC_scaffold6	36246062	False	C	T	0/0	72	99	72,0	0.0	True
JLS-BM001-1A	BM31	N	NA	1	NA	HiC_scaffold6	36246062	False	C	T	0/0	86	99	86,0	0.0	True
JLS-BM001-2A	BM31	N	NA	1	NA	HiC_scaffold6	36246062	False	C	T	0/0	89	99	89,0	0.0	True
JLS-BM001-3A	BM31	N	NA	1	NA	HiC_scaffold6	36246062	False	C	T	0/0	79	99	79,0	0.0	True
JLS-BM001-4A	BM31	N	NA	1	NA	HiC_scaffold6	36246062	False	C	T	0/0	74	99	74,0	0.0	True
JLS-BM001-5A	BM31	N	NA	1	NA	HiC_scaffold6	36246062	False	C	T	0/0	62	99	62,0	0.0	True
JLS-BM001-6A	BM31	N	NA	1	NA	HiC_scaffold6	36246062	False	C	T	0/0	80	99	80,0	0.0	True
JLS-BM001-7A	BM31	N	NA	1	NA	HiC_scaffold6	36246062	False	C	T	0/0	50	99	50,0	0.0	True
JLS-BM001-8A	BM31	N	NA	1	NA	HiC_scaffold6	36246062	False	C	T	0/0	81	99	81,0	0.0	True
JLS-CY022-10A	CY32	CPO	1.0	1	1.0	HiC_scaffold6	36246062	False	C	T	0/0	83	99	83,0	0.0	True
JLS-CY022-11A	CY32	CPO	1.0	1	1.0	HiC_scaffold6	36246062	False	C	T	0/0	45	99	45,0	0.0	True
JLS-CY022-4A	CY32	CPO	1.0	1	1.0	HiC_scaffold6	36246062	False	C	T	0/0	58	99	58,0	0.0	True
JLS-CY022-5A	CY32	CPO	1.0	1	1.0	HiC_scaffold6	36246062	False	C	T	0/0	34	90	34,0	0.0	True
JLS-CY022-6A	CY32	CPO	1.0	1	1.0	HiC_scaffold6	36246062	False	C	T	0/0	52	99	52,0	0.0	True
JLS-CY022-7A	CY32	CPO	1.0	1	1.0	HiC_scaffold6	36246062	False	C	T	0/0	33	90	33,0	0.0	True
Sha-WS-1A	WS14	CMA	1.0	1	0.0	HiC_scaffold6	36246062	False	C	T	0/0	24	66	24,0	0.0	True
Sha-WS-2A	WS14	CMA	1.0	1	0.0	HiC_scaffold6	36246062	False	C	T	0/0	45	99	45,0	0.0	True
Sha-WS-3A	WS14	CMA	1.0	1	0.0	HiC_scaffold6	36246062	False	C	T	0/0	31	90	31,0	0.0	True
Sha-WS-4A	WS14	CMA	1.0	1	0.0	HiC_scaffold6	36246062	False	C	T	0/0	20	54	20,0	0.0	True
Sha-WS-5A	WS14	CMA	1.0	1	0.0	HiC_scaffold6	36246062	False	C	T	0/0	53	99	53,0	0.0	True
Sha-WS-6A	WS14	CMA	1.0	1	0.0	HiC_scaffold6	36246062	False	C	T	0/0	15	45	15,0	0.0	True
Sha-WS-7A	WS14	CMA	1.0	1	0.0	HiC_scaffold6	36246062	False	C	T	0/0	49	99	49,0	0.0	True
Sha-WS-8A	WS14	CMA	1.0	1	0.0	HiC_scaffold6	36246062	False	C	T	0/0	34	93	34,0	0.0	True
THP-SET_1917-1A	MK27	CPO	1.0	1	1.0	HiC_scaffold6	36246062	False	C	T	0/0	46	99	46,0	0.0	True
THP-SET_1917-2A	MK27	CPO	1.0	1	1.0	HiC_scaffold6	36246062	False	C	T	0/0	70	99	70,0	0.0	True
THP-SET_1917-3A	MK27	CPO	1.0	1	1.0	HiC_scaffold6	36246062	False	C	T	0/0	53	99	53,0	0.0	True
THP-SET_1917-4A	MK27	CPO	1.0	1	1.0	HiC_scaffold6	36246062	False	C	T	0/0	52	99	52,0	0.0	True
THP-SET_1917-5A	MK27	CPO	1.0	1	1.0	HiC_scaffold6	36246062	False	C	T	0/0	56	99	56,0	0.0	True
THP-SET_1917-6A	MK27	CPO	1.0	1	1.0	HiC_scaffold6	36246062	False	C	T	0/0	52	99	52,0	0.0	True
THP-SET_1917-7A	MK27	CPO	1.0	1	1.0	HiC_scaffold6	36246062	False	C	T	0/0	41	99	41,0	0.0	True
THP-SET_1917-8A	MK27	CPO	1.0	1	1.0	HiC_scaffold6	36246062	False	C	T	0/0	40	99	40,0	0.0	True
XB2014-144-2A	SM35	CYU	1.0	1	1.0	HiC_scaffold6	36246062	False	C	T	0/0	48	99	48,0	0.0	True
XB2014-144-3A	SM35	CYU	1.0	1	1.0	HiC_scaffold6	36246062	False	C	T	0/0	41	99	41,0	0.0	True
XB2014-144-4A	SM35	CYU	1.0	1	1.0	HiC_scaffold6	36246062	False	C	T	0/0	41	99	41,0	0.0	True
XB2014-144-5A	SM35	CYU	1.0	1	1.0	HiC_scaffold6	36246062	False	C	T	0/0	36	99	36,0	0.0	True
XB2014-144-6A	SM35	CYU	1.0	1	1.0	HiC_scaffold6	36246062	False	C	T	0/0	38	99	38,0	0.0	True
XB2014-144-7A	SM35	CYU	1.0	1	1.0	HiC_scaffold6	36246062	False	C	T	0/0	52	99	52,0	0.0	True
XB2014-144-8A	SM35	CYU	1.0	1	1.0	HiC_scaffold6	36246062	False	C	T	0/0	38	99	38,0	0.0	True
XB2014-144-9A	SM35	CYU	1.0	1	1.0	HiC_scaffold6	36246062	False	C	T	0/0	71	99	71,0	0.0	True
XB2014-38-2A	EY8	CYU	0.0	1	1.0	HiC_scaffold6	36246062	False	C	T	0/1	52	99	35,17	0.3269230769230769	True
XB2014-38-3A	EY8	CYU	0.0	1	1.0	HiC_scaffold6	36246062	False	C	T	0/1	42	99	25,17	0.40476190476190477	True
XB2014-38-4A	EY8	CYU	0.0	1	1.0	HiC_scaffold6	36246062	False	C	T	0/0	32	93	32,0	0.0	True
XB2014-38-5A	EY8	CYU	0.0	1	1.0	HiC_scaffold6	36246062	False	C	T	0/0	46	99	46,0	0.0	True
XB2014-38-6A	EY9	CPO	0.0	1	1.0	HiC_scaffold6	36246062	False	C	T	0/1	41	91	34,7	0.17073170731707318	True
XB2014-39-1A	EY9	CPO	1.0	1	1.0	HiC_scaffold6	36246062	False	C	T	0/0	55	99	55,0	0.0	True
XB2014-39-2A	EY9	CPO	1.0	1	1.0	HiC_scaffold6	36246062	False	C	T	0/0	56	99	56,0	0.0	True
XB2014-39-3A	EY9	CPO	1.0	1	1.0	HiC_scaffold6	36246062	False	C	T	0/0	50	99	50,0	0.0	True
XB2014-39-4A	EY9	CPO	1.0	1	1.0	HiC_scaffold6	36246062	False	C	T	0/0	37	99	37,0	0.0	True
XB2014-39-5A	EY9	CPO	1.0	1	1.0	HiC_scaffold6	36246062	False	C	T	0/0	43	99	43,0	0.0	True
XB2014-39-6A	EY9	CPO	1.0	1	1.0	HiC_scaffold6	36246062	False	C	T	0/0	67	99	67,0	0.0	True
XB2014-39-7A	EY9	CPO	1.0	1	1.0	HiC_scaffold6	36246062	False	C	T	0/0	74	99	74,0	0.0	True
XB2014-39-8A	EY9	CPO	1.0	1	1.0	HiC_scaffold6	36246062	False	C	T	0/0	51	99	51,0	0.0	True
XB2014-4-2A	MN4	CYU	0.0	0	1.0	HiC_scaffold6	36246062	False	C	T	0/1	56	99	23,33	0.5892857142857143	True
XB2014-4-3A	MN4	CYU	0.0	0	1.0	HiC_scaffold6	36246062	False	C	T	0/1	53	99	41,12	0.22641509433962265	True
XB2014-4-4A	MN4	CYU	0.0	0	1.0	HiC_scaffold6	36246062	False	C	T	0/1	55	99	18,37	0.6727272727272727	True
XB2014-4-5A	MN4	CYU	0.0	0	1.0	HiC_scaffold6	36246062	False	C	T	0/1	43	99	12,31	0.7209302325581395	True
XB2014-4-6A	MN4	CYU	0.0	0	1.0	HiC_scaffold6	36246062	False	C	T	0/1	73	99	39,34	0.4657534246575342	True
XB2014-4-7A	MN4	CYU	0.0	0	1.0	HiC_scaffold6	36246062	False	C	T	0/1	67	99	54,13	0.19402985074626866	True
XB2014-4-8A	YL9	CYU	0.0	0	1.0	HiC_scaffold6	36246062	False	C	T	0/1	72	99	39,33	0.4583333333333333	True
XB2014-4-9A	YL9	CYU	0.0	0	1.0	HiC_scaffold6	36246062	False	C	T	0/1	50	99	17,33	0.66	True
XB2014-48-1A	MN4	CYU	0.0	0	1.0	HiC_scaffold6	36246062	False	C	T	0/1	69	99	42,27	0.391304347826087	True
XB2014-48-2A	MN4	CYU	0.0	0	1.0	HiC_scaffold6	36246062	False	C	T	0/1	51	99	20,31	0.6078431372549019	True
XB2014-48-3A	YL9	CYU	0.0	0	1.0	HiC_scaffold6	36246062	False	C	T	0/1	47	99	33,14	0.2978723404255319	True
XB2014-48-4A	YL9	CYU	0.0	0	1.0	HiC_scaffold6	36246062	False	C	T	0/1	52	99	31,21	0.40384615384615385	True
XB2014-48-5A	YL9	CYU	0.0	0	1.0	HiC_scaffold6	36246062	False	C	T	0/1	83	99	45,38	0.4578313253012048	True
XB2014-48-6A	YL9	CYU	0.0	0	1.0	HiC_scaffold6	36246062	False	C	T	0/1	47	99	36,11	0.23404255319148937	True
XB2014-48-7A	YL9	CYU	0.0	0	1.0	HiC_scaffold6	36246062	False	C	T	0/1	48	99	18,30	0.625	True
XB2014-48-9A	YL9	CYU	0.0	0	1.0	HiC_scaffold6	36246062	False	C	T	0/1	54	99	24,30	0.5555555555555556	True
XB26-3B	SC37	CPO	1.0	1	1.0	HiC_scaffold6	36246062	False	C	T	0/0	50	99	50,0	0.0	True
XB26-4B	SC37	CPO	1.0	1	1.0	HiC_scaffold6	36246062	False	C	T	0/0	40	99	40,0	0.0	True
XB26-5B	SC37	CPO	1.0	1	1.0	HiC_scaffold6	36246062	False	C	T	0/0	111	99	111,0	0.0	True
XB26-7B	SC37	CPO	1.0	1	1.0	HiC_scaffold6	36246062	False	C	T	0/0	90	99	90,0	0.0	True
XuBo982-1A	XS40	CMA	1.0	1	0.0	HiC_scaffold6	36246062	False	C	T	0/0	38	99	38,0	0.0	True
XuBo982-2A	XS40	CMA	1.0	1	0.0	HiC_scaffold6	36246062	False	C	T	0/0	35	99	35,0	0.0	True
XuBo982-3A	XS40	CMA	1.0	1	0.0	HiC_scaffold6	36246062	False	C	T	0/0	28	81	28,0	0.0	True
XuBo982-4A	XS40	CMA	1.0	1	0.0	HiC_scaffold6	36246062	False	C	T	0/0	39	99	39,0	0.0	True
XuBo982-5A	XS40	CMA	1.0	1	0.0	HiC_scaffold6	36246062	False	C	T	0/0	37	99	37,0	0.0	True
XubBo-1037-1A	LN46	N	1.0	1	0.0	HiC_scaffold6	36246062	False	C	T	0/0	77	99	77,0	0.0	True
XubBo-1037-2A	TB43	CMA	NA	1	NA	HiC_scaffold6	36246062	False	C	T	0/0	88	99	88,0	0.0	True
XubBo-1037-3A	TB43	CMA	NA	1	NA	HiC_scaffold6	36246062	False	C	T	0/0	78	99	78,0	0.0	True
XubBo-1037-4A	TB43	CMA	NA	1	NA	HiC_scaffold6	36246062	False	C	T	0/0	103	99	103,0	0.0	True
XubBo-1037-5A	TB43	CMA	NA	1	NA	HiC_scaffold6	36246062	False	C	T	0/0	62	99	62,0	0.0	True
XubBo-1037-6A	TB43	CMA	NA	1	NA	HiC_scaffold6	36246062	False	C	T	0/0	71	99	71,0	0.0	True
XubBo-1037-7A	TB43	CMA	NA	1	NA	HiC_scaffold6	36246062	False	C	T	0/0	70	99	70,0	0.0	True
XubBo-1037-8A	TB43	CMA	NA	1	NA	HiC_scaffold6	36246062	False	C	T	0/0	58	99	58,0	0.0	True
XubBo1030-10A	LN46	N	1.0	1	0.0	HiC_scaffold6	36246062	False	C	T	0/0	29	45	29,0	0.0	True
XubBo1030-1A	LN46	N	1.0	1	0.0	HiC_scaffold6	36246062	False	C	T	0/0	23	69	23,0	0.0	True
XubBo1030-3A	LN46	N	1.0	1	0.0	HiC_scaffold6	36246062	False	C	T	0/0	34	99	34,0	0.0	True
XubBo1030-5A	LN46	N	1.0	1	0.0	HiC_scaffold6	36246062	False	C	T	0/0	27	81	27,0	0.0	True
XubBo1030-6A	LN46	N	1.0	1	0.0	HiC_scaffold6	36246062	False	C	T	0/0	28	78	28,0	0.0	True
XubBo1030-8A	LN46	N	1.0	1	0.0	HiC_scaffold6	36246062	False	C	T	0/0	26	72	26,0	0.0	True
XubBo1030-9A	LN46	N	1.0	1	0.0	HiC_scaffold6	36246062	False	C	T	0/0	33	96	33,0	0.0	True
XubBo1051-10A	WX48	CMA	1.0	1	0.0	HiC_scaffold6	36246062	False	C	T	0/0	28	81	28,0	0.0	True
XubBo1051-1A	WX48	CMA	1.0	1	0.0	HiC_scaffold6	36246062	False	C	T	0/0	42	99	42,0	0.0	True
XubBo1051-2A	WX48	CMA	1.0	1	0.0	HiC_scaffold6	36246062	False	C	T	0/0	27	81	27,0	0.0	True
XubBo1051-3A	WX48	CMA	1.0	1	0.0	HiC_scaffold6	36246062	False	C	T	0/0	31	90	31,0	0.0	True
XubBo1051-4A	WX48	CMA	1.0	1	0.0	HiC_scaffold6	36246062	False	C	T	0/0	14	30	14,0	0.0	True
XubBo1051-7A	WX48	CMA	1.0	1	0.0	HiC_scaffold6	36246062	False	C	T	0/0	34	87	34,0	0.0	True
XubBo1051-8A	WX48	CMA	1.0	1	0.0	HiC_scaffold6	36246062	False	C	T	0/0	49	99	49,0	0.0	True
XubBo1051-9A	WX48	CMA	1.0	1	0.0	HiC_scaffold6	36246062	False	C	T	0/0	28	81	28,0	0.0	True
Xubo01402-2A	YS26	CYU	1.0	1	1.0	HiC_scaffold6	36246062	False	C	T	0/0	34	99	34,0	0.0	True
Xubo01402-3A	YS26	CYU	1.0	1	1.0	HiC_scaffold6	36246062	False	C	T	0/0	32	93	32,0	0.0	True
Xubo01402-4A	YS26	CYU	1.0	1	1.0	HiC_scaffold6	36246062	False	C	T	0/0	48	99	48,0	0.0	True
Xubo01402-5A	YS26	CYU	1.0	1	1.0	HiC_scaffold6	36246062	False	C	T	0/0	42	99	42,0	0.0	True
Xubo01402-6A	YS26	CYU	1.0	1	1.0	HiC_scaffold6	36246062	False	C	T	0/0	42	99	42,0	0.0	True
Xubo01402-7A	YS26	CYU	1.0	1	1.0	HiC_scaffold6	36246062	False	C	T	0/0	49	99	49,0	0.0	True
Xubo01402-8A	YS26	CYU	1.0	1	1.0	HiC_scaffold6	36246062	False	C	T	0/0	67	99	67,0	0.0	True
Xubo01402-9A	YS26	CYU	1.0	1	1.0	HiC_scaffold6	36246062	False	C	T	0/0	36	99	36,0	0.0	True
YLZB4703-2A	SM3	CYU	0.0	0	1.0	HiC_scaffold6	36246062	False	C	T	0/0	45	99	45,0	0.0	True
YLZB4703-3A	SM3	CYU	0.0	0	1.0	HiC_scaffold6	36246062	False	C	T	0/0	42	99	42,0	0.0	True
YLZB4703-5A	SM3	CYU	0.0	0	1.0	HiC_scaffold6	36246062	False	C	T	0/1	50	99	38,12	0.24	True
YLZB4703-7A	SM3	CYU	0.0	0	1.0	HiC_scaffold6	36246062	False	C	T	0/0	49	99	49,0	0.0	True
YLZB4703-9A	SM3	CYU	0.0	0	1.0	HiC_scaffold6	36246062	False	C	T	0/1	35	99	22,13	0.37142857142857144	True
YLZB4715-10A	MY1	CYU	0.0	0	1.0	HiC_scaffold6	36246062	False	C	T	0/1	64	99	32,32	0.5	True
YLZB4715-1A	MY1	CYU	0.0	0	1.0	HiC_scaffold6	36246062	False	C	T	0/1	37	99	14,23	0.6216216216216216	True
YLZB4715-2A	MY1	CYU	0.0	0	1.0	HiC_scaffold6	36246062	False	C	T	0/1	52	99	26,26	0.5	True
YLZB4715-5A	MY1	CYU	0.0	0	1.0	HiC_scaffold6	36246062	False	C	T	0/1	50	99	27,23	0.46	True
YLZB4715-6A	MY1	CYU	0.0	0	1.0	HiC_scaffold6	36246062	False	C	T	0/1	53	99	26,27	0.5094339622641509	True
YLZB4715-7A	MY1	CYU	0.0	0	1.0	HiC_scaffold6	36246062	False	C	T	0/1	47	99	15,32	0.6808510638297872	True
YLZB4715-8A	MY1	CYU	0.0	0	1.0	HiC_scaffold6	36246062	False	C	T	0/1	94	99	36,58	0.6170212765957447	True
YLZB4715-9A	MY1	CYU	0.0	0	1.0	HiC_scaffold6	36246062	False	C	T	0/1	53	99	20,33	0.6226415094339622	True
YLZB4735-10A	YSXC51	CPO	1.0	1	1.0	HiC_scaffold6	36246062	False	C	T	0/0	52	99	52,0	0.0	True
YLZB4735-1A	YSXC51	CPO	1.0	1	1.0	HiC_scaffold6	36246062	False	C	T	0/0	44	99	44,0	0.0	True
YLZB4735-2A	YSXC51	CPO	1.0	1	1.0	HiC_scaffold6	36246062	False	C	T	0/0	58	99	58,0	0.0	True
YLZB4735-3A	YSXC51	CPO	1.0	1	1.0	HiC_scaffold6	36246062	False	C	T	0/0	67	99	67,0	0.0	True
YLZB4735-5A	YSXC51	CPO	1.0	1	1.0	HiC_scaffold6	36246062	False	C	T	0/0	65	99	65,0	0.0	True
YLZB4735-6A	YSXC51	CPO	1.0	1	1.0	HiC_scaffold6	36246062	False	C	T	0/0	56	99	56,0	0.0	True
YLZB4735-8A	YSXC51	CPO	1.0	1	1.0	HiC_scaffold6	36246062	False	C	T	0/0	58	99	58,0	0.0	True
YLZB4735-9A	YSXC51	CPO	1.0	1	1.0	HiC_scaffold6	36246062	False	C	T	0/0	59	99	59,0	0.0	True
YLZB4816-11A	ASCD52	CPO	1.0	1	1.0	HiC_scaffold6	36246062	False	C	T	0/0	41	99	41,0	0.0	True
YLZB4816-3A	ASCD52	CPO	1.0	1	1.0	HiC_scaffold6	36246062	False	C	T	0/0	54	99	54,0	0.0	True
YLZB4816-4A	ASCD52	CPO	1.0	1	1.0	HiC_scaffold6	36246062	False	C	T	0/0	42	99	42,0	0.0	True
YLZB4816-6A	ASCD52	CPO	1.0	1	1.0	HiC_scaffold6	36246062	False	C	T	0/0	54	99	54,0	0.0	True
YLZB4816-7A	ASCD52	CPO	1.0	1	1.0	HiC_scaffold6	36246062	False	C	T	0/0	70	99	70,0	0.0	True
YLZB4816-8A	ASCD52	CPO	1.0	1	1.0	HiC_scaffold6	36246062	False	C	T	0/0	18	51	18,0	0.0	True
YLZB4816-9A	ASCD52	CPO	1.0	1	1.0	HiC_scaffold6	36246062	False	C	T	0/0	48	99	48,0	0.0	True
ZXL277-1A	YY12	CMA	1.0	1	0.0	HiC_scaffold6	36246062	False	C	T	0/0	37	99	37,0	0.0	True
ZXL277-2A	YY12	CMA	1.0	1	0.0	HiC_scaffold6	36246062	False	C	T	0/0	27	78	27,0	0.0	True
ZXL277-3A	YY12	CMA	1.0	1	0.0	HiC_scaffold6	36246062	False	C	T	0/0	32	90	32,0	0.0	True
ZXL277-4A	YY12	CMA	1.0	1	0.0	HiC_scaffold6	36246062	False	C	T	0/0	36	99	36,0	0.0	True
ZXL277-5A	YY12	CMA	1.0	1	0.0	HiC_scaffold6	36246062	False	C	T	0/0	28	72	28,0	0.0	True
ZXL277-6A	YY12	CMA	1.0	1	0.0	HiC_scaffold6	36246062	False	C	T	0/0	27	71	27,0	0.0	True
ZXL277-7A	YY12	CMA	1.0	1	0.0	HiC_scaffold6	36246062	False	C	T	0/0	33	90	33,0	0.0	True
ZXL277-8A	YY12	CMA	1.0	1	0.0	HiC_scaffold6	36246062	False	C	T	0/0	22	60	22,0	0.0	True
ZXL79-1A	CZ25	CMA	1.0	1	0.0	HiC_scaffold6	36246062	False	C	T	0/0	29	81	29,0	0.0	True
ZXL79-2A	CZ25	CMA	1.0	1	0.0	HiC_scaffold6	36246062	False	C	T	0/0	24	72	24,0	0.0	True
ZXL79-3A	CZ25	CMA	1.0	1	0.0	HiC_scaffold6	36246062	False	C	T	0/0	29	84	29,0	0.0	True
ZXL79-4A	CZ25	CMA	1.0	1	0.0	HiC_scaffold6	36246062	False	C	T	0/0	35	99	35,0	0.0	True
ZXL79-5A	CZ25	CMA	1.0	1	0.0	HiC_scaffold6	36246062	False	C	T	0/0	46	99	46,0	0.0	True
ZXL79-6A	CZ25	CMA	1.0	1	0.0	HiC_scaffold6	36246062	False	C	T	0/0	23	63	23,0	0.0	True
ZXL79-7A	CZ25	CMA	1.0	1	0.0	HiC_scaffold6	36246062	False	C	T	0/0	41	99	41,0	0.0	True
xubo266-2A	XY36	CMA	1.0	1	0.0	HiC_scaffold6	36246062	False	C	T	0/0	55	99	55,0	0.0	True
xubo266-3A	XY36	CMA	1.0	1	0.0	HiC_scaffold6	36246062	False	C	T	0/0	66	99	66,0	0.0	True
xubo266-4A	XY36	CMA	1.0	1	0.0	HiC_scaffold6	36246062	False	C	T	0/0	29	72	29,0	0.0	True
xubo266-5A	XY36	CMA	1.0	1	0.0	HiC_scaffold6	36246062	False	C	T	0/0	32	57	32,0	0.0	True
xubo266-6A	XY36	CMA	1.0	1	0.0	HiC_scaffold6	36246062	False	C	T	0/0	34	93	34,0	0.0	True
xubo266-8A	XY36	CMA	1.0	1	0.0	HiC_scaffold6	36246062	False	C	T	0/0	37	99	37,0	0.0	True
xubo266-9A	XY36	CMA	1.0	1	0.0	HiC_scaffold6	36246062	False	C	T	0/0	29	84	29,0	0.0	True
zhuzm1009-10A	KM42	CPO	1.0	1	1.0	HiC_scaffold6	36246062	False	C	T	0/0	76	99	76,0	0.0	True
zhuzm1009-2A	KM42	CPO	1.0	1	1.0	HiC_scaffold6	36246062	False	C	T	0/0	62	99	62,0	0.0	True
zhuzm1009-3A	KM42	CPO	1.0	1	1.0	HiC_scaffold6	36246062	False	C	T	0/0	50	99	50,0	0.0	True
zhuzm1009-6A	KM42	CPO	1.0	1	1.0	HiC_scaffold6	36246062	False	C	T	0/0	41	99	41,0	0.0	True
zhuzm1009-7A	KM42	CPO	1.0	1	1.0	HiC_scaffold6	36246062	False	C	T	0/0	75	99	75,0	0.0	True
zhuzm1009-8A	KM42	CPO	1.0	1	1.0	HiC_scaffold6	36246062	False	C	T	0/0	78	99	78,0	0.0	True
2014-128-1A	ML50	CPO	1.0	1	1.0	HiC_scaffold6	36246123	False	T	C	0/0	70	99	70,0	0.0	True
2014-128-2A	ML50	CPO	1.0	1	1.0	HiC_scaffold6	36246123	False	T	C	0/0	104	99	104,0	0.0	True
2014-128-3A	ML50	CPO	1.0	1	1.0	HiC_scaffold6	36246123	False	T	C	0/0	76	99	76,0	0.0	True
2014-128-4A	ML50	CPO	1.0	1	1.0	HiC_scaffold6	36246123	False	T	C	0/0	61	99	61,0	0.0	True
2014-128-5A	ML50	CPO	1.0	1	1.0	HiC_scaffold6	36246123	False	T	C	0/0	89	99	89,0	0.0	True
2014-132-2A	ML5	N	1.0	1	1.0	HiC_scaffold6	36246123	False	T	C	0/0	59	99	59,0	0.0	True
2014-132-3A	ML5	N	1.0	1	1.0	HiC_scaffold6	36246123	False	T	C	0/0	65	99	65,0	0.0	True
2014-132-4A	ML5	N	1.0	1	1.0	HiC_scaffold6	36246123	False	T	C	0/0	51	99	51,0	0.0	True
2014-132-5A	ML5	N	1.0	1	1.0	HiC_scaffold6	36246123	False	T	C	0/0	50	99	50,0	0.0	True
2014-132-6A	ML5	N	1.0	1	1.0	HiC_scaffold6	36246123	False	T	C	0/0	56	99	56,0	0.0	True
2014-132-7A	ML5	N	1.0	1	1.0	HiC_scaffold6	36246123	False	T	C	0/0	62	99	62,0	0.0	True
2014-132-8A	ML5	N	1.0	1	1.0	HiC_scaffold6	36246123	False	T	C	0/0	99	99	99,0	0.0	True
2014-132-9A	ML5	N	1.0	1	1.0	HiC_scaffold6	36246123	False	T	C	0/0	54	99	54,0	0.0	True
2014-3-10A	MN34	CPO	1.0	1	1.0	HiC_scaffold6	36246123	False	T	C	0/0	103	99	103,0	0.0	True
2014-3-3A	MN34	CPO	1.0	1	1.0	HiC_scaffold6	36246123	False	T	C	0/0	64	99	64,0	0.0	True
2014-3-4A	MN34	CPO	1.0	1	1.0	HiC_scaffold6	36246123	False	T	C	0/0	82	99	82,0	0.0	True
2014-3-5A	MN34	CPO	1.0	1	1.0	HiC_scaffold6	36246123	False	T	C	0/0	68	99	68,0	0.0	True
2014-3-6A	MN34	CPO	1.0	1	1.0	HiC_scaffold6	36246123	False	T	C	0/0	69	99	69,0	0.0	True
2014-3-7A	MN34	CPO	1.0	1	1.0	HiC_scaffold6	36246123	False	T	C	0/0	51	99	51,0	0.0	True
2014-3-8A	MN34	CPO	1.0	1	1.0	HiC_scaffold6	36246123	False	T	C	0/0	60	99	60,0	0.0	True
2014-3-9A	MN34	CPO	1.0	1	1.0	HiC_scaffold6	36246123	False	T	C	0/0	93	99	93,0	0.0	True
2014-66-1A	YL49	CPO	1.0	1	1.0	HiC_scaffold6	36246123	False	T	C	0/0	111	99	111,0	0.0	True
2014-66-2A	YL49	CPO	1.0	1	1.0	HiC_scaffold6	36246123	False	T	C	0/0	96	99	96,0	0.0	True
2014-66-3A	YL49	CPO	1.0	1	1.0	HiC_scaffold6	36246123	False	T	C	0/0	90	99	90,0	0.0	True
2014-66-4A	YL49	CPO	1.0	1	1.0	HiC_scaffold6	36246123	False	T	C	0/0	120	99	120,0	0.0	True
2014-66-5A	YL49	CPO	1.0	1	1.0	HiC_scaffold6	36246123	False	T	C	0/0	98	99	98,0	0.0	True
2014-66-6A	YL49	CPO	1.0	1	1.0	HiC_scaffold6	36246123	False	T	C	0/0	108	99	108,0	0.0	True
2014-66-7A	YL49	CPO	1.0	1	1.0	HiC_scaffold6	36246123	False	T	C	0/0	71	99	71,0	0.0	True
2014-66-8A	YL49	CPO	1.0	1	1.0	HiC_scaffold6	36246123	False	T	C	0/0	91	99	91,0	0.0	True
DP1709141A	DQS11	CMA	1.0	1	0.0	HiC_scaffold6	36246123	False	T	C	0/0	60	99	60,0	0.0	True
DP1709144A	DQS11	CMA	1.0	1	0.0	HiC_scaffold6	36246123	False	T	C	0/0	53	99	53,0	0.0	True
DP1709148A	DQS11	CMA	1.0	1	0.0	HiC_scaffold6	36246123	False	T	C	0/0	36	99	36,0	0.0	True
Gln2014-15-10A	LD30	CYU	0.0	0	1.0	HiC_scaffold6	36246123	False	T	C	0/1	29	99	15,14	0.4827586206896552	True
Gln2014-15-1A	LD30	CYU	0.0	0	1.0	HiC_scaffold6	36246123	False	T	C	0/1	37	99	24,13	0.35135135135135137	True
Gln2014-15-3A	LD30	CYU	0.0	0	1.0	HiC_scaffold6	36246123	False	T	C	0/1	52	99	34,18	0.34615384615384615	True
Gln2014-15-4A	LD30	CYU	0.0	0	1.0	HiC_scaffold6	36246123	False	T	C	0/1	36	99	30,6	0.16666666666666666	True
Gln2014-15-5A	LD30	CYU	0.0	0	1.0	HiC_scaffold6	36246123	False	T	C	0/0	42	99	42,0	0.0	True
Gln2014-15-6A	LD30	CYU	0.0	0	1.0	HiC_scaffold6	36246123	False	T	C	0/1	54	99	42,12	0.2222222222222222	True
Gln2014-15-7A	LD30	CYU	0.0	0	1.0	HiC_scaffold6	36246123	False	T	C	0/0	49	99	49,0	0.0	True
Gln2014-15-8A	LD30	CYU	0.0	0	1.0	HiC_scaffold6	36246123	False	T	C	0/1	59	99	41,18	0.3050847457627119	True
Gln2014-8-1A	LD06	CPO	1.0	1	1.0	HiC_scaffold6	36246123	False	T	C	0/0	47	99	47,0	0.0	True
Gln2014-8-2A	LD06	CPO	1.0	1	1.0	HiC_scaffold6	36246123	False	T	C	0/0	94	99	94,0	0.0	True
Gln2014-8-4A	LD06	CPO	1.0	1	1.0	HiC_scaffold6	36246123	False	T	C	0/0	82	99	82,0	0.0	True
Gln2014-8-5A	LD06	CPO	1.0	1	1.0	HiC_scaffold6	36246123	False	T	C	0/0	63	99	63,0	0.0	True
Gln2014-8-6A	LD06	CPO	1.0	1	1.0	HiC_scaffold6	36246123	False	T	C	0/0	73	99	73,0	0.0	True
Gln2014-8-7A	LD06	CPO	1.0	1	1.0	HiC_scaffold6	36246123	False	T	C	0/0	122	99	122,0	0.0	True
Gln2014-8-8A	LD06	CPO	1.0	1	1.0	HiC_scaffold6	36246123	False	T	C	0/0	98	99	98,0	0.0	True
JLS-BM001-1A	BM31	N	NA	1	NA	HiC_scaffold6	36246123	False	T	C	0/0	89	99	89,0	0.0	True
JLS-BM001-2A	BM31	N	NA	1	NA	HiC_scaffold6	36246123	False	T	C	0/0	105	99	105,0	0.0	True
JLS-BM001-3A	BM31	N	NA	1	NA	HiC_scaffold6	36246123	False	T	C	0/0	83	99	83,0	0.0	True
JLS-BM001-4A	BM31	N	NA	1	NA	HiC_scaffold6	36246123	False	T	C	0/0	72	99	72,0	0.0	True
JLS-BM001-5A	BM31	N	NA	1	NA	HiC_scaffold6	36246123	False	T	C	0/0	68	99	68,0	0.0	True
JLS-BM001-6A	BM31	N	NA	1	NA	HiC_scaffold6	36246123	False	T	C	0/0	100	99	100,0	0.0	True
JLS-BM001-7A	BM31	N	NA	1	NA	HiC_scaffold6	36246123	False	T	C	0/0	53	99	53,0	0.0	True
JLS-BM001-8A	BM31	N	NA	1	NA	HiC_scaffold6	36246123	False	T	C	0/0	78	99	78,0	0.0	True
JLS-CY022-10A	CY32	CPO	1.0	1	1.0	HiC_scaffold6	36246123	False	T	C	0/0	99	99	99,0	0.0	True
JLS-CY022-11A	CY32	CPO	1.0	1	1.0	HiC_scaffold6	36246123	False	T	C	0/0	45	99	45,0	0.0	True
JLS-CY022-4A	CY32	CPO	1.0	1	1.0	HiC_scaffold6	36246123	False	T	C	0/0	70	99	70,0	0.0	True
JLS-CY022-5A	CY32	CPO	1.0	1	1.0	HiC_scaffold6	36246123	False	T	C	0/0	37	99	37,0	0.0	True
JLS-CY022-6A	CY32	CPO	1.0	1	1.0	HiC_scaffold6	36246123	False	T	C	0/0	72	99	72,0	0.0	True
JLS-CY022-7A	CY32	CPO	1.0	1	1.0	HiC_scaffold6	36246123	False	T	C	0/0	36	96	36,0	0.0	True
Sha-WS-1A	WS14	CMA	1.0	1	0.0	HiC_scaffold6	36246123	False	T	C	0/0	21	60	21,0	0.0	True
Sha-WS-2A	WS14	CMA	1.0	1	0.0	HiC_scaffold6	36246123	False	T	C	0/0	42	99	42,0	0.0	True
Sha-WS-3A	WS14	CMA	1.0	1	0.0	HiC_scaffold6	36246123	False	T	C	0/0	32	84	32,0	0.0	True
Sha-WS-4A	WS14	CMA	1.0	1	0.0	HiC_scaffold6	36246123	False	T	C	0/0	25	61	25,0	0.0	True
Sha-WS-5A	WS14	CMA	1.0	1	0.0	HiC_scaffold6	36246123	False	T	C	0/0	41	99	41,0	0.0	True
Sha-WS-6A	WS14	CMA	1.0	1	0.0	HiC_scaffold6	36246123	False	T	C	0/0	13	30	13,0	0.0	True
Sha-WS-7A	WS14	CMA	1.0	1	0.0	HiC_scaffold6	36246123	False	T	C	0/0	60	99	60,0	0.0	True
Sha-WS-8A	WS14	CMA	1.0	1	0.0	HiC_scaffold6	36246123	False	T	C	0/0	27	63	27,0	0.0	True
THP-SET_1917-1A	MK27	CPO	1.0	1	1.0	HiC_scaffold6	36246123	False	T	C	0/0	66	99	66,0	0.0	True
THP-SET_1917-2A	MK27	CPO	1.0	1	1.0	HiC_scaffold6	36246123	False	T	C	0/0	70	99	70,0	0.0	True
THP-SET_1917-3A	MK27	CPO	1.0	1	1.0	HiC_scaffold6	36246123	False	T	C	0/0	53	99	53,0	0.0	True
THP-SET_1917-4A	MK27	CPO	1.0	1	1.0	HiC_scaffold6	36246123	False	T	C	0/0	60	99	60,0	0.0	True
THP-SET_1917-5A	MK27	CPO	1.0	1	1.0	HiC_scaffold6	36246123	False	T	C	0/0	75	99	75,0	0.0	True
THP-SET_1917-6A	MK27	CPO	1.0	1	1.0	HiC_scaffold6	36246123	False	T	C	0/0	74	99	74,0	0.0	True
THP-SET_1917-7A	MK27	CPO	1.0	1	1.0	HiC_scaffold6	36246123	False	T	C	0/0	61	99	61,0	0.0	True
THP-SET_1917-8A	MK27	CPO	1.0	1	1.0	HiC_scaffold6	36246123	False	T	C	0/0	59	99	59,0	0.0	True
XB2014-144-2A	SM35	CYU	1.0	1	1.0	HiC_scaffold6	36246123	False	T	C	0/0	60	99	60,0	0.0	True
XB2014-144-3A	SM35	CYU	1.0	1	1.0	HiC_scaffold6	36246123	False	T	C	0/0	45	99	45,0	0.0	True
XB2014-144-4A	SM35	CYU	1.0	1	1.0	HiC_scaffold6	36246123	False	T	C	0/0	65	99	65,0	0.0	True
XB2014-144-5A	SM35	CYU	1.0	1	1.0	HiC_scaffold6	36246123	False	T	C	0/0	57	99	57,0	0.0	True
XB2014-144-6A	SM35	CYU	1.0	1	1.0	HiC_scaffold6	36246123	False	T	C	0/0	33	90	33,0	0.0	True
XB2014-144-7A	SM35	CYU	1.0	1	1.0	HiC_scaffold6	36246123	False	T	C	0/0	75	99	75,0	0.0	True
XB2014-144-8A	SM35	CYU	1.0	1	1.0	HiC_scaffold6	36246123	False	T	C	0/0	61	99	61,0	0.0	True
XB2014-144-9A	SM35	CYU	1.0	1	1.0	HiC_scaffold6	36246123	False	T	C	0/0	102	99	102,0	0.0	True
XB2014-38-2A	EY8	CYU	0.0	1	1.0	HiC_scaffold6	36246123	False	T	C	0/1	65	99	51,14	0.2153846153846154	True
XB2014-38-3A	EY8	CYU	0.0	1	1.0	HiC_scaffold6	36246123	False	T	C	0/1	43	99	25,18	0.4186046511627907	True
XB2014-38-4A	EY8	CYU	0.0	1	1.0	HiC_scaffold6	36246123	False	T	C	0/0	38	99	38,0	0.0	True
XB2014-38-5A	EY8	CYU	0.0	1	1.0	HiC_scaffold6	36246123	False	T	C	0/0	67	99	67,0	0.0	True
XB2014-38-6A	EY9	CPO	0.0	1	1.0	HiC_scaffold6	36246123	False	T	C	0/1	45	87	38,7	0.15555555555555556	True
XB2014-39-1A	EY9	CPO	1.0	1	1.0	HiC_scaffold6	36246123	False	T	C	0/0	74	99	74,0	0.0	True
XB2014-39-2A	EY9	CPO	1.0	1	1.0	HiC_scaffold6	36246123	False	T	C	0/0	80	99	80,0	0.0	True
XB2014-39-3A	EY9	CPO	1.0	1	1.0	HiC_scaffold6	36246123	False	T	C	0/0	52	99	52,0	0.0	True
XB2014-39-4A	EY9	CPO	1.0	1	1.0	HiC_scaffold6	36246123	False	T	C	0/0	54	99	54,0	0.0	True
XB2014-39-5A	EY9	CPO	1.0	1	1.0	HiC_scaffold6	36246123	False	T	C	0/0	71	99	71,0	0.0	True
XB2014-39-6A	EY9	CPO	1.0	1	1.0	HiC_scaffold6	36246123	False	T	C	0/0	90	99	90,0	0.0	True
XB2014-39-7A	EY9	CPO	1.0	1	1.0	HiC_scaffold6	36246123	False	T	C	0/0	78	99	78,0	0.0	True
XB2014-39-8A	EY9	CPO	1.0	1	1.0	HiC_scaffold6	36246123	False	T	C	0/0	85	99	85,0	0.0	True
XB2014-4-2A	MN4	CYU	0.0	0	1.0	HiC_scaffold6	36246123	False	T	C	0/1	51	99	24,27	0.5294117647058824	True
XB2014-4-3A	MN4	CYU	0.0	0	1.0	HiC_scaffold6	36246123	False	T	C	0/1	63	99	48,15	0.23809523809523808	True
XB2014-4-4A	MN4	CYU	0.0	0	1.0	HiC_scaffold6	36246123	False	T	C	0/1	58	99	29,29	0.5	True
XB2014-4-5A	MN4	CYU	0.0	0	1.0	HiC_scaffold6	36246123	False	T	C	0/1	39	99	17,22	0.5641025641025641	True
XB2014-4-6A	MN4	CYU	0.0	0	1.0	HiC_scaffold6	36246123	False	T	C	0/1	76	99	47,29	0.3815789473684211	True
XB2014-4-7A	MN4	CYU	0.0	0	1.0	HiC_scaffold6	36246123	False	T	C	0/1	78	99	70,8	0.10256410256410256	True
XB2014-4-8A	YL9	CYU	0.0	0	1.0	HiC_scaffold6	36246123	False	T	C	0/1	75	99	48,27	0.36	True
XB2014-4-9A	YL9	CYU	0.0	0	1.0	HiC_scaffold6	36246123	False	T	C	0/1	57	99	25,32	0.5614035087719298	True
XB2014-48-1A	MN4	CYU	0.0	0	1.0	HiC_scaffold6	36246123	False	T	C	0/1	72	99	43,29	0.4027777777777778	True
XB2014-48-2A	MN4	CYU	0.0	0	1.0	HiC_scaffold6	36246123	False	T	C	0/1	56	99	27,29	0.5178571428571429	True
XB2014-48-3A	YL9	CYU	0.0	0	1.0	HiC_scaffold6	36246123	False	T	C	0/1	53	99	40,13	0.24528301886792453	True
XB2014-48-4A	YL9	CYU	0.0	0	1.0	HiC_scaffold6	36246123	False	T	C	0/1	63	99	37,26	0.4126984126984127	True
XB2014-48-5A	YL9	CYU	0.0	0	1.0	HiC_scaffold6	36246123	False	T	C	0/1	92	99	51,41	0.44565217391304346	True
XB2014-48-6A	YL9	CYU	0.0	0	1.0	HiC_scaffold6	36246123	False	T	C	0/1	53	99	43,10	0.18867924528301888	True
XB2014-48-7A	YL9	CYU	0.0	0	1.0	HiC_scaffold6	36246123	False	T	C	0/1	66	99	29,37	0.5606060606060606	True
XB2014-48-9A	YL9	CYU	0.0	0	1.0	HiC_scaffold6	36246123	False	T	C	0/1	59	99	27,32	0.5423728813559322	True
XB26-3B	SC37	CPO	1.0	1	1.0	HiC_scaffold6	36246123	False	T	C	0/0	86	99	86,0	0.0	True
XB26-4B	SC37	CPO	1.0	1	1.0	HiC_scaffold6	36246123	False	T	C	0/0	83	99	83,0	0.0	True
XB26-5B	SC37	CPO	1.0	1	1.0	HiC_scaffold6	36246123	False	T	C	0/0	112	99	112,0	0.0	True
XB26-7B	SC37	CPO	1.0	1	1.0	HiC_scaffold6	36246123	False	T	C	0/0	101	99	101,0	0.0	True
XuBo982-1A	XS40	CMA	1.0	1	0.0	HiC_scaffold6	36246123	False	T	C	0/0	36	99	36,0	0.0	True
XuBo982-2A	XS40	CMA	1.0	1	0.0	HiC_scaffold6	36246123	False	T	C	0/0	40	99	40,0	0.0	True
XuBo982-3A	XS40	CMA	1.0	1	0.0	HiC_scaffold6	36246123	False	T	C	0/0	23	60	23,0	0.0	True
XuBo982-4A	XS40	CMA	1.0	1	0.0	HiC_scaffold6	36246123	False	T	C	0/0	37	99	37,0	0.0	True
XuBo982-5A	XS40	CMA	1.0	1	0.0	HiC_scaffold6	36246123	False	T	C	0/0	39	99	39,0	0.0	True
XubBo-1037-1A	LN46	N	1.0	1	0.0	HiC_scaffold6	36246123	False	T	C	0/0	114	99	114,0	0.0	True
XubBo-1037-2A	TB43	CMA	NA	1	NA	HiC_scaffold6	36246123	False	T	C	0/0	127	99	127,0	0.0	True
XubBo-1037-3A	TB43	CMA	NA	1	NA	HiC_scaffold6	36246123	False	T	C	0/0	101	99	101,0	0.0	True
XubBo-1037-4A	TB43	CMA	NA	1	NA	HiC_scaffold6	36246123	False	T	C	0/0	127	99	127,0	0.0	True
XubBo-1037-5A	TB43	CMA	NA	1	NA	HiC_scaffold6	36246123	False	T	C	0/0	103	99	103,0	0.0	True
XubBo-1037-6A	TB43	CMA	NA	1	NA	HiC_scaffold6	36246123	False	T	C	0/0	75	99	75,0	0.0	True
XubBo-1037-7A	TB43	CMA	NA	1	NA	HiC_scaffold6	36246123	False	T	C	0/0	89	99	89,0	0.0	True
XubBo-1037-8A	TB43	CMA	NA	1	NA	HiC_scaffold6	36246123	False	T	C	0/0	75	99	75,0	0.0	True
XubBo1030-10A	LN46	N	1.0	1	0.0	HiC_scaffold6	36246123	False	T	C	0/0	29	84	29,0	0.0	True
XubBo1030-1A	LN46	N	1.0	1	0.0	HiC_scaffold6	36246123	False	T	C	0/0	31	90	31,0	0.0	True
XubBo1030-3A	LN46	N	1.0	1	0.0	HiC_scaffold6	36246123	False	T	C	0/0	31	90	31,0	0.0	True
XubBo1030-5A	LN46	N	1.0	1	0.0	HiC_scaffold6	36246123	False	T	C	0/0	23	60	23,0	0.0	True
XubBo1030-6A	LN46	N	1.0	1	0.0	HiC_scaffold6	36246123	False	T	C	0/0	20	51	20,0	0.0	True
XubBo1030-8A	LN46	N	1.0	1	0.0	HiC_scaffold6	36246123	False	T	C	0/0	26	72	26,0	0.0	True
XubBo1030-9A	LN46	N	1.0	1	0.0	HiC_scaffold6	36246123	False	T	C	0/0	32	90	32,0	0.0	True
XubBo1051-10A	WX48	CMA	1.0	1	0.0	HiC_scaffold6	36246123	False	T	C	0/0	30	78	30,0	0.0	True
XubBo1051-1A	WX48	CMA	1.0	1	0.0	HiC_scaffold6	36246123	False	T	C	0/0	42	99	42,0	0.0	True
XubBo1051-2A	WX48	CMA	1.0	1	0.0	HiC_scaffold6	36246123	False	T	C	0/0	26	75	26,0	0.0	True
XubBo1051-3A	WX48	CMA	1.0	1	0.0	HiC_scaffold6	36246123	False	T	C	0/0	31	90	31,0	0.0	True
XubBo1051-4A	WX48	CMA	1.0	1	0.0	HiC_scaffold6	36246123	False	T	C	0/0	19	51	19,0	0.0	True
XubBo1051-7A	WX48	CMA	1.0	1	0.0	HiC_scaffold6	36246123	False	T	C	0/0	39	99	39,0	0.0	True
XubBo1051-8A	WX48	CMA	1.0	1	0.0	HiC_scaffold6	36246123	False	T	C	0/0	49	99	49,0	0.0	True
XubBo1051-9A	WX48	CMA	1.0	1	0.0	HiC_scaffold6	36246123	False	T	C	0/0	36	99	36,0	0.0	True
Xubo01402-2A	YS26	CYU	1.0	1	1.0	HiC_scaffold6	36246123	False	T	C	0/0	38	99	38,0	0.0	True
Xubo01402-3A	YS26	CYU	1.0	1	1.0	HiC_scaffold6	36246123	False	T	C	0/0	38	99	38,0	0.0	True
Xubo01402-4A	YS26	CYU	1.0	1	1.0	HiC_scaffold6	36246123	False	T	C	0/0	48	99	48,0	0.0	True
Xubo01402-5A	YS26	CYU	1.0	1	1.0	HiC_scaffold6	36246123	False	T	C	0/0	42	99	42,0	0.0	True
Xubo01402-6A	YS26	CYU	1.0	1	1.0	HiC_scaffold6	36246123	False	T	C	0/0	42	99	42,0	0.0	True
Xubo01402-7A	YS26	CYU	1.0	1	1.0	HiC_scaffold6	36246123	False	T	C	0/0	49	99	49,0	0.0	True
Xubo01402-8A	YS26	CYU	1.0	1	1.0	HiC_scaffold6	36246123	False	T	C	0/0	67	99	67,0	0.0	True
Xubo01402-9A	YS26	CYU	1.0	1	1.0	HiC_scaffold6	36246123	False	T	C	0/0	36	99	36,0	0.0	True
YLZB4703-2A	SM3	CYU	0.0	0	1.0	HiC_scaffold6	36246123	False	T	C	0/0	61	99	61,0	0.0	True
YLZB4703-3A	SM3	CYU	0.0	0	1.0	HiC_scaffold6	36246123	False	T	C	0/0	52	99	52,0	0.0	True
YLZB4703-5A	SM3	CYU	0.0	0	1.0	HiC_scaffold6	36246123	False	T	C	0/1	54	99	35,19	0.35185185185185186	True
YLZB4703-7A	SM3	CYU	0.0	0	1.0	HiC_scaffold6	36246123	False	T	C	0/0	58	99	58,0	0.0	True
YLZB4703-9A	SM3	CYU	0.0	0	1.0	HiC_scaffold6	36246123	False	T	C	0/1	50	99	34,16	0.32	True
YLZB4715-10A	MY1	CYU	0.0	0	1.0	HiC_scaffold6	36246123	False	T	C	0/1	66	99	33,33	0.5	True
YLZB4715-1A	MY1	CYU	0.0	0	1.0	HiC_scaffold6	36246123	False	T	C	0/1	49	99	20,29	0.5918367346938775	True
YLZB4715-2A	MY1	CYU	0.0	0	1.0	HiC_scaffold6	36246123	False	T	C	0/1	55	99	30,25	0.45454545454545453	True
YLZB4715-5A	MY1	CYU	0.0	0	1.0	HiC_scaffold6	36246123	False	T	C	0/1	63	99	32,31	0.49206349206349204	True
YLZB4715-6A	MY1	CYU	0.0	0	1.0	HiC_scaffold6	36246123	False	T	C	0/1	58	99	36,22	0.3793103448275862	True
YLZB4715-7A	MY1	CYU	0.0	0	1.0	HiC_scaffold6	36246123	False	T	C	0/1	50	99	21,29	0.58	True
YLZB4715-8A	MY1	CYU	0.0	0	1.0	HiC_scaffold6	36246123	False	T	C	0/1	109	99	50,59	0.5412844036697247	True
YLZB4715-9A	MY1	CYU	0.0	0	1.0	HiC_scaffold6	36246123	False	T	C	0/1	63	99	32,31	0.49206349206349204	True
YLZB4735-10A	YSXC51	CPO	1.0	1	1.0	HiC_scaffold6	36246123	False	T	C	0/0	73	99	73,0	0.0	True
YLZB4735-1A	YSXC51	CPO	1.0	1	1.0	HiC_scaffold6	36246123	False	T	C	0/0	50	99	50,0	0.0	True
YLZB4735-2A	YSXC51	CPO	1.0	1	1.0	HiC_scaffold6	36246123	False	T	C	0/0	68	99	68,0	0.0	True
YLZB4735-3A	YSXC51	CPO	1.0	1	1.0	HiC_scaffold6	36246123	False	T	C	0/0	70	99	70,0	0.0	True
YLZB4735-5A	YSXC51	CPO	1.0	1	1.0	HiC_scaffold6	36246123	False	T	C	0/0	73	99	73,0	0.0	True
YLZB4735-6A	YSXC51	CPO	1.0	1	1.0	HiC_scaffold6	36246123	False	T	C	0/0	64	99	64,0	0.0	True
YLZB4735-8A	YSXC51	CPO	1.0	1	1.0	HiC_scaffold6	36246123	False	T	C	0/0	60	99	60,0	0.0	True
YLZB4735-9A	YSXC51	CPO	1.0	1	1.0	HiC_scaffold6	36246123	False	T	C	0/0	67	99	67,0	0.0	True
YLZB4816-11A	ASCD52	CPO	1.0	1	1.0	HiC_scaffold6	36246123	False	T	C	0/0	67	99	67,0	0.0	True
YLZB4816-3A	ASCD52	CPO	1.0	1	1.0	HiC_scaffold6	36246123	False	T	C	0/0	54	99	54,0	0.0	True
YLZB4816-4A	ASCD52	CPO	1.0	1	1.0	HiC_scaffold6	36246123	False	T	C	0/0	50	99	50,0	0.0	True
YLZB4816-6A	ASCD52	CPO	1.0	1	1.0	HiC_scaffold6	36246123	False	T	C	0/0	66	99	66,0	0.0	True
YLZB4816-7A	ASCD52	CPO	1.0	1	1.0	HiC_scaffold6	36246123	False	T	C	0/0	70	99	70,0	0.0	True
YLZB4816-8A	ASCD52	CPO	1.0	1	1.0	HiC_scaffold6	36246123	False	T	C	0/0	24	72	24,0	0.0	True
YLZB4816-9A	ASCD52	CPO	1.0	1	1.0	HiC_scaffold6	36246123	False	T	C	0/0	44	99	44,0	0.0	True
ZXL277-1A	YY12	CMA	1.0	1	0.0	HiC_scaffold6	36246123	False	T	C	0/0	50	99	50,0	0.0	True
ZXL277-2A	YY12	CMA	1.0	1	0.0	HiC_scaffold6	36246123	False	T	C	0/0	28	43	28,0	0.0	True
ZXL277-3A	YY12	CMA	1.0	1	0.0	HiC_scaffold6	36246123	False	T	C	0/0	35	99	35,0	0.0	True
ZXL277-4A	YY12	CMA	1.0	1	0.0	HiC_scaffold6	36246123	False	T	C	0/0	36	99	36,0	0.0	True
ZXL277-5A	YY12	CMA	1.0	1	0.0	HiC_scaffold6	36246123	False	T	C	0/0	22	46	22,0	0.0	True
ZXL277-6A	YY12	CMA	1.0	1	0.0	HiC_scaffold6	36246123	False	T	C	0/0	25	69	25,0	0.0	True
ZXL277-7A	YY12	CMA	1.0	1	0.0	HiC_scaffold6	36246123	False	T	C	0/0	30	81	30,0	0.0	True
ZXL277-8A	YY12	CMA	1.0	1	0.0	HiC_scaffold6	36246123	False	T	C	0/0	26	66	26,0	0.0	True
ZXL79-1A	CZ25	CMA	1.0	1	0.0	HiC_scaffold6	36246123	False	T	C	0/0	30	90	30,0	0.0	True
ZXL79-2A	CZ25	CMA	1.0	1	0.0	HiC_scaffold6	36246123	False	T	C	0/0	25	72	25,0	0.0	True
ZXL79-3A	CZ25	CMA	1.0	1	0.0	HiC_scaffold6	36246123	False	T	C	0/0	39	99	39,0	0.0	True
ZXL79-4A	CZ25	CMA	1.0	1	0.0	HiC_scaffold6	36246123	False	T	C	0/0	41	99	41,0	0.0	True
ZXL79-5A	CZ25	CMA	1.0	1	0.0	HiC_scaffold6	36246123	False	T	C	0/0	50	99	50,0	0.0	True
ZXL79-6A	CZ25	CMA	1.0	1	0.0	HiC_scaffold6	36246123	False	T	C	0/0	30	90	30,0	0.0	True
ZXL79-7A	CZ25	CMA	1.0	1	0.0	HiC_scaffold6	36246123	False	T	C	0/0	47	99	47,0	0.0	True
xubo266-2A	XY36	CMA	1.0	1	0.0	HiC_scaffold6	36246123	False	T	C	0/0	67	99	67,0	0.0	True
xubo266-3A	XY36	CMA	1.0	1	0.0	HiC_scaffold6	36246123	False	T	C	0/0	70	99	70,0	0.0	True
xubo266-4A	XY36	CMA	1.0	1	0.0	HiC_scaffold6	36246123	False	T	C	0/0	24	69	24,0	0.0	True
xubo266-5A	XY36	CMA	1.0	1	0.0	HiC_scaffold6	36246123	False	T	C	0/0	37	99	37,0	0.0	True
xubo266-6A	XY36	CMA	1.0	1	0.0	HiC_scaffold6	36246123	False	T	C	0/0	50	99	50,0	0.0	True
xubo266-8A	XY36	CMA	1.0	1	0.0	HiC_scaffold6	36246123	False	T	C	0/0	38	99	38,0	0.0	True
xubo266-9A	XY36	CMA	1.0	1	0.0	HiC_scaffold6	36246123	False	T	C	0/0	37	99	37,0	0.0	True
zhuzm1009-10A	KM42	CPO	1.0	1	1.0	HiC_scaffold6	36246123	False	T	C	0/0	79	99	79,0	0.0	True
zhuzm1009-2A	KM42	CPO	1.0	1	1.0	HiC_scaffold6	36246123	False	T	C	0/0	62	99	62,0	0.0	True
zhuzm1009-3A	KM42	CPO	1.0	1	1.0	HiC_scaffold6	36246123	False	T	C	0/0	70	99	70,0	0.0	True
zhuzm1009-6A	KM42	CPO	1.0	1	1.0	HiC_scaffold6	36246123	False	T	C	0/0	68	99	68,0	0.0	True
zhuzm1009-7A	KM42	CPO	1.0	1	1.0	HiC_scaffold6	36246123	False	T	C	0/0	86	99	86,0	0.0	True
zhuzm1009-8A	KM42	CPO	1.0	1	1.0	HiC_scaffold6	36246123	False	T	C	0/0	81	99	81,0	0.0	True
2014-128-1A	ML50	CPO	1.0	1	1.0	HiC_scaffold6	36249925	True	C	T	0/0	16	30	16,0	0.0	True
2014-128-2A	ML50	CPO	1.0	1	1.0	HiC_scaffold6	36249925	True	C	T	0/0	22	57	22,0	0.0	True
2014-128-3A	ML50	CPO	1.0	1	1.0	HiC_scaffold6	36249925	True	C	T	0/0	9	12	9,0	0.0	False
2014-128-4A	ML50	CPO	1.0	1	1.0	HiC_scaffold6	36249925	True	C	T	0/0	22	60	22,0	0.0	True
2014-128-5A	ML50	CPO	1.0	1	1.0	HiC_scaffold6	36249925	True	C	T	0/0	19	54	19,0	0.0	True
2014-132-2A	ML5	N	1.0	1	1.0	HiC_scaffold6	36249925	True	C	T	0/0	20	51	20,0	0.0	True
2014-132-3A	ML5	N	1.0	1	1.0	HiC_scaffold6	36249925	True	C	T	0/0	9	18	9,0	0.0	False
2014-132-4A	ML5	N	1.0	1	1.0	HiC_scaffold6	36249925	True	C	T	0/0	16	42	16,0	0.0	True
2014-132-5A	ML5	N	1.0	1	1.0	HiC_scaffold6	36249925	True	C	T	0/0	9	21	9,0	0.0	False
2014-132-6A	ML5	N	1.0	1	1.0	HiC_scaffold6	36249925	True	C	T	0/0	15	42	15,0	0.0	True
2014-132-7A	ML5	N	1.0	1	1.0	HiC_scaffold6	36249925	True	C	T	0/0	31	81	31,0	0.0	True
2014-132-8A	ML5	N	1.0	1	1.0	HiC_scaffold6	36249925	True	C	T	0/0	6	18	6,0	0.0	False
2014-132-9A	ML5	N	1.0	1	1.0	HiC_scaffold6	36249925	True	C	T	0/0	10	24	10,0	0.0	True
2014-3-10A	MN34	CPO	1.0	1	1.0	HiC_scaffold6	36249925	True	C	T	0/0	23	33	23,0	0.0	True
2014-3-3A	MN34	CPO	1.0	1	1.0	HiC_scaffold6	36249925	True	C	T	0/0	12	33	12,0	0.0	True
2014-3-4A	MN34	CPO	1.0	1	1.0	HiC_scaffold6	36249925	True	C	T	0/0	14	24	14,0	0.0	True
2014-3-5A	MN34	CPO	1.0	1	1.0	HiC_scaffold6	36249925	True	C	T	0/0	3	6	3,0	0.0	False
2014-3-6A	MN34	CPO	1.0	1	1.0	HiC_scaffold6	36249925	True	C	T	0/0	10	24	10,0	0.0	True
2014-3-7A	MN34	CPO	1.0	1	1.0	HiC_scaffold6	36249925	True	C	T	0/0	12	27	12,0	0.0	True
2014-3-8A	MN34	CPO	1.0	1	1.0	HiC_scaffold6	36249925	True	C	T	0/0	12	30	12,0	0.0	True
2014-3-9A	MN34	CPO	1.0	1	1.0	HiC_scaffold6	36249925	True	C	T	0/0	5	9	5,0	0.0	False
2014-66-1A	YL49	CPO	1.0	1	1.0	HiC_scaffold6	36249925	True	C	T	0/0	4	12	4,0	0.0	False
2014-66-2A	YL49	CPO	1.0	1	1.0	HiC_scaffold6	36249925	True	C	T	0/0	2	6	2,0	0.0	False
2014-66-3A	YL49	CPO	1.0	1	1.0	HiC_scaffold6	36249925	True	C	T	0/0	11	33	11,0	0.0	True
2014-66-4A	YL49	CPO	1.0	1	1.0	HiC_scaffold6	36249925	True	C	T	0/0	4	12	4,0	0.0	False
2014-66-5A	YL49	CPO	1.0	1	1.0	HiC_scaffold6	36249925	True	C	T	0/0	30	81	30,0	0.0	True
2014-66-6A	YL49	CPO	1.0	1	1.0	HiC_scaffold6	36249925	True	C	T	0/0	12	27	12,0	0.0	True
2014-66-7A	YL49	CPO	1.0	1	1.0	HiC_scaffold6	36249925	True	C	T	0/0	10	24	10,0	0.0	True
2014-66-8A	YL49	CPO	1.0	1	1.0	HiC_scaffold6	36249925	True	C	T	0/0	35	87	35,0	0.0	True
DP1709141A	DQS11	CMA	1.0	1	0.0	HiC_scaffold6	36249925	True	C	T	0/0	45	99	45,0	0.0	True
DP1709144A	DQS11	CMA	1.0	1	0.0	HiC_scaffold6	36249925	True	C	T	0/0	61	99	61,0	0.0	True
DP1709148A	DQS11	CMA	1.0	1	0.0	HiC_scaffold6	36249925	True	C	T	0/0	69	99	69,0	0.0	True
Gln2014-15-10A	LD30	CYU	0.0	0	1.0	HiC_scaffold6	36249925	True	C	T	0/1	73	99	52,21	0.2876712328767123	True
Gln2014-15-1A	LD30	CYU	0.0	0	1.0	HiC_scaffold6	36249925	True	C	T	0/1	91	99	61,30	0.32967032967032966	True
Gln2014-15-3A	LD30	CYU	0.0	0	1.0	HiC_scaffold6	36249925	True	C	T	0/1	98	99	63,35	0.35714285714285715	True
Gln2014-15-4A	LD30	CYU	0.0	0	1.0	HiC_scaffold6	36249925	True	C	T	0/1	79	99	69,10	0.12658227848101267	True
Gln2014-15-5A	LD30	CYU	0.0	0	1.0	HiC_scaffold6	36249925	True	C	T	0/1	111	99	94,17	0.15315315315315314	True
Gln2014-15-6A	LD30	CYU	0.0	0	1.0	HiC_scaffold6	36249925	True	C	T	0/1	107	99	79,28	0.2616822429906542	True
Gln2014-15-7A	LD30	CYU	0.0	0	1.0	HiC_scaffold6	36249925	True	C	T	0/1	90	99	78,12	0.13333333333333333	True
Gln2014-15-8A	LD30	CYU	0.0	0	1.0	HiC_scaffold6	36249925	True	C	T	0/1	126	99	84,42	0.3333333333333333	True
Gln2014-8-1A	LD06	CPO	1.0	1	1.0	HiC_scaffold6	36249925	True	C	T	0/0	10	9	10,0	0.0	False
Gln2014-8-2A	LD06	CPO	1.0	1	1.0	HiC_scaffold6	36249925	True	C	T	0/0	9	18	9,0	0.0	False
Gln2014-8-4A	LD06	CPO	1.0	1	1.0	HiC_scaffold6	36249925	True	C	T	0/0	18	39	18,0	0.0	True
Gln2014-8-5A	LD06	CPO	1.0	1	1.0	HiC_scaffold6	36249925	True	C	T	0/0	13	36	13,0	0.0	True
Gln2014-8-6A	LD06	CPO	1.0	1	1.0	HiC_scaffold6	36249925	True	C	T	0/0	33	14	33,0	0.0	False
Gln2014-8-7A	LD06	CPO	1.0	1	1.0	HiC_scaffold6	36249925	True	C	T	0/0	3	9	3,0	0.0	False
Gln2014-8-8A	LD06	CPO	1.0	1	1.0	HiC_scaffold6	36249925	True	C	T	0/0	14	33	14,0	0.0	True
JLS-BM001-1A	BM31	N	NA	1	NA	HiC_scaffold6	36249925	True	C	T	0/0	52	99	52,0	0.0	True
JLS-BM001-2A	BM31	N	NA	1	NA	HiC_scaffold6	36249925	True	C	T	0/0	50	99	50,0	0.0	True
JLS-BM001-3A	BM31	N	NA	1	NA	HiC_scaffold6	36249925	True	C	T	0/0	62	99	62,0	0.0	True
JLS-BM001-4A	BM31	N	NA	1	NA	HiC_scaffold6	36249925	True	C	T	0/0	52	99	52,0	0.0	True
JLS-BM001-5A	BM31	N	NA	1	NA	HiC_scaffold6	36249925	True	C	T	0/0	52	99	52,0	0.0	True
JLS-BM001-6A	BM31	N	NA	1	NA	HiC_scaffold6	36249925	True	C	T	0/0	57	99	57,0	0.0	True
JLS-BM001-7A	BM31	N	NA	1	NA	HiC_scaffold6	36249925	True	C	T	0/0	35	96	35,0	0.0	True
JLS-BM001-8A	BM31	N	NA	1	NA	HiC_scaffold6	36249925	True	C	T	0/0	54	99	54,0	0.0	True
JLS-CY022-10A	CY32	CPO	1.0	1	1.0	HiC_scaffold6	36249925	True	C	T	0/0	20	51	20,0	0.0	True
JLS-CY022-11A	CY32	CPO	1.0	1	1.0	HiC_scaffold6	36249925	True	C	T	0/0	12	27	12,0	0.0	True
JLS-CY022-4A	CY32	CPO	1.0	1	1.0	HiC_scaffold6	36249925	True	C	T	0/0	11	27	11,0	0.0	True
JLS-CY022-5A	CY32	CPO	1.0	1	1.0	HiC_scaffold6	36249925	True	C	T	0/0	3	9	3,0	0.0	False
JLS-CY022-6A	CY32	CPO	1.0	1	1.0	HiC_scaffold6	36249925	True	C	T	0/0	15	39	15,0	0.0	True
JLS-CY022-7A	CY32	CPO	1.0	1	1.0	HiC_scaffold6	36249925	True	C	T	0/0	10	27	10,0	0.0	True
Sha-WS-1A	WS14	CMA	1.0	1	0.0	HiC_scaffold6	36249925	True	C	T	0/0	63	99	63,0	0.0	True
Sha-WS-2A	WS14	CMA	1.0	1	0.0	HiC_scaffold6	36249925	True	C	T	0/0	58	99	58,0	0.0	True
Sha-WS-3A	WS14	CMA	1.0	1	0.0	HiC_scaffold6	36249925	True	C	T	0/0	89	99	89,0	0.0	True
Sha-WS-4A	WS14	CMA	1.0	1	0.0	HiC_scaffold6	36249925	True	C	T	0/0	67	99	67,0	0.0	True
Sha-WS-5A	WS14	CMA	1.0	1	0.0	HiC_scaffold6	36249925	True	C	T	0/0	67	99	67,0	0.0	True
Sha-WS-6A	WS14	CMA	1.0	1	0.0	HiC_scaffold6	36249925	True	C	T	0/0	75	99	75,0	0.0	True
Sha-WS-7A	WS14	CMA	1.0	1	0.0	HiC_scaffold6	36249925	True	C	T	0/0	59	99	59,0	0.0	True
Sha-WS-8A	WS14	CMA	1.0	1	0.0	HiC_scaffold6	36249925	True	C	T	0/0	65	99	65,0	0.0	True
THP-SET_1917-1A	MK27	CPO	1.0	1	1.0	HiC_scaffold6	36249925	True	C	T	0/0	26	53	26,0	0.0	True
THP-SET_1917-2A	MK27	CPO	1.0	1	1.0	HiC_scaffold6	36249925	True	C	T	0/0	16	33	16,0	0.0	True
THP-SET_1917-3A	MK27	CPO	1.0	1	1.0	HiC_scaffold6	36249925	True	C	T	0/0	11	27	11,0	0.0	True
THP-SET_1917-4A	MK27	CPO	1.0	1	1.0	HiC_scaffold6	36249925	True	C	T	0/0	4	9	4,0	0.0	False
THP-SET_1917-5A	MK27	CPO	1.0	1	1.0	HiC_scaffold6	36249925	True	C	T	0/0	26	63	26,0	0.0	True
THP-SET_1917-6A	MK27	CPO	1.0	1	1.0	HiC_scaffold6	36249925	True	C	T	0/0	17	39	17,0	0.0	True
THP-SET_1917-7A	MK27	CPO	1.0	1	1.0	HiC_scaffold6	36249925	True	C	T	0/0	16	7	16,0	0.0	False
THP-SET_1917-8A	MK27	CPO	1.0	1	1.0	HiC_scaffold6	36249925	True	C	T	0/0	18	45	18,0	0.0	True
XB2014-144-2A	SM35	CYU	1.0	1	1.0	HiC_scaffold6	36249925	True	C	T	0/0	118	99	118,0	0.0	True
XB2014-144-3A	SM35	CYU	1.0	1	1.0	HiC_scaffold6	36249925	True	C	T	0/0	103	99	103,0	0.0	True
XB2014-144-4A	SM35	CYU	1.0	1	1.0	HiC_scaffold6	36249925	True	C	T	0/0	130	43	130,0	0.0	True
XB2014-144-5A	SM35	CYU	1.0	1	1.0	HiC_scaffold6	36249925	True	C	T	0/0	181	99	181,0	0.0	True
XB2014-144-6A	SM35	CYU	1.0	1	1.0	HiC_scaffold6	36249925	True	C	T	0/0	91	99	91,0	0.0	True
XB2014-144-7A	SM35	CYU	1.0	1	1.0	HiC_scaffold6	36249925	True	C	T	0/0	123	99	123,0	0.0	True
XB2014-144-8A	SM35	CYU	1.0	1	1.0	HiC_scaffold6	36249925	True	C	T	0/0	140	52	140,0	0.0	True
XB2014-144-9A	SM35	CYU	1.0	1	1.0	HiC_scaffold6	36249925	True	C	T	0/0	137	29	137,0	0.0	True
XB2014-38-2A	EY8	CYU	0.0	1	1.0	HiC_scaffold6	36249925	True	C	T	0/1	59	99	50,9	0.15254237288135594	True
XB2014-38-3A	EY8	CYU	0.0	1	1.0	HiC_scaffold6	36249925	True	C	T	0/0	44	0	44,0	0.0	False
XB2014-38-4A	EY8	CYU	0.0	1	1.0	HiC_scaffold6	36249925	True	C	T	0/0	45	99	45,0	0.0	True
XB2014-38-5A	EY8	CYU	0.0	1	1.0	HiC_scaffold6	36249925	True	C	T	0/0	15	27	15,0	0.0	True
XB2014-38-6A	EY9	CPO	0.0	1	1.0	HiC_scaffold6	36249925	True	C	T	0/1	59	99	47,12	0.2033898305084746	True
XB2014-39-1A	EY9	CPO	1.0	1	1.0	HiC_scaffold6	36249925	True	C	T	0/0	12	30	12,0	0.0	True
XB2014-39-2A	EY9	CPO	1.0	1	1.0	HiC_scaffold6	36249925	True	C	T	0/0	28	72	28,0	0.0	True
XB2014-39-3A	EY9	CPO	1.0	1	1.0	HiC_scaffold6	36249925	True	C	T	0/0	26	72	26,0	0.0	True
XB2014-39-4A	EY9	CPO	1.0	1	1.0	HiC_scaffold6	36249925	True	C	T	0/0	8	24	8,0	0.0	False
XB2014-39-5A	EY9	CPO	1.0	1	1.0	HiC_scaffold6	36249925	True	C	T	0/0	8	21	8,0	0.0	False
XB2014-39-6A	EY9	CPO	1.0	1	1.0	HiC_scaffold6	36249925	True	C	T	0/0	41	99	41,0	0.0	True
XB2014-39-7A	EY9	CPO	1.0	1	1.0	HiC_scaffold6	36249925	True	C	T	0/0	37	1	37,0	0.0	False
XB2014-39-8A	EY9	CPO	1.0	1	1.0	HiC_scaffold6	36249925	True	C	T	0/0	12	21	12,0	0.0	True
XB2014-4-2A	MN4	CYU	0.0	0	1.0	HiC_scaffold6	36249925	True	C	T	0/1	60	99	30,30	0.5	True
XB2014-4-3A	MN4	CYU	0.0	0	1.0	HiC_scaffold6	36249925	True	C	T	0/1	22	99	12,10	0.45454545454545453	True
XB2014-4-4A	MN4	CYU	0.0	0	1.0	HiC_scaffold6	36249925	True	C	T	0/1	78	99	45,33	0.4230769230769231	True
XB2014-4-5A	MN4	CYU	0.0	0	1.0	HiC_scaffold6	36249925	True	C	T	0/1	74	99	16,58	0.7837837837837838	True
XB2014-4-6A	MN4	CYU	0.0	0	1.0	HiC_scaffold6	36249925	True	C	T	0/1	86	99	29,57	0.6627906976744186	True
XB2014-4-7A	MN4	CYU	0.0	0	1.0	HiC_scaffold6	36249925	True	C	T	0/1	53	99	24,29	0.5471698113207547	True
XB2014-4-8A	YL9	CYU	0.0	0	1.0	HiC_scaffold6	36249925	True	C	T	0/1	61	99	33,28	0.45901639344262296	True
XB2014-4-9A	YL9	CYU	0.0	0	1.0	HiC_scaffold6	36249925	True	C	T	0/1	82	99	50,32	0.3902439024390244	True
XB2014-48-1A	MN4	CYU	0.0	0	1.0	HiC_scaffold6	36249925	True	C	T	0/1	66	99	33,33	0.5	True
XB2014-48-2A	MN4	CYU	0.0	0	1.0	HiC_scaffold6	36249925	True	C	T	0/1	69	99	34,35	0.5072463768115942	True
XB2014-48-3A	YL9	CYU	0.0	0	1.0	HiC_scaffold6	36249925	True	C	T	0/1	37	99	27,10	0.2702702702702703	True
XB2014-48-4A	YL9	CYU	0.0	0	1.0	HiC_scaffold6	36249925	True	C	T	0/1	63	99	52,11	0.1746031746031746	True
XB2014-48-5A	YL9	CYU	0.0	0	1.0	HiC_scaffold6	36249925	True	C	T	0/1	55	99	27,28	0.509090909090909	True
XB2014-48-6A	YL9	CYU	0.0	0	1.0	HiC_scaffold6	36249925	True	C	T	0/1	43	99	31,12	0.27906976744186046	True
XB2014-48-7A	YL9	CYU	0.0	0	1.0	HiC_scaffold6	36249925	True	C	T	0/1	61	99	28,33	0.5409836065573771	True
XB2014-48-9A	YL9	CYU	0.0	0	1.0	HiC_scaffold6	36249925	True	C	T	0/1	62	99	35,27	0.43548387096774194	True
XB26-3B	SC37	CPO	1.0	1	1.0	HiC_scaffold6	36249925	True	C	T	0/0	27	54	27,0	0.0	True
XB26-4B	SC37	CPO	1.0	1	1.0	HiC_scaffold6	36249925	True	C	T	0/0	22	39	22,0	0.0	True
XB26-5B	SC37	CPO	1.0	1	1.0	HiC_scaffold6	36249925	True	C	T	0/0	27	63	27,0	0.0	True
XB26-7B	SC37	CPO	1.0	1	1.0	HiC_scaffold6	36249925	True	C	T	0/0	17	24	17,0	0.0	True
XuBo982-1A	XS40	CMA	1.0	1	0.0	HiC_scaffold6	36249925	True	C	T	0/0	26	63	26,0	0.0	True
XuBo982-2A	XS40	CMA	1.0	1	0.0	HiC_scaffold6	36249925	True	C	T	0/0	42	99	42,0	0.0	True
XuBo982-3A	XS40	CMA	1.0	1	0.0	HiC_scaffold6	36249925	True	C	T	0/0	37	99	37,0	0.0	True
XuBo982-4A	XS40	CMA	1.0	1	0.0	HiC_scaffold6	36249925	True	C	T	0/0	51	99	51,0	0.0	True
XuBo982-5A	XS40	CMA	1.0	1	0.0	HiC_scaffold6	36249925	True	C	T	0/0	43	99	43,0	0.0	True
XubBo-1037-1A	LN46	N	1.0	1	0.0	HiC_scaffold6	36249925	True	C	T	0/0	41	99	41,0	0.0	True
XubBo-1037-2A	TB43	CMA	NA	1	NA	HiC_scaffold6	36249925	True	C	T	0/0	63	99	63,0	0.0	True
XubBo-1037-3A	TB43	CMA	NA	1	NA	HiC_scaffold6	36249925	True	C	T	0/0	34	87	34,0	0.0	True
XubBo-1037-4A	TB43	CMA	NA	1	NA	HiC_scaffold6	36249925	True	C	T	0/0	41	99	41,0	0.0	True
XubBo-1037-5A	TB43	CMA	NA	1	NA	HiC_scaffold6	36249925	True	C	T	0/0	50	99	50,0	0.0	True
XubBo-1037-6A	TB43	CMA	NA	1	NA	HiC_scaffold6	36249925	True	C	T	0/0	40	99	40,0	0.0	True
XubBo-1037-7A	TB43	CMA	NA	1	NA	HiC_scaffold6	36249925	True	C	T	0/0	34	87	34,0	0.0	True
XubBo-1037-8A	TB43	CMA	NA	1	NA	HiC_scaffold6	36249925	True	C	T	0/0	15	42	15,0	0.0	True
XubBo1030-10A	LN46	N	1.0	1	0.0	HiC_scaffold6	36249925	True	C	T	0/0	98	99	98,0	0.0	True
XubBo1030-1A	LN46	N	1.0	1	0.0	HiC_scaffold6	36249925	True	C	T	0/0	83	99	83,0	0.0	True
XubBo1030-3A	LN46	N	1.0	1	0.0	HiC_scaffold6	36249925	True	C	T	0/0	52	99	52,0	0.0	True
XubBo1030-5A	LN46	N	1.0	1	0.0	HiC_scaffold6	36249925	True	C	T	0/0	93	99	93,0	0.0	True
XubBo1030-6A	LN46	N	1.0	1	0.0	HiC_scaffold6	36249925	True	C	T	0/0	98	99	98,0	0.0	True
XubBo1030-8A	LN46	N	1.0	1	0.0	HiC_scaffold6	36249925	True	C	T	0/0	86	99	86,0	0.0	True
XubBo1030-9A	LN46	N	1.0	1	0.0	HiC_scaffold6	36249925	True	C	T	0/0	63	99	63,0	0.0	True
XubBo1051-10A	WX48	CMA	1.0	1	0.0	HiC_scaffold6	36249925	True	C	T	0/0	20	57	20,0	0.0	True
XubBo1051-1A	WX48	CMA	1.0	1	0.0	HiC_scaffold6	36249925	True	C	T	0/0	31	81	31,0	0.0	True
XubBo1051-2A	WX48	CMA	1.0	1	0.0	HiC_scaffold6	36249925	True	C	T	0/0	21	48	21,0	0.0	True
XubBo1051-3A	WX48	CMA	1.0	1	0.0	HiC_scaffold6	36249925	True	C	T	0/0	57	99	57,0	0.0	True
XubBo1051-4A	WX48	CMA	1.0	1	0.0	HiC_scaffold6	36249925	True	C	T	0/0	31	78	31,0	0.0	True
XubBo1051-7A	WX48	CMA	1.0	1	0.0	HiC_scaffold6	36249925	True	C	T	0/0	38	99	38,0	0.0	True
XubBo1051-8A	WX48	CMA	1.0	1	0.0	HiC_scaffold6	36249925	True	C	T	0/0	56	99	56,0	0.0	True
XubBo1051-9A	WX48	CMA	1.0	1	0.0	HiC_scaffold6	36249925	True	C	T	0/0	40	99	40,0	0.0	True
Xubo01402-2A	YS26	CYU	1.0	1	1.0	HiC_scaffold6	36249925	True	C	T	0/0	39	99	39,0	0.0	True
Xubo01402-3A	YS26	CYU	1.0	1	1.0	HiC_scaffold6	36249925	True	C	T	0/0	44	99	44,0	0.0	True
Xubo01402-4A	YS26	CYU	1.0	1	1.0	HiC_scaffold6	36249925	True	C	T	0/0	62	99	62,0	0.0	True
Xubo01402-5A	YS26	CYU	1.0	1	1.0	HiC_scaffold6	36249925	True	C	T	0/0	49	99	49,0	0.0	True
Xubo01402-6A	YS26	CYU	1.0	1	1.0	HiC_scaffold6	36249925	True	C	T	0/0	53	99	53,0	0.0	True
Xubo01402-7A	YS26	CYU	1.0	1	1.0	HiC_scaffold6	36249925	True	C	T	0/0	42	99	42,0	0.0	True
Xubo01402-8A	YS26	CYU	1.0	1	1.0	HiC_scaffold6	36249925	True	C	T	0/0	22	54	22,0	0.0	True
Xubo01402-9A	YS26	CYU	1.0	1	1.0	HiC_scaffold6	36249925	True	C	T	0/0	31	81	31,0	0.0	True
YLZB4703-2A	SM3	CYU	0.0	0	1.0	HiC_scaffold6	36249925	True	C	T	0/1	105	99	87,18	0.17142857142857143	True
YLZB4703-3A	SM3	CYU	0.0	0	1.0	HiC_scaffold6	36249925	True	C	T	0/1	87	99	77,10	0.11494252873563218	True
YLZB4703-5A	SM3	CYU	0.0	0	1.0	HiC_scaffold6	36249925	True	C	T	0/1	108	99	79,29	0.26851851851851855	True
YLZB4703-7A	SM3	CYU	0.0	0	1.0	HiC_scaffold6	36249925	True	C	T	0/1	87	99	77,10	0.11494252873563218	True
YLZB4703-9A	SM3	CYU	0.0	0	1.0	HiC_scaffold6	36249925	True	C	T	0/1	67	99	59,8	0.11940298507462686	True
YLZB4715-10A	MY1	CYU	0.0	0	1.0	HiC_scaffold6	36249925	True	C	T	0/1	63	99	27,36	0.5714285714285714	True
YLZB4715-1A	MY1	CYU	0.0	0	1.0	HiC_scaffold6	36249925	True	C	T	0/1	56	99	28,28	0.5	True
YLZB4715-2A	MY1	CYU	0.0	0	1.0	HiC_scaffold6	36249925	True	C	T	0/1	59	99	30,29	0.4915254237288136	True
YLZB4715-5A	MY1	CYU	0.0	0	1.0	HiC_scaffold6	36249925	True	C	T	0/1	62	99	35,27	0.43548387096774194	True
YLZB4715-6A	MY1	CYU	0.0	0	1.0	HiC_scaffold6	36249925	True	C	T	0/1	46	99	18,28	0.6086956521739131	True
YLZB4715-7A	MY1	CYU	0.0	0	1.0	HiC_scaffold6	36249925	True	C	T	0/1	54	99	28,26	0.48148148148148145	True
YLZB4715-8A	MY1	CYU	0.0	0	1.0	HiC_scaffold6	36249925	True	C	T	0/1	94	99	49,45	0.4787234042553192	True
YLZB4715-9A	MY1	CYU	0.0	0	1.0	HiC_scaffold6	36249925	True	C	T	0/1	66	99	30,36	0.5454545454545454	True
YLZB4735-10A	YSXC51	CPO	1.0	1	1.0	HiC_scaffold6	36249925	True	C	T	0/0	16	42	16,0	0.0	True
YLZB4735-1A	YSXC51	CPO	1.0	1	1.0	HiC_scaffold6	36249925	True	C	T	./.	12	0	12,0	0.0	False
YLZB4735-2A	YSXC51	CPO	1.0	1	1.0	HiC_scaffold6	36249925	True	C	T	0/0	18	51	18,0	0.0	True
YLZB4735-3A	YSXC51	CPO	1.0	1	1.0	HiC_scaffold6	36249925	True	C	T	0/0	7	18	7,0	0.0	False
YLZB4735-5A	YSXC51	CPO	1.0	1	1.0	HiC_scaffold6	36249925	True	C	T	0/0	23	66	23,0	0.0	True
YLZB4735-6A	YSXC51	CPO	1.0	1	1.0	HiC_scaffold6	36249925	True	C	T	0/0	18	12	18,0	0.0	False
YLZB4735-8A	YSXC51	CPO	1.0	1	1.0	HiC_scaffold6	36249925	True	C	T	0/0	13	33	13,0	0.0	True
YLZB4735-9A	YSXC51	CPO	1.0	1	1.0	HiC_scaffold6	36249925	True	C	T	0/0	17	36	17,0	0.0	True
YLZB4816-11A	ASCD52	CPO	1.0	1	1.0	HiC_scaffold6	36249925	True	C	T	0/0	14	42	14,0	0.0	True
YLZB4816-3A	ASCD52	CPO	1.0	1	1.0	HiC_scaffold6	36249925	True	C	T	0/0	2	6	2,0	0.0	False
YLZB4816-4A	ASCD52	CPO	1.0	1	1.0	HiC_scaffold6	36249925	True	C	T	0/0	16	42	16,0	0.0	True
YLZB4816-6A	ASCD52	CPO	1.0	1	1.0	HiC_scaffold6	36249925	True	C	T	0/0	11	27	11,0	0.0	True
YLZB4816-7A	ASCD52	CPO	1.0	1	1.0	HiC_scaffold6	36249925	True	C	T	0/0	16	39	16,0	0.0	True
YLZB4816-8A	ASCD52	CPO	1.0	1	1.0	HiC_scaffold6	36249925	True	C	T	0/0	2	6	2,0	0.0	False
YLZB4816-9A	ASCD52	CPO	1.0	1	1.0	HiC_scaffold6	36249925	True	C	T	0/0	20	48	20,0	0.0	True
ZXL277-1A	YY12	CMA	1.0	1	0.0	HiC_scaffold6	36249925	True	C	T	0/0	76	99	76,0	0.0	True
ZXL277-2A	YY12	CMA	1.0	1	0.0	HiC_scaffold6	36249925	True	C	T	0/0	55	99	55,0	0.0	True
ZXL277-3A	YY12	CMA	1.0	1	0.0	HiC_scaffold6	36249925	True	C	T	0/0	54	99	54,0	0.0	True
ZXL277-4A	YY12	CMA	1.0	1	0.0	HiC_scaffold6	36249925	True	C	T	0/0	72	99	72,0	0.0	True
ZXL277-5A	YY12	CMA	1.0	1	0.0	HiC_scaffold6	36249925	True	C	T	0/0	95	99	95,0	0.0	True
ZXL277-6A	YY12	CMA	1.0	1	0.0	HiC_scaffold6	36249925	True	C	T	0/0	70	99	70,0	0.0	True
ZXL277-7A	YY12	CMA	1.0	1	0.0	HiC_scaffold6	36249925	True	C	T	0/0	24	30	24,0	0.0	True
ZXL277-8A	YY12	CMA	1.0	1	0.0	HiC_scaffold6	36249925	True	C	T	0/0	83	99	83,0	0.0	True
ZXL79-1A	CZ25	CMA	1.0	1	0.0	HiC_scaffold6	36249925	True	C	T	0/0	59	99	59,0	0.0	True
ZXL79-2A	CZ25	CMA	1.0	1	0.0	HiC_scaffold6	36249925	True	C	T	0/0	51	99	51,0	0.0	True
ZXL79-3A	CZ25	CMA	1.0	1	0.0	HiC_scaffold6	36249925	True	C	T	0/0	61	99	61,0	0.0	True
ZXL79-4A	CZ25	CMA	1.0	1	0.0	HiC_scaffold6	36249925	True	C	T	0/0	54	99	54,0	0.0	True
ZXL79-5A	CZ25	CMA	1.0	1	0.0	HiC_scaffold6	36249925	True	C	T	0/0	60	99	60,0	0.0	True
ZXL79-6A	CZ25	CMA	1.0	1	0.0	HiC_scaffold6	36249925	True	C	T	0/0	23	60	23,0	0.0	True
ZXL79-7A	CZ25	CMA	1.0	1	0.0	HiC_scaffold6	36249925	True	C	T	0/0	76	99	76,0	0.0	True
xubo266-2A	XY36	CMA	1.0	1	0.0	HiC_scaffold6	36249925	True	C	T	0/0	93	99	93,0	0.0	True
xubo266-3A	XY36	CMA	1.0	1	0.0	HiC_scaffold6	36249925	True	C	T	0/0	81	99	81,0	0.0	True
xubo266-4A	XY36	CMA	1.0	1	0.0	HiC_scaffold6	36249925	True	C	T	0/0	84	99	84,0	0.0	True
xubo266-5A	XY36	CMA	1.0	1	0.0	HiC_scaffold6	36249925	True	C	T	0/0	80	99	80,0	0.0	True
xubo266-6A	XY36	CMA	1.0	1	0.0	HiC_scaffold6	36249925	True	C	T	0/0	83	99	83,0	0.0	True
xubo266-8A	XY36	CMA	1.0	1	0.0	HiC_scaffold6	36249925	True	C	T	0/0	80	99	80,0	0.0	True
xubo266-9A	XY36	CMA	1.0	1	0.0	HiC_scaffold6	36249925	True	C	T	0/0	51	99	51,0	0.0	True
zhuzm1009-10A	KM42	CPO	1.0	1	1.0	HiC_scaffold6	36249925	True	C	T	0/0	19	57	19,0	0.0	True
zhuzm1009-2A	KM42	CPO	1.0	1	1.0	HiC_scaffold6	36249925	True	C	T	0/0	18	48	18,0	0.0	True
zhuzm1009-3A	KM42	CPO	1.0	1	1.0	HiC_scaffold6	36249925	True	C	T	0/0	6	18	6,0	0.0	False
zhuzm1009-6A	KM42	CPO	1.0	1	1.0	HiC_scaffold6	36249925	True	C	T	./.	5	0	5,0	0.0	False
zhuzm1009-7A	KM42	CPO	1.0	1	1.0	HiC_scaffold6	36249925	True	C	T	0/0	16	39	16,0	0.0	True
zhuzm1009-8A	KM42	CPO	1.0	1	1.0	HiC_scaffold6	36249925	True	C	T	0/0	20	48	20,0	0.0	True
2014-128-1A	ML50	CPO	1.0	1	1.0	HiC_scaffold6	36259800	False	T	C	0/0	16	48	16,0	0.0	True
2014-128-2A	ML50	CPO	1.0	1	1.0	HiC_scaffold6	36259800	False	T	C	0/0	37	93	37,0	0.0	True
2014-128-3A	ML50	CPO	1.0	1	1.0	HiC_scaffold6	36259800	False	T	C	0/0	11	33	11,0	0.0	True
2014-128-4A	ML50	CPO	1.0	1	1.0	HiC_scaffold6	36259800	False	T	C	0/0	7	18	7,0	0.0	False
2014-128-5A	ML50	CPO	1.0	1	1.0	HiC_scaffold6	36259800	False	T	C	0/0	14	39	14,0	0.0	True
2014-132-2A	ML5	N	1.0	1	1.0	HiC_scaffold6	36259800	False	T	C	0/0	16	45	16,0	0.0	True
2014-132-3A	ML5	N	1.0	1	1.0	HiC_scaffold6	36259800	False	T	C	0/0	12	33	12,0	0.0	True
2014-132-4A	ML5	N	1.0	1	1.0	HiC_scaffold6	36259800	False	T	C	0/0	29	84	29,0	0.0	True
2014-132-5A	ML5	N	1.0	1	1.0	HiC_scaffold6	36259800	False	T	C	0/0	22	63	21,0	0.0	True
2014-132-6A	ML5	N	1.0	1	1.0	HiC_scaffold6	36259800	False	T	C	0/0	9	24	9,0	0.0	False
2014-132-7A	ML5	N	1.0	1	1.0	HiC_scaffold6	36259800	False	T	C	0/0	29	81	27,0	0.0	True
2014-132-8A	ML5	N	1.0	1	1.0	HiC_scaffold6	36259800	False	T	C	0/0	22	63	22,0	0.0	True
2014-132-9A	ML5	N	1.0	1	1.0	HiC_scaffold6	36259800	False	T	C	0/0	19	51	19,0	0.0	True
2014-3-10A	MN34	CPO	1.0	1	1.0	HiC_scaffold6	36259800	False	T	C	0/0	20	54	20,0	0.0	True
2014-3-3A	MN34	CPO	1.0	1	1.0	HiC_scaffold6	36259800	False	T	C	0/0	17	51	17,0	0.0	True
2014-3-4A	MN34	CPO	1.0	1	1.0	HiC_scaffold6	36259800	False	T	C	0/0	17	51	17,0	0.0	True
2014-3-5A	MN34	CPO	1.0	1	1.0	HiC_scaffold6	36259800	False	T	C	0/0	28	59	28,0	0.0	True
2014-3-6A	MN34	CPO	1.0	1	1.0	HiC_scaffold6	36259800	False	T	C	0/0	20	51	20,0	0.0	True
2014-3-7A	MN34	CPO	1.0	1	1.0	HiC_scaffold6	36259800	False	T	C	0/0	21	57	21,0	0.0	True
2014-3-8A	MN34	CPO	1.0	1	1.0	HiC_scaffold6	36259800	False	T	C	0/0	33	81	33,0	0.0	True
2014-3-9A	MN34	CPO	1.0	1	1.0	HiC_scaffold6	36259800	False	T	C	0/0	29	87	29,0	0.0	True
2014-66-1A	YL49	CPO	1.0	1	1.0	HiC_scaffold6	36259800	False	T	C	0/0	18	54	18,0	0.0	True
2014-66-2A	YL49	CPO	1.0	1	1.0	HiC_scaffold6	36259800	False	T	C	0/0	26	78	26,0	0.0	True
2014-66-3A	YL49	CPO	1.0	1	1.0	HiC_scaffold6	36259800	False	T	C	0/0	18	51	18,0	0.0	True
2014-66-4A	YL49	CPO	1.0	1	1.0	HiC_scaffold6	36259800	False	T	C	0/0	25	75	25,0	0.0	True
2014-66-5A	YL49	CPO	1.0	1	1.0	HiC_scaffold6	36259800	False	T	C	0/0	29	84	29,0	0.0	True
2014-66-6A	YL49	CPO	1.0	1	1.0	HiC_scaffold6	36259800	False	T	C	0/0	32	90	32,0	0.0	True
2014-66-7A	YL49	CPO	1.0	1	1.0	HiC_scaffold6	36259800	False	T	C	0/0	7	21	7,0	0.0	False
2014-66-8A	YL49	CPO	1.0	1	1.0	HiC_scaffold6	36259800	False	T	C	0/0	31	87	31,0	0.0	True
DP1709141A	DQS11	CMA	1.0	1	0.0	HiC_scaffold6	36259800	False	T	C	0/0	21	57	21,0	0.0	True
DP1709144A	DQS11	CMA	1.0	1	0.0	HiC_scaffold6	36259800	False	T	C	0/0	30	81	30,0	0.0	True
DP1709148A	DQS11	CMA	1.0	1	0.0	HiC_scaffold6	36259800	False	T	C	0/0	25	72	25,0	0.0	True
Gln2014-15-10A	LD30	CYU	0.0	0	1.0	HiC_scaffold6	36259800	False	T	C	0/1	22	99	15,7	0.3181818181818182	True
Gln2014-15-1A	LD30	CYU	0.0	0	1.0	HiC_scaffold6	36259800	False	T	C	0/1	31	99	19,12	0.3870967741935484	True
Gln2014-15-3A	LD30	CYU	0.0	0	1.0	HiC_scaffold6	36259800	False	T	C	0/1	51	99	32,19	0.37254901960784315	True
Gln2014-15-4A	LD30	CYU	0.0	0	1.0	HiC_scaffold6	36259800	False	T	C	0/1	33	99	19,14	0.42424242424242425	True
Gln2014-15-5A	LD30	CYU	0.0	0	1.0	HiC_scaffold6	36259800	False	T	C	0/0	45	99	45,0	0.0	True
Gln2014-15-6A	LD30	CYU	0.0	0	1.0	HiC_scaffold6	36259800	False	T	C	0/1	30	99	15,15	0.5	True
Gln2014-15-7A	LD30	CYU	0.0	0	1.0	HiC_scaffold6	36259800	False	T	C	0/0	25	63	25,0	0.0	True
Gln2014-15-8A	LD30	CYU	0.0	0	1.0	HiC_scaffold6	36259800	False	T	C	0/1	29	99	12,17	0.5862068965517241	True
Gln2014-8-1A	LD06	CPO	1.0	1	1.0	HiC_scaffold6	36259800	False	T	C	0/0	28	84	28,0	0.0	True
Gln2014-8-2A	LD06	CPO	1.0	1	1.0	HiC_scaffold6	36259800	False	T	C	0/0	17	39	17,0	0.0	True
Gln2014-8-4A	LD06	CPO	1.0	1	1.0	HiC_scaffold6	36259800	False	T	C	0/0	27	78	27,0	0.0	True
Gln2014-8-5A	LD06	CPO	1.0	1	1.0	HiC_scaffold6	36259800	False	T	C	0/0	20	48	20,0	0.0	True
Gln2014-8-6A	LD06	CPO	1.0	1	1.0	HiC_scaffold6	36259800	False	T	C	0/0	23	63	23,0	0.0	True
Gln2014-8-7A	LD06	CPO	1.0	1	1.0	HiC_scaffold6	36259800	False	T	C	0/0	32	96	32,0	0.0	True
Gln2014-8-8A	LD06	CPO	1.0	1	1.0	HiC_scaffold6	36259800	False	T	C	0/0	16	45	16,0	0.0	True
JLS-BM001-1A	BM31	N	NA	1	NA	HiC_scaffold6	36259800	False	T	C	0/0	57	99	57,0	0.0	True
JLS-BM001-2A	BM31	N	NA	1	NA	HiC_scaffold6	36259800	False	T	C	0/0	41	99	41,0	0.0	True
JLS-BM001-3A	BM31	N	NA	1	NA	HiC_scaffold6	36259800	False	T	C	0/0	45	99	45,0	0.0	True
JLS-BM001-4A	BM31	N	NA	1	NA	HiC_scaffold6	36259800	False	T	C	0/0	43	99	43,0	0.0	True
JLS-BM001-5A	BM31	N	NA	1	NA	HiC_scaffold6	36259800	False	T	C	0/0	23	60	23,0	0.0	True
JLS-BM001-6A	BM31	N	NA	1	NA	HiC_scaffold6	36259800	False	T	C	0/0	45	99	45,0	0.0	True
JLS-BM001-7A	BM31	N	NA	1	NA	HiC_scaffold6	36259800	False	T	C	0/0	15	39	15,0	0.0	True
JLS-BM001-8A	BM31	N	NA	1	NA	HiC_scaffold6	36259800	False	T	C	0/0	54	99	54,0	0.0	True
JLS-CY022-10A	CY32	CPO	1.0	1	1.0	HiC_scaffold6	36259800	False	T	C	0/0	21	60	21,0	0.0	True
JLS-CY022-11A	CY32	CPO	1.0	1	1.0	HiC_scaffold6	36259800	False	T	C	0/0	15	42	15,0	0.0	True
JLS-CY022-4A	CY32	CPO	1.0	1	1.0	HiC_scaffold6	36259800	False	T	C	0/0	15	3	15,0	0.0	False
JLS-CY022-5A	CY32	CPO	1.0	1	1.0	HiC_scaffold6	36259800	False	T	C	0/0	11	27	11,0	0.0	True
JLS-CY022-6A	CY32	CPO	1.0	1	1.0	HiC_scaffold6	36259800	False	T	C	0/0	13	39	13,0	0.0	True
JLS-CY022-7A	CY32	CPO	1.0	1	1.0	HiC_scaffold6	36259800	False	T	C	0/0	21	60	21,0	0.0	True
Sha-WS-1A	WS14	CMA	1.0	1	0.0	HiC_scaffold6	36259800	False	T	C	0/0	32	90	32,0	0.0	True
Sha-WS-2A	WS14	CMA	1.0	1	0.0	HiC_scaffold6	36259800	False	T	C	0/0	24	66	24,0	0.0	True
Sha-WS-3A	WS14	CMA	1.0	1	0.0	HiC_scaffold6	36259800	False	T	C	0/0	36	99	36,0	0.0	True
Sha-WS-4A	WS14	CMA	1.0	1	0.0	HiC_scaffold6	36259800	False	T	C	0/0	24	72	24,0	0.0	True
Sha-WS-5A	WS14	CMA	1.0	1	0.0	HiC_scaffold6	36259800	False	T	C	0/0	17	48	17,0	0.0	True
Sha-WS-6A	WS14	CMA	1.0	1	0.0	HiC_scaffold6	36259800	False	T	C	0/0	18	51	18,0	0.0	True
Sha-WS-7A	WS14	CMA	1.0	1	0.0	HiC_scaffold6	36259800	False	T	C	0/0	36	99	36,0	0.0	True
Sha-WS-8A	WS14	CMA	1.0	1	0.0	HiC_scaffold6	36259800	False	T	C	0/0	25	72	25,0	0.0	True
THP-SET_1917-1A	MK27	CPO	1.0	1	1.0	HiC_scaffold6	36259800	False	T	C	0/0	21	60	21,0	0.0	True
THP-SET_1917-2A	MK27	CPO	1.0	1	1.0	HiC_scaffold6	36259800	False	T	C	0/0	18	48	18,0	0.0	True
THP-SET_1917-3A	MK27	CPO	1.0	1	1.0	HiC_scaffold6	36259800	False	T	C	0/0	20	60	20,0	0.0	True
THP-SET_1917-4A	MK27	CPO	1.0	1	1.0	HiC_scaffold6	36259800	False	T	C	0/0	15	45	15,0	0.0	True
THP-SET_1917-5A	MK27	CPO	1.0	1	1.0	HiC_scaffold6	36259800	False	T	C	0/0	35	99	35,0	0.0	True
THP-SET_1917-6A	MK27	CPO	1.0	1	1.0	HiC_scaffold6	36259800	False	T	C	0/0	24	60	24,0	0.0	True
THP-SET_1917-7A	MK27	CPO	1.0	1	1.0	HiC_scaffold6	36259800	False	T	C	0/0	21	60	21,0	0.0	True
THP-SET_1917-8A	MK27	CPO	1.0	1	1.0	HiC_scaffold6	36259800	False	T	C	0/0	25	0	25,0	0.0	False
XB2014-144-2A	SM35	CYU	1.0	1	1.0	HiC_scaffold6	36259800	False	T	C	0/0	48	99	48,0	0.0	True
XB2014-144-3A	SM35	CYU	1.0	1	1.0	HiC_scaffold6	36259800	False	T	C	0/0	47	99	47,0	0.0	True
XB2014-144-4A	SM35	CYU	1.0	1	1.0	HiC_scaffold6	36259800	False	T	C	0/0	38	99	38,0	0.0	True
XB2014-144-5A	SM35	CYU	1.0	1	1.0	HiC_scaffold6	36259800	False	T	C	0/0	45	99	45,0	0.0	True
XB2014-144-6A	SM35	CYU	1.0	1	1.0	HiC_scaffold6	36259800	False	T	C	0/0	36	99	36,0	0.0	True
XB2014-144-7A	SM35	CYU	1.0	1	1.0	HiC_scaffold6	36259800	False	T	C	0/0	45	99	45,0	0.0	True
XB2014-144-8A	SM35	CYU	1.0	1	1.0	HiC_scaffold6	36259800	False	T	C	0/0	24	72	24,0	0.0	True
XB2014-144-9A	SM35	CYU	1.0	1	1.0	HiC_scaffold6	36259800	False	T	C	0/0	42	99	42,0	0.0	True
XB2014-38-2A	EY8	CYU	0.0	1	1.0	HiC_scaffold6	36259800	False	T	C	0/1	26	99	15,11	0.4230769230769231	True
XB2014-38-3A	EY8	CYU	0.0	1	1.0	HiC_scaffold6	36259800	False	T	C	0/1	18	99	6,12	0.6666666666666666	True
XB2014-38-4A	EY8	CYU	0.0	1	1.0	HiC_scaffold6	36259800	False	T	C	0/0	25	62	25,0	0.0	True
XB2014-38-5A	EY8	CYU	0.0	1	1.0	HiC_scaffold6	36259800	False	T	C	0/0	18	48	18,0	0.0	True
XB2014-38-6A	EY9	CPO	0.0	1	1.0	HiC_scaffold6	36259800	False	T	C	0/1	31	99	10,21	0.6774193548387096	True
XB2014-39-1A	EY9	CPO	1.0	1	1.0	HiC_scaffold6	36259800	False	T	C	0/0	18	45	18,0	0.0	True
XB2014-39-2A	EY9	CPO	1.0	1	1.0	HiC_scaffold6	36259800	False	T	C	0/0	24	69	24,0	0.0	True
XB2014-39-3A	EY9	CPO	1.0	1	1.0	HiC_scaffold6	36259800	False	T	C	0/0	15	42	15,0	0.0	True
XB2014-39-4A	EY9	CPO	1.0	1	1.0	HiC_scaffold6	36259800	False	T	C	0/0	18	41	18,0	0.0	True
XB2014-39-5A	EY9	CPO	1.0	1	1.0	HiC_scaffold6	36259800	False	T	C	0/0	33	99	33,0	0.0	True
XB2014-39-6A	EY9	CPO	1.0	1	1.0	HiC_scaffold6	36259800	False	T	C	0/0	30	81	30,0	0.0	True
XB2014-39-7A	EY9	CPO	1.0	1	1.0	HiC_scaffold6	36259800	False	T	C	0/0	23	57	23,0	0.0	True
XB2014-39-8A	EY9	CPO	1.0	1	1.0	HiC_scaffold6	36259800	False	T	C	0/0	20	57	20,0	0.0	True
XB2014-4-2A	MN4	CYU	0.0	0	1.0	HiC_scaffold6	36259800	False	T	C	1/1	23	69	0,23	1.0	True
XB2014-4-3A	MN4	CYU	0.0	0	1.0	HiC_scaffold6	36259800	False	T	C	0/1	21	99	5,16	0.7619047619047619	True
XB2014-4-4A	MN4	CYU	0.0	0	1.0	HiC_scaffold6	36259800	False	T	C	1/1	18	54	0,18	1.0	True
XB2014-4-5A	MN4	CYU	0.0	0	1.0	HiC_scaffold6	36259800	False	T	C	1/1	24	32	1,23	0.9583333333333334	True
XB2014-4-6A	MN4	CYU	0.0	0	1.0	HiC_scaffold6	36259800	False	T	C	1/1	26	78	0,26	1.0	True
XB2014-4-7A	MN4	CYU	0.0	0	1.0	HiC_scaffold6	36259800	False	T	C	0/1	32	99	15,17	0.53125	True
XB2014-4-8A	YL9	CYU	0.0	0	1.0	HiC_scaffold6	36259800	False	T	C	1/1	26	78	0,26	1.0	True
XB2014-4-9A	YL9	CYU	0.0	0	1.0	HiC_scaffold6	36259800	False	T	C	1/1	37	68	1,36	0.972972972972973	True
XB2014-48-1A	MN4	CYU	0.0	0	1.0	HiC_scaffold6	36259800	False	T	C	0/1	34	33	3,31	0.9117647058823529	True
XB2014-48-2A	MN4	CYU	0.0	0	1.0	HiC_scaffold6	36259800	False	T	C	1/1	35	99	0,35	1.0	True
XB2014-48-3A	YL9	CYU	0.0	0	1.0	HiC_scaffold6	36259800	False	T	C	0/1	25	99	7,18	0.72	True
XB2014-48-4A	YL9	CYU	0.0	0	1.0	HiC_scaffold6	36259800	False	T	C	0/1	25	99	10,15	0.6	True
XB2014-48-5A	YL9	CYU	0.0	0	1.0	HiC_scaffold6	36259800	False	T	C	1/1	20	60	0,20	1.0	True
XB2014-48-6A	YL9	CYU	0.0	0	1.0	HiC_scaffold6	36259800	False	T	C	0/1	26	99	11,15	0.5769230769230769	True
XB2014-48-7A	YL9	CYU	0.0	0	1.0	HiC_scaffold6	36259800	False	T	C	1/1	25	75	0,25	1.0	True
XB2014-48-9A	YL9	CYU	0.0	0	1.0	HiC_scaffold6	36259800	False	T	C	1/1	22	66	0,22	1.0	True
XB26-3B	SC37	CPO	1.0	1	1.0	HiC_scaffold6	36259800	False	T	C	0/0	57	99	57,0	0.0	True
XB26-4B	SC37	CPO	1.0	1	1.0	HiC_scaffold6	36259800	False	T	C	0/0	46	99	46,0	0.0	True
XB26-5B	SC37	CPO	1.0	1	1.0	HiC_scaffold6	36259800	False	T	C	0/0	14	42	14,0	0.0	True
XB26-7B	SC37	CPO	1.0	1	1.0	HiC_scaffold6	36259800	False	T	C	0/0	66	99	66,0	0.0	True
XuBo982-1A	XS40	CMA	1.0	1	0.0	HiC_scaffold6	36259800	False	T	C	0/0	38	99	38,0	0.0	True
XuBo982-2A	XS40	CMA	1.0	1	0.0	HiC_scaffold6	36259800	False	T	C	0/0	22	60	22,0	0.0	True
XuBo982-3A	XS40	CMA	1.0	1	0.0	HiC_scaffold6	36259800	False	T	C	0/0	29	84	29,0	0.0	True
XuBo982-4A	XS40	CMA	1.0	1	0.0	HiC_scaffold6	36259800	False	T	C	0/0	37	99	37,0	0.0	True
XuBo982-5A	XS40	CMA	1.0	1	0.0	HiC_scaffold6	36259800	False	T	C	0/0	33	84	33,0	0.0	True
XubBo-1037-1A	LN46	N	1.0	1	0.0	HiC_scaffold6	36259800	False	T	C	0/0	53	99	53,0	0.0	True
XubBo-1037-2A	TB43	CMA	NA	1	NA	HiC_scaffold6	36259800	False	T	C	0/0	29	78	29,0	0.0	True
XubBo-1037-3A	TB43	CMA	NA	1	NA	HiC_scaffold6	36259800	False	T	C	0/0	36	99	36,0	0.0	True
XubBo-1037-4A	TB43	CMA	NA	1	NA	HiC_scaffold6	36259800	False	T	C	0/0	42	99	42,0	0.0	True
XubBo-1037-5A	TB43	CMA	NA	1	NA	HiC_scaffold6	36259800	False	T	C	0/0	27	81	27,0	0.0	True
XubBo-1037-6A	TB43	CMA	NA	1	NA	HiC_scaffold6	36259800	False	T	C	0/0	25	66	25,0	0.0	True
XubBo-1037-7A	TB43	CMA	NA	1	NA	HiC_scaffold6	36259800	False	T	C	0/0	24	66	24,0	0.0	True
XubBo-1037-8A	TB43	CMA	NA	1	NA	HiC_scaffold6	36259800	False	T	C	0/0	18	51	18,0	0.0	True
XubBo1030-10A	LN46	N	1.0	1	0.0	HiC_scaffold6	36259800	False	T	C	0/0	23	60	23,0	0.0	True
XubBo1030-1A	LN46	N	1.0	1	0.0	HiC_scaffold6	36259800	False	T	C	0/0	35	99	35,0	0.0	True
XubBo1030-3A	LN46	N	1.0	1	0.0	HiC_scaffold6	36259800	False	T	C	0/0	31	75	31,0	0.0	True
XubBo1030-5A	LN46	N	1.0	1	0.0	HiC_scaffold6	36259800	False	T	C	0/0	21	60	21,0	0.0	True
XubBo1030-6A	LN46	N	1.0	1	0.0	HiC_scaffold6	36259800	False	T	C	0/0	31	84	31,0	0.0	True
XubBo1030-8A	LN46	N	1.0	1	0.0	HiC_scaffold6	36259800	False	T	C	0/0	33	99	33,0	0.0	True
XubBo1030-9A	LN46	N	1.0	1	0.0	HiC_scaffold6	36259800	False	T	C	0/0	21	60	21,0	0.0	True
XubBo1051-10A	WX48	CMA	1.0	1	0.0	HiC_scaffold6	36259800	False	T	C	0/0	24	72	24,0	0.0	True
XubBo1051-1A	WX48	CMA	1.0	1	0.0	HiC_scaffold6	36259800	False	T	C	0/0	28	81	28,0	0.0	True
XubBo1051-2A	WX48	CMA	1.0	1	0.0	HiC_scaffold6	36259800	False	T	C	0/0	23	66	23,0	0.0	True
XubBo1051-3A	WX48	CMA	1.0	1	0.0	HiC_scaffold6	36259800	False	T	C	0/0	25	72	25,0	0.0	True
XubBo1051-4A	WX48	CMA	1.0	1	0.0	HiC_scaffold6	36259800	False	T	C	0/0	27	70	27,0	0.0	True
XubBo1051-7A	WX48	CMA	1.0	1	0.0	HiC_scaffold6	36259800	False	T	C	0/0	35	99	35,0	0.0	True
XubBo1051-8A	WX48	CMA	1.0	1	0.0	HiC_scaffold6	36259800	False	T	C	0/0	45	99	45,0	0.0	True
XubBo1051-9A	WX48	CMA	1.0	1	0.0	HiC_scaffold6	36259800	False	T	C	0/0	29	81	29,0	0.0	True
Xubo01402-2A	YS26	CYU	1.0	1	1.0	HiC_scaffold6	36259800	False	T	C	0/0	35	92	35,0	0.0	True
Xubo01402-3A	YS26	CYU	1.0	1	1.0	HiC_scaffold6	36259800	False	T	C	0/0	20	51	20,0	0.0	True
Xubo01402-4A	YS26	CYU	1.0	1	1.0	HiC_scaffold6	36259800	False	T	C	0/0	33	88	33,0	0.0	True
Xubo01402-5A	YS26	CYU	1.0	1	1.0	HiC_scaffold6	36259800	False	T	C	0/0	22	60	22,0	0.0	True
Xubo01402-6A	YS26	CYU	1.0	1	1.0	HiC_scaffold6	36259800	False	T	C	0/0	19	57	19,0	0.0	True
Xubo01402-7A	YS26	CYU	1.0	1	1.0	HiC_scaffold6	36259800	False	T	C	0/0	28	81	28,0	0.0	True
Xubo01402-8A	YS26	CYU	1.0	1	1.0	HiC_scaffold6	36259800	False	T	C	0/0	26	66	26,0	0.0	True
Xubo01402-9A	YS26	CYU	1.0	1	1.0	HiC_scaffold6	36259800	False	T	C	0/0	19	54	19,0	0.0	True
YLZB4703-2A	SM3	CYU	0.0	0	1.0	HiC_scaffold6	36259800	False	T	C	0/0	37	99	37,0	0.0	True
YLZB4703-3A	SM3	CYU	0.0	0	1.0	HiC_scaffold6	36259800	False	T	C	0/0	52	99	52,0	0.0	True
YLZB4703-5A	SM3	CYU	0.0	0	1.0	HiC_scaffold6	36259800	False	T	C	0/1	47	99	27,20	0.425531914893617	True
YLZB4703-7A	SM3	CYU	0.0	0	1.0	HiC_scaffold6	36259800	False	T	C	0/0	43	99	43,0	0.0	True
YLZB4703-9A	SM3	CYU	0.0	0	1.0	HiC_scaffold6	36259800	False	T	C	0/1	53	99	35,18	0.33962264150943394	True
YLZB4715-10A	MY1	CYU	0.0	0	1.0	HiC_scaffold6	36259800	False	T	C	0/1	46	99	10,36	0.782608695652174	True
YLZB4715-1A	MY1	CYU	0.0	0	1.0	HiC_scaffold6	36259800	False	T	C	1/1	13	39	0,13	1.0	True
YLZB4715-2A	MY1	CYU	0.0	0	1.0	HiC_scaffold6	36259800	False	T	C	0/1	38	99	10,28	0.7368421052631579	True
YLZB4715-5A	MY1	CYU	0.0	0	1.0	HiC_scaffold6	36259800	False	T	C	1/1	26	78	0,26	1.0	True
YLZB4715-6A	MY1	CYU	0.0	0	1.0	HiC_scaffold6	36259800	False	T	C	0/1	39	99	7,32	0.8205128205128205	True
YLZB4715-7A	MY1	CYU	0.0	0	1.0	HiC_scaffold6	36259800	False	T	C	0/1	30	99	6,24	0.8	True
YLZB4715-8A	MY1	CYU	0.0	0	1.0	HiC_scaffold6	36259800	False	T	C	0/1	55	99	11,44	0.8	True
YLZB4715-9A	MY1	CYU	0.0	0	1.0	HiC_scaffold6	36259800	False	T	C	0/1	40	99	10,30	0.75	True
YLZB4735-10A	YSXC51	CPO	1.0	1	1.0	HiC_scaffold6	36259800	False	T	C	0/0	15	42	15,0	0.0	True
YLZB4735-1A	YSXC51	CPO	1.0	1	1.0	HiC_scaffold6	36259800	False	T	C	0/0	12	36	12,0	0.0	True
YLZB4735-2A	YSXC51	CPO	1.0	1	1.0	HiC_scaffold6	36259800	False	T	C	0/0	26	66	26,0	0.0	True
YLZB4735-3A	YSXC51	CPO	1.0	1	1.0	HiC_scaffold6	36259800	False	T	C	0/0	31	84	31,0	0.0	True
YLZB4735-5A	YSXC51	CPO	1.0	1	1.0	HiC_scaffold6	36259800	False	T	C	0/0	20	60	20,0	0.0	True
YLZB4735-6A	YSXC51	CPO	1.0	1	1.0	HiC_scaffold6	36259800	False	T	C	0/0	20	54	20,0	0.0	True
YLZB4735-8A	YSXC51	CPO	1.0	1	1.0	HiC_scaffold6	36259800	False	T	C	0/0	24	66	24,0	0.0	True
YLZB4735-9A	YSXC51	CPO	1.0	1	1.0	HiC_scaffold6	36259800	False	T	C	0/0	20	48	20,0	0.0	True
YLZB4816-11A	ASCD52	CPO	1.0	1	1.0	HiC_scaffold6	36259800	False	T	C	0/0	17	51	17,0	0.0	True
YLZB4816-3A	ASCD52	CPO	1.0	1	1.0	HiC_scaffold6	36259800	False	T	C	0/0	27	72	27,0	0.0	True
YLZB4816-4A	ASCD52	CPO	1.0	1	1.0	HiC_scaffold6	36259800	False	T	C	0/0	18	51	18,0	0.0	True
YLZB4816-6A	ASCD52	CPO	1.0	1	1.0	HiC_scaffold6	36259800	False	T	C	0/0	30	81	30,0	0.0	True
YLZB4816-7A	ASCD52	CPO	1.0	1	1.0	HiC_scaffold6	36259800	False	T	C	0/0	25	63	25,0	0.0	True
YLZB4816-8A	ASCD52	CPO	1.0	1	1.0	HiC_scaffold6	36259800	False	T	C	0/0	8	24	8,0	0.0	False
YLZB4816-9A	ASCD52	CPO	1.0	1	1.0	HiC_scaffold6	36259800	False	T	C	0/0	29	81	29,0	0.0	True
ZXL277-1A	YY12	CMA	1.0	1	0.0	HiC_scaffold6	36259800	False	T	C	0/0	30	69	30,0	0.0	True
ZXL277-2A	YY12	CMA	1.0	1	0.0	HiC_scaffold6	36259800	False	T	C	0/0	30	90	30,0	0.0	True
ZXL277-3A	YY12	CMA	1.0	1	0.0	HiC_scaffold6	36259800	False	T	C	0/0	38	99	38,0	0.0	True
ZXL277-4A	YY12	CMA	1.0	1	0.0	HiC_scaffold6	36259800	False	T	C	0/0	39	99	39,0	0.0	True
ZXL277-5A	YY12	CMA	1.0	1	0.0	HiC_scaffold6	36259800	False	T	C	0/0	31	81	31,0	0.0	True
ZXL277-6A	YY12	CMA	1.0	1	0.0	HiC_scaffold6	36259800	False	T	C	0/0	30	81	30,0	0.0	True
ZXL277-7A	YY12	CMA	1.0	1	0.0	HiC_scaffold6	36259800	False	T	C	0/0	32	90	32,0	0.0	True
ZXL277-8A	YY12	CMA	1.0	1	0.0	HiC_scaffold6	36259800	False	T	C	0/0	37	99	37,0	0.0	True
ZXL79-1A	CZ25	CMA	1.0	1	0.0	HiC_scaffold6	36259800	False	T	C	0/0	36	99	36,0	0.0	True
ZXL79-2A	CZ25	CMA	1.0	1	0.0	HiC_scaffold6	36259800	False	T	C	0/0	21	60	21,0	0.0	True
ZXL79-3A	CZ25	CMA	1.0	1	0.0	HiC_scaffold6	36259800	False	T	C	0/0	22	63	22,0	0.0	True
ZXL79-4A	CZ25	CMA	1.0	1	0.0	HiC_scaffold6	36259800	False	T	C	0/0	23	63	23,0	0.0	True
ZXL79-5A	CZ25	CMA	1.0	1	0.0	HiC_scaffold6	36259800	False	T	C	0/0	22	63	22,0	0.0	True
ZXL79-6A	CZ25	CMA	1.0	1	0.0	HiC_scaffold6	36259800	False	T	C	0/0	13	27	13,0	0.0	True
ZXL79-7A	CZ25	CMA	1.0	1	0.0	HiC_scaffold6	36259800	False	T	C	0/0	31	90	31,0	0.0	True
xubo266-2A	XY36	CMA	1.0	1	0.0	HiC_scaffold6	36259800	False	T	C	0/0	45	99	45,0	0.0	True
xubo266-3A	XY36	CMA	1.0	1	0.0	HiC_scaffold6	36259800	False	T	C	0/0	40	99	40,0	0.0	True
xubo266-4A	XY36	CMA	1.0	1	0.0	HiC_scaffold6	36259800	False	T	C	0/0	38	99	38,0	0.0	True
xubo266-5A	XY36	CMA	1.0	1	0.0	HiC_scaffold6	36259800	False	T	C	0/0	36	93	36,0	0.0	True
xubo266-6A	XY36	CMA	1.0	1	0.0	HiC_scaffold6	36259800	False	T	C	0/0	22	63	22,0	0.0	True
xubo266-8A	XY36	CMA	1.0	1	0.0	HiC_scaffold6	36259800	False	T	C	0/0	25	72	25,0	0.0	True
xubo266-9A	XY36	CMA	1.0	1	0.0	HiC_scaffold6	36259800	False	T	C	0/0	21	63	21,0	0.0	True
zhuzm1009-10A	KM42	CPO	1.0	1	1.0	HiC_scaffold6	36259800	False	T	C	0/0	28	81	28,0	0.0	True
zhuzm1009-2A	KM42	CPO	1.0	1	1.0	HiC_scaffold6	36259800	False	T	C	0/0	38	99	38,0	0.0	True
zhuzm1009-3A	KM42	CPO	1.0	1	1.0	HiC_scaffold6	36259800	False	T	C	0/0	25	66	25,0	0.0	True
zhuzm1009-6A	KM42	CPO	1.0	1	1.0	HiC_scaffold6	36259800	False	T	C	0/0	16	39	16,0	0.0	True
zhuzm1009-7A	KM42	CPO	1.0	1	1.0	HiC_scaffold6	36259800	False	T	C	0/0	8	18	8,0	0.0	False
zhuzm1009-8A	KM42	CPO	1.0	1	1.0	HiC_scaffold6	36259800	False	T	C	0/0	19	45	19,0	0.0	True
2014-128-1A	ML50	CPO	1.0	1	1.0	HiC_scaffold8	47703049	False	G	A	0/0	36	24	36,0	0.0	True
2014-128-2A	ML50	CPO	1.0	1	1.0	HiC_scaffold8	47703049	False	G	A	0/0	13	0	13,0	0.0	False
2014-128-3A	ML50	CPO	1.0	1	1.0	HiC_scaffold8	47703049	False	G	A	0/0	33	99	33,0	0.0	True
2014-128-4A	ML50	CPO	1.0	1	1.0	HiC_scaffold8	47703049	False	G	A	0/0	68	99	68,0	0.0	True
2014-128-5A	ML50	CPO	1.0	1	1.0	HiC_scaffold8	47703049	False	G	A	0/0	15	39	15,0	0.0	True
2014-132-2A	ML5	N	1.0	1	1.0	HiC_scaffold8	47703049	False	G	A	0/0	16	48	16,0	0.0	True
2014-132-3A	ML5	N	1.0	1	1.0	HiC_scaffold8	47703049	False	G	A	0/0	19	2	19,0	0.0	False
2014-132-4A	ML5	N	1.0	1	1.0	HiC_scaffold8	47703049	False	G	A	0/0	22	60	22,0	0.0	True
2014-132-5A	ML5	N	1.0	1	1.0	HiC_scaffold8	47703049	False	G	A	0/0	36	65	36,0	0.0	True
2014-132-6A	ML5	N	1.0	1	1.0	HiC_scaffold8	47703049	False	G	A	0/0	43	99	43,0	0.0	True
2014-132-7A	ML5	N	1.0	1	1.0	HiC_scaffold8	47703049	False	G	A	0/0	45	79	45,0	0.0	True
2014-132-8A	ML5	N	1.0	1	1.0	HiC_scaffold8	47703049	False	G	A	0/0	36	99	36,0	0.0	True
2014-132-9A	ML5	N	1.0	1	1.0	HiC_scaffold8	47703049	False	G	A	0/0	38	16	38,0	0.0	False
2014-3-10A	MN34	CPO	1.0	1	1.0	HiC_scaffold8	47703049	False	G	A	0/0	83	99	83,0	0.0	True
2014-3-3A	MN34	CPO	1.0	1	1.0	HiC_scaffold8	47703049	False	G	A	0/0	50	99	50,0	0.0	True
2014-3-4A	MN34	CPO	1.0	1	1.0	HiC_scaffold8	47703049	False	G	A	0/0	23	63	23,0	0.0	True
2014-3-5A	MN34	CPO	1.0	1	1.0	HiC_scaffold8	47703049	False	G	A	0/0	42	99	42,0	0.0	True
2014-3-6A	MN34	CPO	1.0	1	1.0	HiC_scaffold8	47703049	False	G	A	0/0	62	99	62,0	0.0	True
2014-3-7A	MN34	CPO	1.0	1	1.0	HiC_scaffold8	47703049	False	G	A	0/0	57	99	57,0	0.0	True
2014-3-8A	MN34	CPO	1.0	1	1.0	HiC_scaffold8	47703049	False	G	A	0/0	108	21	108,0	0.0	True
2014-3-9A	MN34	CPO	1.0	1	1.0	HiC_scaffold8	47703049	False	G	A	0/0	73	99	73,0	0.0	True
2014-66-1A	YL49	CPO	1.0	1	1.0	HiC_scaffold8	47703049	False	G	A	0/0	43	99	43,0	0.0	True
2014-66-2A	YL49	CPO	1.0	1	1.0	HiC_scaffold8	47703049	False	G	A	0/0	19	14	19,0	0.0	False
2014-66-3A	YL49	CPO	1.0	1	1.0	HiC_scaffold8	47703049	False	G	A	0/0	29	1	29,0	0.0	False
2014-66-4A	YL49	CPO	1.0	1	1.0	HiC_scaffold8	47703049	False	G	A	0/0	53	99	53,0	0.0	True
2014-66-5A	YL49	CPO	1.0	1	1.0	HiC_scaffold8	47703049	False	G	A	0/0	26	75	26,0	0.0	True
2014-66-6A	YL49	CPO	1.0	1	1.0	HiC_scaffold8	47703049	False	G	A	0/0	29	75	29,0	0.0	True
2014-66-7A	YL49	CPO	1.0	1	1.0	HiC_scaffold8	47703049	False	G	A	0/0	59	99	59,0	0.0	True
2014-66-8A	YL49	CPO	1.0	1	1.0	HiC_scaffold8	47703049	False	G	A	0/0	20	60	20,0	0.0	True
DP1709141A	DQS11	CMA	1.0	1	0.0	HiC_scaffold8	47703049	False	G	A	0/0	9	27	9,0	0.0	False
DP1709144A	DQS11	CMA	1.0	1	0.0	HiC_scaffold8	47703049	False	G	A	0/0	17	2	15,2	0.11764705882352941	False
DP1709148A	DQS11	CMA	1.0	1	0.0	HiC_scaffold8	47703049	False	G	A	0/0	14	39	14,0	0.0	True
Gln2014-15-10A	LD30	CYU	0.0	0	1.0	HiC_scaffold8	47703049	False	G	A	0/1	70	99	51,19	0.2714285714285714	True
Gln2014-15-1A	LD30	CYU	0.0	0	1.0	HiC_scaffold8	47703049	False	G	A	0/1	46	99	40,6	0.13043478260869565	True
Gln2014-15-3A	LD30	CYU	0.0	0	1.0	HiC_scaffold8	47703049	False	G	A	0/1	52	99	44,8	0.15384615384615385	True
Gln2014-15-4A	LD30	CYU	0.0	0	1.0	HiC_scaffold8	47703049	False	G	A	0/1	55	59	48,7	0.12727272727272726	True
Gln2014-15-5A	LD30	CYU	0.0	0	1.0	HiC_scaffold8	47703049	False	G	A	0/1	98	99	70,28	0.2857142857142857	True
Gln2014-15-6A	LD30	CYU	0.0	0	1.0	HiC_scaffold8	47703049	False	G	A	0/1	78	99	61,17	0.21794871794871795	True
Gln2014-15-7A	LD30	CYU	0.0	0	1.0	HiC_scaffold8	47703049	False	G	A	0/1	33	99	21,12	0.36363636363636365	True
Gln2014-15-8A	LD30	CYU	0.0	0	1.0	HiC_scaffold8	47703049	False	G	A	0/1	100	99	63,37	0.37	True
Gln2014-8-1A	LD06	CPO	1.0	1	1.0	HiC_scaffold8	47703049	False	G	A	0/0	19	0	19,0	0.0	False
Gln2014-8-2A	LD06	CPO	1.0	1	1.0	HiC_scaffold8	47703049	False	G	A	./.	0	0	0,0	NA	False
Gln2014-8-4A	LD06	CPO	1.0	1	1.0	HiC_scaffold8	47703049	False	G	A	0/0	23	60	23,0	0.0	True
Gln2014-8-5A	LD06	CPO	1.0	1	1.0	HiC_scaffold8	47703049	False	G	A	0/0	25	75	25,0	0.0	True
Gln2014-8-6A	LD06	CPO	1.0	1	1.0	HiC_scaffold8	47703049	False	G	A	0/0	46	99	46,0	0.0	True
Gln2014-8-7A	LD06	CPO	1.0	1	1.0	HiC_scaffold8	47703049	False	G	A	0/0	7	21	7,0	0.0	False
Gln2014-8-8A	LD06	CPO	1.0	1	1.0	HiC_scaffold8	47703049	False	G	A	./.	0	0	0,0	NA	False
JLS-BM001-1A	BM31	N	NA	1	NA	HiC_scaffold8	47703049	False	G	A	0/0	32	53	32,0	0.0	True
JLS-BM001-2A	BM31	N	NA	1	NA	HiC_scaffold8	47703049	False	G	A	0/0	56	98	56,0	0.0	True
JLS-BM001-3A	BM31	N	NA	1	NA	HiC_scaffold8	47703049	False	G	A	0/0	35	70	35,0	0.0	True
JLS-BM001-4A	BM31	N	NA	1	NA	HiC_scaffold8	47703049	False	G	A	0/0	36	73	36,0	0.0	True
JLS-BM001-5A	BM31	N	NA	1	NA	HiC_scaffold8	47703049	False	G	A	0/0	57	99	57,0	0.0	True
JLS-BM001-6A	BM31	N	NA	1	NA	HiC_scaffold8	47703049	False	G	A	0/0	35	90	35,0	0.0	True
JLS-BM001-7A	BM31	N	NA	1	NA	HiC_scaffold8	47703049	False	G	A	0/0	23	26	23,0	0.0	True
JLS-BM001-8A	BM31	N	NA	1	NA	HiC_scaffold8	47703049	False	G	A	0/0	32	0	32,0	0.0	False
JLS-CY022-10A	CY32	CPO	1.0	1	1.0	HiC_scaffold8	47703049	False	G	A	0/0	27	72	27,0	0.0	True
JLS-CY022-11A	CY32	CPO	1.0	1	1.0	HiC_scaffold8	47703049	False	G	A	0/0	17	51	17,0	0.0	True
JLS-CY022-4A	CY32	CPO	1.0	1	1.0	HiC_scaffold8	47703049	False	G	A	0/0	9	27	9,0	0.0	False
JLS-CY022-5A	CY32	CPO	1.0	1	1.0	HiC_scaffold8	47703049	False	G	A	0/0	28	78	28,0	0.0	True
JLS-CY022-6A	CY32	CPO	1.0	1	1.0	HiC_scaffold8	47703049	False	G	A	0/0	12	33	12,0	0.0	True
JLS-CY022-7A	CY32	CPO	1.0	1	1.0	HiC_scaffold8	47703049	False	G	A	0/0	22	60	22,0	0.0	True
Sha-WS-1A	WS14	CMA	1.0	1	0.0	HiC_scaffold8	47703049	False	G	A	0/0	12	36	12,0	0.0	True
Sha-WS-2A	WS14	CMA	1.0	1	0.0	HiC_scaffold8	47703049	False	G	A	0/0	25	72	25,0	0.0	True
Sha-WS-3A	WS14	CMA	1.0	1	0.0	HiC_scaffold8	47703049	False	G	A	0/0	30	81	30,0	0.0	True
Sha-WS-4A	WS14	CMA	1.0	1	0.0	HiC_scaffold8	47703049	False	G	A	0/0	14	39	14,0	0.0	True
Sha-WS-5A	WS14	CMA	1.0	1	0.0	HiC_scaffold8	47703049	False	G	A	0/0	22	60	22,0	0.0	True
Sha-WS-6A	WS14	CMA	1.0	1	0.0	HiC_scaffold8	47703049	False	G	A	0/0	8	24	8,0	0.0	False
Sha-WS-7A	WS14	CMA	1.0	1	0.0	HiC_scaffold8	47703049	False	G	A	0/0	16	42	16,0	0.0	True
Sha-WS-8A	WS14	CMA	1.0	1	0.0	HiC_scaffold8	47703049	False	G	A	0/0	20	54	20,0	0.0	True
THP-SET_1917-1A	MK27	CPO	1.0	1	1.0	HiC_scaffold8	47703049	False	G	A	0/0	60	99	60,0	0.0	True
THP-SET_1917-2A	MK27	CPO	1.0	1	1.0	HiC_scaffold8	47703049	False	G	A	0/0	49	99	49,0	0.0	True
THP-SET_1917-3A	MK27	CPO	1.0	1	1.0	HiC_scaffold8	47703049	False	G	A	0/0	62	99	62,0	0.0	True
THP-SET_1917-4A	MK27	CPO	1.0	1	1.0	HiC_scaffold8	47703049	False	G	A	0/0	54	99	54,0	0.0	True
THP-SET_1917-5A	MK27	CPO	1.0	1	1.0	HiC_scaffold8	47703049	False	G	A	0/0	30	90	30,0	0.0	True
THP-SET_1917-6A	MK27	CPO	1.0	1	1.0	HiC_scaffold8	47703049	False	G	A	0/0	64	99	64,0	0.0	True
THP-SET_1917-7A	MK27	CPO	1.0	1	1.0	HiC_scaffold8	47703049	False	G	A	0/0	30	90	30,0	0.0	True
THP-SET_1917-8A	MK27	CPO	1.0	1	1.0	HiC_scaffold8	47703049	False	G	A	0/0	52	99	52,0	0.0	True
XB2014-144-2A	SM35	CYU	1.0	1	1.0	HiC_scaffold8	47703049	False	G	A	0/0	62	99	62,0	0.0	True
XB2014-144-3A	SM35	CYU	1.0	1	1.0	HiC_scaffold8	47703049	False	G	A	0/0	59	99	59,0	0.0	True
XB2014-144-4A	SM35	CYU	1.0	1	1.0	HiC_scaffold8	47703049	False	G	A	0/0	76	99	76,0	0.0	True
XB2014-144-5A	SM35	CYU	1.0	1	1.0	HiC_scaffold8	47703049	False	G	A	0/0	93	99	93,0	0.0	True
XB2014-144-6A	SM35	CYU	1.0	1	1.0	HiC_scaffold8	47703049	False	G	A	0/0	82	99	82,0	0.0	True
XB2014-144-7A	SM35	CYU	1.0	1	1.0	HiC_scaffold8	47703049	False	G	A	0/0	116	99	116,0	0.0	True
XB2014-144-8A	SM35	CYU	1.0	1	1.0	HiC_scaffold8	47703049	False	G	A	0/0	106	99	106,0	0.0	True
XB2014-144-9A	SM35	CYU	1.0	1	1.0	HiC_scaffold8	47703049	False	G	A	0/0	140	99	140,0	0.0	True
XB2014-38-2A	EY8	CYU	0.0	1	1.0	HiC_scaffold8	47703049	False	G	A	0/1	30	99	20,10	0.3333333333333333	True
XB2014-38-3A	EY8	CYU	0.0	1	1.0	HiC_scaffold8	47703049	False	G	A	0/0	26	60	26,0	0.0	True
XB2014-38-4A	EY8	CYU	0.0	1	1.0	HiC_scaffold8	47703049	False	G	A	0/1	21	99	14,7	0.3333333333333333	True
XB2014-38-5A	EY8	CYU	0.0	1	1.0	HiC_scaffold8	47703049	False	G	A	0/0	6	18	6,0	0.0	False
XB2014-38-6A	EY9	CPO	0.0	1	1.0	HiC_scaffold8	47703049	False	G	A	0/0	11	33	11,0	0.0	True
XB2014-39-1A	EY9	CPO	1.0	1	1.0	HiC_scaffold8	47703049	False	G	A	0/0	32	81	32,0	0.0	True
XB2014-39-2A	EY9	CPO	1.0	1	1.0	HiC_scaffold8	47703049	False	G	A	0/0	91	99	91,0	0.0	True
XB2014-39-3A	EY9	CPO	1.0	1	1.0	HiC_scaffold8	47703049	False	G	A	0/0	65	99	65,0	0.0	True
XB2014-39-4A	EY9	CPO	1.0	1	1.0	HiC_scaffold8	47703049	False	G	A	0/0	40	99	40,0	0.0	True
XB2014-39-5A	EY9	CPO	1.0	1	1.0	HiC_scaffold8	47703049	False	G	A	0/0	71	99	71,0	0.0	True
XB2014-39-6A	EY9	CPO	1.0	1	1.0	HiC_scaffold8	47703049	False	G	A	0/0	30	0	30,0	0.0	False
XB2014-39-7A	EY9	CPO	1.0	1	1.0	HiC_scaffold8	47703049	False	G	A	0/0	92	99	92,0	0.0	True
XB2014-39-8A	EY9	CPO	1.0	1	1.0	HiC_scaffold8	47703049	False	G	A	0/0	32	53	32,0	0.0	True
XB2014-4-2A	MN4	CYU	0.0	0	1.0	HiC_scaffold8	47703049	False	G	A	0/1	62	99	43,19	0.3064516129032258	True
XB2014-4-3A	MN4	CYU	0.0	0	1.0	HiC_scaffold8	47703049	False	G	A	0/1	26	99	12,14	0.5384615384615384	True
XB2014-4-4A	MN4	CYU	0.0	0	1.0	HiC_scaffold8	47703049	False	G	A	0/1	34	99	16,18	0.5294117647058824	True
XB2014-4-5A	MN4	CYU	0.0	0	1.0	HiC_scaffold8	47703049	False	G	A	0/1	30	99	24,6	0.2	True
XB2014-4-6A	MN4	CYU	0.0	0	1.0	HiC_scaffold8	47703049	False	G	A	0/1	36	99	23,13	0.3611111111111111	True
XB2014-4-7A	MN4	CYU	0.0	0	1.0	HiC_scaffold8	47703049	False	G	A	0/1	74	99	47,27	0.36486486486486486	True
XB2014-4-8A	YL9	CYU	0.0	0	1.0	HiC_scaffold8	47703049	False	G	A	0/1	22	99	16,6	0.2727272727272727	True
XB2014-4-9A	YL9	CYU	0.0	0	1.0	HiC_scaffold8	47703049	False	G	A	0/1	54	99	23,31	0.5740740740740741	True
XB2014-48-1A	MN4	CYU	0.0	0	1.0	HiC_scaffold8	47703049	False	G	A	0/0	43	47	43,0	0.0	True
XB2014-48-2A	MN4	CYU	0.0	0	1.0	HiC_scaffold8	47703049	False	G	A	0/1	76	99	47,29	0.3815789473684211	True
XB2014-48-3A	YL9	CYU	0.0	0	1.0	HiC_scaffold8	47703049	False	G	A	0/1	69	99	47,22	0.3188405797101449	True
XB2014-48-4A	YL9	CYU	0.0	0	1.0	HiC_scaffold8	47703049	False	G	A	0/1	68	99	43,25	0.36764705882352944	True
XB2014-48-5A	YL9	CYU	0.0	0	1.0	HiC_scaffold8	47703049	False	G	A	0/1	65	99	49,16	0.24615384615384617	True
XB2014-48-6A	YL9	CYU	0.0	0	1.0	HiC_scaffold8	47703049	False	G	A	0/1	73	99	63,10	0.136986301369863	True
XB2014-48-7A	YL9	CYU	0.0	0	1.0	HiC_scaffold8	47703049	False	G	A	0/1	88	99	53,35	0.3977272727272727	True
XB2014-48-9A	YL9	CYU	0.0	0	1.0	HiC_scaffold8	47703049	False	G	A	0/1	54	17	50,4	0.07407407407407407	False
XB26-3B	SC37	CPO	1.0	1	1.0	HiC_scaffold8	47703049	False	G	A	0/0	68	99	68,0	0.0	True
XB26-4B	SC37	CPO	1.0	1	1.0	HiC_scaffold8	47703049	False	G	A	0/0	49	99	49,0	0.0	True
XB26-5B	SC37	CPO	1.0	1	1.0	HiC_scaffold8	47703049	False	G	A	0/0	36	99	36,0	0.0	True
XB26-7B	SC37	CPO	1.0	1	1.0	HiC_scaffold8	47703049	False	G	A	0/0	57	99	57,0	0.0	True
XuBo982-1A	XS40	CMA	1.0	1	0.0	HiC_scaffold8	47703049	False	G	A	0/0	18	54	18,0	0.0	True
XuBo982-2A	XS40	CMA	1.0	1	0.0	HiC_scaffold8	47703049	False	G	A	0/0	13	39	13,0	0.0	True
XuBo982-3A	XS40	CMA	1.0	1	0.0	HiC_scaffold8	47703049	False	G	A	0/0	24	63	24,0	0.0	True
XuBo982-4A	XS40	CMA	1.0	1	0.0	HiC_scaffold8	47703049	False	G	A	0/0	26	63	26,0	0.0	True
XuBo982-5A	XS40	CMA	1.0	1	0.0	HiC_scaffold8	47703049	False	G	A	0/0	26	54	26,0	0.0	True
XubBo-1037-1A	LN46	N	1.0	1	0.0	HiC_scaffold8	47703049	False	G	A	0/0	14	39	14,0	0.0	True
XubBo-1037-2A	TB43	CMA	NA	1	NA	HiC_scaffold8	47703049	False	G	A	0/0	17	51	17,0	0.0	True
XubBo-1037-3A	TB43	CMA	NA	1	NA	HiC_scaffold8	47703049	False	G	A	0/0	22	60	22,0	0.0	True
XubBo-1037-4A	TB43	CMA	NA	1	NA	HiC_scaffold8	47703049	False	G	A	0/0	21	60	21,0	0.0	True
XubBo-1037-5A	TB43	CMA	NA	1	NA	HiC_scaffold8	47703049	False	G	A	0/0	11	30	11,0	0.0	True
XubBo-1037-6A	TB43	CMA	NA	1	NA	HiC_scaffold8	47703049	False	G	A	0/0	11	30	11,0	0.0	True
XubBo-1037-7A	TB43	CMA	NA	1	NA	HiC_scaffold8	47703049	False	G	A	0/0	18	51	18,0	0.0	True
XubBo-1037-8A	TB43	CMA	NA	1	NA	HiC_scaffold8	47703049	False	G	A	0/0	10	30	10,0	0.0	True
XubBo1030-10A	LN46	N	1.0	1	0.0	HiC_scaffold8	47703049	False	G	A	0/0	28	75	28,0	0.0	True
XubBo1030-1A	LN46	N	1.0	1	0.0	HiC_scaffold8	47703049	False	G	A	0/0	13	36	13,0	0.0	True
XubBo1030-3A	LN46	N	1.0	1	0.0	HiC_scaffold8	47703049	False	G	A	0/0	13	36	13,0	0.0	True
XubBo1030-5A	LN46	N	1.0	1	0.0	HiC_scaffold8	47703049	False	G	A	0/0	19	54	19,0	0.0	True
XubBo1030-6A	LN46	N	1.0	1	0.0	HiC_scaffold8	47703049	False	G	A	0/0	25	72	25,0	0.0	True
XubBo1030-8A	LN46	N	1.0	1	0.0	HiC_scaffold8	47703049	False	G	A	0/0	21	60	21,0	0.0	True
XubBo1030-9A	LN46	N	1.0	1	0.0	HiC_scaffold8	47703049	False	G	A	0/0	24	66	24,0	0.0	True
XubBo1051-10A	WX48	CMA	1.0	1	0.0	HiC_scaffold8	47703049	False	G	A	0/0	24	63	24,0	0.0	True
XubBo1051-1A	WX48	CMA	1.0	1	0.0	HiC_scaffold8	47703049	False	G	A	0/0	21	60	21,0	0.0	True
XubBo1051-2A	WX48	CMA	1.0	1	0.0	HiC_scaffold8	47703049	False	G	A	0/0	18	51	18,0	0.0	True
XubBo1051-3A	WX48	CMA	1.0	1	0.0	HiC_scaffold8	47703049	False	G	A	0/0	18	54	18,0	0.0	True
XubBo1051-4A	WX48	CMA	1.0	1	0.0	HiC_scaffold8	47703049	False	G	A	0/0	11	33	11,0	0.0	True
XubBo1051-7A	WX48	CMA	1.0	1	0.0	HiC_scaffold8	47703049	False	G	A	0/0	29	87	29,0	0.0	True
XubBo1051-8A	WX48	CMA	1.0	1	0.0	HiC_scaffold8	47703049	False	G	A	0/0	34	90	34,0	0.0	True
XubBo1051-9A	WX48	CMA	1.0	1	0.0	HiC_scaffold8	47703049	False	G	A	0/0	17	48	17,0	0.0	True
Xubo01402-2A	YS26	CYU	1.0	1	1.0	HiC_scaffold8	47703049	False	G	A	0/0	20	57	20,0	0.0	True
Xubo01402-3A	YS26	CYU	1.0	1	1.0	HiC_scaffold8	47703049	False	G	A	0/0	16	26	16,0	0.0	True
Xubo01402-4A	YS26	CYU	1.0	1	1.0	HiC_scaffold8	47703049	False	G	A	0/0	20	60	20,0	0.0	True
Xubo01402-5A	YS26	CYU	1.0	1	1.0	HiC_scaffold8	47703049	False	G	A	0/0	11	27	11,0	0.0	True
Xubo01402-6A	YS26	CYU	1.0	1	1.0	HiC_scaffold8	47703049	False	G	A	0/0	31	90	31,0	0.0	True
Xubo01402-7A	YS26	CYU	1.0	1	1.0	HiC_scaffold8	47703049	False	G	A	0/0	22	60	22,0	0.0	True
Xubo01402-8A	YS26	CYU	1.0	1	1.0	HiC_scaffold8	47703049	False	G	A	0/0	37	93	37,0	0.0	True
Xubo01402-9A	YS26	CYU	1.0	1	1.0	HiC_scaffold8	47703049	False	G	A	0/0	27	38	27,0	0.0	True
YLZB4703-2A	SM3	CYU	0.0	0	1.0	HiC_scaffold8	47703049	False	G	A	0/1	82	99	66,16	0.1951219512195122	True
YLZB4703-3A	SM3	CYU	0.0	0	1.0	HiC_scaffold8	47703049	False	G	A	0/1	68	99	53,7	0.11666666666666667	True
YLZB4703-5A	SM3	CYU	0.0	0	1.0	HiC_scaffold8	47703049	False	G	A	0/1	101	99	74,27	0.26732673267326734	True
YLZB4703-7A	SM3	CYU	0.0	0	1.0	HiC_scaffold8	47703049	False	G	A	0/1	124	99	89,35	0.28225806451612906	True
YLZB4703-9A	SM3	CYU	0.0	0	1.0	HiC_scaffold8	47703049	False	G	A	0/1	78	99	52,26	0.3333333333333333	True
YLZB4715-10A	MY1	CYU	0.0	0	1.0	HiC_scaffold8	47703049	False	G	A	0/1	69	99	21,48	0.6956521739130435	True
YLZB4715-1A	MY1	CYU	0.0	0	1.0	HiC_scaffold8	47703049	False	G	A	0/1	59	99	51,8	0.13559322033898305	True
YLZB4715-2A	MY1	CYU	0.0	0	1.0	HiC_scaffold8	47703049	False	G	A	0/1	50	99	26,24	0.48	True
YLZB4715-5A	MY1	CYU	0.0	0	1.0	HiC_scaffold8	47703049	False	G	A	0/1	39	99	15,24	0.6153846153846154	True
YLZB4715-6A	MY1	CYU	0.0	0	1.0	HiC_scaffold8	47703049	False	G	A	0/1	75	99	53,22	0.29333333333333333	True
YLZB4715-7A	MY1	CYU	0.0	0	1.0	HiC_scaffold8	47703049	False	G	A	0/1	52	99	22,30	0.5769230769230769	True
YLZB4715-8A	MY1	CYU	0.0	0	1.0	HiC_scaffold8	47703049	False	G	A	0/1	57	99	32,25	0.43859649122807015	True
YLZB4715-9A	MY1	CYU	0.0	0	1.0	HiC_scaffold8	47703049	False	G	A	0/1	65	99	14,51	0.7846153846153846	True
YLZB4735-10A	YSXC51	CPO	1.0	1	1.0	HiC_scaffold8	47703049	False	G	A	0/0	57	99	57,0	0.0	True
YLZB4735-1A	YSXC51	CPO	1.0	1	1.0	HiC_scaffold8	47703049	False	G	A	0/0	26	72	26,0	0.0	True
YLZB4735-2A	YSXC51	CPO	1.0	1	1.0	HiC_scaffold8	47703049	False	G	A	0/0	37	99	37,0	0.0	True
YLZB4735-3A	YSXC51	CPO	1.0	1	1.0	HiC_scaffold8	47703049	False	G	A	0/0	35	99	35,0	0.0	True
YLZB4735-5A	YSXC51	CPO	1.0	1	1.0	HiC_scaffold8	47703049	False	G	A	0/0	45	99	45,0	0.0	True
YLZB4735-6A	YSXC51	CPO	1.0	1	1.0	HiC_scaffold8	47703049	False	G	A	0/0	49	99	49,0	0.0	True
YLZB4735-8A	YSXC51	CPO	1.0	1	1.0	HiC_scaffold8	47703049	False	G	A	0/0	44	99	44,0	0.0	True
YLZB4735-9A	YSXC51	CPO	1.0	1	1.0	HiC_scaffold8	47703049	False	G	A	0/0	68	99	68,0	0.0	True
YLZB4816-11A	ASCD52	CPO	1.0	1	1.0	HiC_scaffold8	47703049	False	G	A	0/0	25	72	25,0	0.0	True
YLZB4816-3A	ASCD52	CPO	1.0	1	1.0	HiC_scaffold8	47703049	False	G	A	0/0	15	42	15,0	0.0	True
YLZB4816-4A	ASCD52	CPO	1.0	1	1.0	HiC_scaffold8	47703049	False	G	A	0/0	16	45	16,0	0.0	True
YLZB4816-6A	ASCD52	CPO	1.0	1	1.0	HiC_scaffold8	47703049	False	G	A	0/0	33	90	33,0	0.0	True
YLZB4816-7A	ASCD52	CPO	1.0	1	1.0	HiC_scaffold8	47703049	False	G	A	0/0	34	99	34,0	0.0	True
YLZB4816-8A	ASCD52	CPO	1.0	1	1.0	HiC_scaffold8	47703049	False	G	A	0/0	6	18	6,0	0.0	False
YLZB4816-9A	ASCD52	CPO	1.0	1	1.0	HiC_scaffold8	47703049	False	G	A	0/0	34	99	34,0	0.0	True
ZXL277-1A	YY12	CMA	1.0	1	0.0	HiC_scaffold8	47703049	False	G	A	0/0	23	47	23,0	0.0	True
ZXL277-2A	YY12	CMA	1.0	1	0.0	HiC_scaffold8	47703049	False	G	A	0/0	10	30	10,0	0.0	True
ZXL277-3A	YY12	CMA	1.0	1	0.0	HiC_scaffold8	47703049	False	G	A	0/0	17	42	17,0	0.0	True
ZXL277-4A	YY12	CMA	1.0	1	0.0	HiC_scaffold8	47703049	False	G	A	0/0	21	57	21,0	0.0	True
ZXL277-5A	YY12	CMA	1.0	1	0.0	HiC_scaffold8	47703049	False	G	A	0/0	13	36	13,0	0.0	True
ZXL277-6A	YY12	CMA	1.0	1	0.0	HiC_scaffold8	47703049	False	G	A	0/0	17	51	17,0	0.0	True
ZXL277-7A	YY12	CMA	1.0	1	0.0	HiC_scaffold8	47703049	False	G	A	0/0	19	54	19,0	0.0	True
ZXL277-8A	YY12	CMA	1.0	1	0.0	HiC_scaffold8	47703049	False	G	A	0/0	18	51	18,0	0.0	True
ZXL79-1A	CZ25	CMA	1.0	1	0.0	HiC_scaffold8	47703049	False	G	A	0/0	51	99	51,0	0.0	True
ZXL79-2A	CZ25	CMA	1.0	1	0.0	HiC_scaffold8	47703049	False	G	A	0/0	18	54	18,0	0.0	True
ZXL79-3A	CZ25	CMA	1.0	1	0.0	HiC_scaffold8	47703049	False	G	A	0/0	11	11	11,0	0.0	False
ZXL79-4A	CZ25	CMA	1.0	1	0.0	HiC_scaffold8	47703049	False	G	A	0/0	68	99	68,0	0.0	True
ZXL79-5A	CZ25	CMA	1.0	1	0.0	HiC_scaffold8	47703049	False	G	A	0/0	33	87	33,0	0.0	True
ZXL79-6A	CZ25	CMA	1.0	1	0.0	HiC_scaffold8	47703049	False	G	A	0/0	17	51	17,0	0.0	True
ZXL79-7A	CZ25	CMA	1.0	1	0.0	HiC_scaffold8	47703049	False	G	A	0/0	18	29	18,0	0.0	True
xubo266-2A	XY36	CMA	1.0	1	0.0	HiC_scaffold8	47703049	False	G	A	0/0	17	48	17,0	0.0	True
xubo266-3A	XY36	CMA	1.0	1	0.0	HiC_scaffold8	47703049	False	G	A	0/0	27	72	27,0	0.0	True
xubo266-4A	XY36	CMA	1.0	1	0.0	HiC_scaffold8	47703049	False	G	A	0/0	28	75	28,0	0.0	True
xubo266-5A	XY36	CMA	1.0	1	0.0	HiC_scaffold8	47703049	False	G	A	0/0	23	57	23,0	0.0	True
xubo266-6A	XY36	CMA	1.0	1	0.0	HiC_scaffold8	47703049	False	G	A	0/0	20	57	20,0	0.0	True
xubo266-8A	XY36	CMA	1.0	1	0.0	HiC_scaffold8	47703049	False	G	A	0/0	20	54	20,0	0.0	True
xubo266-9A	XY36	CMA	1.0	1	0.0	HiC_scaffold8	47703049	False	G	A	0/0	26	75	26,0	0.0	True
zhuzm1009-10A	KM42	CPO	1.0	1	1.0	HiC_scaffold8	47703049	False	G	A	0/0	46	53	46,0	0.0	True
zhuzm1009-2A	KM42	CPO	1.0	1	1.0	HiC_scaffold8	47703049	False	G	A	0/0	56	99	56,0	0.0	True
zhuzm1009-3A	KM42	CPO	1.0	1	1.0	HiC_scaffold8	47703049	False	G	A	0/0	31	93	31,0	0.0	True
zhuzm1009-6A	KM42	CPO	1.0	1	1.0	HiC_scaffold8	47703049	False	G	A	0/0	39	99	39,0	0.0	True
zhuzm1009-7A	KM42	CPO	1.0	1	1.0	HiC_scaffold8	47703049	False	G	A	0/0	35	99	35,0	0.0	True
zhuzm1009-8A	KM42	CPO	1.0	1	1.0	HiC_scaffold8	47703049	False	G	A	0/0	49	99	49,0	0.0	True
2014-128-1A	ML50	CPO	1.0	1	1.0	HiC_scaffold8	47705163	False	A	C	0/0	17	51	17,0	0.0	True
2014-128-2A	ML50	CPO	1.0	1	1.0	HiC_scaffold8	47705163	False	A	C	0/0	22	60	22,0	0.0	True
2014-128-3A	ML50	CPO	1.0	1	1.0	HiC_scaffold8	47705163	False	A	C	0/0	40	99	40,0	0.0	True
2014-128-4A	ML50	CPO	1.0	1	1.0	HiC_scaffold8	47705163	False	A	C	0/0	49	99	49,0	0.0	True
2014-128-5A	ML50	CPO	1.0	1	1.0	HiC_scaffold8	47705163	False	A	C	0/0	16	48	16,0	0.0	True
2014-132-2A	ML5	N	1.0	1	1.0	HiC_scaffold8	47705163	False	A	C	0/0	20	60	20,0	0.0	True
2014-132-3A	ML5	N	1.0	1	1.0	HiC_scaffold8	47705163	False	A	C	0/0	17	9	17,0	0.0	False
2014-132-4A	ML5	N	1.0	1	1.0	HiC_scaffold8	47705163	False	A	C	0/0	18	54	18,0	0.0	True
2014-132-5A	ML5	N	1.0	1	1.0	HiC_scaffold8	47705163	False	A	C	0/0	19	57	19,0	0.0	True
2014-132-6A	ML5	N	1.0	1	1.0	HiC_scaffold8	47705163	False	A	C	0/0	34	60	34,0	0.0	True
2014-132-7A	ML5	N	1.0	1	1.0	HiC_scaffold8	47705163	False	A	C	0/0	28	84	28,0	0.0	True
2014-132-8A	ML5	N	1.0	1	1.0	HiC_scaffold8	47705163	False	A	C	0/0	33	93	33,0	0.0	True
2014-132-9A	ML5	N	1.0	1	1.0	HiC_scaffold8	47705163	False	A	C	0/0	28	84	28,0	0.0	True
2014-3-10A	MN34	CPO	1.0	1	1.0	HiC_scaffold8	47705163	False	A	C	0/0	58	99	58,0	0.0	True
2014-3-3A	MN34	CPO	1.0	1	1.0	HiC_scaffold8	47705163	False	A	C	0/0	82	99	82,0	0.0	True
2014-3-4A	MN34	CPO	1.0	1	1.0	HiC_scaffold8	47705163	False	A	C	0/0	63	99	63,0	0.0	True
2014-3-5A	MN34	CPO	1.0	1	1.0	HiC_scaffold8	47705163	False	A	C	0/0	76	99	76,0	0.0	True
2014-3-6A	MN34	CPO	1.0	1	1.0	HiC_scaffold8	47705163	False	A	C	0/0	51	0	51,0	0.0	False
2014-3-7A	MN34	CPO	1.0	1	1.0	HiC_scaffold8	47705163	False	A	C	0/0	100	99	100,0	0.0	True
2014-3-8A	MN34	CPO	1.0	1	1.0	HiC_scaffold8	47705163	False	A	C	0/0	79	99	79,0	0.0	True
2014-3-9A	MN34	CPO	1.0	1	1.0	HiC_scaffold8	47705163	False	A	C	0/0	60	99	60,0	0.0	True
2014-66-1A	YL49	CPO	1.0	1	1.0	HiC_scaffold8	47705163	False	A	C	0/0	28	84	28,0	0.0	True
2014-66-2A	YL49	CPO	1.0	1	1.0	HiC_scaffold8	47705163	False	A	C	0/0	17	51	17,0	0.0	True
2014-66-3A	YL49	CPO	1.0	1	1.0	HiC_scaffold8	47705163	False	A	C	0/0	22	63	22,0	0.0	True
2014-66-4A	YL49	CPO	1.0	1	1.0	HiC_scaffold8	47705163	False	A	C	0/0	45	99	45,0	0.0	True
2014-66-5A	YL49	CPO	1.0	1	1.0	HiC_scaffold8	47705163	False	A	C	0/0	20	60	20,0	0.0	True
2014-66-6A	YL49	CPO	1.0	1	1.0	HiC_scaffold8	47705163	False	A	C	0/0	21	63	21,0	0.0	True
2014-66-7A	YL49	CPO	1.0	1	1.0	HiC_scaffold8	47705163	False	A	C	0/0	74	99	74,0	0.0	True
2014-66-8A	YL49	CPO	1.0	1	1.0	HiC_scaffold8	47705163	False	A	C	0/0	15	30	15,0	0.0	True
DP1709141A	DQS11	CMA	1.0	1	0.0	HiC_scaffold8	47705163	False	A	C	0/0	63	99	63,0	0.0	True
DP1709144A	DQS11	CMA	1.0	1	0.0	HiC_scaffold8	47705163	False	A	C	0/0	52	99	52,0	0.0	True
DP1709148A	DQS11	CMA	1.0	1	0.0	HiC_scaffold8	47705163	False	A	C	0/0	64	99	64,0	0.0	True
Gln2014-15-10A	LD30	CYU	0.0	0	1.0	HiC_scaffold8	47705163	False	A	C	0/1	29	99	24,5	0.1724137931034483	True
Gln2014-15-1A	LD30	CYU	0.0	0	1.0	HiC_scaffold8	47705163	False	A	C	0/1	56	99	49,7	0.125	True
Gln2014-15-3A	LD30	CYU	0.0	0	1.0	HiC_scaffold8	47705163	False	A	C	0/1	48	99	34,14	0.2916666666666667	True
Gln2014-15-4A	LD30	CYU	0.0	0	1.0	HiC_scaffold8	47705163	False	A	C	0/0	52	67	50,2	0.038461538461538464	True
Gln2014-15-5A	LD30	CYU	0.0	0	1.0	HiC_scaffold8	47705163	False	A	C	0/1	71	99	57,14	0.19718309859154928	True
Gln2014-15-6A	LD30	CYU	0.0	0	1.0	HiC_scaffold8	47705163	False	A	C	0/1	49	99	37,12	0.24489795918367346	True
Gln2014-15-7A	LD30	CYU	0.0	0	1.0	HiC_scaffold8	47705163	False	A	C	0/1	37	99	25,12	0.32432432432432434	True
Gln2014-15-8A	LD30	CYU	0.0	0	1.0	HiC_scaffold8	47705163	False	A	C	0/1	79	99	63,16	0.20253164556962025	True
Gln2014-8-1A	LD06	CPO	1.0	1	1.0	HiC_scaffold8	47705163	False	A	C	0/0	18	54	18,0	0.0	True
Gln2014-8-2A	LD06	CPO	1.0	1	1.0	HiC_scaffold8	47705163	False	A	C	0/0	1	3	1,0	0.0	False
Gln2014-8-4A	LD06	CPO	1.0	1	1.0	HiC_scaffold8	47705163	False	A	C	0/0	26	72	26,0	0.0	True
Gln2014-8-5A	LD06	CPO	1.0	1	1.0	HiC_scaffold8	47705163	False	A	C	0/0	14	42	14,0	0.0	True
Gln2014-8-6A	LD06	CPO	1.0	1	1.0	HiC_scaffold8	47705163	False	A	C	0/0	39	99	39,0	0.0	True
Gln2014-8-7A	LD06	CPO	1.0	1	1.0	HiC_scaffold8	47705163	False	A	C	0/0	13	39	13,0	0.0	True
Gln2014-8-8A	LD06	CPO	1.0	1	1.0	HiC_scaffold8	47705163	False	A	C	./.	0	0	0,0	NA	False
JLS-BM001-1A	BM31	N	NA	1	NA	HiC_scaffold8	47705163	False	A	C	0/0	61	99	61,0	0.0	True
JLS-BM001-2A	BM31	N	NA	1	NA	HiC_scaffold8	47705163	False	A	C	0/0	72	99	72,0	0.0	True
JLS-BM001-3A	BM31	N	NA	1	NA	HiC_scaffold8	47705163	False	A	C	0/0	62	99	55,0	0.0	True
JLS-BM001-4A	BM31	N	NA	1	NA	HiC_scaffold8	47705163	False	A	C	0/0	51	99	46,0	0.0	True
JLS-BM001-5A	BM31	N	NA	1	NA	HiC_scaffold8	47705163	False	A	C	0/0	38	99	38,0	0.0	True
JLS-BM001-6A	BM31	N	NA	1	NA	HiC_scaffold8	47705163	False	A	C	0/0	53	99	53,0	0.0	True
JLS-BM001-7A	BM31	N	NA	1	NA	HiC_scaffold8	47705163	False	A	C	0/0	31	81	27,0	0.0	True
JLS-BM001-8A	BM31	N	NA	1	NA	HiC_scaffold8	47705163	False	A	C	0/0	64	99	64,0	0.0	True
JLS-CY022-10A	CY32	CPO	1.0	1	1.0	HiC_scaffold8	47705163	False	A	C	0/0	29	81	29,0	0.0	True
JLS-CY022-11A	CY32	CPO	1.0	1	1.0	HiC_scaffold8	47705163	False	A	C	0/0	17	51	17,0	0.0	True
JLS-CY022-4A	CY32	CPO	1.0	1	1.0	HiC_scaffold8	47705163	False	A	C	0/0	11	30	11,0	0.0	True
JLS-CY022-5A	CY32	CPO	1.0	1	1.0	HiC_scaffold8	47705163	False	A	C	0/0	21	60	21,0	0.0	True
JLS-CY022-6A	CY32	CPO	1.0	1	1.0	HiC_scaffold8	47705163	False	A	C	0/0	18	54	18,0	0.0	True
JLS-CY022-7A	CY32	CPO	1.0	1	1.0	HiC_scaffold8	47705163	False	A	C	0/0	22	23	22,0	0.0	True
Sha-WS-1A	WS14	CMA	1.0	1	0.0	HiC_scaffold8	47705163	False	A	C	0/0	16	45	16,0	0.0	True
Sha-WS-2A	WS14	CMA	1.0	1	0.0	HiC_scaffold8	47705163	False	A	C	0/0	13	33	13,0	0.0	True
Sha-WS-3A	WS14	CMA	1.0	1	0.0	HiC_scaffold8	47705163	False	A	C	0/0	32	93	32,0	0.0	True
Sha-WS-4A	WS14	CMA	1.0	1	0.0	HiC_scaffold8	47705163	False	A	C	0/0	20	60	20,0	0.0	True
Sha-WS-5A	WS14	CMA	1.0	1	0.0	HiC_scaffold8	47705163	False	A	C	0/0	35	99	35,0	0.0	True
Sha-WS-6A	WS14	CMA	1.0	1	0.0	HiC_scaffold8	47705163	False	A	C	0/0	9	24	9,0	0.0	False
Sha-WS-7A	WS14	CMA	1.0	1	0.0	HiC_scaffold8	47705163	False	A	C	0/0	27	81	27,0	0.0	True
Sha-WS-8A	WS14	CMA	1.0	1	0.0	HiC_scaffold8	47705163	False	A	C	0/0	18	45	18,0	0.0	True
THP-SET_1917-1A	MK27	CPO	1.0	1	1.0	HiC_scaffold8	47705163	False	A	C	0/0	69	99	69,0	0.0	True
THP-SET_1917-2A	MK27	CPO	1.0	1	1.0	HiC_scaffold8	47705163	False	A	C	0/0	44	99	44,0	0.0	True
THP-SET_1917-3A	MK27	CPO	1.0	1	1.0	HiC_scaffold8	47705163	False	A	C	0/0	67	99	67,0	0.0	True
THP-SET_1917-4A	MK27	CPO	1.0	1	1.0	HiC_scaffold8	47705163	False	A	C	0/0	45	99	45,0	0.0	True
THP-SET_1917-5A	MK27	CPO	1.0	1	1.0	HiC_scaffold8	47705163	False	A	C	0/0	104	99	104,0	0.0	True
THP-SET_1917-6A	MK27	CPO	1.0	1	1.0	HiC_scaffold8	47705163	False	A	C	0/0	119	99	119,0	0.0	True
THP-SET_1917-7A	MK27	CPO	1.0	1	1.0	HiC_scaffold8	47705163	False	A	C	0/0	89	99	89,0	0.0	True
THP-SET_1917-8A	MK27	CPO	1.0	1	1.0	HiC_scaffold8	47705163	False	A	C	0/0	81	99	81,0	0.0	True
XB2014-144-2A	SM35	CYU	1.0	1	1.0	HiC_scaffold8	47705163	False	A	C	0/0	58	99	58,0	0.0	True
XB2014-144-3A	SM35	CYU	1.0	1	1.0	HiC_scaffold8	47705163	False	A	C	0/0	62	99	62,0	0.0	True
XB2014-144-4A	SM35	CYU	1.0	1	1.0	HiC_scaffold8	47705163	False	A	C	0/0	69	99	69,0	0.0	True
XB2014-144-5A	SM35	CYU	1.0	1	1.0	HiC_scaffold8	47705163	False	A	C	0/0	78	99	78,0	0.0	True
XB2014-144-6A	SM35	CYU	1.0	1	1.0	HiC_scaffold8	47705163	False	A	C	0/0	45	99	45,0	0.0	True
XB2014-144-7A	SM35	CYU	1.0	1	1.0	HiC_scaffold8	47705163	False	A	C	0/0	103	99	103,0	0.0	True
XB2014-144-8A	SM35	CYU	1.0	1	1.0	HiC_scaffold8	47705163	False	A	C	0/0	117	99	117,0	0.0	True
XB2014-144-9A	SM35	CYU	1.0	1	1.0	HiC_scaffold8	47705163	False	A	C	0/0	125	99	125,0	0.0	True
XB2014-38-2A	EY8	CYU	0.0	1	1.0	HiC_scaffold8	47705163	False	A	C	0/1	47	99	32,15	0.3191489361702128	True
XB2014-38-3A	EY8	CYU	0.0	1	1.0	HiC_scaffold8	47705163	False	A	C	0/0	16	48	16,0	0.0	True
XB2014-38-4A	EY8	CYU	0.0	1	1.0	HiC_scaffold8	47705163	False	A	C	0/0	20	60	20,0	0.0	True
XB2014-38-5A	EY8	CYU	0.0	1	1.0	HiC_scaffold8	47705163	False	A	C	0/0	7	18	7,0	0.0	False
XB2014-38-6A	EY9	CPO	0.0	1	1.0	HiC_scaffold8	47705163	False	A	C	0/0	15	39	15,0	0.0	True
XB2014-39-1A	EY9	CPO	1.0	1	1.0	HiC_scaffold8	47705163	False	A	C	0/0	16	5	16,0	0.0	False
XB2014-39-2A	EY9	CPO	1.0	1	1.0	HiC_scaffold8	47705163	False	A	C	0/0	74	99	74,0	0.0	True
XB2014-39-3A	EY9	CPO	1.0	1	1.0	HiC_scaffold8	47705163	False	A	C	0/0	53	99	53,0	0.0	True
XB2014-39-4A	EY9	CPO	1.0	1	1.0	HiC_scaffold8	47705163	False	A	C	0/0	39	99	39,0	0.0	True
XB2014-39-5A	EY9	CPO	1.0	1	1.0	HiC_scaffold8	47705163	False	A	C	0/0	55	99	55,0	0.0	True
XB2014-39-6A	EY9	CPO	1.0	1	1.0	HiC_scaffold8	47705163	False	A	C	0/0	36	99	36,0	0.0	True
XB2014-39-7A	EY9	CPO	1.0	1	1.0	HiC_scaffold8	47705163	False	A	C	0/0	100	99	100,0	0.0	True
XB2014-39-8A	EY9	CPO	1.0	1	1.0	HiC_scaffold8	47705163	False	A	C	0/0	30	90	30,0	0.0	True
XB2014-4-2A	MN4	CYU	0.0	0	1.0	HiC_scaffold8	47705163	False	A	C	0/1	48	99	33,15	0.3125	True
XB2014-4-3A	MN4	CYU	0.0	0	1.0	HiC_scaffold8	47705163	False	A	C	0/1	43	99	33,10	0.23255813953488372	True
XB2014-4-4A	MN4	CYU	0.0	0	1.0	HiC_scaffold8	47705163	False	A	C	0/1	50	99	35,15	0.3	True
XB2014-4-5A	MN4	CYU	0.0	0	1.0	HiC_scaffold8	47705163	False	A	C	0/1	33	99	23,10	0.30303030303030304	True
XB2014-4-6A	MN4	CYU	0.0	0	1.0	HiC_scaffold8	47705163	False	A	C	0/1	55	99	40,15	0.2727272727272727	True
XB2014-4-7A	MN4	CYU	0.0	0	1.0	HiC_scaffold8	47705163	False	A	C	0/1	70	99	53,17	0.24285714285714285	True
XB2014-4-8A	YL9	CYU	0.0	0	1.0	HiC_scaffold8	47705163	False	A	C	0/0	20	15	19,1	0.05	False
XB2014-4-9A	YL9	CYU	0.0	0	1.0	HiC_scaffold8	47705163	False	A	C	0/1	49	99	32,17	0.3469387755102041	True
XB2014-48-1A	MN4	CYU	0.0	0	1.0	HiC_scaffold8	47705163	False	A	C	0/1	39	99	32,7	0.1794871794871795	True
XB2014-48-2A	MN4	CYU	0.0	0	1.0	HiC_scaffold8	47705163	False	A	C	0/1	62	99	49,13	0.20967741935483872	True
XB2014-48-3A	YL9	CYU	0.0	0	1.0	HiC_scaffold8	47705163	False	A	C	0/1	66	99	44,22	0.3333333333333333	True
XB2014-48-4A	YL9	CYU	0.0	0	1.0	HiC_scaffold8	47705163	False	A	C	0/1	62	99	43,19	0.3064516129032258	True
XB2014-48-5A	YL9	CYU	0.0	0	1.0	HiC_scaffold8	47705163	False	A	C	0/1	33	81	29,4	0.12121212121212122	True
XB2014-48-6A	YL9	CYU	0.0	0	1.0	HiC_scaffold8	47705163	False	A	C	0/1	49	99	34,15	0.30612244897959184	True
XB2014-48-7A	YL9	CYU	0.0	0	1.0	HiC_scaffold8	47705163	False	A	C	0/1	58	99	36,22	0.3793103448275862	True
XB2014-48-9A	YL9	CYU	0.0	0	1.0	HiC_scaffold8	47705163	False	A	C	0/1	39	99	31,8	0.20512820512820512	True
XB26-3B	SC37	CPO	1.0	1	1.0	HiC_scaffold8	47705163	False	A	C	0/0	32	90	32,0	0.0	True
XB26-4B	SC37	CPO	1.0	1	1.0	HiC_scaffold8	47705163	False	A	C	0/0	28	71	28,0	0.0	True
XB26-5B	SC37	CPO	1.0	1	1.0	HiC_scaffold8	47705163	False	A	C	0/0	41	99	41,0	0.0	True
XB26-7B	SC37	CPO	1.0	1	1.0	HiC_scaffold8	47705163	False	A	C	0/0	38	99	38,0	0.0	True
XuBo982-1A	XS40	CMA	1.0	1	0.0	HiC_scaffold8	47705163	False	A	C	0/0	13	36	13,0	0.0	True
XuBo982-2A	XS40	CMA	1.0	1	0.0	HiC_scaffold8	47705163	False	A	C	0/0	13	36	13,0	0.0	True
XuBo982-3A	XS40	CMA	1.0	1	0.0	HiC_scaffold8	47705163	False	A	C	0/0	20	60	20,0	0.0	True
XuBo982-4A	XS40	CMA	1.0	1	0.0	HiC_scaffold8	47705163	False	A	C	0/0	14	39	14,0	0.0	True
XuBo982-5A	XS40	CMA	1.0	1	0.0	HiC_scaffold8	47705163	False	A	C	0/0	25	72	25,0	0.0	True
XubBo-1037-1A	LN46	N	1.0	1	0.0	HiC_scaffold8	47705163	False	A	C	0/0	19	54	19,0	0.0	True
XubBo-1037-2A	TB43	CMA	NA	1	NA	HiC_scaffold8	47705163	False	A	C	0/0	21	57	21,0	0.0	True
XubBo-1037-3A	TB43	CMA	NA	1	NA	HiC_scaffold8	47705163	False	A	C	0/0	13	0	13,0	0.0	False
XubBo-1037-4A	TB43	CMA	NA	1	NA	HiC_scaffold8	47705163	False	A	C	0/0	21	27	21,0	0.0	True
XubBo-1037-5A	TB43	CMA	NA	1	NA	HiC_scaffold8	47705163	False	A	C	0/0	13	39	13,0	0.0	True
XubBo-1037-6A	TB43	CMA	NA	1	NA	HiC_scaffold8	47705163	False	A	C	0/0	11	30	11,0	0.0	True
XubBo-1037-7A	TB43	CMA	NA	1	NA	HiC_scaffold8	47705163	False	A	C	0/0	5	15	5,0	0.0	False
XubBo-1037-8A	TB43	CMA	NA	1	NA	HiC_scaffold8	47705163	False	A	C	0/0	13	33	13,0	0.0	True
XubBo1030-10A	LN46	N	1.0	1	0.0	HiC_scaffold8	47705163	False	A	C	0/0	21	60	21,0	0.0	True
XubBo1030-1A	LN46	N	1.0	1	0.0	HiC_scaffold8	47705163	False	A	C	0/0	23	63	23,0	0.0	True
XubBo1030-3A	LN46	N	1.0	1	0.0	HiC_scaffold8	47705163	False	A	C	0/0	17	48	17,0	0.0	True
XubBo1030-5A	LN46	N	1.0	1	0.0	HiC_scaffold8	47705163	False	A	C	0/0	8	24	8,0	0.0	False
XubBo1030-6A	LN46	N	1.0	1	0.0	HiC_scaffold8	47705163	False	A	C	0/0	18	51	18,0	0.0	True
XubBo1030-8A	LN46	N	1.0	1	0.0	HiC_scaffold8	47705163	False	A	C	0/0	20	60	20,0	0.0	True
XubBo1030-9A	LN46	N	1.0	1	0.0	HiC_scaffold8	47705163	False	A	C	0/0	12	30	12,0	0.0	True
XubBo1051-10A	WX48	CMA	1.0	1	0.0	HiC_scaffold8	47705163	False	A	C	0/0	16	45	16,0	0.0	True
XubBo1051-1A	WX48	CMA	1.0	1	0.0	HiC_scaffold8	47705163	False	A	C	0/0	18	54	18,0	0.0	True
XubBo1051-2A	WX48	CMA	1.0	1	0.0	HiC_scaffold8	47705163	False	A	C	0/0	21	57	21,0	0.0	True
XubBo1051-3A	WX48	CMA	1.0	1	0.0	HiC_scaffold8	47705163	False	A	C	0/0	25	63	25,0	0.0	True
XubBo1051-4A	WX48	CMA	1.0	1	0.0	HiC_scaffold8	47705163	False	A	C	0/0	16	42	16,0	0.0	True
XubBo1051-7A	WX48	CMA	1.0	1	0.0	HiC_scaffold8	47705163	False	A	C	0/0	19	57	19,0	0.0	True
XubBo1051-8A	WX48	CMA	1.0	1	0.0	HiC_scaffold8	47705163	False	A	C	0/0	27	81	27,0	0.0	True
XubBo1051-9A	WX48	CMA	1.0	1	0.0	HiC_scaffold8	47705163	False	A	C	0/0	21	60	21,0	0.0	True
Xubo01402-2A	YS26	CYU	1.0	1	1.0	HiC_scaffold8	47705163	False	A	C	0/0	13	39	13,0	0.0	True
Xubo01402-3A	YS26	CYU	1.0	1	1.0	HiC_scaffold8	47705163	False	A	C	0/0	21	60	21,0	0.0	True
Xubo01402-4A	YS26	CYU	1.0	1	1.0	HiC_scaffold8	47705163	False	A	C	0/0	31	87	31,0	0.0	True
Xubo01402-5A	YS26	CYU	1.0	1	1.0	HiC_scaffold8	47705163	False	A	C	0/0	52	99	52,0	0.0	True
Xubo01402-6A	YS26	CYU	1.0	1	1.0	HiC_scaffold8	47705163	False	A	C	0/0	21	63	21,0	0.0	True
Xubo01402-7A	YS26	CYU	1.0	1	1.0	HiC_scaffold8	47705163	False	A	C	0/0	14	42	14,0	0.0	True
Xubo01402-8A	YS26	CYU	1.0	1	1.0	HiC_scaffold8	47705163	False	A	C	0/0	31	87	31,0	0.0	True
Xubo01402-9A	YS26	CYU	1.0	1	1.0	HiC_scaffold8	47705163	False	A	C	0/0	30	84	30,0	0.0	True
YLZB4703-2A	SM3	CYU	0.0	0	1.0	HiC_scaffold8	47705163	False	A	C	0/1	62	99	47,15	0.24193548387096775	True
YLZB4703-3A	SM3	CYU	0.0	0	1.0	HiC_scaffold8	47705163	False	A	C	0/1	60	99	44,16	0.26666666666666666	True
YLZB4703-5A	SM3	CYU	0.0	0	1.0	HiC_scaffold8	47705163	False	A	C	0/1	94	99	73,21	0.22340425531914893	True
YLZB4703-7A	SM3	CYU	0.0	0	1.0	HiC_scaffold8	47705163	False	A	C	0/1	135	99	89,46	0.34074074074074073	True
YLZB4703-9A	SM3	CYU	0.0	0	1.0	HiC_scaffold8	47705163	False	A	C	0/1	57	99	44,13	0.22807017543859648	True
YLZB4715-10A	MY1	CYU	0.0	0	1.0	HiC_scaffold8	47705163	False	A	C	0/1	74	99	27,47	0.6351351351351351	True
YLZB4715-1A	MY1	CYU	0.0	0	1.0	HiC_scaffold8	47705163	False	A	C	0/1	35	99	24,11	0.3142857142857143	True
YLZB4715-2A	MY1	CYU	0.0	0	1.0	HiC_scaffold8	47705163	False	A	C	0/1	36	99	25,11	0.3055555555555556	True
YLZB4715-5A	MY1	CYU	0.0	0	1.0	HiC_scaffold8	47705163	False	A	C	0/1	35	99	19,16	0.45714285714285713	True
YLZB4715-6A	MY1	CYU	0.0	0	1.0	HiC_scaffold8	47705163	False	A	C	0/1	38	99	24,14	0.3684210526315789	True
YLZB4715-7A	MY1	CYU	0.0	0	1.0	HiC_scaffold8	47705163	False	A	C	0/1	44	99	25,19	0.4318181818181818	True
YLZB4715-8A	MY1	CYU	0.0	0	1.0	HiC_scaffold8	47705163	False	A	C	0/1	118	99	75,43	0.3644067796610169	True
YLZB4715-9A	MY1	CYU	0.0	0	1.0	HiC_scaffold8	47705163	False	A	C	0/1	83	99	31,52	0.6265060240963856	True
YLZB4735-10A	YSXC51	CPO	1.0	1	1.0	HiC_scaffold8	47705163	False	A	C	0/0	68	99	68,0	0.0	True
YLZB4735-1A	YSXC51	CPO	1.0	1	1.0	HiC_scaffold8	47705163	False	A	C	0/0	24	69	24,0	0.0	True
YLZB4735-2A	YSXC51	CPO	1.0	1	1.0	HiC_scaffold8	47705163	False	A	C	0/0	32	93	32,0	0.0	True
YLZB4735-3A	YSXC51	CPO	1.0	1	1.0	HiC_scaffold8	47705163	False	A	C	0/0	22	54	22,0	0.0	True
YLZB4735-5A	YSXC51	CPO	1.0	1	1.0	HiC_scaffold8	47705163	False	A	C	0/0	44	99	44,0	0.0	True
YLZB4735-6A	YSXC51	CPO	1.0	1	1.0	HiC_scaffold8	47705163	False	A	C	0/0	45	99	45,0	0.0	True
YLZB4735-8A	YSXC51	CPO	1.0	1	1.0	HiC_scaffold8	47705163	False	A	C	0/0	51	99	51,0	0.0	True
YLZB4735-9A	YSXC51	CPO	1.0	1	1.0	HiC_scaffold8	47705163	False	A	C	0/0	58	99	58,0	0.0	True
YLZB4816-11A	ASCD52	CPO	1.0	1	1.0	HiC_scaffold8	47705163	False	A	C	0/0	18	0	18,0	0.0	False
YLZB4816-3A	ASCD52	CPO	1.0	1	1.0	HiC_scaffold8	47705163	False	A	C	0/0	10	27	10,0	0.0	True
YLZB4816-4A	ASCD52	CPO	1.0	1	1.0	HiC_scaffold8	47705163	False	A	C	0/0	7	18	7,0	0.0	False
YLZB4816-6A	ASCD52	CPO	1.0	1	1.0	HiC_scaffold8	47705163	False	A	C	0/0	16	48	16,0	0.0	True
YLZB4816-7A	ASCD52	CPO	1.0	1	1.0	HiC_scaffold8	47705163	False	A	C	0/0	16	48	16,0	0.0	True
YLZB4816-8A	ASCD52	CPO	1.0	1	1.0	HiC_scaffold8	47705163	False	A	C	./.	0	0	0,0	NA	False
YLZB4816-9A	ASCD52	CPO	1.0	1	1.0	HiC_scaffold8	47705163	False	A	C	0/0	56	99	56,0	0.0	True
ZXL277-1A	YY12	CMA	1.0	1	0.0	HiC_scaffold8	47705163	False	A	C	0/0	21	54	21,0	0.0	True
ZXL277-2A	YY12	CMA	1.0	1	0.0	HiC_scaffold8	47705163	False	A	C	0/0	13	36	13,0	0.0	True
ZXL277-3A	YY12	CMA	1.0	1	0.0	HiC_scaffold8	47705163	False	A	C	0/0	10	30	10,0	0.0	True
ZXL277-4A	YY12	CMA	1.0	1	0.0	HiC_scaffold8	47705163	False	A	C	0/0	7	21	7,0	0.0	False
ZXL277-5A	YY12	CMA	1.0	1	0.0	HiC_scaffold8	47705163	False	A	C	0/0	50	99	50,0	0.0	True
ZXL277-6A	YY12	CMA	1.0	1	0.0	HiC_scaffold8	47705163	False	A	C	0/0	41	99	41,0	0.0	True
ZXL277-7A	YY12	CMA	1.0	1	0.0	HiC_scaffold8	47705163	False	A	C	0/0	19	51	19,0	0.0	True
ZXL277-8A	YY12	CMA	1.0	1	0.0	HiC_scaffold8	47705163	False	A	C	0/0	31	81	31,0	0.0	True
ZXL79-1A	CZ25	CMA	1.0	1	0.0	HiC_scaffold8	47705163	False	A	C	0/0	84	99	84,0	0.0	True
ZXL79-2A	CZ25	CMA	1.0	1	0.0	HiC_scaffold8	47705163	False	A	C	0/0	69	99	69,0	0.0	True
ZXL79-3A	CZ25	CMA	1.0	1	0.0	HiC_scaffold8	47705163	False	A	C	0/0	40	99	40,0	0.0	True
ZXL79-4A	CZ25	CMA	1.0	1	0.0	HiC_scaffold8	47705163	False	A	C	0/0	187	99	187,0	0.0	True
ZXL79-5A	CZ25	CMA	1.0	1	0.0	HiC_scaffold8	47705163	False	A	C	0/0	64	99	64,0	0.0	True
ZXL79-6A	CZ25	CMA	1.0	1	0.0	HiC_scaffold8	47705163	False	A	C	0/0	37	99	37,0	0.0	True
ZXL79-7A	CZ25	CMA	1.0	1	0.0	HiC_scaffold8	47705163	False	A	C	0/0	42	99	42,0	0.0	True
xubo266-2A	XY36	CMA	1.0	1	0.0	HiC_scaffold8	47705163	False	A	C	0/0	51	99	51,0	0.0	True
xubo266-3A	XY36	CMA	1.0	1	0.0	HiC_scaffold8	47705163	False	A	C	0/0	37	99	37,0	0.0	True
xubo266-4A	XY36	CMA	1.0	1	0.0	HiC_scaffold8	47705163	False	A	C	0/0	36	96	36,0	0.0	True
xubo266-5A	XY36	CMA	1.0	1	0.0	HiC_scaffold8	47705163	False	A	C	0/0	46	99	46,0	0.0	True
xubo266-6A	XY36	CMA	1.0	1	0.0	HiC_scaffold8	47705163	False	A	C	0/0	50	99	50,0	0.0	True
xubo266-8A	XY36	CMA	1.0	1	0.0	HiC_scaffold8	47705163	False	A	C	0/0	39	99	39,0	0.0	True
xubo266-9A	XY36	CMA	1.0	1	0.0	HiC_scaffold8	47705163	False	A	C	0/0	22	63	22,0	0.0	True
zhuzm1009-10A	KM42	CPO	1.0	1	1.0	HiC_scaffold8	47705163	False	A	C	0/0	33	99	33,0	0.0	True
zhuzm1009-2A	KM42	CPO	1.0	1	1.0	HiC_scaffold8	47705163	False	A	C	0/0	53	99	53,0	0.0	True
zhuzm1009-3A	KM42	CPO	1.0	1	1.0	HiC_scaffold8	47705163	False	A	C	0/0	32	93	32,0	0.0	True
zhuzm1009-6A	KM42	CPO	1.0	1	1.0	HiC_scaffold8	47705163	False	A	C	0/0	32	93	32,0	0.0	True
zhuzm1009-7A	KM42	CPO	1.0	1	1.0	HiC_scaffold8	47705163	False	A	C	0/0	43	60	43,0	0.0	True
zhuzm1009-8A	KM42	CPO	1.0	1	1.0	HiC_scaffold8	47705163	False	A	C	0/0	54	99	54,0	0.0	True
2014-128-1A	ML50	CPO	1.0	1	1.0	HiC_scaffold8	47706421	False	A	G	0/0	65	99	65,0	0.0	True
2014-128-2A	ML50	CPO	1.0	1	1.0	HiC_scaffold8	47706421	False	A	G	0/0	36	99	36,0	0.0	True
2014-128-3A	ML50	CPO	1.0	1	1.0	HiC_scaffold8	47706421	False	A	G	0/0	68	99	68,0	0.0	True
2014-128-4A	ML50	CPO	1.0	1	1.0	HiC_scaffold8	47706421	False	A	G	0/0	102	99	102,0	0.0	True
2014-128-5A	ML50	CPO	1.0	1	1.0	HiC_scaffold8	47706421	False	A	G	0/0	66	99	66,0	0.0	True
2014-132-2A	ML5	N	1.0	1	1.0	HiC_scaffold8	47706421	False	A	G	0/0	40	99	40,0	0.0	True
2014-132-3A	ML5	N	1.0	1	1.0	HiC_scaffold8	47706421	False	A	G	0/0	102	99	102,0	0.0	True
2014-132-4A	ML5	N	1.0	1	1.0	HiC_scaffold8	47706421	False	A	G	0/0	58	99	58,0	0.0	True
2014-132-5A	ML5	N	1.0	1	1.0	HiC_scaffold8	47706421	False	A	G	0/0	32	90	32,0	0.0	True
2014-132-6A	ML5	N	1.0	1	1.0	HiC_scaffold8	47706421	False	A	G	0/0	103	99	103,0	0.0	True
2014-132-7A	ML5	N	1.0	1	1.0	HiC_scaffold8	47706421	False	A	G	0/0	104	99	104,0	0.0	True
2014-132-8A	ML5	N	1.0	1	1.0	HiC_scaffold8	47706421	False	A	G	0/0	119	99	119,0	0.0	True
2014-132-9A	ML5	N	1.0	1	1.0	HiC_scaffold8	47706421	False	A	G	0/0	56	99	56,0	0.0	True
2014-3-10A	MN34	CPO	1.0	1	1.0	HiC_scaffold8	47706421	False	A	G	0/0	134	99	134,0	0.0	True
2014-3-3A	MN34	CPO	1.0	1	1.0	HiC_scaffold8	47706421	False	A	G	0/0	119	99	119,0	0.0	True
2014-3-4A	MN34	CPO	1.0	1	1.0	HiC_scaffold8	47706421	False	A	G	0/0	93	99	93,0	0.0	True
2014-3-5A	MN34	CPO	1.0	1	1.0	HiC_scaffold8	47706421	False	A	G	0/0	84	99	84,0	0.0	True
2014-3-6A	MN34	CPO	1.0	1	1.0	HiC_scaffold8	47706421	False	A	G	0/0	162	99	162,0	0.0	True
2014-3-7A	MN34	CPO	1.0	1	1.0	HiC_scaffold8	47706421	False	A	G	0/0	148	99	148,0	0.0	True
2014-3-8A	MN34	CPO	1.0	1	1.0	HiC_scaffold8	47706421	False	A	G	0/0	134	99	134,0	0.0	True
2014-3-9A	MN34	CPO	1.0	1	1.0	HiC_scaffold8	47706421	False	A	G	0/0	151	99	151,0	0.0	True
2014-66-1A	YL49	CPO	1.0	1	1.0	HiC_scaffold8	47706421	False	A	G	0/0	67	99	67,0	0.0	True
2014-66-2A	YL49	CPO	1.0	1	1.0	HiC_scaffold8	47706421	False	A	G	0/0	22	63	22,0	0.0	True
2014-66-3A	YL49	CPO	1.0	1	1.0	HiC_scaffold8	47706421	False	A	G	0/0	41	99	41,0	0.0	True
2014-66-4A	YL49	CPO	1.0	1	1.0	HiC_scaffold8	47706421	False	A	G	0/0	73	99	73,0	0.0	True
2014-66-5A	YL49	CPO	1.0	1	1.0	HiC_scaffold8	47706421	False	A	G	0/0	47	99	47,0	0.0	True
2014-66-6A	YL49	CPO	1.0	1	1.0	HiC_scaffold8	47706421	False	A	G	0/0	31	84	31,0	0.0	True
2014-66-7A	YL49	CPO	1.0	1	1.0	HiC_scaffold8	47706421	False	A	G	0/0	110	99	110,0	0.0	True
2014-66-8A	YL49	CPO	1.0	1	1.0	HiC_scaffold8	47706421	False	A	G	0/0	45	99	45,0	0.0	True
DP1709141A	DQS11	CMA	1.0	1	0.0	HiC_scaffold8	47706421	False	A	G	0/0	53	99	53,0	0.0	True
DP1709144A	DQS11	CMA	1.0	1	0.0	HiC_scaffold8	47706421	False	A	G	0/0	61	99	61,0	0.0	True
DP1709148A	DQS11	CMA	1.0	1	0.0	HiC_scaffold8	47706421	False	A	G	0/0	66	99	66,0	0.0	True
Gln2014-15-10A	LD30	CYU	0.0	0	1.0	HiC_scaffold8	47706421	False	A	G	0/1	85	99	64,21	0.24705882352941178	True
Gln2014-15-1A	LD30	CYU	0.0	0	1.0	HiC_scaffold8	47706421	False	A	G	0/1	55	99	34,21	0.38181818181818183	True
Gln2014-15-3A	LD30	CYU	0.0	0	1.0	HiC_scaffold8	47706421	False	A	G	0/1	68	99	53,15	0.22058823529411764	True
Gln2014-15-4A	LD30	CYU	0.0	0	1.0	HiC_scaffold8	47706421	False	A	G	0/1	83	99	72,11	0.13253012048192772	True
Gln2014-15-5A	LD30	CYU	0.0	0	1.0	HiC_scaffold8	47706421	False	A	G	0/1	97	99	77,20	0.20618556701030927	True
Gln2014-15-6A	LD30	CYU	0.0	0	1.0	HiC_scaffold8	47706421	False	A	G	0/1	95	99	75,20	0.21052631578947367	True
Gln2014-15-7A	LD30	CYU	0.0	0	1.0	HiC_scaffold8	47706421	False	A	G	0/1	66	99	54,12	0.18181818181818182	True
Gln2014-15-8A	LD30	CYU	0.0	0	1.0	HiC_scaffold8	47706421	False	A	G	0/1	139	99	85,54	0.38848920863309355	True
Gln2014-8-1A	LD06	CPO	1.0	1	1.0	HiC_scaffold8	47706421	False	A	G	0/0	62	99	62,0	0.0	True
Gln2014-8-2A	LD06	CPO	1.0	1	1.0	HiC_scaffold8	47706421	False	A	G	./.	0	0	0,0	NA	False
Gln2014-8-4A	LD06	CPO	1.0	1	1.0	HiC_scaffold8	47706421	False	A	G	0/0	63	99	63,0	0.0	True
Gln2014-8-5A	LD06	CPO	1.0	1	1.0	HiC_scaffold8	47706421	False	A	G	0/0	56	99	56,0	0.0	True
Gln2014-8-6A	LD06	CPO	1.0	1	1.0	HiC_scaffold8	47706421	False	A	G	0/0	56	99	56,0	0.0	True
Gln2014-8-7A	LD06	CPO	1.0	1	1.0	HiC_scaffold8	47706421	False	A	G	0/0	8	24	8,0	0.0	False
Gln2014-8-8A	LD06	CPO	1.0	1	1.0	HiC_scaffold8	47706421	False	A	G	./.	0	0	0,0	NA	False
JLS-BM001-1A	BM31	N	NA	1	NA	HiC_scaffold8	47706421	False	A	G	0/0	59	99	59,0	0.0	True
JLS-BM001-2A	BM31	N	NA	1	NA	HiC_scaffold8	47706421	False	A	G	0/0	91	99	91,0	0.0	True
JLS-BM001-3A	BM31	N	NA	1	NA	HiC_scaffold8	47706421	False	A	G	0/0	89	99	89,0	0.0	True
JLS-BM001-4A	BM31	N	NA	1	NA	HiC_scaffold8	47706421	False	A	G	0/0	88	99	88,0	0.0	True
JLS-BM001-5A	BM31	N	NA	1	NA	HiC_scaffold8	47706421	False	A	G	0/0	62	99	62,0	0.0	True
JLS-BM001-6A	BM31	N	NA	1	NA	HiC_scaffold8	47706421	False	A	G	0/0	57	99	57,0	0.0	True
JLS-BM001-7A	BM31	N	NA	1	NA	HiC_scaffold8	47706421	False	A	G	0/0	66	99	66,0	0.0	True
JLS-BM001-8A	BM31	N	NA	1	NA	HiC_scaffold8	47706421	False	A	G	0/0	85	99	85,0	0.0	True
JLS-CY022-10A	CY32	CPO	1.0	1	1.0	HiC_scaffold8	47706421	False	A	G	0/0	88	99	88,0	0.0	True
JLS-CY022-11A	CY32	CPO	1.0	1	1.0	HiC_scaffold8	47706421	False	A	G	0/0	41	99	41,0	0.0	True
JLS-CY022-4A	CY32	CPO	1.0	1	1.0	HiC_scaffold8	47706421	False	A	G	0/0	14	42	14,0	0.0	True
JLS-CY022-5A	CY32	CPO	1.0	1	1.0	HiC_scaffold8	47706421	False	A	G	0/0	83	99	83,0	0.0	True
JLS-CY022-6A	CY32	CPO	1.0	1	1.0	HiC_scaffold8	47706421	False	A	G	0/0	57	99	57,0	0.0	True
JLS-CY022-7A	CY32	CPO	1.0	1	1.0	HiC_scaffold8	47706421	False	A	G	0/0	68	99	68,0	0.0	True
Sha-WS-1A	WS14	CMA	1.0	1	0.0	HiC_scaffold8	47706421	False	A	G	0/0	28	78	28,0	0.0	True
Sha-WS-2A	WS14	CMA	1.0	1	0.0	HiC_scaffold8	47706421	False	A	G	0/0	34	99	34,0	0.0	True
Sha-WS-3A	WS14	CMA	1.0	1	0.0	HiC_scaffold8	47706421	False	A	G	0/0	36	99	36,0	0.0	True
Sha-WS-4A	WS14	CMA	1.0	1	0.0	HiC_scaffold8	47706421	False	A	G	0/0	19	54	19,0	0.0	True
Sha-WS-5A	WS14	CMA	1.0	1	0.0	HiC_scaffold8	47706421	False	A	G	0/0	21	63	21,0	0.0	True
Sha-WS-6A	WS14	CMA	1.0	1	0.0	HiC_scaffold8	47706421	False	A	G	0/0	20	54	20,0	0.0	True
Sha-WS-7A	WS14	CMA	1.0	1	0.0	HiC_scaffold8	47706421	False	A	G	0/0	31	90	31,0	0.0	True
Sha-WS-8A	WS14	CMA	1.0	1	0.0	HiC_scaffold8	47706421	False	A	G	0/0	34	99	34,0	0.0	True
THP-SET_1917-1A	MK27	CPO	1.0	1	1.0	HiC_scaffold8	47706421	False	A	G	0/0	156	99	156,0	0.0	True
THP-SET_1917-2A	MK27	CPO	1.0	1	1.0	HiC_scaffold8	47706421	False	A	G	0/0	73	99	73,0	0.0	True
THP-SET_1917-3A	MK27	CPO	1.0	1	1.0	HiC_scaffold8	47706421	False	A	G	0/0	105	99	105,0	0.0	True
THP-SET_1917-4A	MK27	CPO	1.0	1	1.0	HiC_scaffold8	47706421	False	A	G	0/0	129	99	129,0	0.0	True
THP-SET_1917-5A	MK27	CPO	1.0	1	1.0	HiC_scaffold8	47706421	False	A	G	0/0	130	99	130,0	0.0	True
THP-SET_1917-6A	MK27	CPO	1.0	1	1.0	HiC_scaffold8	47706421	False	A	G	0/0	208	99	208,0	0.0	True
THP-SET_1917-7A	MK27	CPO	1.0	1	1.0	HiC_scaffold8	47706421	False	A	G	0/0	169	99	169,0	0.0	True
THP-SET_1917-8A	MK27	CPO	1.0	1	1.0	HiC_scaffold8	47706421	False	A	G	0/0	161	99	161,0	0.0	True
XB2014-144-2A	SM35	CYU	1.0	1	1.0	HiC_scaffold8	47706421	False	A	G	0/0	126	99	126,0	0.0	True
XB2014-144-3A	SM35	CYU	1.0	1	1.0	HiC_scaffold8	47706421	False	A	G	0/0	76	99	76,0	0.0	True
XB2014-144-4A	SM35	CYU	1.0	1	1.0	HiC_scaffold8	47706421	False	A	G	0/0	127	99	127,0	0.0	True
XB2014-144-5A	SM35	CYU	1.0	1	1.0	HiC_scaffold8	47706421	False	A	G	0/0	100	99	100,0	0.0	True
XB2014-144-6A	SM35	CYU	1.0	1	1.0	HiC_scaffold8	47706421	False	A	G	0/0	87	99	87,0	0.0	True
XB2014-144-7A	SM35	CYU	1.0	1	1.0	HiC_scaffold8	47706421	False	A	G	0/0	141	99	141,0	0.0	True
XB2014-144-8A	SM35	CYU	1.0	1	1.0	HiC_scaffold8	47706421	False	A	G	0/0	147	99	147,0	0.0	True
XB2014-144-9A	SM35	CYU	1.0	1	1.0	HiC_scaffold8	47706421	False	A	G	0/0	123	99	123,0	0.0	True
XB2014-38-2A	EY8	CYU	0.0	1	1.0	HiC_scaffold8	47706421	False	A	G	0/1	47	99	31,16	0.3404255319148936	True
XB2014-38-3A	EY8	CYU	0.0	1	1.0	HiC_scaffold8	47706421	False	A	G	0/0	37	99	37,0	0.0	True
XB2014-38-4A	EY8	CYU	0.0	1	1.0	HiC_scaffold8	47706421	False	A	G	0/0	28	78	28,0	0.0	True
XB2014-38-5A	EY8	CYU	0.0	1	1.0	HiC_scaffold8	47706421	False	A	G	0/0	18	51	18,0	0.0	True
XB2014-38-6A	EY9	CPO	0.0	1	1.0	HiC_scaffold8	47706421	False	A	G	0/0	25	63	25,0	0.0	True
XB2014-39-1A	EY9	CPO	1.0	1	1.0	HiC_scaffold8	47706421	False	A	G	0/0	34	99	34,0	0.0	True
XB2014-39-2A	EY9	CPO	1.0	1	1.0	HiC_scaffold8	47706421	False	A	G	0/0	150	99	150,0	0.0	True
XB2014-39-3A	EY9	CPO	1.0	1	1.0	HiC_scaffold8	47706421	False	A	G	0/0	95	99	95,0	0.0	True
XB2014-39-4A	EY9	CPO	1.0	1	1.0	HiC_scaffold8	47706421	False	A	G	0/0	60	99	60,0	0.0	True
XB2014-39-5A	EY9	CPO	1.0	1	1.0	HiC_scaffold8	47706421	False	A	G	0/0	55	99	55,0	0.0	True
XB2014-39-6A	EY9	CPO	1.0	1	1.0	HiC_scaffold8	47706421	False	A	G	0/0	134	99	134,0	0.0	True
XB2014-39-7A	EY9	CPO	1.0	1	1.0	HiC_scaffold8	47706421	False	A	G	0/0	111	99	111,0	0.0	True
XB2014-39-8A	EY9	CPO	1.0	1	1.0	HiC_scaffold8	47706421	False	A	G	0/0	70	99	70,0	0.0	True
XB2014-4-2A	MN4	CYU	0.0	0	1.0	HiC_scaffold8	47706421	False	A	G	0/1	72	99	50,22	0.3055555555555556	True
XB2014-4-3A	MN4	CYU	0.0	0	1.0	HiC_scaffold8	47706421	False	A	G	0/1	91	99	55,36	0.3956043956043956	True
XB2014-4-4A	MN4	CYU	0.0	0	1.0	HiC_scaffold8	47706421	False	A	G	0/1	83	99	58,25	0.30120481927710846	True
XB2014-4-5A	MN4	CYU	0.0	0	1.0	HiC_scaffold8	47706421	False	A	G	0/1	42	99	17,25	0.5952380952380952	True
XB2014-4-6A	MN4	CYU	0.0	0	1.0	HiC_scaffold8	47706421	False	A	G	0/1	73	99	37,36	0.4931506849315068	True
XB2014-4-7A	MN4	CYU	0.0	0	1.0	HiC_scaffold8	47706421	False	A	G	0/1	137	99	107,30	0.21897810218978103	True
XB2014-4-8A	YL9	CYU	0.0	0	1.0	HiC_scaffold8	47706421	False	A	G	0/0	40	99	40,0	0.0	True
XB2014-4-9A	YL9	CYU	0.0	0	1.0	HiC_scaffold8	47706421	False	A	G	0/1	74	99	50,24	0.32432432432432434	True
XB2014-48-1A	MN4	CYU	0.0	0	1.0	HiC_scaffold8	47706421	False	A	G	0/1	62	99	51,11	0.1774193548387097	True
XB2014-48-2A	MN4	CYU	0.0	0	1.0	HiC_scaffold8	47706421	False	A	G	0/1	73	99	50,23	0.3150684931506849	True
XB2014-48-3A	YL9	CYU	0.0	0	1.0	HiC_scaffold8	47706421	False	A	G	0/1	96	99	59,37	0.3854166666666667	True
XB2014-48-4A	YL9	CYU	0.0	0	1.0	HiC_scaffold8	47706421	False	A	G	0/1	76	99	57,19	0.25	True
XB2014-48-5A	YL9	CYU	0.0	0	1.0	HiC_scaffold8	47706421	False	A	G	0/1	89	99	61,28	0.3146067415730337	True
XB2014-48-6A	YL9	CYU	0.0	0	1.0	HiC_scaffold8	47706421	False	A	G	0/1	70	99	52,18	0.2571428571428571	True
XB2014-48-7A	YL9	CYU	0.0	0	1.0	HiC_scaffold8	47706421	False	A	G	0/1	57	99	18,39	0.6842105263157895	True
XB2014-48-9A	YL9	CYU	0.0	0	1.0	HiC_scaffold8	47706421	False	A	G	0/1	28	6	26,2	0.07142857142857142	False
XB26-3B	SC37	CPO	1.0	1	1.0	HiC_scaffold8	47706421	False	A	G	0/0	50	99	50,0	0.0	True
XB26-4B	SC37	CPO	1.0	1	1.0	HiC_scaffold8	47706421	False	A	G	0/0	25	72	25,0	0.0	True
XB26-5B	SC37	CPO	1.0	1	1.0	HiC_scaffold8	47706421	False	A	G	0/0	40	99	40,0	0.0	True
XB26-7B	SC37	CPO	1.0	1	1.0	HiC_scaffold8	47706421	False	A	G	0/0	54	99	54,0	0.0	True
XuBo982-1A	XS40	CMA	1.0	1	0.0	HiC_scaffold8	47706421	False	A	G	0/0	26	72	26,0	0.0	True
XuBo982-2A	XS40	CMA	1.0	1	0.0	HiC_scaffold8	47706421	False	A	G	0/0	15	42	15,0	0.0	True
XuBo982-3A	XS40	CMA	1.0	1	0.0	HiC_scaffold8	47706421	False	A	G	0/0	29	81	29,0	0.0	True
XuBo982-4A	XS40	CMA	1.0	1	0.0	HiC_scaffold8	47706421	False	A	G	0/0	27	75	27,0	0.0	True
XuBo982-5A	XS40	CMA	1.0	1	0.0	HiC_scaffold8	47706421	False	A	G	0/0	35	99	35,0	0.0	True
XubBo-1037-1A	LN46	N	1.0	1	0.0	HiC_scaffold8	47706421	False	A	G	0/0	26	75	26,0	0.0	True
XubBo-1037-2A	TB43	CMA	NA	1	NA	HiC_scaffold8	47706421	False	A	G	0/0	24	63	24,0	0.0	True
XubBo-1037-3A	TB43	CMA	NA	1	NA	HiC_scaffold8	47706421	False	A	G	0/0	25	72	25,0	0.0	True
XubBo-1037-4A	TB43	CMA	NA	1	NA	HiC_scaffold8	47706421	False	A	G	0/0	22	57	22,0	0.0	True
XubBo-1037-5A	TB43	CMA	NA	1	NA	HiC_scaffold8	47706421	False	A	G	0/0	13	39	13,0	0.0	True
XubBo-1037-6A	TB43	CMA	NA	1	NA	HiC_scaffold8	47706421	False	A	G	0/0	27	72	27,0	0.0	True
XubBo-1037-7A	TB43	CMA	NA	1	NA	HiC_scaffold8	47706421	False	A	G	0/0	26	75	26,0	0.0	True
XubBo-1037-8A	TB43	CMA	NA	1	NA	HiC_scaffold8	47706421	False	A	G	0/0	21	57	21,0	0.0	True
XubBo1030-10A	LN46	N	1.0	1	0.0	HiC_scaffold8	47706421	False	A	G	0/0	36	99	36,0	0.0	True
XubBo1030-1A	LN46	N	1.0	1	0.0	HiC_scaffold8	47706421	False	A	G	0/0	41	99	41,0	0.0	True
XubBo1030-3A	LN46	N	1.0	1	0.0	HiC_scaffold8	47706421	False	A	G	0/0	24	61	24,0	0.0	True
XubBo1030-5A	LN46	N	1.0	1	0.0	HiC_scaffold8	47706421	False	A	G	0/0	23	60	23,0	0.0	True
XubBo1030-6A	LN46	N	1.0	1	0.0	HiC_scaffold8	47706421	False	A	G	0/0	25	72	25,0	0.0	True
XubBo1030-8A	LN46	N	1.0	1	0.0	HiC_scaffold8	47706421	False	A	G	0/0	30	90	30,0	0.0	True
XubBo1030-9A	LN46	N	1.0	1	0.0	HiC_scaffold8	47706421	False	A	G	0/0	25	61	25,0	0.0	True
XubBo1051-10A	WX48	CMA	1.0	1	0.0	HiC_scaffold8	47706421	False	A	G	0/0	47	99	47,0	0.0	True
XubBo1051-1A	WX48	CMA	1.0	1	0.0	HiC_scaffold8	47706421	False	A	G	0/0	28	81	28,0	0.0	True
XubBo1051-2A	WX48	CMA	1.0	1	0.0	HiC_scaffold8	47706421	False	A	G	0/0	28	81	28,0	0.0	True
XubBo1051-3A	WX48	CMA	1.0	1	0.0	HiC_scaffold8	47706421	False	A	G	0/0	28	84	28,0	0.0	True
XubBo1051-4A	WX48	CMA	1.0	1	0.0	HiC_scaffold8	47706421	False	A	G	0/0	19	54	19,0	0.0	True
XubBo1051-7A	WX48	CMA	1.0	1	0.0	HiC_scaffold8	47706421	False	A	G	0/0	35	99	35,0	0.0	True
XubBo1051-8A	WX48	CMA	1.0	1	0.0	HiC_scaffold8	47706421	False	A	G	0/0	36	99	36,0	0.0	True
XubBo1051-9A	WX48	CMA	1.0	1	0.0	HiC_scaffold8	47706421	False	A	G	0/0	15	39	15,0	0.0	True
Xubo01402-2A	YS26	CYU	1.0	1	1.0	HiC_scaffold8	47706421	False	A	G	0/0	34	99	34,0	0.0	True
Xubo01402-3A	YS26	CYU	1.0	1	1.0	HiC_scaffold8	47706421	False	A	G	0/0	49	99	49,0	0.0	True
Xubo01402-4A	YS26	CYU	1.0	1	1.0	HiC_scaffold8	47706421	False	A	G	0/0	31	81	31,0	0.0	True
Xubo01402-5A	YS26	CYU	1.0	1	1.0	HiC_scaffold8	47706421	False	A	G	0/0	72	99	72,0	0.0	True
Xubo01402-6A	YS26	CYU	1.0	1	1.0	HiC_scaffold8	47706421	False	A	G	0/0	28	81	28,0	0.0	True
Xubo01402-7A	YS26	CYU	1.0	1	1.0	HiC_scaffold8	47706421	False	A	G	0/0	35	99	35,0	0.0	True
Xubo01402-8A	YS26	CYU	1.0	1	1.0	HiC_scaffold8	47706421	False	A	G	0/0	50	99	50,0	0.0	True
Xubo01402-9A	YS26	CYU	1.0	1	1.0	HiC_scaffold8	47706421	False	A	G	0/0	56	99	56,0	0.0	True
YLZB4703-2A	SM3	CYU	0.0	0	1.0	HiC_scaffold8	47706421	False	A	G	0/1	103	99	63,40	0.3883495145631068	True
YLZB4703-3A	SM3	CYU	0.0	0	1.0	HiC_scaffold8	47706421	False	A	G	0/1	89	99	46,43	0.48314606741573035	True
YLZB4703-5A	SM3	CYU	0.0	0	1.0	HiC_scaffold8	47706421	False	A	G	0/1	105	99	73,32	0.3047619047619048	True
YLZB4703-7A	SM3	CYU	0.0	0	1.0	HiC_scaffold8	47706421	False	A	G	0/1	184	99	100,84	0.45652173913043476	True
YLZB4703-9A	SM3	CYU	0.0	0	1.0	HiC_scaffold8	47706421	False	A	G	0/1	91	99	63,28	0.3076923076923077	True
YLZB4715-10A	MY1	CYU	0.0	0	1.0	HiC_scaffold8	47706421	False	A	G	0/1	132	99	60,72	0.5454545454545454	True
YLZB4715-1A	MY1	CYU	0.0	0	1.0	HiC_scaffold8	47706421	False	A	G	0/1	82	99	56,26	0.3170731707317073	True
YLZB4715-2A	MY1	CYU	0.0	0	1.0	HiC_scaffold8	47706421	False	A	G	0/1	103	99	74,29	0.2815533980582524	True
YLZB4715-5A	MY1	CYU	0.0	0	1.0	HiC_scaffold8	47706421	False	A	G	0/1	65	99	48,17	0.26153846153846155	True
YLZB4715-6A	MY1	CYU	0.0	0	1.0	HiC_scaffold8	47706421	False	A	G	0/1	82	99	50,32	0.3902439024390244	True
YLZB4715-7A	MY1	CYU	0.0	0	1.0	HiC_scaffold8	47706421	False	A	G	0/1	89	99	45,44	0.4943820224719101	True
YLZB4715-8A	MY1	CYU	0.0	0	1.0	HiC_scaffold8	47706421	False	A	G	0/1	118	99	92,26	0.22033898305084745	True
YLZB4715-9A	MY1	CYU	0.0	0	1.0	HiC_scaffold8	47706421	False	A	G	0/1	107	99	50,57	0.5327102803738317	True
YLZB4735-10A	YSXC51	CPO	1.0	1	1.0	HiC_scaffold8	47706421	False	A	G	0/0	118	99	118,0	0.0	True
YLZB4735-1A	YSXC51	CPO	1.0	1	1.0	HiC_scaffold8	47706421	False	A	G	0/0	59	99	59,0	0.0	True
YLZB4735-2A	YSXC51	CPO	1.0	1	1.0	HiC_scaffold8	47706421	False	A	G	0/0	73	99	73,0	0.0	True
YLZB4735-3A	YSXC51	CPO	1.0	1	1.0	HiC_scaffold8	47706421	False	A	G	0/0	68	99	68,0	0.0	True
YLZB4735-5A	YSXC51	CPO	1.0	1	1.0	HiC_scaffold8	47706421	False	A	G	0/0	60	99	60,0	0.0	True
YLZB4735-6A	YSXC51	CPO	1.0	1	1.0	HiC_scaffold8	47706421	False	A	G	0/0	96	99	96,0	0.0	True
YLZB4735-8A	YSXC51	CPO	1.0	1	1.0	HiC_scaffold8	47706421	False	A	G	0/0	114	99	114,0	0.0	True
YLZB4735-9A	YSXC51	CPO	1.0	1	1.0	HiC_scaffold8	47706421	False	A	G	0/0	115	99	115,0	0.0	True
YLZB4816-11A	ASCD52	CPO	1.0	1	1.0	HiC_scaffold8	47706421	False	A	G	0/0	39	99	39,0	0.0	True
YLZB4816-3A	ASCD52	CPO	1.0	1	1.0	HiC_scaffold8	47706421	False	A	G	0/0	21	60	21,0	0.0	True
YLZB4816-4A	ASCD52	CPO	1.0	1	1.0	HiC_scaffold8	47706421	False	A	G	0/0	23	66	23,0	0.0	True
YLZB4816-6A	ASCD52	CPO	1.0	1	1.0	HiC_scaffold8	47706421	False	A	G	0/0	66	99	66,0	0.0	True
YLZB4816-7A	ASCD52	CPO	1.0	1	1.0	HiC_scaffold8	47706421	False	A	G	0/0	44	99	44,0	0.0	True
YLZB4816-8A	ASCD52	CPO	1.0	1	1.0	HiC_scaffold8	47706421	False	A	G	0/0	7	21	7,0	0.0	False
YLZB4816-9A	ASCD52	CPO	1.0	1	1.0	HiC_scaffold8	47706421	False	A	G	0/0	218	99	218,0	0.0	True
ZXL277-1A	YY12	CMA	1.0	1	0.0	HiC_scaffold8	47706421	False	A	G	0/0	28	75	28,0	0.0	True
ZXL277-2A	YY12	CMA	1.0	1	0.0	HiC_scaffold8	47706421	False	A	G	0/0	13	39	13,0	0.0	True
ZXL277-3A	YY12	CMA	1.0	1	0.0	HiC_scaffold8	47706421	False	A	G	0/0	7	21	7,0	0.0	False
ZXL277-4A	YY12	CMA	1.0	1	0.0	HiC_scaffold8	47706421	False	A	G	0/0	20	60	20,0	0.0	True
ZXL277-5A	YY12	CMA	1.0	1	0.0	HiC_scaffold8	47706421	False	A	G	0/0	55	99	55,0	0.0	True
ZXL277-6A	YY12	CMA	1.0	1	0.0	HiC_scaffold8	47706421	False	A	G	0/0	39	99	39,0	0.0	True
ZXL277-7A	YY12	CMA	1.0	1	0.0	HiC_scaffold8	47706421	False	A	G	0/0	28	81	28,0	0.0	True
ZXL277-8A	YY12	CMA	1.0	1	0.0	HiC_scaffold8	47706421	False	A	G	0/0	35	99	35,0	0.0	True
ZXL79-1A	CZ25	CMA	1.0	1	0.0	HiC_scaffold8	47706421	False	A	G	0/0	111	99	111,0	0.0	True
ZXL79-2A	CZ25	CMA	1.0	1	0.0	HiC_scaffold8	47706421	False	A	G	0/0	76	99	76,0	0.0	True
ZXL79-3A	CZ25	CMA	1.0	1	0.0	HiC_scaffold8	47706421	False	A	G	0/0	43	99	43,0	0.0	True
ZXL79-4A	CZ25	CMA	1.0	1	0.0	HiC_scaffold8	47706421	False	A	G	0/0	263	99	263,0	0.0	True
ZXL79-5A	CZ25	CMA	1.0	1	0.0	HiC_scaffold8	47706421	False	A	G	0/0	80	99	80,0	0.0	True
ZXL79-6A	CZ25	CMA	1.0	1	0.0	HiC_scaffold8	47706421	False	A	G	0/0	51	99	51,0	0.0	True
ZXL79-7A	CZ25	CMA	1.0	1	0.0	HiC_scaffold8	47706421	False	A	G	0/0	92	99	92,0	0.0	True
xubo266-2A	XY36	CMA	1.0	1	0.0	HiC_scaffold8	47706421	False	A	G	0/0	79	99	79,0	0.0	True
xubo266-3A	XY36	CMA	1.0	1	0.0	HiC_scaffold8	47706421	False	A	G	0/0	41	99	41,0	0.0	True
xubo266-4A	XY36	CMA	1.0	1	0.0	HiC_scaffold8	47706421	False	A	G	0/0	52	99	52,0	0.0	True
xubo266-5A	XY36	CMA	1.0	1	0.0	HiC_scaffold8	47706421	False	A	G	0/0	48	99	48,0	0.0	True
xubo266-6A	XY36	CMA	1.0	1	0.0	HiC_scaffold8	47706421	False	A	G	0/0	76	99	76,0	0.0	True
xubo266-8A	XY36	CMA	1.0	1	0.0	HiC_scaffold8	47706421	False	A	G	0/0	41	99	41,0	0.0	True
xubo266-9A	XY36	CMA	1.0	1	0.0	HiC_scaffold8	47706421	False	A	G	0/0	31	84	31,0	0.0	True
zhuzm1009-10A	KM42	CPO	1.0	1	1.0	HiC_scaffold8	47706421	False	A	G	0/0	94	99	94,0	0.0	True
zhuzm1009-2A	KM42	CPO	1.0	1	1.0	HiC_scaffold8	47706421	False	A	G	0/0	105	99	105,0	0.0	True
zhuzm1009-3A	KM42	CPO	1.0	1	1.0	HiC_scaffold8	47706421	False	A	G	0/0	72	99	72,0	0.0	True
zhuzm1009-6A	KM42	CPO	1.0	1	1.0	HiC_scaffold8	47706421	False	A	G	0/0	33	90	33,0	0.0	True
zhuzm1009-7A	KM42	CPO	1.0	1	1.0	HiC_scaffold8	47706421	False	A	G	0/0	75	99	75,0	0.0	True
zhuzm1009-8A	KM42	CPO	1.0	1	1.0	HiC_scaffold8	47706421	False	A	G	0/0	67	99	67,0	0.0	True
2014-128-1A	ML50	CPO	1.0	1	1.0	HiC_scaffold8	47706525	False	T	G	0/0	68	99	68,0	0.0	True
2014-128-2A	ML50	CPO	1.0	1	1.0	HiC_scaffold8	47706525	False	T	G	0/0	33	90	33,0	0.0	True
2014-128-3A	ML50	CPO	1.0	1	1.0	HiC_scaffold8	47706525	False	T	G	0/0	69	99	69,0	0.0	True
2014-128-4A	ML50	CPO	1.0	1	1.0	HiC_scaffold8	47706525	False	T	G	0/0	83	99	83,0	0.0	True
2014-128-5A	ML50	CPO	1.0	1	1.0	HiC_scaffold8	47706525	False	T	G	0/0	62	99	62,0	0.0	True
2014-132-2A	ML5	N	1.0	1	1.0	HiC_scaffold8	47706525	False	T	G	0/0	40	99	40,0	0.0	True
2014-132-3A	ML5	N	1.0	1	1.0	HiC_scaffold8	47706525	False	T	G	0/0	106	99	106,0	0.0	True
2014-132-4A	ML5	N	1.0	1	1.0	HiC_scaffold8	47706525	False	T	G	0/0	57	99	57,0	0.0	True
2014-132-5A	ML5	N	1.0	1	1.0	HiC_scaffold8	47706525	False	T	G	0/0	45	99	45,0	0.0	True
2014-132-6A	ML5	N	1.0	1	1.0	HiC_scaffold8	47706525	False	T	G	0/0	95	99	95,0	0.0	True
2014-132-7A	ML5	N	1.0	1	1.0	HiC_scaffold8	47706525	False	T	G	0/0	125	99	125,0	0.0	True
2014-132-8A	ML5	N	1.0	1	1.0	HiC_scaffold8	47706525	False	T	G	0/0	139	99	139,0	0.0	True
2014-132-9A	ML5	N	1.0	1	1.0	HiC_scaffold8	47706525	False	T	G	0/0	70	99	70,0	0.0	True
2014-3-10A	MN34	CPO	1.0	1	1.0	HiC_scaffold8	47706525	False	T	G	0/0	150	99	150,0	0.0	True
2014-3-3A	MN34	CPO	1.0	1	1.0	HiC_scaffold8	47706525	False	T	G	0/0	141	99	141,0	0.0	True
2014-3-4A	MN34	CPO	1.0	1	1.0	HiC_scaffold8	47706525	False	T	G	0/0	87	99	87,0	0.0	True
2014-3-5A	MN34	CPO	1.0	1	1.0	HiC_scaffold8	47706525	False	T	G	0/0	91	99	91,0	0.0	True
2014-3-6A	MN34	CPO	1.0	1	1.0	HiC_scaffold8	47706525	False	T	G	0/0	165	99	165,0	0.0	True
2014-3-7A	MN34	CPO	1.0	1	1.0	HiC_scaffold8	47706525	False	T	G	0/0	216	99	216,0	0.0	True
2014-3-8A	MN34	CPO	1.0	1	1.0	HiC_scaffold8	47706525	False	T	G	0/0	158	99	158,0	0.0	True
2014-3-9A	MN34	CPO	1.0	1	1.0	HiC_scaffold8	47706525	False	T	G	0/0	162	0	162,0	0.0	False
2014-66-1A	YL49	CPO	1.0	1	1.0	HiC_scaffold8	47706525	False	T	G	0/0	71	99	71,0	0.0	True
2014-66-2A	YL49	CPO	1.0	1	1.0	HiC_scaffold8	47706525	False	T	G	0/0	38	99	38,0	0.0	True
2014-66-3A	YL49	CPO	1.0	1	1.0	HiC_scaffold8	47706525	False	T	G	0/0	48	99	48,0	0.0	True
2014-66-4A	YL49	CPO	1.0	1	1.0	HiC_scaffold8	47706525	False	T	G	0/0	70	99	70,0	0.0	True
2014-66-5A	YL49	CPO	1.0	1	1.0	HiC_scaffold8	47706525	False	T	G	0/0	53	99	53,0	0.0	True
2014-66-6A	YL49	CPO	1.0	1	1.0	HiC_scaffold8	47706525	False	T	G	0/0	45	99	45,0	0.0	True
2014-66-7A	YL49	CPO	1.0	1	1.0	HiC_scaffold8	47706525	False	T	G	0/0	126	99	126,0	0.0	True
2014-66-8A	YL49	CPO	1.0	1	1.0	HiC_scaffold8	47706525	False	T	G	0/0	41	99	41,0	0.0	True
DP1709141A	DQS11	CMA	1.0	1	0.0	HiC_scaffold8	47706525	False	T	G	0/0	55	99	55,0	0.0	True
DP1709144A	DQS11	CMA	1.0	1	0.0	HiC_scaffold8	47706525	False	T	G	0/0	73	99	73,0	0.0	True
DP1709148A	DQS11	CMA	1.0	1	0.0	HiC_scaffold8	47706525	False	T	G	0/0	80	99	80,0	0.0	True
Gln2014-15-10A	LD30	CYU	0.0	0	1.0	HiC_scaffold8	47706525	False	T	G	0/1	92	99	76,16	0.17391304347826086	True
Gln2014-15-1A	LD30	CYU	0.0	0	1.0	HiC_scaffold8	47706525	False	T	G	1/1	25	75	0,25	1.0	True
Gln2014-15-3A	LD30	CYU	0.0	0	1.0	HiC_scaffold8	47706525	False	T	G	0/1	58	99	48,10	0.1724137931034483	True
Gln2014-15-4A	LD30	CYU	0.0	0	1.0	HiC_scaffold8	47706525	False	T	G	0/1	92	99	75,17	0.18478260869565216	True
Gln2014-15-5A	LD30	CYU	0.0	0	1.0	HiC_scaffold8	47706525	False	T	G	0/1	123	99	104,19	0.15447154471544716	True
Gln2014-15-6A	LD30	CYU	0.0	0	1.0	HiC_scaffold8	47706525	False	T	G	0/1	147	99	114,33	0.22448979591836735	True
Gln2014-15-7A	LD30	CYU	0.0	0	1.0	HiC_scaffold8	47706525	False	T	G	0/1	64	99	50,14	0.21875	True
Gln2014-15-8A	LD30	CYU	0.0	0	1.0	HiC_scaffold8	47706525	False	T	G	0/1	136	99	78,58	0.4264705882352941	True
Gln2014-8-1A	LD06	CPO	1.0	1	1.0	HiC_scaffold8	47706525	False	T	G	0/0	74	99	74,0	0.0	True
Gln2014-8-2A	LD06	CPO	1.0	1	1.0	HiC_scaffold8	47706525	False	T	G	./.	0	0	0,0	NA	False
Gln2014-8-4A	LD06	CPO	1.0	1	1.0	HiC_scaffold8	47706525	False	T	G	0/0	60	99	60,0	0.0	True
Gln2014-8-5A	LD06	CPO	1.0	1	1.0	HiC_scaffold8	47706525	False	T	G	0/0	44	99	44,0	0.0	True
Gln2014-8-6A	LD06	CPO	1.0	1	1.0	HiC_scaffold8	47706525	False	T	G	0/0	72	90	72,0	0.0	True
Gln2014-8-7A	LD06	CPO	1.0	1	1.0	HiC_scaffold8	47706525	False	T	G	0/0	11	33	11,0	0.0	True
Gln2014-8-8A	LD06	CPO	1.0	1	1.0	HiC_scaffold8	47706525	False	T	G	./.	0	0	0,0	NA	False
JLS-BM001-1A	BM31	N	NA	1	NA	HiC_scaffold8	47706525	False	T	G	0/0	72	99	72,0	0.0	True
JLS-BM001-2A	BM31	N	NA	1	NA	HiC_scaffold8	47706525	False	T	G	0/0	118	99	118,0	0.0	True
JLS-BM001-3A	BM31	N	NA	1	NA	HiC_scaffold8	47706525	False	T	G	0/0	113	99	113,0	0.0	True
JLS-BM001-4A	BM31	N	NA	1	NA	HiC_scaffold8	47706525	False	T	G	0/0	101	99	101,0	0.0	True
JLS-BM001-5A	BM31	N	NA	1	NA	HiC_scaffold8	47706525	False	T	G	0/0	81	99	81,0	0.0	True
JLS-BM001-6A	BM31	N	NA	1	NA	HiC_scaffold8	47706525	False	T	G	0/0	75	99	75,0	0.0	True
JLS-BM001-7A	BM31	N	NA	1	NA	HiC_scaffold8	47706525	False	T	G	0/0	84	99	84,0	0.0	True
JLS-BM001-8A	BM31	N	NA	1	NA	HiC_scaffold8	47706525	False	T	G	0/0	83	99	83,0	0.0	True
JLS-CY022-10A	CY32	CPO	1.0	1	1.0	HiC_scaffold8	47706525	False	T	G	0/0	96	99	96,0	0.0	True
JLS-CY022-11A	CY32	CPO	1.0	1	1.0	HiC_scaffold8	47706525	False	T	G	0/0	46	99	46,0	0.0	True
JLS-CY022-4A	CY32	CPO	1.0	1	1.0	HiC_scaffold8	47706525	False	T	G	0/0	14	36	14,0	0.0	True
JLS-CY022-5A	CY32	CPO	1.0	1	1.0	HiC_scaffold8	47706525	False	T	G	0/0	89	99	89,0	0.0	True
JLS-CY022-6A	CY32	CPO	1.0	1	1.0	HiC_scaffold8	47706525	False	T	G	0/0	75	99	75,0	0.0	True
JLS-CY022-7A	CY32	CPO	1.0	1	1.0	HiC_scaffold8	47706525	False	T	G	0/0	69	99	69,0	0.0	True
Sha-WS-1A	WS14	CMA	1.0	1	0.0	HiC_scaffold8	47706525	False	T	G	0/0	33	99	33,0	0.0	True
Sha-WS-2A	WS14	CMA	1.0	1	0.0	HiC_scaffold8	47706525	False	T	G	0/0	30	81	30,0	0.0	True
Sha-WS-3A	WS14	CMA	1.0	1	0.0	HiC_scaffold8	47706525	False	T	G	0/0	41	99	41,0	0.0	True
Sha-WS-4A	WS14	CMA	1.0	1	0.0	HiC_scaffold8	47706525	False	T	G	0/0	23	60	23,0	0.0	True
Sha-WS-5A	WS14	CMA	1.0	1	0.0	HiC_scaffold8	47706525	False	T	G	0/0	23	60	23,0	0.0	True
Sha-WS-6A	WS14	CMA	1.0	1	0.0	HiC_scaffold8	47706525	False	T	G	0/0	27	75	27,0	0.0	True
Sha-WS-7A	WS14	CMA	1.0	1	0.0	HiC_scaffold8	47706525	False	T	G	0/0	28	81	28,0	0.0	True
Sha-WS-8A	WS14	CMA	1.0	1	0.0	HiC_scaffold8	47706525	False	T	G	0/0	32	96	32,0	0.0	True
THP-SET_1917-1A	MK27	CPO	1.0	1	1.0	HiC_scaffold8	47706525	False	T	G	0/0	164	99	164,0	0.0	True
THP-SET_1917-2A	MK27	CPO	1.0	1	1.0	HiC_scaffold8	47706525	False	T	G	0/0	80	99	80,0	0.0	True
THP-SET_1917-3A	MK27	CPO	1.0	1	1.0	HiC_scaffold8	47706525	False	T	G	0/0	119	99	119,0	0.0	True
THP-SET_1917-4A	MK27	CPO	1.0	1	1.0	HiC_scaffold8	47706525	False	T	G	0/0	128	99	128,0	0.0	True
THP-SET_1917-5A	MK27	CPO	1.0	1	1.0	HiC_scaffold8	47706525	False	T	G	0/0	103	99	103,0	0.0	True
THP-SET_1917-6A	MK27	CPO	1.0	1	1.0	HiC_scaffold8	47706525	False	T	G	0/0	198	99	198,0	0.0	True
THP-SET_1917-7A	MK27	CPO	1.0	1	1.0	HiC_scaffold8	47706525	False	T	G	0/0	175	99	175,0	0.0	True
THP-SET_1917-8A	MK27	CPO	1.0	1	1.0	HiC_scaffold8	47706525	False	T	G	0/0	174	99	174,0	0.0	True
XB2014-144-2A	SM35	CYU	1.0	1	1.0	HiC_scaffold8	47706525	False	T	G	0/0	155	99	155,0	0.0	True
XB2014-144-3A	SM35	CYU	1.0	1	1.0	HiC_scaffold8	47706525	False	T	G	0/0	100	99	100,0	0.0	True
XB2014-144-4A	SM35	CYU	1.0	1	1.0	HiC_scaffold8	47706525	False	T	G	0/0	154	99	154,0	0.0	True
XB2014-144-5A	SM35	CYU	1.0	1	1.0	HiC_scaffold8	47706525	False	T	G	0/0	140	99	140,0	0.0	True
XB2014-144-6A	SM35	CYU	1.0	1	1.0	HiC_scaffold8	47706525	False	T	G	0/0	80	99	80,0	0.0	True
XB2014-144-7A	SM35	CYU	1.0	1	1.0	HiC_scaffold8	47706525	False	T	G	0/0	202	99	202,0	0.0	True
XB2014-144-8A	SM35	CYU	1.0	1	1.0	HiC_scaffold8	47706525	False	T	G	0/0	189	99	189,0	0.0	True
XB2014-144-9A	SM35	CYU	1.0	1	1.0	HiC_scaffold8	47706525	False	T	G	0/0	134	99	134,0	0.0	True
XB2014-38-2A	EY8	CYU	0.0	1	1.0	HiC_scaffold8	47706525	False	T	G	0/1	44	99	36,8	0.18181818181818182	True
XB2014-38-3A	EY8	CYU	0.0	1	1.0	HiC_scaffold8	47706525	False	T	G	0/0	48	99	48,0	0.0	True
XB2014-38-4A	EY8	CYU	0.0	1	1.0	HiC_scaffold8	47706525	False	T	G	0/0	37	99	37,0	0.0	True
XB2014-38-5A	EY8	CYU	0.0	1	1.0	HiC_scaffold8	47706525	False	T	G	0/0	16	45	16,0	0.0	True
XB2014-38-6A	EY9	CPO	0.0	1	1.0	HiC_scaffold8	47706525	False	T	G	0/0	23	63	23,0	0.0	True
XB2014-39-1A	EY9	CPO	1.0	1	1.0	HiC_scaffold8	47706525	False	T	G	0/0	26	72	26,0	0.0	True
XB2014-39-2A	EY9	CPO	1.0	1	1.0	HiC_scaffold8	47706525	False	T	G	0/0	160	99	160,0	0.0	True
XB2014-39-3A	EY9	CPO	1.0	1	1.0	HiC_scaffold8	47706525	False	T	G	0/0	108	99	108,0	0.0	True
XB2014-39-4A	EY9	CPO	1.0	1	1.0	HiC_scaffold8	47706525	False	T	G	0/0	58	99	58,0	0.0	True
XB2014-39-5A	EY9	CPO	1.0	1	1.0	HiC_scaffold8	47706525	False	T	G	0/0	63	99	63,0	0.0	True
XB2014-39-6A	EY9	CPO	1.0	1	1.0	HiC_scaffold8	47706525	False	T	G	0/0	108	99	108,0	0.0	True
XB2014-39-7A	EY9	CPO	1.0	1	1.0	HiC_scaffold8	47706525	False	T	G	0/0	118	99	118,0	0.0	True
XB2014-39-8A	EY9	CPO	1.0	1	1.0	HiC_scaffold8	47706525	False	T	G	0/0	105	99	105,0	0.0	True
XB2014-4-2A	MN4	CYU	0.0	0	1.0	HiC_scaffold8	47706525	False	T	G	0/0	86	0	86,0	0.0	False
XB2014-4-3A	MN4	CYU	0.0	0	1.0	HiC_scaffold8	47706525	False	T	G	0/1	80	99	60,20	0.25	True
XB2014-4-4A	MN4	CYU	0.0	0	1.0	HiC_scaffold8	47706525	False	T	G	0/1	94	99	61,33	0.35106382978723405	True
XB2014-4-5A	MN4	CYU	0.0	0	1.0	HiC_scaffold8	47706525	False	T	G	0/1	44	99	17,27	0.6136363636363636	True
XB2014-4-6A	MN4	CYU	0.0	0	1.0	HiC_scaffold8	47706525	False	T	G	0/1	76	99	45,31	0.40789473684210525	True
XB2014-4-7A	MN4	CYU	0.0	0	1.0	HiC_scaffold8	47706525	False	T	G	0/1	121	99	94,27	0.2231404958677686	True
XB2014-4-8A	YL9	CYU	0.0	0	1.0	HiC_scaffold8	47706525	False	T	G	0/1	85	99	69,16	0.18823529411764706	True
XB2014-4-9A	YL9	CYU	0.0	0	1.0	HiC_scaffold8	47706525	False	T	G	0/1	74	99	45,29	0.3918918918918919	True
XB2014-48-1A	MN4	CYU	0.0	0	1.0	HiC_scaffold8	47706525	False	T	G	0/1	73	99	64,9	0.1232876712328767	True
XB2014-48-2A	MN4	CYU	0.0	0	1.0	HiC_scaffold8	47706525	False	T	G	0/1	128	99	91,37	0.2890625	True
XB2014-48-3A	YL9	CYU	0.0	0	1.0	HiC_scaffold8	47706525	False	T	G	0/1	97	99	57,40	0.41237113402061853	True
XB2014-48-4A	YL9	CYU	0.0	0	1.0	HiC_scaffold8	47706525	False	T	G	0/1	90	99	64,26	0.28888888888888886	True
XB2014-48-5A	YL9	CYU	0.0	0	1.0	HiC_scaffold8	47706525	False	T	G	0/1	91	99	62,29	0.31868131868131866	True
XB2014-48-6A	YL9	CYU	0.0	0	1.0	HiC_scaffold8	47706525	False	T	G	0/1	70	99	43,27	0.38571428571428573	True
XB2014-48-7A	YL9	CYU	0.0	0	1.0	HiC_scaffold8	47706525	False	T	G	0/1	94	99	62,32	0.3404255319148936	True
XB2014-48-9A	YL9	CYU	0.0	0	1.0	HiC_scaffold8	47706525	False	T	G	0/1	87	99	66,21	0.2413793103448276	True
XB26-3B	SC37	CPO	1.0	1	1.0	HiC_scaffold8	47706525	False	T	G	0/0	48	99	48,0	0.0	True
XB26-4B	SC37	CPO	1.0	1	1.0	HiC_scaffold8	47706525	False	T	G	0/0	37	99	37,0	0.0	True
XB26-5B	SC37	CPO	1.0	1	1.0	HiC_scaffold8	47706525	False	T	G	0/0	46	99	46,0	0.0	True
XB26-7B	SC37	CPO	1.0	1	1.0	HiC_scaffold8	47706525	False	T	G	0/0	66	99	66,0	0.0	True
XuBo982-1A	XS40	CMA	1.0	1	0.0	HiC_scaffold8	47706525	False	T	G	0/0	26	66	26,0	0.0	True
XuBo982-2A	XS40	CMA	1.0	1	0.0	HiC_scaffold8	47706525	False	T	G	0/0	24	72	24,0	0.0	True
XuBo982-3A	XS40	CMA	1.0	1	0.0	HiC_scaffold8	47706525	False	T	G	0/0	25	75	25,0	0.0	True
XuBo982-4A	XS40	CMA	1.0	1	0.0	HiC_scaffold8	47706525	False	T	G	0/0	22	60	22,0	0.0	True
XuBo982-5A	XS40	CMA	1.0	1	0.0	HiC_scaffold8	47706525	False	T	G	0/0	35	99	35,0	0.0	True
XubBo-1037-1A	LN46	N	1.0	1	0.0	HiC_scaffold8	47706525	False	T	G	0/0	29	84	29,0	0.0	True
XubBo-1037-2A	TB43	CMA	NA	1	NA	HiC_scaffold8	47706525	False	T	G	0/0	28	78	28,0	0.0	True
XubBo-1037-3A	TB43	CMA	NA	1	NA	HiC_scaffold8	47706525	False	T	G	0/0	29	81	29,0	0.0	True
XubBo-1037-4A	TB43	CMA	NA	1	NA	HiC_scaffold8	47706525	False	T	G	0/0	37	99	37,0	0.0	True
XubBo-1037-5A	TB43	CMA	NA	1	NA	HiC_scaffold8	47706525	False	T	G	0/0	6	15	6,0	0.0	False
XubBo-1037-6A	TB43	CMA	NA	1	NA	HiC_scaffold8	47706525	False	T	G	0/0	22	63	22,0	0.0	True
XubBo-1037-7A	TB43	CMA	NA	1	NA	HiC_scaffold8	47706525	False	T	G	0/0	29	81	29,0	0.0	True
XubBo-1037-8A	TB43	CMA	NA	1	NA	HiC_scaffold8	47706525	False	T	G	0/0	19	51	19,0	0.0	True
XubBo1030-10A	LN46	N	1.0	1	0.0	HiC_scaffold8	47706525	False	T	G	0/0	36	99	36,0	0.0	True
XubBo1030-1A	LN46	N	1.0	1	0.0	HiC_scaffold8	47706525	False	T	G	0/0	36	99	36,0	0.0	True
XubBo1030-3A	LN46	N	1.0	1	0.0	HiC_scaffold8	47706525	False	T	G	0/0	27	75	27,0	0.0	True
XubBo1030-5A	LN46	N	1.0	1	0.0	HiC_scaffold8	47706525	False	T	G	0/0	26	72	26,0	0.0	True
XubBo1030-6A	LN46	N	1.0	1	0.0	HiC_scaffold8	47706525	False	T	G	0/0	34	90	34,0	0.0	True
XubBo1030-8A	LN46	N	1.0	1	0.0	HiC_scaffold8	47706525	False	T	G	0/0	27	81	27,0	0.0	True
XubBo1030-9A	LN46	N	1.0	1	0.0	HiC_scaffold8	47706525	False	T	G	0/0	31	90	31,0	0.0	True
XubBo1051-10A	WX48	CMA	1.0	1	0.0	HiC_scaffold8	47706525	False	T	G	0/0	51	99	51,0	0.0	True
XubBo1051-1A	WX48	CMA	1.0	1	0.0	HiC_scaffold8	47706525	False	T	G	0/0	48	99	48,0	0.0	True
XubBo1051-2A	WX48	CMA	1.0	1	0.0	HiC_scaffold8	47706525	False	T	G	0/0	32	90	32,0	0.0	True
XubBo1051-3A	WX48	CMA	1.0	1	0.0	HiC_scaffold8	47706525	False	T	G	0/0	28	75	28,0	0.0	True
XubBo1051-4A	WX48	CMA	1.0	1	0.0	HiC_scaffold8	47706525	False	T	G	0/0	22	66	22,0	0.0	True
XubBo1051-7A	WX48	CMA	1.0	1	0.0	HiC_scaffold8	47706525	False	T	G	0/0	75	99	75,0	0.0	True
XubBo1051-8A	WX48	CMA	1.0	1	0.0	HiC_scaffold8	47706525	False	T	G	0/0	36	99	36,0	0.0	True
XubBo1051-9A	WX48	CMA	1.0	1	0.0	HiC_scaffold8	47706525	False	T	G	0/0	41	99	41,0	0.0	True
Xubo01402-2A	YS26	CYU	1.0	1	1.0	HiC_scaffold8	47706525	False	T	G	0/0	36	99	36,0	0.0	True
Xubo01402-3A	YS26	CYU	1.0	1	1.0	HiC_scaffold8	47706525	False	T	G	0/0	54	99	54,0	0.0	True
Xubo01402-4A	YS26	CYU	1.0	1	1.0	HiC_scaffold8	47706525	False	T	G	0/0	25	72	25,0	0.0	True
Xubo01402-5A	YS26	CYU	1.0	1	1.0	HiC_scaffold8	47706525	False	T	G	0/0	91	99	91,0	0.0	True
Xubo01402-6A	YS26	CYU	1.0	1	1.0	HiC_scaffold8	47706525	False	T	G	0/0	33	90	33,0	0.0	True
Xubo01402-7A	YS26	CYU	1.0	1	1.0	HiC_scaffold8	47706525	False	T	G	0/0	38	99	38,0	0.0	True
Xubo01402-8A	YS26	CYU	1.0	1	1.0	HiC_scaffold8	47706525	False	T	G	0/0	76	99	76,0	0.0	True
Xubo01402-9A	YS26	CYU	1.0	1	1.0	HiC_scaffold8	47706525	False	T	G	0/0	68	99	68,0	0.0	True
YLZB4703-2A	SM3	CYU	0.0	0	1.0	HiC_scaffold8	47706525	False	T	G	0/1	139	99	106,33	0.23741007194244604	True
YLZB4703-3A	SM3	CYU	0.0	0	1.0	HiC_scaffold8	47706525	False	T	G	0/1	106	99	63,43	0.4056603773584906	True
YLZB4703-5A	SM3	CYU	0.0	0	1.0	HiC_scaffold8	47706525	False	T	G	0/1	133	99	94,39	0.2932330827067669	True
YLZB4703-7A	SM3	CYU	0.0	0	1.0	HiC_scaffold8	47706525	False	T	G	0/1	223	99	145,78	0.34977578475336324	True
YLZB4703-9A	SM3	CYU	0.0	0	1.0	HiC_scaffold8	47706525	False	T	G	0/1	109	99	93,16	0.14678899082568808	True
YLZB4715-10A	MY1	CYU	0.0	0	1.0	HiC_scaffold8	47706525	False	T	G	0/1	153	99	82,71	0.46405228758169936	True
YLZB4715-1A	MY1	CYU	0.0	0	1.0	HiC_scaffold8	47706525	False	T	G	0/1	96	99	80,16	0.16666666666666666	True
YLZB4715-2A	MY1	CYU	0.0	0	1.0	HiC_scaffold8	47706525	False	T	G	0/1	80	99	71,9	0.1125	True
YLZB4715-5A	MY1	CYU	0.0	0	1.0	HiC_scaffold8	47706525	False	T	G	0/1	79	99	59,20	0.25316455696202533	True
YLZB4715-6A	MY1	CYU	0.0	0	1.0	HiC_scaffold8	47706525	False	T	G	0/1	96	99	67,29	0.3020833333333333	True
YLZB4715-7A	MY1	CYU	0.0	0	1.0	HiC_scaffold8	47706525	False	T	G	0/1	110	99	51,59	0.5363636363636364	True
YLZB4715-8A	MY1	CYU	0.0	0	1.0	HiC_scaffold8	47706525	False	T	G	0/1	147	99	93,54	0.3673469387755102	True
YLZB4715-9A	MY1	CYU	0.0	0	1.0	HiC_scaffold8	47706525	False	T	G	0/1	161	99	82,79	0.4906832298136646	True
YLZB4735-10A	YSXC51	CPO	1.0	1	1.0	HiC_scaffold8	47706525	False	T	G	0/0	150	99	150,0	0.0	True
YLZB4735-1A	YSXC51	CPO	1.0	1	1.0	HiC_scaffold8	47706525	False	T	G	0/0	64	99	64,0	0.0	True
YLZB4735-2A	YSXC51	CPO	1.0	1	1.0	HiC_scaffold8	47706525	False	T	G	0/0	88	99	88,0	0.0	True
YLZB4735-3A	YSXC51	CPO	1.0	1	1.0	HiC_scaffold8	47706525	False	T	G	0/0	65	99	65,0	0.0	True
YLZB4735-5A	YSXC51	CPO	1.0	1	1.0	HiC_scaffold8	47706525	False	T	G	0/0	64	99	64,0	0.0	True
YLZB4735-6A	YSXC51	CPO	1.0	1	1.0	HiC_scaffold8	47706525	False	T	G	0/0	111	99	111,0	0.0	True
YLZB4735-8A	YSXC51	CPO	1.0	1	1.0	HiC_scaffold8	47706525	False	T	G	0/0	128	99	128,0	0.0	True
YLZB4735-9A	YSXC51	CPO	1.0	1	1.0	HiC_scaffold8	47706525	False	T	G	0/0	133	99	133,0	0.0	True
YLZB4816-11A	ASCD52	CPO	1.0	1	1.0	HiC_scaffold8	47706525	False	T	G	0/0	32	93	32,0	0.0	True
YLZB4816-3A	ASCD52	CPO	1.0	1	1.0	HiC_scaffold8	47706525	False	T	G	0/0	34	99	34,0	0.0	True
YLZB4816-4A	ASCD52	CPO	1.0	1	1.0	HiC_scaffold8	47706525	False	T	G	0/0	20	54	20,0	0.0	True
YLZB4816-6A	ASCD52	CPO	1.0	1	1.0	HiC_scaffold8	47706525	False	T	G	0/0	48	99	48,0	0.0	True
YLZB4816-7A	ASCD52	CPO	1.0	1	1.0	HiC_scaffold8	47706525	False	T	G	0/0	36	99	36,0	0.0	True
YLZB4816-8A	ASCD52	CPO	1.0	1	1.0	HiC_scaffold8	47706525	False	T	G	0/0	8	24	8,0	0.0	False
YLZB4816-9A	ASCD52	CPO	1.0	1	1.0	HiC_scaffold8	47706525	False	T	G	0/0	216	99	216,0	0.0	True
ZXL277-1A	YY12	CMA	1.0	1	0.0	HiC_scaffold8	47706525	False	T	G	0/0	32	90	32,0	0.0	True
ZXL277-2A	YY12	CMA	1.0	1	0.0	HiC_scaffold8	47706525	False	T	G	0/0	12	30	12,0	0.0	True
ZXL277-3A	YY12	CMA	1.0	1	0.0	HiC_scaffold8	47706525	False	T	G	0/0	11	30	11,0	0.0	True
ZXL277-4A	YY12	CMA	1.0	1	0.0	HiC_scaffold8	47706525	False	T	G	0/0	23	63	23,0	0.0	True
ZXL277-5A	YY12	CMA	1.0	1	0.0	HiC_scaffold8	47706525	False	T	G	0/0	55	99	55,0	0.0	True
ZXL277-6A	YY12	CMA	1.0	1	0.0	HiC_scaffold8	47706525	False	T	G	0/0	39	99	39,0	0.0	True
ZXL277-7A	YY12	CMA	1.0	1	0.0	HiC_scaffold8	47706525	False	T	G	0/0	26	72	26,0	0.0	True
ZXL277-8A	YY12	CMA	1.0	1	0.0	HiC_scaffold8	47706525	False	T	G	0/0	36	99	36,0	0.0	True
ZXL79-1A	CZ25	CMA	1.0	1	0.0	HiC_scaffold8	47706525	False	T	G	0/0	106	99	106,0	0.0	True
ZXL79-2A	CZ25	CMA	1.0	1	0.0	HiC_scaffold8	47706525	False	T	G	0/0	83	99	83,0	0.0	True
ZXL79-3A	CZ25	CMA	1.0	1	0.0	HiC_scaffold8	47706525	False	T	G	0/0	49	99	49,0	0.0	True
ZXL79-4A	CZ25	CMA	1.0	1	0.0	HiC_scaffold8	47706525	False	T	G	0/0	266	99	266,0	0.0	True
ZXL79-5A	CZ25	CMA	1.0	1	0.0	HiC_scaffold8	47706525	False	T	G	0/0	93	99	93,0	0.0	True
ZXL79-6A	CZ25	CMA	1.0	1	0.0	HiC_scaffold8	47706525	False	T	G	0/0	47	99	47,0	0.0	True
ZXL79-7A	CZ25	CMA	1.0	1	0.0	HiC_scaffold8	47706525	False	T	G	0/0	96	99	96,0	0.0	True
xubo266-2A	XY36	CMA	1.0	1	0.0	HiC_scaffold8	47706525	False	T	G	0/0	84	99	84,0	0.0	True
xubo266-3A	XY36	CMA	1.0	1	0.0	HiC_scaffold8	47706525	False	T	G	0/0	50	99	50,0	0.0	True
xubo266-4A	XY36	CMA	1.0	1	0.0	HiC_scaffold8	47706525	False	T	G	0/0	66	99	66,0	0.0	True
xubo266-5A	XY36	CMA	1.0	1	0.0	HiC_scaffold8	47706525	False	T	G	0/0	53	99	53,0	0.0	True
xubo266-6A	XY36	CMA	1.0	1	0.0	HiC_scaffold8	47706525	False	T	G	0/0	78	99	78,0	0.0	True
xubo266-8A	XY36	CMA	1.0	1	0.0	HiC_scaffold8	47706525	False	T	G	0/0	38	99	38,0	0.0	True
xubo266-9A	XY36	CMA	1.0	1	0.0	HiC_scaffold8	47706525	False	T	G	0/0	34	99	34,0	0.0	True
zhuzm1009-10A	KM42	CPO	1.0	1	1.0	HiC_scaffold8	47706525	False	T	G	0/0	106	99	106,0	0.0	True
zhuzm1009-2A	KM42	CPO	1.0	1	1.0	HiC_scaffold8	47706525	False	T	G	0/0	97	99	97,0	0.0	True
zhuzm1009-3A	KM42	CPO	1.0	1	1.0	HiC_scaffold8	47706525	False	T	G	0/0	72	99	72,0	0.0	True
zhuzm1009-6A	KM42	CPO	1.0	1	1.0	HiC_scaffold8	47706525	False	T	G	0/0	54	99	54,0	0.0	True
zhuzm1009-7A	KM42	CPO	1.0	1	1.0	HiC_scaffold8	47706525	False	T	G	0/0	69	99	69,0	0.0	True
zhuzm1009-8A	KM42	CPO	1.0	1	1.0	HiC_scaffold8	47706525	False	T	G	0/0	94	99	94,0	0.0	True
2014-128-1A	ML50	CPO	1.0	1	1.0	HiC_scaffold8	47707485	False	G	A	0/0	121	99	121,0	0.0	True
2014-128-2A	ML50	CPO	1.0	1	1.0	HiC_scaffold8	47707485	False	G	A	0/0	87	99	87,0	0.0	True
2014-128-3A	ML50	CPO	1.0	1	1.0	HiC_scaffold8	47707485	False	G	A	0/0	104	99	104,0	0.0	True
2014-128-4A	ML50	CPO	1.0	1	1.0	HiC_scaffold8	47707485	False	G	A	0/0	152	99	152,0	0.0	True
2014-128-5A	ML50	CPO	1.0	1	1.0	HiC_scaffold8	47707485	False	G	A	0/0	89	99	89,0	0.0	True
2014-132-2A	ML5	N	1.0	1	1.0	HiC_scaffold8	47707485	False	G	A	0/0	81	99	81,0	0.0	True
2014-132-3A	ML5	N	1.0	1	1.0	HiC_scaffold8	47707485	False	G	A	0/0	150	99	150,0	0.0	True
2014-132-4A	ML5	N	1.0	1	1.0	HiC_scaffold8	47707485	False	G	A	0/0	118	99	118,0	0.0	True
2014-132-5A	ML5	N	1.0	1	1.0	HiC_scaffold8	47707485	False	G	A	0/0	58	99	58,0	0.0	True
2014-132-6A	ML5	N	1.0	1	1.0	HiC_scaffold8	47707485	False	G	A	0/0	117	99	117,0	0.0	True
2014-132-7A	ML5	N	1.0	1	1.0	HiC_scaffold8	47707485	False	G	A	0/0	139	99	139,0	0.0	True
2014-132-8A	ML5	N	1.0	1	1.0	HiC_scaffold8	47707485	False	G	A	0/0	242	99	242,0	0.0	True
2014-132-9A	ML5	N	1.0	1	1.0	HiC_scaffold8	47707485	False	G	A	0/0	94	99	94,0	0.0	True
2014-3-10A	MN34	CPO	1.0	1	1.0	HiC_scaffold8	47707485	False	G	A	0/0	259	99	259,0	0.0	True
2014-3-3A	MN34	CPO	1.0	1	1.0	HiC_scaffold8	47707485	False	G	A	0/0	162	99	162,0	0.0	True
2014-3-4A	MN34	CPO	1.0	1	1.0	HiC_scaffold8	47707485	False	G	A	0/0	141	99	141,0	0.0	True
2014-3-5A	MN34	CPO	1.0	1	1.0	HiC_scaffold8	47707485	False	G	A	0/0	109	99	109,0	0.0	True
2014-3-6A	MN34	CPO	1.0	1	1.0	HiC_scaffold8	47707485	False	G	A	0/0	173	99	173,0	0.0	True
2014-3-7A	MN34	CPO	1.0	1	1.0	HiC_scaffold8	47707485	False	G	A	0/0	197	99	197,0	0.0	True
2014-3-8A	MN34	CPO	1.0	1	1.0	HiC_scaffold8	47707485	False	G	A	0/0	180	99	180,0	0.0	True
2014-3-9A	MN34	CPO	1.0	1	1.0	HiC_scaffold8	47707485	False	G	A	0/0	199	99	199,0	0.0	True
2014-66-1A	YL49	CPO	1.0	1	1.0	HiC_scaffold8	47707485	False	G	A	0/0	127	99	127,0	0.0	True
2014-66-2A	YL49	CPO	1.0	1	1.0	HiC_scaffold8	47707485	False	G	A	0/0	82	99	82,0	0.0	True
2014-66-3A	YL49	CPO	1.0	1	1.0	HiC_scaffold8	47707485	False	G	A	0/0	65	99	65,0	0.0	True
2014-66-4A	YL49	CPO	1.0	1	1.0	HiC_scaffold8	47707485	False	G	A	0/0	46	99	46,0	0.0	True
2014-66-5A	YL49	CPO	1.0	1	1.0	HiC_scaffold8	47707485	False	G	A	0/0	53	99	53,0	0.0	True
2014-66-6A	YL49	CPO	1.0	1	1.0	HiC_scaffold8	47707485	False	G	A	0/0	62	99	62,0	0.0	True
2014-66-7A	YL49	CPO	1.0	1	1.0	HiC_scaffold8	47707485	False	G	A	0/0	107	99	107,0	0.0	True
2014-66-8A	YL49	CPO	1.0	1	1.0	HiC_scaffold8	47707485	False	G	A	0/0	80	99	80,0	0.0	True
DP1709141A	DQS11	CMA	1.0	1	0.0	HiC_scaffold8	47707485	False	G	A	0/0	58	99	58,0	0.0	True
DP1709144A	DQS11	CMA	1.0	1	0.0	HiC_scaffold8	47707485	False	G	A	0/0	49	99	49,0	0.0	True
DP1709148A	DQS11	CMA	1.0	1	0.0	HiC_scaffold8	47707485	False	G	A	0/0	84	99	84,0	0.0	True
Gln2014-15-10A	LD30	CYU	0.0	0	1.0	HiC_scaffold8	47707485	False	G	A	0/1	95	99	81,14	0.14736842105263157	True
Gln2014-15-1A	LD30	CYU	0.0	0	1.0	HiC_scaffold8	47707485	False	G	A	0/1	85	99	68,17	0.2	True
Gln2014-15-3A	LD30	CYU	0.0	0	1.0	HiC_scaffold8	47707485	False	G	A	0/1	60	27	55,5	0.08333333333333333	True
Gln2014-15-4A	LD30	CYU	0.0	0	1.0	HiC_scaffold8	47707485	False	G	A	0/1	100	99	88,12	0.12	True
Gln2014-15-5A	LD30	CYU	0.0	0	1.0	HiC_scaffold8	47707485	False	G	A	0/1	130	99	88,42	0.3230769230769231	True
Gln2014-15-6A	LD30	CYU	0.0	0	1.0	HiC_scaffold8	47707485	False	G	A	0/1	103	99	67,36	0.34951456310679613	True
Gln2014-15-7A	LD30	CYU	0.0	0	1.0	HiC_scaffold8	47707485	False	G	A	0/1	56	99	27,29	0.5178571428571429	True
Gln2014-15-8A	LD30	CYU	0.0	0	1.0	HiC_scaffold8	47707485	False	G	A	0/1	125	99	80,45	0.36	True
Gln2014-8-1A	LD06	CPO	1.0	1	1.0	HiC_scaffold8	47707485	False	G	A	0/0	128	99	128,0	0.0	True
Gln2014-8-2A	LD06	CPO	1.0	1	1.0	HiC_scaffold8	47707485	False	G	A	0/0	50	99	50,0	0.0	True
Gln2014-8-4A	LD06	CPO	1.0	1	1.0	HiC_scaffold8	47707485	False	G	A	0/0	98	99	98,0	0.0	True
Gln2014-8-5A	LD06	CPO	1.0	1	1.0	HiC_scaffold8	47707485	False	G	A	0/0	93	99	93,0	0.0	True
Gln2014-8-6A	LD06	CPO	1.0	1	1.0	HiC_scaffold8	47707485	False	G	A	0/0	96	99	96,0	0.0	True
Gln2014-8-7A	LD06	CPO	1.0	1	1.0	HiC_scaffold8	47707485	False	G	A	0/0	47	99	47,0	0.0	True
Gln2014-8-8A	LD06	CPO	1.0	1	1.0	HiC_scaffold8	47707485	False	G	A	0/0	57	99	57,0	0.0	True
JLS-BM001-1A	BM31	N	NA	1	NA	HiC_scaffold8	47707485	False	G	A	0/0	201	99	201,0	0.0	True
JLS-BM001-2A	BM31	N	NA	1	NA	HiC_scaffold8	47707485	False	G	A	0/0	160	99	160,0	0.0	True
JLS-BM001-3A	BM31	N	NA	1	NA	HiC_scaffold8	47707485	False	G	A	0/0	218	99	218,0	0.0	True
JLS-BM001-4A	BM31	N	NA	1	NA	HiC_scaffold8	47707485	False	G	A	0/0	213	99	213,0	0.0	True
JLS-BM001-5A	BM31	N	NA	1	NA	HiC_scaffold8	47707485	False	G	A	0/0	226	99	226,0	0.0	True
JLS-BM001-6A	BM31	N	NA	1	NA	HiC_scaffold8	47707485	False	G	A	0/0	235	99	235,0	0.0	True
JLS-BM001-7A	BM31	N	NA	1	NA	HiC_scaffold8	47707485	False	G	A	0/0	163	99	163,0	0.0	True
JLS-BM001-8A	BM31	N	NA	1	NA	HiC_scaffold8	47707485	False	G	A	0/0	203	99	203,0	0.0	True
JLS-CY022-10A	CY32	CPO	1.0	1	1.0	HiC_scaffold8	47707485	False	G	A	0/0	88	99	88,0	0.0	True
JLS-CY022-11A	CY32	CPO	1.0	1	1.0	HiC_scaffold8	47707485	False	G	A	0/0	101	99	101,0	0.0	True
JLS-CY022-4A	CY32	CPO	1.0	1	1.0	HiC_scaffold8	47707485	False	G	A	0/0	49	99	49,0	0.0	True
JLS-CY022-5A	CY32	CPO	1.0	1	1.0	HiC_scaffold8	47707485	False	G	A	0/0	85	99	85,0	0.0	True
JLS-CY022-6A	CY32	CPO	1.0	1	1.0	HiC_scaffold8	47707485	False	G	A	0/0	86	99	86,0	0.0	True
JLS-CY022-7A	CY32	CPO	1.0	1	1.0	HiC_scaffold8	47707485	False	G	A	0/0	72	99	72,0	0.0	True
Sha-WS-1A	WS14	CMA	1.0	1	0.0	HiC_scaffold8	47707485	False	G	A	0/0	25	0	25,0	0.0	False
Sha-WS-2A	WS14	CMA	1.0	1	0.0	HiC_scaffold8	47707485	False	G	A	0/0	25	72	24,0	0.0	True
Sha-WS-3A	WS14	CMA	1.0	1	0.0	HiC_scaffold8	47707485	False	G	A	0/0	39	75	39,0	0.0	True
Sha-WS-4A	WS14	CMA	1.0	1	0.0	HiC_scaffold8	47707485	False	G	A	0/0	16	6	16,0	0.0	False
Sha-WS-5A	WS14	CMA	1.0	1	0.0	HiC_scaffold8	47707485	False	G	A	0/0	29	81	29,0	0.0	True
Sha-WS-6A	WS14	CMA	1.0	1	0.0	HiC_scaffold8	47707485	False	G	A	0/0	15	42	15,0	0.0	True
Sha-WS-7A	WS14	CMA	1.0	1	0.0	HiC_scaffold8	47707485	False	G	A	0/0	30	90	30,0	0.0	True
Sha-WS-8A	WS14	CMA	1.0	1	0.0	HiC_scaffold8	47707485	False	G	A	0/0	41	0	41,0	0.0	False
THP-SET_1917-1A	MK27	CPO	1.0	1	1.0	HiC_scaffold8	47707485	False	G	A	0/0	154	99	154,0	0.0	True
THP-SET_1917-2A	MK27	CPO	1.0	1	1.0	HiC_scaffold8	47707485	False	G	A	0/0	93	99	93,0	0.0	True
THP-SET_1917-3A	MK27	CPO	1.0	1	1.0	HiC_scaffold8	47707485	False	G	A	0/0	121	99	121,0	0.0	True
THP-SET_1917-4A	MK27	CPO	1.0	1	1.0	HiC_scaffold8	47707485	False	G	A	0/0	150	99	150,0	0.0	True
THP-SET_1917-5A	MK27	CPO	1.0	1	1.0	HiC_scaffold8	47707485	False	G	A	0/0	221	99	221,0	0.0	True
THP-SET_1917-6A	MK27	CPO	1.0	1	1.0	HiC_scaffold8	47707485	False	G	A	0/0	266	99	266,0	0.0	True
THP-SET_1917-7A	MK27	CPO	1.0	1	1.0	HiC_scaffold8	47707485	False	G	A	0/0	189	99	189,0	0.0	True
THP-SET_1917-8A	MK27	CPO	1.0	1	1.0	HiC_scaffold8	47707485	False	G	A	0/0	195	99	195,0	0.0	True
XB2014-144-2A	SM35	CYU	1.0	1	1.0	HiC_scaffold8	47707485	False	G	A	0/0	168	99	168,0	0.0	True
XB2014-144-3A	SM35	CYU	1.0	1	1.0	HiC_scaffold8	47707485	False	G	A	0/0	123	99	123,0	0.0	True
XB2014-144-4A	SM35	CYU	1.0	1	1.0	HiC_scaffold8	47707485	False	G	A	0/0	136	99	136,0	0.0	True
XB2014-144-5A	SM35	CYU	1.0	1	1.0	HiC_scaffold8	47707485	False	G	A	0/0	152	99	152,0	0.0	True
XB2014-144-6A	SM35	CYU	1.0	1	1.0	HiC_scaffold8	47707485	False	G	A	0/0	100	99	100,0	0.0	True
XB2014-144-7A	SM35	CYU	1.0	1	1.0	HiC_scaffold8	47707485	False	G	A	0/0	247	99	247,0	0.0	True
XB2014-144-8A	SM35	CYU	1.0	1	1.0	HiC_scaffold8	47707485	False	G	A	0/0	181	99	181,0	0.0	True
XB2014-144-9A	SM35	CYU	1.0	1	1.0	HiC_scaffold8	47707485	False	G	A	0/0	116	99	116,0	0.0	True
XB2014-38-2A	EY8	CYU	0.0	1	1.0	HiC_scaffold8	47707485	False	G	A	0/1	48	57	42,6	0.125	True
XB2014-38-3A	EY8	CYU	0.0	1	1.0	HiC_scaffold8	47707485	False	G	A	0/0	55	99	55,0	0.0	True
XB2014-38-4A	EY8	CYU	0.0	1	1.0	HiC_scaffold8	47707485	False	G	A	0/0	57	99	57,0	0.0	True
XB2014-38-5A	EY8	CYU	0.0	1	1.0	HiC_scaffold8	47707485	False	G	A	0/0	50	99	50,0	0.0	True
XB2014-38-6A	EY9	CPO	0.0	1	1.0	HiC_scaffold8	47707485	False	G	A	0/0	37	99	37,0	0.0	True
XB2014-39-1A	EY9	CPO	1.0	1	1.0	HiC_scaffold8	47707485	False	G	A	0/0	60	99	60,0	0.0	True
XB2014-39-2A	EY9	CPO	1.0	1	1.0	HiC_scaffold8	47707485	False	G	A	0/0	178	99	178,0	0.0	True
XB2014-39-3A	EY9	CPO	1.0	1	1.0	HiC_scaffold8	47707485	False	G	A	0/0	125	99	125,0	0.0	True
XB2014-39-4A	EY9	CPO	1.0	1	1.0	HiC_scaffold8	47707485	False	G	A	0/0	72	99	72,0	0.0	True
XB2014-39-5A	EY9	CPO	1.0	1	1.0	HiC_scaffold8	47707485	False	G	A	0/0	113	99	113,0	0.0	True
XB2014-39-6A	EY9	CPO	1.0	1	1.0	HiC_scaffold8	47707485	False	G	A	0/0	171	99	171,0	0.0	True
XB2014-39-7A	EY9	CPO	1.0	1	1.0	HiC_scaffold8	47707485	False	G	A	0/0	135	99	135,0	0.0	True
XB2014-39-8A	EY9	CPO	1.0	1	1.0	HiC_scaffold8	47707485	False	G	A	0/0	83	99	83,0	0.0	True
XB2014-4-2A	MN4	CYU	0.0	0	1.0	HiC_scaffold8	47707485	False	G	A	0/1	96	99	63,33	0.34375	True
XB2014-4-3A	MN4	CYU	0.0	0	1.0	HiC_scaffold8	47707485	False	G	A	0/1	85	99	53,32	0.3764705882352941	True
XB2014-4-4A	MN4	CYU	0.0	0	1.0	HiC_scaffold8	47707485	False	G	A	0/1	94	99	68,26	0.2765957446808511	True
XB2014-4-5A	MN4	CYU	0.0	0	1.0	HiC_scaffold8	47707485	False	G	A	0/1	78	99	36,42	0.5384615384615384	True
XB2014-4-6A	MN4	CYU	0.0	0	1.0	HiC_scaffold8	47707485	False	G	A	0/1	91	99	56,35	0.38461538461538464	True
XB2014-4-7A	MN4	CYU	0.0	0	1.0	HiC_scaffold8	47707485	False	G	A	0/1	152	99	103,49	0.3223684210526316	True
XB2014-4-8A	YL9	CYU	0.0	0	1.0	HiC_scaffold8	47707485	False	G	A	0/1	89	99	72,17	0.19101123595505617	True
XB2014-4-9A	YL9	CYU	0.0	0	1.0	HiC_scaffold8	47707485	False	G	A	0/1	81	99	45,36	0.4444444444444444	True
XB2014-48-1A	MN4	CYU	0.0	0	1.0	HiC_scaffold8	47707485	False	G	A	0/0	104	18	95,9	0.08653846153846154	False
XB2014-48-2A	MN4	CYU	0.0	0	1.0	HiC_scaffold8	47707485	False	G	A	0/1	122	99	108,14	0.11475409836065574	True
XB2014-48-3A	YL9	CYU	0.0	0	1.0	HiC_scaffold8	47707485	False	G	A	0/1	80	99	41,39	0.4875	True
XB2014-48-4A	YL9	CYU	0.0	0	1.0	HiC_scaffold8	47707485	False	G	A	0/0	84	99	84,0	0.0	True
XB2014-48-5A	YL9	CYU	0.0	0	1.0	HiC_scaffold8	47707485	False	G	A	0/1	102	99	67,35	0.3431372549019608	True
XB2014-48-6A	YL9	CYU	0.0	0	1.0	HiC_scaffold8	47707485	False	G	A	0/1	85	99	58,27	0.3176470588235294	True
XB2014-48-7A	YL9	CYU	0.0	0	1.0	HiC_scaffold8	47707485	False	G	A	0/1	87	99	55,32	0.367816091954023	True
XB2014-48-9A	YL9	CYU	0.0	0	1.0	HiC_scaffold8	47707485	False	G	A	0/0	58	40	55,3	0.05172413793103448	True
XB26-3B	SC37	CPO	1.0	1	1.0	HiC_scaffold8	47707485	False	G	A	0/0	88	99	88,0	0.0	True
XB26-4B	SC37	CPO	1.0	1	1.0	HiC_scaffold8	47707485	False	G	A	0/0	72	99	72,0	0.0	True
XB26-5B	SC37	CPO	1.0	1	1.0	HiC_scaffold8	47707485	False	G	A	0/0	133	99	133,0	0.0	True
XB26-7B	SC37	CPO	1.0	1	1.0	HiC_scaffold8	47707485	False	G	A	0/0	96	99	96,0	0.0	True
XuBo982-1A	XS40	CMA	1.0	1	0.0	HiC_scaffold8	47707485	False	G	A	0/0	34	99	34,0	0.0	True
XuBo982-2A	XS40	CMA	1.0	1	0.0	HiC_scaffold8	47707485	False	G	A	0/0	26	75	26,0	0.0	True
XuBo982-3A	XS40	CMA	1.0	1	0.0	HiC_scaffold8	47707485	False	G	A	0/0	24	72	24,0	0.0	True
XuBo982-4A	XS40	CMA	1.0	1	0.0	HiC_scaffold8	47707485	False	G	A	0/0	32	81	32,0	0.0	True
XuBo982-5A	XS40	CMA	1.0	1	0.0	HiC_scaffold8	47707485	False	G	A	0/0	32	93	32,0	0.0	True
XubBo-1037-1A	LN46	N	1.0	1	0.0	HiC_scaffold8	47707485	False	G	A	0/0	78	99	78,0	0.0	True
XubBo-1037-2A	TB43	CMA	NA	1	NA	HiC_scaffold8	47707485	False	G	A	0/0	97	99	97,0	0.0	True
XubBo-1037-3A	TB43	CMA	NA	1	NA	HiC_scaffold8	47707485	False	G	A	0/0	87	99	87,0	0.0	True
XubBo-1037-4A	TB43	CMA	NA	1	NA	HiC_scaffold8	47707485	False	G	A	0/0	85	99	85,0	0.0	True
XubBo-1037-5A	TB43	CMA	NA	1	NA	HiC_scaffold8	47707485	False	G	A	0/0	91	99	91,0	0.0	True
XubBo-1037-6A	TB43	CMA	NA	1	NA	HiC_scaffold8	47707485	False	G	A	0/0	86	99	86,0	0.0	True
XubBo-1037-7A	TB43	CMA	NA	1	NA	HiC_scaffold8	47707485	False	G	A	0/0	70	82	70,0	0.0	True
XubBo-1037-8A	TB43	CMA	NA	1	NA	HiC_scaffold8	47707485	False	G	A	0/0	59	99	59,0	0.0	True
XubBo1030-10A	LN46	N	1.0	1	0.0	HiC_scaffold8	47707485	False	G	A	0/0	34	42	34,0	0.0	True
XubBo1030-1A	LN46	N	1.0	1	0.0	HiC_scaffold8	47707485	False	G	A	0/0	27	40	27,0	0.0	True
XubBo1030-3A	LN46	N	1.0	1	0.0	HiC_scaffold8	47707485	False	G	A	0/0	15	42	15,0	0.0	True
XubBo1030-5A	LN46	N	1.0	1	0.0	HiC_scaffold8	47707485	False	G	A	0/0	16	45	15,0	0.0	True
XubBo1030-6A	LN46	N	1.0	1	0.0	HiC_scaffold8	47707485	False	G	A	0/0	33	84	33,0	0.0	True
XubBo1030-8A	LN46	N	1.0	1	0.0	HiC_scaffold8	47707485	False	G	A	0/0	21	60	20,0	0.0	True
XubBo1030-9A	LN46	N	1.0	1	0.0	HiC_scaffold8	47707485	False	G	A	0/0	19	15	19,0	0.0	False
XubBo1051-10A	WX48	CMA	1.0	1	0.0	HiC_scaffold8	47707485	False	G	A	0/0	61	20	61,0	0.0	True
XubBo1051-1A	WX48	CMA	1.0	1	0.0	HiC_scaffold8	47707485	False	G	A	0/0	71	99	71,0	0.0	True
XubBo1051-2A	WX48	CMA	1.0	1	0.0	HiC_scaffold8	47707485	False	G	A	0/0	38	71	38,0	0.0	True
XubBo1051-3A	WX48	CMA	1.0	1	0.0	HiC_scaffold8	47707485	False	G	A	0/0	36	93	36,0	0.0	True
XubBo1051-4A	WX48	CMA	1.0	1	0.0	HiC_scaffold8	47707485	False	G	A	0/0	33	96	32,0	0.0	True
XubBo1051-7A	WX48	CMA	1.0	1	0.0	HiC_scaffold8	47707485	False	G	A	0/0	57	99	57,0	0.0	True
XubBo1051-8A	WX48	CMA	1.0	1	0.0	HiC_scaffold8	47707485	False	G	A	0/0	41	99	39,0	0.0	True
XubBo1051-9A	WX48	CMA	1.0	1	0.0	HiC_scaffold8	47707485	False	G	A	0/0	60	71	60,0	0.0	True
Xubo01402-2A	YS26	CYU	1.0	1	1.0	HiC_scaffold8	47707485	False	G	A	0/0	46	99	46,0	0.0	True
Xubo01402-3A	YS26	CYU	1.0	1	1.0	HiC_scaffold8	47707485	False	G	A	0/0	68	99	68,0	0.0	True
Xubo01402-4A	YS26	CYU	1.0	1	1.0	HiC_scaffold8	47707485	False	G	A	0/0	41	99	41,0	0.0	True
Xubo01402-5A	YS26	CYU	1.0	1	1.0	HiC_scaffold8	47707485	False	G	A	0/0	101	99	101,0	0.0	True
Xubo01402-6A	YS26	CYU	1.0	1	1.0	HiC_scaffold8	47707485	False	G	A	0/0	39	74	39,0	0.0	True
Xubo01402-7A	YS26	CYU	1.0	1	1.0	HiC_scaffold8	47707485	False	G	A	0/0	70	99	70,0	0.0	True
Xubo01402-8A	YS26	CYU	1.0	1	1.0	HiC_scaffold8	47707485	False	G	A	0/0	109	99	109,0	0.0	True
Xubo01402-9A	YS26	CYU	1.0	1	1.0	HiC_scaffold8	47707485	False	G	A	0/0	53	99	53,0	0.0	True
YLZB4703-2A	SM3	CYU	0.0	0	1.0	HiC_scaffold8	47707485	False	G	A	0/1	79	99	48,31	0.3924050632911392	True
YLZB4703-3A	SM3	CYU	0.0	0	1.0	HiC_scaffold8	47707485	False	G	A	0/1	73	99	48,25	0.3424657534246575	True
YLZB4703-5A	SM3	CYU	0.0	0	1.0	HiC_scaffold8	47707485	False	G	A	0/1	101	99	63,38	0.37623762376237624	True
YLZB4703-7A	SM3	CYU	0.0	0	1.0	HiC_scaffold8	47707485	False	G	A	0/1	245	99	126,119	0.4857142857142857	True
YLZB4703-9A	SM3	CYU	0.0	0	1.0	HiC_scaffold8	47707485	False	G	A	0/1	82	99	57,25	0.3048780487804878	True
YLZB4715-10A	MY1	CYU	0.0	0	1.0	HiC_scaffold8	47707485	False	G	A	0/1	136	99	75,61	0.4485294117647059	True
YLZB4715-1A	MY1	CYU	0.0	0	1.0	HiC_scaffold8	47707485	False	G	A	0/1	107	99	80,27	0.2523364485981308	True
YLZB4715-2A	MY1	CYU	0.0	0	1.0	HiC_scaffold8	47707485	False	G	A	0/1	97	99	77,20	0.20618556701030927	True
YLZB4715-5A	MY1	CYU	0.0	0	1.0	HiC_scaffold8	47707485	False	G	A	0/1	80	99	53,27	0.3375	True
YLZB4715-6A	MY1	CYU	0.0	0	1.0	HiC_scaffold8	47707485	False	G	A	0/1	108	99	84,24	0.2222222222222222	True
YLZB4715-7A	MY1	CYU	0.0	0	1.0	HiC_scaffold8	47707485	False	G	A	0/1	94	99	32,62	0.6595744680851063	True
YLZB4715-8A	MY1	CYU	0.0	0	1.0	HiC_scaffold8	47707485	False	G	A	0/1	132	99	87,45	0.3409090909090909	True
YLZB4715-9A	MY1	CYU	0.0	0	1.0	HiC_scaffold8	47707485	False	G	A	0/1	127	99	82,45	0.3543307086614173	True
YLZB4735-10A	YSXC51	CPO	1.0	1	1.0	HiC_scaffold8	47707485	False	G	A	0/0	107	99	107,0	0.0	True
YLZB4735-1A	YSXC51	CPO	1.0	1	1.0	HiC_scaffold8	47707485	False	G	A	0/0	74	99	74,0	0.0	True
YLZB4735-2A	YSXC51	CPO	1.0	1	1.0	HiC_scaffold8	47707485	False	G	A	0/0	83	99	83,0	0.0	True
YLZB4735-3A	YSXC51	CPO	1.0	1	1.0	HiC_scaffold8	47707485	False	G	A	0/0	70	99	70,0	0.0	True
YLZB4735-5A	YSXC51	CPO	1.0	1	1.0	HiC_scaffold8	47707485	False	G	A	0/0	79	99	79,0	0.0	True
YLZB4735-6A	YSXC51	CPO	1.0	1	1.0	HiC_scaffold8	47707485	False	G	A	0/0	108	99	108,0	0.0	True
YLZB4735-8A	YSXC51	CPO	1.0	1	1.0	HiC_scaffold8	47707485	False	G	A	0/0	98	99	98,0	0.0	True
YLZB4735-9A	YSXC51	CPO	1.0	1	1.0	HiC_scaffold8	47707485	False	G	A	0/0	117	99	117,0	0.0	True
YLZB4816-11A	ASCD52	CPO	1.0	1	1.0	HiC_scaffold8	47707485	False	G	A	0/0	63	99	63,0	0.0	True
YLZB4816-3A	ASCD52	CPO	1.0	1	1.0	HiC_scaffold8	47707485	False	G	A	0/0	27	72	27,0	0.0	True
YLZB4816-4A	ASCD52	CPO	1.0	1	1.0	HiC_scaffold8	47707485	False	G	A	0/0	39	99	39,0	0.0	True
YLZB4816-6A	ASCD52	CPO	1.0	1	1.0	HiC_scaffold8	47707485	False	G	A	0/0	51	99	51,0	0.0	True
YLZB4816-7A	ASCD52	CPO	1.0	1	1.0	HiC_scaffold8	47707485	False	G	A	0/0	39	99	39,0	0.0	True
YLZB4816-8A	ASCD52	CPO	1.0	1	1.0	HiC_scaffold8	47707485	False	G	A	0/0	12	33	12,0	0.0	True
YLZB4816-9A	ASCD52	CPO	1.0	1	1.0	HiC_scaffold8	47707485	False	G	A	0/0	144	99	144,0	0.0	True
ZXL277-1A	YY12	CMA	1.0	1	0.0	HiC_scaffold8	47707485	False	G	A	0/0	37	99	37,0	0.0	True
ZXL277-2A	YY12	CMA	1.0	1	0.0	HiC_scaffold8	47707485	False	G	A	0/0	32	90	32,0	0.0	True
ZXL277-3A	YY12	CMA	1.0	1	0.0	HiC_scaffold8	47707485	False	G	A	0/0	31	80	31,0	0.0	True
ZXL277-4A	YY12	CMA	1.0	1	0.0	HiC_scaffold8	47707485	False	G	A	0/0	42	99	42,0	0.0	True
ZXL277-5A	YY12	CMA	1.0	1	0.0	HiC_scaffold8	47707485	False	G	A	0/0	48	99	48,0	0.0	True
ZXL277-6A	YY12	CMA	1.0	1	0.0	HiC_scaffold8	47707485	False	G	A	0/0	37	99	37,0	0.0	True
ZXL277-7A	YY12	CMA	1.0	1	0.0	HiC_scaffold8	47707485	False	G	A	0/0	27	72	27,0	0.0	True
ZXL277-8A	YY12	CMA	1.0	1	0.0	HiC_scaffold8	47707485	False	G	A	0/0	26	72	26,0	0.0	True
ZXL79-1A	CZ25	CMA	1.0	1	0.0	HiC_scaffold8	47707485	False	G	A	0/0	108	99	108,0	0.0	True
ZXL79-2A	CZ25	CMA	1.0	1	0.0	HiC_scaffold8	47707485	False	G	A	0/0	101	99	101,0	0.0	True
ZXL79-3A	CZ25	CMA	1.0	1	0.0	HiC_scaffold8	47707485	False	G	A	0/0	84	99	84,0	0.0	True
ZXL79-4A	CZ25	CMA	1.0	1	0.0	HiC_scaffold8	47707485	False	G	A	0/0	237	99	237,0	0.0	True
ZXL79-5A	CZ25	CMA	1.0	1	0.0	HiC_scaffold8	47707485	False	G	A	0/0	98	99	98,0	0.0	True
ZXL79-6A	CZ25	CMA	1.0	1	0.0	HiC_scaffold8	47707485	False	G	A	0/0	45	99	45,0	0.0	True
ZXL79-7A	CZ25	CMA	1.0	1	0.0	HiC_scaffold8	47707485	False	G	A	0/0	77	99	77,0	0.0	True
xubo266-2A	XY36	CMA	1.0	1	0.0	HiC_scaffold8	47707485	False	G	A	0/0	68	99	68,0	0.0	True
xubo266-3A	XY36	CMA	1.0	1	0.0	HiC_scaffold8	47707485	False	G	A	0/0	59	94	59,0	0.0	True
xubo266-4A	XY36	CMA	1.0	1	0.0	HiC_scaffold8	47707485	False	G	A	0/0	53	99	53,0	0.0	True
xubo266-5A	XY36	CMA	1.0	1	0.0	HiC_scaffold8	47707485	False	G	A	0/0	50	99	50,0	0.0	True
xubo266-6A	XY36	CMA	1.0	1	0.0	HiC_scaffold8	47707485	False	G	A	0/0	42	99	42,0	0.0	True
xubo266-8A	XY36	CMA	1.0	1	0.0	HiC_scaffold8	47707485	False	G	A	0/0	44	99	44,0	0.0	True
xubo266-9A	XY36	CMA	1.0	1	0.0	HiC_scaffold8	47707485	False	G	A	0/0	37	99	35,0	0.0	True
zhuzm1009-10A	KM42	CPO	1.0	1	1.0	HiC_scaffold8	47707485	False	G	A	0/0	157	99	157,0	0.0	True
zhuzm1009-2A	KM42	CPO	1.0	1	1.0	HiC_scaffold8	47707485	False	G	A	0/0	149	99	149,0	0.0	True
zhuzm1009-3A	KM42	CPO	1.0	1	1.0	HiC_scaffold8	47707485	False	G	A	0/0	63	99	63,0	0.0	True
zhuzm1009-6A	KM42	CPO	1.0	1	1.0	HiC_scaffold8	47707485	False	G	A	0/0	65	99	65,0	0.0	True
zhuzm1009-7A	KM42	CPO	1.0	1	1.0	HiC_scaffold8	47707485	False	G	A	0/0	66	99	66,0	0.0	True
zhuzm1009-8A	KM42	CPO	1.0	1	1.0	HiC_scaffold8	47707485	False	G	A	0/0	79	99	79,0	0.0	True
2014-128-1A	ML50	CPO	1.0	1	1.0	HiC_scaffold8	47708354	False	T	A	0/0	125	99	125,0	0.0	True
2014-128-2A	ML50	CPO	1.0	1	1.0	HiC_scaffold8	47708354	False	T	A	0/0	61	99	61,0	0.0	True
2014-128-3A	ML50	CPO	1.0	1	1.0	HiC_scaffold8	47708354	False	T	A	0/0	62	99	62,0	0.0	True
2014-128-4A	ML50	CPO	1.0	1	1.0	HiC_scaffold8	47708354	False	T	A	0/0	124	99	124,0	0.0	True
2014-128-5A	ML50	CPO	1.0	1	1.0	HiC_scaffold8	47708354	False	T	A	0/0	96	99	96,0	0.0	True
2014-132-2A	ML5	N	1.0	1	1.0	HiC_scaffold8	47708354	False	T	A	0/0	82	96	82,0	0.0	True
2014-132-3A	ML5	N	1.0	1	1.0	HiC_scaffold8	47708354	False	T	A	0/0	153	99	153,0	0.0	True
2014-132-4A	ML5	N	1.0	1	1.0	HiC_scaffold8	47708354	False	T	A	0/0	98	99	98,0	0.0	True
2014-132-5A	ML5	N	1.0	1	1.0	HiC_scaffold8	47708354	False	T	A	0/0	51	99	51,0	0.0	True
2014-132-6A	ML5	N	1.0	1	1.0	HiC_scaffold8	47708354	False	T	A	0/0	131	99	131,0	0.0	True
2014-132-7A	ML5	N	1.0	1	1.0	HiC_scaffold8	47708354	False	T	A	0/0	114	99	114,0	0.0	True
2014-132-8A	ML5	N	1.0	1	1.0	HiC_scaffold8	47708354	False	T	A	0/0	226	99	226,0	0.0	True
2014-132-9A	ML5	N	1.0	1	1.0	HiC_scaffold8	47708354	False	T	A	0/0	103	99	103,0	0.0	True
2014-3-10A	MN34	CPO	1.0	1	1.0	HiC_scaffold8	47708354	False	T	A	0/0	174	99	174,0	0.0	True
2014-3-3A	MN34	CPO	1.0	1	1.0	HiC_scaffold8	47708354	False	T	A	0/0	180	99	180,0	0.0	True
2014-3-4A	MN34	CPO	1.0	1	1.0	HiC_scaffold8	47708354	False	T	A	0/0	128	0	128,0	0.0	False
2014-3-5A	MN34	CPO	1.0	1	1.0	HiC_scaffold8	47708354	False	T	A	0/0	110	0	110,0	0.0	False
2014-3-6A	MN34	CPO	1.0	1	1.0	HiC_scaffold8	47708354	False	T	A	0/0	193	58	193,0	0.0	True
2014-3-7A	MN34	CPO	1.0	1	1.0	HiC_scaffold8	47708354	False	T	A	0/0	203	99	203,0	0.0	True
2014-3-8A	MN34	CPO	1.0	1	1.0	HiC_scaffold8	47708354	False	T	A	0/0	184	99	184,0	0.0	True
2014-3-9A	MN34	CPO	1.0	1	1.0	HiC_scaffold8	47708354	False	T	A	0/0	192	0	192,0	0.0	False
2014-66-1A	YL49	CPO	1.0	1	1.0	HiC_scaffold8	47708354	False	T	A	0/0	92	99	92,0	0.0	True
2014-66-2A	YL49	CPO	1.0	1	1.0	HiC_scaffold8	47708354	False	T	A	0/0	78	99	78,0	0.0	True
2014-66-3A	YL49	CPO	1.0	1	1.0	HiC_scaffold8	47708354	False	T	A	0/0	71	99	71,0	0.0	True
2014-66-4A	YL49	CPO	1.0	1	1.0	HiC_scaffold8	47708354	False	T	A	0/0	71	99	71,0	0.0	True
2014-66-5A	YL49	CPO	1.0	1	1.0	HiC_scaffold8	47708354	False	T	A	0/0	67	99	67,0	0.0	True
2014-66-6A	YL49	CPO	1.0	1	1.0	HiC_scaffold8	47708354	False	T	A	0/0	82	99	82,0	0.0	True
2014-66-7A	YL49	CPO	1.0	1	1.0	HiC_scaffold8	47708354	False	T	A	0/0	135	99	135,0	0.0	True
2014-66-8A	YL49	CPO	1.0	1	1.0	HiC_scaffold8	47708354	False	T	A	0/0	74	99	74,0	0.0	True
DP1709141A	DQS11	CMA	1.0	1	0.0	HiC_scaffold8	47708354	False	T	A	0/0	73	99	73,0	0.0	True
DP1709144A	DQS11	CMA	1.0	1	0.0	HiC_scaffold8	47708354	False	T	A	0/0	72	99	72,0	0.0	True
DP1709148A	DQS11	CMA	1.0	1	0.0	HiC_scaffold8	47708354	False	T	A	0/0	65	99	65,0	0.0	True
Gln2014-15-10A	LD30	CYU	0.0	0	1.0	HiC_scaffold8	47708354	False	T	A	0/0	75	99	75,0	0.0	True
Gln2014-15-1A	LD30	CYU	0.0	0	1.0	HiC_scaffold8	47708354	False	T	A	0/1	52	99	40,12	0.23076923076923078	True
Gln2014-15-3A	LD30	CYU	0.0	0	1.0	HiC_scaffold8	47708354	False	T	A	0/1	76	99	56,20	0.2631578947368421	True
Gln2014-15-4A	LD30	CYU	0.0	0	1.0	HiC_scaffold8	47708354	False	T	A	0/1	84	99	61,23	0.27380952380952384	True
Gln2014-15-5A	LD30	CYU	0.0	0	1.0	HiC_scaffold8	47708354	False	T	A	0/1	94	99	64,30	0.3191489361702128	True
Gln2014-15-6A	LD30	CYU	0.0	0	1.0	HiC_scaffold8	47708354	False	T	A	0/1	102	99	75,27	0.2647058823529412	True
Gln2014-15-7A	LD30	CYU	0.0	0	1.0	HiC_scaffold8	47708354	False	T	A	0/1	58	99	46,12	0.20689655172413793	True
Gln2014-15-8A	LD30	CYU	0.0	0	1.0	HiC_scaffold8	47708354	False	T	A	0/1	139	99	99,23	0.1885245901639344	True
Gln2014-8-1A	LD06	CPO	1.0	1	1.0	HiC_scaffold8	47708354	False	T	A	0/0	131	99	131,0	0.0	True
Gln2014-8-2A	LD06	CPO	1.0	1	1.0	HiC_scaffold8	47708354	False	T	A	0/0	56	99	56,0	0.0	True
Gln2014-8-4A	LD06	CPO	1.0	1	1.0	HiC_scaffold8	47708354	False	T	A	0/0	67	99	67,0	0.0	True
Gln2014-8-5A	LD06	CPO	1.0	1	1.0	HiC_scaffold8	47708354	False	T	A	0/0	67	99	67,0	0.0	True
Gln2014-8-6A	LD06	CPO	1.0	1	1.0	HiC_scaffold8	47708354	False	T	A	0/0	91	99	91,0	0.0	True
Gln2014-8-7A	LD06	CPO	1.0	1	1.0	HiC_scaffold8	47708354	False	T	A	0/0	38	99	38,0	0.0	True
Gln2014-8-8A	LD06	CPO	1.0	1	1.0	HiC_scaffold8	47708354	False	T	A	0/0	68	99	68,0	0.0	True
JLS-BM001-1A	BM31	N	NA	1	NA	HiC_scaffold8	47708354	False	T	A	0/0	209	99	209,0	0.0	True
JLS-BM001-2A	BM31	N	NA	1	NA	HiC_scaffold8	47708354	False	T	A	0/0	183	99	183,0	0.0	True
JLS-BM001-3A	BM31	N	NA	1	NA	HiC_scaffold8	47708354	False	T	A	0/0	227	99	227,0	0.0	True
JLS-BM001-4A	BM31	N	NA	1	NA	HiC_scaffold8	47708354	False	T	A	0/0	247	99	247,0	0.0	True
JLS-BM001-5A	BM31	N	NA	1	NA	HiC_scaffold8	47708354	False	T	A	0/0	220	99	220,0	0.0	True
JLS-BM001-6A	BM31	N	NA	1	NA	HiC_scaffold8	47708354	False	T	A	0/0	250	99	250,0	0.0	True
JLS-BM001-7A	BM31	N	NA	1	NA	HiC_scaffold8	47708354	False	T	A	0/0	177	99	177,0	0.0	True
JLS-BM001-8A	BM31	N	NA	1	NA	HiC_scaffold8	47708354	False	T	A	0/0	209	99	209,0	0.0	True
JLS-CY022-10A	CY32	CPO	1.0	1	1.0	HiC_scaffold8	47708354	False	T	A	0/0	100	99	100,0	0.0	True
JLS-CY022-11A	CY32	CPO	1.0	1	1.0	HiC_scaffold8	47708354	False	T	A	0/0	77	99	77,0	0.0	True
JLS-CY022-4A	CY32	CPO	1.0	1	1.0	HiC_scaffold8	47708354	False	T	A	0/0	39	99	39,0	0.0	True
JLS-CY022-5A	CY32	CPO	1.0	1	1.0	HiC_scaffold8	47708354	False	T	A	0/0	113	99	113,0	0.0	True
JLS-CY022-6A	CY32	CPO	1.0	1	1.0	HiC_scaffold8	47708354	False	T	A	0/0	59	99	59,0	0.0	True
JLS-CY022-7A	CY32	CPO	1.0	1	1.0	HiC_scaffold8	47708354	False	T	A	0/0	81	0	81,0	0.0	False
Sha-WS-1A	WS14	CMA	1.0	1	0.0	HiC_scaffold8	47708354	False	T	A	0/0	34	99	34,0	0.0	True
Sha-WS-2A	WS14	CMA	1.0	1	0.0	HiC_scaffold8	47708354	False	T	A	0/0	37	99	37,0	0.0	True
Sha-WS-3A	WS14	CMA	1.0	1	0.0	HiC_scaffold8	47708354	False	T	A	0/0	35	99	35,0	0.0	True
Sha-WS-4A	WS14	CMA	1.0	1	0.0	HiC_scaffold8	47708354	False	T	A	0/0	25	72	25,0	0.0	True
Sha-WS-5A	WS14	CMA	1.0	1	0.0	HiC_scaffold8	47708354	False	T	A	0/0	22	60	22,0	0.0	True
Sha-WS-6A	WS14	CMA	1.0	1	0.0	HiC_scaffold8	47708354	False	T	A	0/0	27	78	27,0	0.0	True
Sha-WS-7A	WS14	CMA	1.0	1	0.0	HiC_scaffold8	47708354	False	T	A	0/0	20	51	20,0	0.0	True
Sha-WS-8A	WS14	CMA	1.0	1	0.0	HiC_scaffold8	47708354	False	T	A	0/0	30	87	30,0	0.0	True
THP-SET_1917-1A	MK27	CPO	1.0	1	1.0	HiC_scaffold8	47708354	False	T	A	0/0	194	99	194,0	0.0	True
THP-SET_1917-2A	MK27	CPO	1.0	1	1.0	HiC_scaffold8	47708354	False	T	A	0/0	93	99	93,0	0.0	True
THP-SET_1917-3A	MK27	CPO	1.0	1	1.0	HiC_scaffold8	47708354	False	T	A	0/0	142	99	142,0	0.0	True
THP-SET_1917-4A	MK27	CPO	1.0	1	1.0	HiC_scaffold8	47708354	False	T	A	0/0	127	99	127,0	0.0	True
THP-SET_1917-5A	MK27	CPO	1.0	1	1.0	HiC_scaffold8	47708354	False	T	A	0/0	192	99	192,0	0.0	True
THP-SET_1917-6A	MK27	CPO	1.0	1	1.0	HiC_scaffold8	47708354	False	T	A	0/0	317	99	317,0	0.0	True
THP-SET_1917-7A	MK27	CPO	1.0	1	1.0	HiC_scaffold8	47708354	False	T	A	0/0	180	99	180,0	0.0	True
THP-SET_1917-8A	MK27	CPO	1.0	1	1.0	HiC_scaffold8	47708354	False	T	A	0/0	193	99	193,0	0.0	True
XB2014-144-2A	SM35	CYU	1.0	1	1.0	HiC_scaffold8	47708354	False	T	A	0/0	170	99	170,0	0.0	True
XB2014-144-3A	SM35	CYU	1.0	1	1.0	HiC_scaffold8	47708354	False	T	A	0/0	105	99	105,0	0.0	True
XB2014-144-4A	SM35	CYU	1.0	1	1.0	HiC_scaffold8	47708354	False	T	A	0/0	116	99	116,0	0.0	True
XB2014-144-5A	SM35	CYU	1.0	1	1.0	HiC_scaffold8	47708354	False	T	A	0/0	125	99	125,0	0.0	True
XB2014-144-6A	SM35	CYU	1.0	1	1.0	HiC_scaffold8	47708354	False	T	A	0/0	90	99	90,0	0.0	True
XB2014-144-7A	SM35	CYU	1.0	1	1.0	HiC_scaffold8	47708354	False	T	A	0/0	189	99	189,0	0.0	True
XB2014-144-8A	SM35	CYU	1.0	1	1.0	HiC_scaffold8	47708354	False	T	A	0/0	150	99	150,0	0.0	True
XB2014-144-9A	SM35	CYU	1.0	1	1.0	HiC_scaffold8	47708354	False	T	A	0/0	116	99	116,0	0.0	True
XB2014-38-2A	EY8	CYU	0.0	1	1.0	HiC_scaffold8	47708354	False	T	A	0/0	67	99	67,0	0.0	True
XB2014-38-3A	EY8	CYU	0.0	1	1.0	HiC_scaffold8	47708354	False	T	A	0/1	39	99	30,9	0.23076923076923078	True
XB2014-38-4A	EY8	CYU	0.0	1	1.0	HiC_scaffold8	47708354	False	T	A	0/1	69	99	57,12	0.17391304347826086	True
XB2014-38-5A	EY8	CYU	0.0	1	1.0	HiC_scaffold8	47708354	False	T	A	0/0	52	99	52,0	0.0	True
XB2014-38-6A	EY9	CPO	0.0	1	1.0	HiC_scaffold8	47708354	False	T	A	0/1	35	99	20,15	0.42857142857142855	True
XB2014-39-1A	EY9	CPO	1.0	1	1.0	HiC_scaffold8	47708354	False	T	A	0/0	38	99	38,0	0.0	True
XB2014-39-2A	EY9	CPO	1.0	1	1.0	HiC_scaffold8	47708354	False	T	A	0/0	138	99	138,0	0.0	True
XB2014-39-3A	EY9	CPO	1.0	1	1.0	HiC_scaffold8	47708354	False	T	A	0/0	85	99	85,0	0.0	True
XB2014-39-4A	EY9	CPO	1.0	1	1.0	HiC_scaffold8	47708354	False	T	A	0/0	42	99	42,0	0.0	True
XB2014-39-5A	EY9	CPO	1.0	1	1.0	HiC_scaffold8	47708354	False	T	A	0/0	72	99	72,0	0.0	True
XB2014-39-6A	EY9	CPO	1.0	1	1.0	HiC_scaffold8	47708354	False	T	A	0/0	98	99	98,0	0.0	True
XB2014-39-7A	EY9	CPO	1.0	1	1.0	HiC_scaffold8	47708354	False	T	A	0/0	101	99	101,0	0.0	True
XB2014-39-8A	EY9	CPO	1.0	1	1.0	HiC_scaffold8	47708354	False	T	A	0/0	61	99	61,0	0.0	True
XB2014-4-2A	MN4	CYU	0.0	0	1.0	HiC_scaffold8	47708354	False	T	A	0/1	135	99	101,34	0.2518518518518518	True
XB2014-4-3A	MN4	CYU	0.0	0	1.0	HiC_scaffold8	47708354	False	T	A	0/1	99	99	63,36	0.36363636363636365	True
XB2014-4-4A	MN4	CYU	0.0	0	1.0	HiC_scaffold8	47708354	False	T	A	0/1	104	99	64,40	0.38461538461538464	True
XB2014-4-5A	MN4	CYU	0.0	0	1.0	HiC_scaffold8	47708354	False	T	A	0/1	64	99	23,41	0.640625	True
XB2014-4-6A	MN4	CYU	0.0	0	1.0	HiC_scaffold8	47708354	False	T	A	0/1	74	99	44,30	0.40540540540540543	True
XB2014-4-7A	MN4	CYU	0.0	0	1.0	HiC_scaffold8	47708354	False	T	A	0/1	133	99	87,46	0.3458646616541353	True
XB2014-4-8A	YL9	CYU	0.0	0	1.0	HiC_scaffold8	47708354	False	T	A	0/1	99	99	85,14	0.1414141414141414	True
XB2014-4-9A	YL9	CYU	0.0	0	1.0	HiC_scaffold8	47708354	False	T	A	0/1	76	99	46,30	0.39473684210526316	True
XB2014-48-1A	MN4	CYU	0.0	0	1.0	HiC_scaffold8	47708354	False	T	A	0/1	91	99	58,33	0.3626373626373626	True
XB2014-48-2A	MN4	CYU	0.0	0	1.0	HiC_scaffold8	47708354	False	T	A	0/1	107	99	56,51	0.4766355140186916	True
XB2014-48-3A	YL9	CYU	0.0	0	1.0	HiC_scaffold8	47708354	False	T	A	0/1	90	99	59,31	0.34444444444444444	True
XB2014-48-4A	YL9	CYU	0.0	0	1.0	HiC_scaffold8	47708354	False	T	A	0/1	94	99	55,39	0.4148936170212766	True
XB2014-48-5A	YL9	CYU	0.0	0	1.0	HiC_scaffold8	47708354	False	T	A	0/1	84	99	62,22	0.2619047619047619	True
XB2014-48-6A	YL9	CYU	0.0	0	1.0	HiC_scaffold8	47708354	False	T	A	0/1	80	99	54,26	0.325	True
XB2014-48-7A	YL9	CYU	0.0	0	1.0	HiC_scaffold8	47708354	False	T	A	0/1	90	99	67,23	0.25555555555555554	True
XB2014-48-9A	YL9	CYU	0.0	0	1.0	HiC_scaffold8	47708354	False	T	A	0/1	86	99	51,35	0.4069767441860465	True
XB26-3B	SC37	CPO	1.0	1	1.0	HiC_scaffold8	47708354	False	T	A	0/0	34	99	34,0	0.0	True
XB26-4B	SC37	CPO	1.0	1	1.0	HiC_scaffold8	47708354	False	T	A	0/0	29	81	29,0	0.0	True
XB26-5B	SC37	CPO	1.0	1	1.0	HiC_scaffold8	47708354	False	T	A	0/0	87	99	87,0	0.0	True
XB26-7B	SC37	CPO	1.0	1	1.0	HiC_scaffold8	47708354	False	T	A	0/0	62	99	62,0	0.0	True
XuBo982-1A	XS40	CMA	1.0	1	0.0	HiC_scaffold8	47708354	False	T	A	0/0	22	63	22,0	0.0	True
XuBo982-2A	XS40	CMA	1.0	1	0.0	HiC_scaffold8	47708354	False	T	A	0/0	27	75	27,0	0.0	True
XuBo982-3A	XS40	CMA	1.0	1	0.0	HiC_scaffold8	47708354	False	T	A	0/0	28	78	28,0	0.0	True
XuBo982-4A	XS40	CMA	1.0	1	0.0	HiC_scaffold8	47708354	False	T	A	0/0	16	45	16,0	0.0	True
XuBo982-5A	XS40	CMA	1.0	1	0.0	HiC_scaffold8	47708354	False	T	A	0/0	30	90	30,0	0.0	True
XubBo-1037-1A	LN46	N	1.0	1	0.0	HiC_scaffold8	47708354	False	T	A	0/0	52	99	52,0	0.0	True
XubBo-1037-2A	TB43	CMA	NA	1	NA	HiC_scaffold8	47708354	False	T	A	0/0	90	99	90,0	0.0	True
XubBo-1037-3A	TB43	CMA	NA	1	NA	HiC_scaffold8	47708354	False	T	A	0/0	90	99	90,0	0.0	True
XubBo-1037-4A	TB43	CMA	NA	1	NA	HiC_scaffold8	47708354	False	T	A	0/0	88	99	88,0	0.0	True
XubBo-1037-5A	TB43	CMA	NA	1	NA	HiC_scaffold8	47708354	False	T	A	0/0	97	99	97,0	0.0	True
XubBo-1037-6A	TB43	CMA	NA	1	NA	HiC_scaffold8	47708354	False	T	A	0/0	64	99	64,0	0.0	True
XubBo-1037-7A	TB43	CMA	NA	1	NA	HiC_scaffold8	47708354	False	T	A	0/0	62	99	62,0	0.0	True
XubBo-1037-8A	TB43	CMA	NA	1	NA	HiC_scaffold8	47708354	False	T	A	0/0	67	99	67,0	0.0	True
XubBo1030-10A	LN46	N	1.0	1	0.0	HiC_scaffold8	47708354	False	T	A	0/0	21	60	21,0	0.0	True
XubBo1030-1A	LN46	N	1.0	1	0.0	HiC_scaffold8	47708354	False	T	A	0/0	37	99	37,0	0.0	True
XubBo1030-3A	LN46	N	1.0	1	0.0	HiC_scaffold8	47708354	False	T	A	0/0	25	72	25,0	0.0	True
XubBo1030-5A	LN46	N	1.0	1	0.0	HiC_scaffold8	47708354	False	T	A	0/0	22	60	22,0	0.0	True
XubBo1030-6A	LN46	N	1.0	1	0.0	HiC_scaffold8	47708354	False	T	A	0/0	26	72	26,0	0.0	True
XubBo1030-8A	LN46	N	1.0	1	0.0	HiC_scaffold8	47708354	False	T	A	0/0	36	99	36,0	0.0	True
XubBo1030-9A	LN46	N	1.0	1	0.0	HiC_scaffold8	47708354	False	T	A	0/0	24	69	24,0	0.0	True
XubBo1051-10A	WX48	CMA	1.0	1	0.0	HiC_scaffold8	47708354	False	T	A	0/0	45	99	45,0	0.0	True
XubBo1051-1A	WX48	CMA	1.0	1	0.0	HiC_scaffold8	47708354	False	T	A	0/0	58	99	58,0	0.0	True
XubBo1051-2A	WX48	CMA	1.0	1	0.0	HiC_scaffold8	47708354	False	T	A	0/0	54	99	54,0	0.0	True
XubBo1051-3A	WX48	CMA	1.0	1	0.0	HiC_scaffold8	47708354	False	T	A	0/0	28	81	28,0	0.0	True
XubBo1051-4A	WX48	CMA	1.0	1	0.0	HiC_scaffold8	47708354	False	T	A	0/0	37	99	37,0	0.0	True
XubBo1051-7A	WX48	CMA	1.0	1	0.0	HiC_scaffold8	47708354	False	T	A	0/0	56	99	56,0	0.0	True
XubBo1051-8A	WX48	CMA	1.0	1	0.0	HiC_scaffold8	47708354	False	T	A	0/0	36	99	36,0	0.0	True
XubBo1051-9A	WX48	CMA	1.0	1	0.0	HiC_scaffold8	47708354	False	T	A	0/0	58	99	58,0	0.0	True
Xubo01402-2A	YS26	CYU	1.0	1	1.0	HiC_scaffold8	47708354	False	T	A	0/0	45	99	45,0	0.0	True
Xubo01402-3A	YS26	CYU	1.0	1	1.0	HiC_scaffold8	47708354	False	T	A	0/0	82	99	82,0	0.0	True
Xubo01402-4A	YS26	CYU	1.0	1	1.0	HiC_scaffold8	47708354	False	T	A	0/0	35	99	35,0	0.0	True
Xubo01402-5A	YS26	CYU	1.0	1	1.0	HiC_scaffold8	47708354	False	T	A	0/1	112	99	98,14	0.125	True
Xubo01402-6A	YS26	CYU	1.0	1	1.0	HiC_scaffold8	47708354	False	T	A	0/0	32	90	32,0	0.0	True
Xubo01402-7A	YS26	CYU	1.0	1	1.0	HiC_scaffold8	47708354	False	T	A	0/0	62	99	62,0	0.0	True
Xubo01402-8A	YS26	CYU	1.0	1	1.0	HiC_scaffold8	47708354	False	T	A	0/0	85	99	85,0	0.0	True
Xubo01402-9A	YS26	CYU	1.0	1	1.0	HiC_scaffold8	47708354	False	T	A	0/1	51	99	31,20	0.39215686274509803	True
YLZB4703-2A	SM3	CYU	0.0	0	1.0	HiC_scaffold8	47708354	False	T	A	0/1	110	99	62,48	0.43636363636363634	True
YLZB4703-3A	SM3	CYU	0.0	0	1.0	HiC_scaffold8	47708354	False	T	A	0/1	110	99	82,28	0.2545454545454545	True
YLZB4703-5A	SM3	CYU	0.0	0	1.0	HiC_scaffold8	47708354	False	T	A	0/1	80	99	46,34	0.425	True
YLZB4703-7A	SM3	CYU	0.0	0	1.0	HiC_scaffold8	47708354	False	T	A	0/1	178	99	132,46	0.25842696629213485	True
YLZB4703-9A	SM3	CYU	0.0	0	1.0	HiC_scaffold8	47708354	False	T	A	0/1	115	99	73,42	0.3652173913043478	True
YLZB4715-10A	MY1	CYU	0.0	0	1.0	HiC_scaffold8	47708354	False	T	A	0/0	140	29	129,11	0.07857142857142857	True
YLZB4715-1A	MY1	CYU	0.0	0	1.0	HiC_scaffold8	47708354	False	T	A	0/1	93	99	72,21	0.22580645161290322	True
YLZB4715-2A	MY1	CYU	0.0	0	1.0	HiC_scaffold8	47708354	False	T	A	0/1	114	99	80,34	0.2982456140350877	True
YLZB4715-5A	MY1	CYU	0.0	0	1.0	HiC_scaffold8	47708354	False	T	A	0/1	87	99	58,29	0.3333333333333333	True
YLZB4715-6A	MY1	CYU	0.0	0	1.0	HiC_scaffold8	47708354	False	T	A	0/1	97	99	68,29	0.29896907216494845	True
YLZB4715-7A	MY1	CYU	0.0	0	1.0	HiC_scaffold8	47708354	False	T	A	0/1	105	99	83,22	0.20952380952380953	True
YLZB4715-8A	MY1	CYU	0.0	0	1.0	HiC_scaffold8	47708354	False	T	A	0/1	147	99	107,40	0.272108843537415	True
YLZB4715-9A	MY1	CYU	0.0	0	1.0	HiC_scaffold8	47708354	False	T	A	0/1	142	99	128,14	0.09859154929577464	True
YLZB4735-10A	YSXC51	CPO	1.0	1	1.0	HiC_scaffold8	47708354	False	T	A	0/0	96	99	96,0	0.0	True
YLZB4735-1A	YSXC51	CPO	1.0	1	1.0	HiC_scaffold8	47708354	False	T	A	0/0	70	99	70,0	0.0	True
YLZB4735-2A	YSXC51	CPO	1.0	1	1.0	HiC_scaffold8	47708354	False	T	A	0/0	60	99	60,0	0.0	True
YLZB4735-3A	YSXC51	CPO	1.0	1	1.0	HiC_scaffold8	47708354	False	T	A	0/0	67	99	67,0	0.0	True
YLZB4735-5A	YSXC51	CPO	1.0	1	1.0	HiC_scaffold8	47708354	False	T	A	0/0	86	99	86,0	0.0	True
YLZB4735-6A	YSXC51	CPO	1.0	1	1.0	HiC_scaffold8	47708354	False	T	A	0/0	78	99	78,0	0.0	True
YLZB4735-8A	YSXC51	CPO	1.0	1	1.0	HiC_scaffold8	47708354	False	T	A	0/0	110	99	110,0	0.0	True
YLZB4735-9A	YSXC51	CPO	1.0	1	1.0	HiC_scaffold8	47708354	False	T	A	0/0	103	99	103,0	0.0	True
YLZB4816-11A	ASCD52	CPO	1.0	1	1.0	HiC_scaffold8	47708354	False	T	A	0/0	45	99	45,0	0.0	True
YLZB4816-3A	ASCD52	CPO	1.0	1	1.0	HiC_scaffold8	47708354	False	T	A	0/0	27	81	27,0	0.0	True
YLZB4816-4A	ASCD52	CPO	1.0	1	1.0	HiC_scaffold8	47708354	False	T	A	0/0	34	99	34,0	0.0	True
YLZB4816-6A	ASCD52	CPO	1.0	1	1.0	HiC_scaffold8	47708354	False	T	A	0/0	24	72	24,0	0.0	True
YLZB4816-7A	ASCD52	CPO	1.0	1	1.0	HiC_scaffold8	47708354	False	T	A	0/0	47	99	47,0	0.0	True
YLZB4816-8A	ASCD52	CPO	1.0	1	1.0	HiC_scaffold8	47708354	False	T	A	0/0	11	33	11,0	0.0	True
YLZB4816-9A	ASCD52	CPO	1.0	1	1.0	HiC_scaffold8	47708354	False	T	A	0/0	90	99	90,0	0.0	True
ZXL277-1A	YY12	CMA	1.0	1	0.0	HiC_scaffold8	47708354	False	T	A	0/0	29	81	29,0	0.0	True
ZXL277-2A	YY12	CMA	1.0	1	0.0	HiC_scaffold8	47708354	False	T	A	0/0	22	63	22,0	0.0	True
ZXL277-3A	YY12	CMA	1.0	1	0.0	HiC_scaffold8	47708354	False	T	A	0/0	32	90	32,0	0.0	True
ZXL277-4A	YY12	CMA	1.0	1	0.0	HiC_scaffold8	47708354	False	T	A	0/0	35	84	35,0	0.0	True
ZXL277-5A	YY12	CMA	1.0	1	0.0	HiC_scaffold8	47708354	False	T	A	0/0	51	99	51,0	0.0	True
ZXL277-6A	YY12	CMA	1.0	1	0.0	HiC_scaffold8	47708354	False	T	A	0/0	60	99	60,0	0.0	True
ZXL277-7A	YY12	CMA	1.0	1	0.0	HiC_scaffold8	47708354	False	T	A	0/0	22	60	22,0	0.0	True
ZXL277-8A	YY12	CMA	1.0	1	0.0	HiC_scaffold8	47708354	False	T	A	0/0	35	99	35,0	0.0	True
ZXL79-1A	CZ25	CMA	1.0	1	0.0	HiC_scaffold8	47708354	False	T	A	0/0	118	99	118,0	0.0	True
ZXL79-2A	CZ25	CMA	1.0	1	0.0	HiC_scaffold8	47708354	False	T	A	0/0	96	99	96,0	0.0	True
ZXL79-3A	CZ25	CMA	1.0	1	0.0	HiC_scaffold8	47708354	False	T	A	0/0	57	99	57,0	0.0	True
ZXL79-4A	CZ25	CMA	1.0	1	0.0	HiC_scaffold8	47708354	False	T	A	0/0	233	99	233,0	0.0	True
ZXL79-5A	CZ25	CMA	1.0	1	0.0	HiC_scaffold8	47708354	False	T	A	0/0	77	99	77,0	0.0	True
ZXL79-6A	CZ25	CMA	1.0	1	0.0	HiC_scaffold8	47708354	False	T	A	0/0	39	99	39,0	0.0	True
ZXL79-7A	CZ25	CMA	1.0	1	0.0	HiC_scaffold8	47708354	False	T	A	0/0	82	99	82,0	0.0	True
xubo266-2A	XY36	CMA	1.0	1	0.0	HiC_scaffold8	47708354	False	T	A	0/0	75	99	75,0	0.0	True
xubo266-3A	XY36	CMA	1.0	1	0.0	HiC_scaffold8	47708354	False	T	A	0/0	49	99	49,0	0.0	True
xubo266-4A	XY36	CMA	1.0	1	0.0	HiC_scaffold8	47708354	False	T	A	0/0	52	99	52,0	0.0	True
xubo266-5A	XY36	CMA	1.0	1	0.0	HiC_scaffold8	47708354	False	T	A	0/0	54	99	54,0	0.0	True
xubo266-6A	XY36	CMA	1.0	1	0.0	HiC_scaffold8	47708354	False	T	A	0/0	61	99	61,0	0.0	True
xubo266-8A	XY36	CMA	1.0	1	0.0	HiC_scaffold8	47708354	False	T	A	0/0	57	99	57,0	0.0	True
xubo266-9A	XY36	CMA	1.0	1	0.0	HiC_scaffold8	47708354	False	T	A	0/0	44	99	44,0	0.0	True
zhuzm1009-10A	KM42	CPO	1.0	1	1.0	HiC_scaffold8	47708354	False	T	A	0/0	161	99	161,0	0.0	True
zhuzm1009-2A	KM42	CPO	1.0	1	1.0	HiC_scaffold8	47708354	False	T	A	0/0	53	99	53,0	0.0	True
zhuzm1009-3A	KM42	CPO	1.0	1	1.0	HiC_scaffold8	47708354	False	T	A	0/0	51	99	51,0	0.0	True
zhuzm1009-6A	KM42	CPO	1.0	1	1.0	HiC_scaffold8	47708354	False	T	A	0/0	66	99	66,0	0.0	True
zhuzm1009-7A	KM42	CPO	1.0	1	1.0	HiC_scaffold8	47708354	False	T	A	0/0	72	99	72,0	0.0	True
zhuzm1009-8A	KM42	CPO	1.0	1	1.0	HiC_scaffold8	47708354	False	T	A	0/0	86	99	86,0	0.0	True
2014-128-1A	ML50	CPO	1.0	1	1.0	HiC_scaffold8	47708962	False	A	T	0/0	65	99	65,0	0.0	True
2014-128-2A	ML50	CPO	1.0	1	1.0	HiC_scaffold8	47708962	False	A	T	0/0	28	81	28,0	0.0	True
2014-128-3A	ML50	CPO	1.0	1	1.0	HiC_scaffold8	47708962	False	A	T	0/0	48	99	48,0	0.0	True
2014-128-4A	ML50	CPO	1.0	1	1.0	HiC_scaffold8	47708962	False	A	T	0/0	81	99	81,0	0.0	True
2014-128-5A	ML50	CPO	1.0	1	1.0	HiC_scaffold8	47708962	False	A	T	0/0	97	99	97,0	0.0	True
2014-132-2A	ML5	N	1.0	1	1.0	HiC_scaffold8	47708962	False	A	T	0/0	67	99	67,0	0.0	True
2014-132-3A	ML5	N	1.0	1	1.0	HiC_scaffold8	47708962	False	A	T	0/0	37	99	37,0	0.0	True
2014-132-4A	ML5	N	1.0	1	1.0	HiC_scaffold8	47708962	False	A	T	0/0	100	99	100,0	0.0	True
2014-132-5A	ML5	N	1.0	1	1.0	HiC_scaffold8	47708962	False	A	T	0/0	69	99	69,0	0.0	True
2014-132-6A	ML5	N	1.0	1	1.0	HiC_scaffold8	47708962	False	A	T	0/0	99	99	99,0	0.0	True
2014-132-7A	ML5	N	1.0	1	1.0	HiC_scaffold8	47708962	False	A	T	0/0	103	99	103,0	0.0	True
2014-132-8A	ML5	N	1.0	1	1.0	HiC_scaffold8	47708962	False	A	T	0/0	60	99	60,0	0.0	True
2014-132-9A	ML5	N	1.0	1	1.0	HiC_scaffold8	47708962	False	A	T	0/0	78	99	78,0	0.0	True
2014-3-10A	MN34	CPO	1.0	1	1.0	HiC_scaffold8	47708962	False	A	T	0/0	136	99	136,0	0.0	True
2014-3-3A	MN34	CPO	1.0	1	1.0	HiC_scaffold8	47708962	False	A	T	0/0	138	99	138,0	0.0	True
2014-3-4A	MN34	CPO	1.0	1	1.0	HiC_scaffold8	47708962	False	A	T	0/0	85	99	85,0	0.0	True
2014-3-5A	MN34	CPO	1.0	1	1.0	HiC_scaffold8	47708962	False	A	T	0/0	100	99	100,0	0.0	True
2014-3-6A	MN34	CPO	1.0	1	1.0	HiC_scaffold8	47708962	False	A	T	0/0	106	99	106,0	0.0	True
2014-3-7A	MN34	CPO	1.0	1	1.0	HiC_scaffold8	47708962	False	A	T	0/0	140	99	140,0	0.0	True
2014-3-8A	MN34	CPO	1.0	1	1.0	HiC_scaffold8	47708962	False	A	T	0/0	103	99	103,0	0.0	True
2014-3-9A	MN34	CPO	1.0	1	1.0	HiC_scaffold8	47708962	False	A	T	0/0	88	99	88,0	0.0	True
2014-66-1A	YL49	CPO	1.0	1	1.0	HiC_scaffold8	47708962	False	A	T	0/0	36	96	36,0	0.0	True
2014-66-2A	YL49	CPO	1.0	1	1.0	HiC_scaffold8	47708962	False	A	T	0/0	60	99	60,0	0.0	True
2014-66-3A	YL49	CPO	1.0	1	1.0	HiC_scaffold8	47708962	False	A	T	0/0	53	99	53,0	0.0	True
2014-66-4A	YL49	CPO	1.0	1	1.0	HiC_scaffold8	47708962	False	A	T	0/0	30	84	30,0	0.0	True
2014-66-5A	YL49	CPO	1.0	1	1.0	HiC_scaffold8	47708962	False	A	T	0/0	37	93	37,0	0.0	True
2014-66-6A	YL49	CPO	1.0	1	1.0	HiC_scaffold8	47708962	False	A	T	0/0	53	99	53,0	0.0	True
2014-66-7A	YL49	CPO	1.0	1	1.0	HiC_scaffold8	47708962	False	A	T	0/0	62	99	62,0	0.0	True
2014-66-8A	YL49	CPO	1.0	1	1.0	HiC_scaffold8	47708962	False	A	T	0/0	83	99	83,0	0.0	True
DP1709141A	DQS11	CMA	1.0	1	0.0	HiC_scaffold8	47708962	False	A	T	0/0	58	99	58,0	0.0	True
DP1709144A	DQS11	CMA	1.0	1	0.0	HiC_scaffold8	47708962	False	A	T	0/0	58	99	58,0	0.0	True
DP1709148A	DQS11	CMA	1.0	1	0.0	HiC_scaffold8	47708962	False	A	T	0/0	44	99	44,0	0.0	True
Gln2014-15-10A	LD30	CYU	0.0	0	1.0	HiC_scaffold8	47708962	False	A	T	0/1	72	99	53,19	0.2638888888888889	True
Gln2014-15-1A	LD30	CYU	0.0	0	1.0	HiC_scaffold8	47708962	False	A	T	0/1	59	99	50,9	0.15254237288135594	True
Gln2014-15-3A	LD30	CYU	0.0	0	1.0	HiC_scaffold8	47708962	False	A	T	0/1	65	99	57,8	0.12307692307692308	True
Gln2014-15-4A	LD30	CYU	0.0	0	1.0	HiC_scaffold8	47708962	False	A	T	0/1	56	99	46,10	0.17857142857142858	True
Gln2014-15-5A	LD30	CYU	0.0	0	1.0	HiC_scaffold8	47708962	False	A	T	0/1	98	99	70,28	0.2857142857142857	True
Gln2014-15-6A	LD30	CYU	0.0	0	1.0	HiC_scaffold8	47708962	False	A	T	0/1	117	99	83,34	0.2905982905982906	True
Gln2014-15-7A	LD30	CYU	0.0	0	1.0	HiC_scaffold8	47708962	False	A	T	0/1	64	99	23,41	0.640625	True
Gln2014-15-8A	LD30	CYU	0.0	0	1.0	HiC_scaffold8	47708962	False	A	T	0/1	102	99	34,68	0.6666666666666666	True
Gln2014-8-1A	LD06	CPO	1.0	1	1.0	HiC_scaffold8	47708962	False	A	T	0/0	119	99	119,0	0.0	True
Gln2014-8-2A	LD06	CPO	1.0	1	1.0	HiC_scaffold8	47708962	False	A	T	0/0	50	99	50,0	0.0	True
Gln2014-8-4A	LD06	CPO	1.0	1	1.0	HiC_scaffold8	47708962	False	A	T	0/0	39	99	39,0	0.0	True
Gln2014-8-5A	LD06	CPO	1.0	1	1.0	HiC_scaffold8	47708962	False	A	T	0/0	65	99	65,0	0.0	True
Gln2014-8-6A	LD06	CPO	1.0	1	1.0	HiC_scaffold8	47708962	False	A	T	0/0	59	99	59,0	0.0	True
Gln2014-8-7A	LD06	CPO	1.0	1	1.0	HiC_scaffold8	47708962	False	A	T	0/0	44	91	44,0	0.0	True
Gln2014-8-8A	LD06	CPO	1.0	1	1.0	HiC_scaffold8	47708962	False	A	T	0/0	78	99	78,0	0.0	True
JLS-BM001-1A	BM31	N	NA	1	NA	HiC_scaffold8	47708962	False	A	T	0/0	151	99	151,0	0.0	True
JLS-BM001-2A	BM31	N	NA	1	NA	HiC_scaffold8	47708962	False	A	T	0/0	116	99	116,0	0.0	True
JLS-BM001-3A	BM31	N	NA	1	NA	HiC_scaffold8	47708962	False	A	T	0/0	198	99	198,0	0.0	True
JLS-BM001-4A	BM31	N	NA	1	NA	HiC_scaffold8	47708962	False	A	T	0/0	140	99	140,0	0.0	True
JLS-BM001-5A	BM31	N	NA	1	NA	HiC_scaffold8	47708962	False	A	T	0/0	210	99	210,0	0.0	True
JLS-BM001-6A	BM31	N	NA	1	NA	HiC_scaffold8	47708962	False	A	T	0/0	204	99	204,0	0.0	True
JLS-BM001-7A	BM31	N	NA	1	NA	HiC_scaffold8	47708962	False	A	T	0/0	100	99	100,0	0.0	True
JLS-BM001-8A	BM31	N	NA	1	NA	HiC_scaffold8	47708962	False	A	T	0/0	174	99	174,0	0.0	True
JLS-CY022-10A	CY32	CPO	1.0	1	1.0	HiC_scaffold8	47708962	False	A	T	0/0	72	99	72,0	0.0	True
JLS-CY022-11A	CY32	CPO	1.0	1	1.0	HiC_scaffold8	47708962	False	A	T	0/0	50	99	50,0	0.0	True
JLS-CY022-4A	CY32	CPO	1.0	1	1.0	HiC_scaffold8	47708962	False	A	T	0/0	36	99	36,0	0.0	True
JLS-CY022-5A	CY32	CPO	1.0	1	1.0	HiC_scaffold8	47708962	False	A	T	0/0	80	99	80,0	0.0	True
JLS-CY022-6A	CY32	CPO	1.0	1	1.0	HiC_scaffold8	47708962	False	A	T	0/0	59	99	59,0	0.0	True
JLS-CY022-7A	CY32	CPO	1.0	1	1.0	HiC_scaffold8	47708962	False	A	T	0/0	66	99	66,0	0.0	True
Sha-WS-1A	WS14	CMA	1.0	1	0.0	HiC_scaffold8	47708962	False	A	T	0/0	20	60	20,0	0.0	True
Sha-WS-2A	WS14	CMA	1.0	1	0.0	HiC_scaffold8	47708962	False	A	T	0/0	20	60	20,0	0.0	True
Sha-WS-3A	WS14	CMA	1.0	1	0.0	HiC_scaffold8	47708962	False	A	T	0/0	26	78	26,0	0.0	True
Sha-WS-4A	WS14	CMA	1.0	1	0.0	HiC_scaffold8	47708962	False	A	T	0/0	25	72	25,0	0.0	True
Sha-WS-5A	WS14	CMA	1.0	1	0.0	HiC_scaffold8	47708962	False	A	T	0/0	38	99	38,0	0.0	True
Sha-WS-6A	WS14	CMA	1.0	1	0.0	HiC_scaffold8	47708962	False	A	T	0/0	39	99	39,0	0.0	True
Sha-WS-7A	WS14	CMA	1.0	1	0.0	HiC_scaffold8	47708962	False	A	T	0/0	34	99	34,0	0.0	True
Sha-WS-8A	WS14	CMA	1.0	1	0.0	HiC_scaffold8	47708962	False	A	T	0/0	28	73	28,0	0.0	True
THP-SET_1917-1A	MK27	CPO	1.0	1	1.0	HiC_scaffold8	47708962	False	A	T	0/0	74	99	74,0	0.0	True
THP-SET_1917-2A	MK27	CPO	1.0	1	1.0	HiC_scaffold8	47708962	False	A	T	0/0	46	99	46,0	0.0	True
THP-SET_1917-3A	MK27	CPO	1.0	1	1.0	HiC_scaffold8	47708962	False	A	T	0/0	32	81	32,0	0.0	True
THP-SET_1917-4A	MK27	CPO	1.0	1	1.0	HiC_scaffold8	47708962	False	A	T	0/0	52	99	52,0	0.0	True
THP-SET_1917-5A	MK27	CPO	1.0	1	1.0	HiC_scaffold8	47708962	False	A	T	0/0	139	99	139,0	0.0	True
THP-SET_1917-6A	MK27	CPO	1.0	1	1.0	HiC_scaffold8	47708962	False	A	T	0/0	110	99	110,0	0.0	True
THP-SET_1917-7A	MK27	CPO	1.0	1	1.0	HiC_scaffold8	47708962	False	A	T	0/0	106	99	106,0	0.0	True
THP-SET_1917-8A	MK27	CPO	1.0	1	1.0	HiC_scaffold8	47708962	False	A	T	0/0	95	99	95,0	0.0	True
XB2014-144-2A	SM35	CYU	1.0	1	1.0	HiC_scaffold8	47708962	False	A	T	0/0	79	99	79,0	0.0	True
XB2014-144-3A	SM35	CYU	1.0	1	1.0	HiC_scaffold8	47708962	False	A	T	0/0	96	99	96,0	0.0	True
XB2014-144-4A	SM35	CYU	1.0	1	1.0	HiC_scaffold8	47708962	False	A	T	0/0	57	99	57,0	0.0	True
XB2014-144-5A	SM35	CYU	1.0	1	1.0	HiC_scaffold8	47708962	False	A	T	0/0	110	99	110,0	0.0	True
XB2014-144-6A	SM35	CYU	1.0	1	1.0	HiC_scaffold8	47708962	False	A	T	0/0	79	99	79,0	0.0	True
XB2014-144-7A	SM35	CYU	1.0	1	1.0	HiC_scaffold8	47708962	False	A	T	0/0	84	99	84,0	0.0	True
XB2014-144-8A	SM35	CYU	1.0	1	1.0	HiC_scaffold8	47708962	False	A	T	0/0	132	99	132,0	0.0	True
XB2014-144-9A	SM35	CYU	1.0	1	1.0	HiC_scaffold8	47708962	False	A	T	0/0	133	99	133,0	0.0	True
XB2014-38-2A	EY8	CYU	0.0	1	1.0	HiC_scaffold8	47708962	False	A	T	0/1	69	99	37,32	0.463768115942029	True
XB2014-38-3A	EY8	CYU	0.0	1	1.0	HiC_scaffold8	47708962	False	A	T	0/0	19	51	19,0	0.0	True
XB2014-38-4A	EY8	CYU	0.0	1	1.0	HiC_scaffold8	47708962	False	A	T	0/0	51	99	51,0	0.0	True
XB2014-38-5A	EY8	CYU	0.0	1	1.0	HiC_scaffold8	47708962	False	A	T	0/0	35	87	35,0	0.0	True
XB2014-38-6A	EY9	CPO	0.0	1	1.0	HiC_scaffold8	47708962	False	A	T	0/0	32	54	32,0	0.0	True
XB2014-39-1A	EY9	CPO	1.0	1	1.0	HiC_scaffold8	47708962	False	A	T	0/0	47	99	47,0	0.0	True
XB2014-39-2A	EY9	CPO	1.0	1	1.0	HiC_scaffold8	47708962	False	A	T	0/0	113	99	113,0	0.0	True
XB2014-39-3A	EY9	CPO	1.0	1	1.0	HiC_scaffold8	47708962	False	A	T	0/0	57	99	57,0	0.0	True
XB2014-39-4A	EY9	CPO	1.0	1	1.0	HiC_scaffold8	47708962	False	A	T	0/0	66	99	66,0	0.0	True
XB2014-39-5A	EY9	CPO	1.0	1	1.0	HiC_scaffold8	47708962	False	A	T	0/0	74	99	74,0	0.0	True
XB2014-39-6A	EY9	CPO	1.0	1	1.0	HiC_scaffold8	47708962	False	A	T	0/0	114	99	114,0	0.0	True
XB2014-39-7A	EY9	CPO	1.0	1	1.0	HiC_scaffold8	47708962	False	A	T	0/0	128	99	128,0	0.0	True
XB2014-39-8A	EY9	CPO	1.0	1	1.0	HiC_scaffold8	47708962	False	A	T	0/0	80	99	80,0	0.0	True
XB2014-4-2A	MN4	CYU	0.0	0	1.0	HiC_scaffold8	47708962	False	A	T	0/1	104	99	75,29	0.27884615384615385	True
XB2014-4-3A	MN4	CYU	0.0	0	1.0	HiC_scaffold8	47708962	False	A	T	0/1	98	99	54,44	0.4489795918367347	True
XB2014-4-4A	MN4	CYU	0.0	0	1.0	HiC_scaffold8	47708962	False	A	T	0/1	99	99	59,40	0.40404040404040403	True
XB2014-4-5A	MN4	CYU	0.0	0	1.0	HiC_scaffold8	47708962	False	A	T	0/0	57	99	57,0	0.0	True
XB2014-4-6A	MN4	CYU	0.0	0	1.0	HiC_scaffold8	47708962	False	A	T	0/1	60	99	48,12	0.2	True
XB2014-4-7A	MN4	CYU	0.0	0	1.0	HiC_scaffold8	47708962	False	A	T	0/1	123	99	92,31	0.25203252032520324	True
XB2014-4-8A	YL9	CYU	0.0	0	1.0	HiC_scaffold8	47708962	False	A	T	0/1	82	99	56,26	0.3170731707317073	True
XB2014-4-9A	YL9	CYU	0.0	0	1.0	HiC_scaffold8	47708962	False	A	T	0/1	84	99	64,20	0.23809523809523808	True
XB2014-48-1A	MN4	CYU	0.0	0	1.0	HiC_scaffold8	47708962	False	A	T	0/1	76	99	65,11	0.14473684210526316	True
XB2014-48-2A	MN4	CYU	0.0	0	1.0	HiC_scaffold8	47708962	False	A	T	0/1	93	99	65,28	0.3010752688172043	True
XB2014-48-3A	YL9	CYU	0.0	0	1.0	HiC_scaffold8	47708962	False	A	T	0/1	80	99	53,27	0.3375	True
XB2014-48-4A	YL9	CYU	0.0	0	1.0	HiC_scaffold8	47708962	False	A	T	0/1	88	99	66,22	0.25	True
XB2014-48-5A	YL9	CYU	0.0	0	1.0	HiC_scaffold8	47708962	False	A	T	0/1	46	99	23,23	0.5	True
XB2014-48-6A	YL9	CYU	0.0	0	1.0	HiC_scaffold8	47708962	False	A	T	0/1	57	99	34,23	0.40350877192982454	True
XB2014-48-7A	YL9	CYU	0.0	0	1.0	HiC_scaffold8	47708962	False	A	T	0/1	70	99	39,31	0.44285714285714284	True
XB2014-48-9A	YL9	CYU	0.0	0	1.0	HiC_scaffold8	47708962	False	A	T	0/1	79	99	70,9	0.11392405063291139	True
XB26-3B	SC37	CPO	1.0	1	1.0	HiC_scaffold8	47708962	False	A	T	0/0	63	99	63,0	0.0	True
XB26-4B	SC37	CPO	1.0	1	1.0	HiC_scaffold8	47708962	False	A	T	0/0	19	57	19,0	0.0	True
XB26-5B	SC37	CPO	1.0	1	1.0	HiC_scaffold8	47708962	False	A	T	0/0	43	99	43,0	0.0	True
XB26-7B	SC37	CPO	1.0	1	1.0	HiC_scaffold8	47708962	False	A	T	0/0	60	99	60,0	0.0	True
XuBo982-1A	XS40	CMA	1.0	1	0.0	HiC_scaffold8	47708962	False	A	T	0/0	25	66	25,0	0.0	True
XuBo982-2A	XS40	CMA	1.0	1	0.0	HiC_scaffold8	47708962	False	A	T	0/0	16	48	16,0	0.0	True
XuBo982-3A	XS40	CMA	1.0	1	0.0	HiC_scaffold8	47708962	False	A	T	0/0	22	63	22,0	0.0	True
XuBo982-4A	XS40	CMA	1.0	1	0.0	HiC_scaffold8	47708962	False	A	T	0/0	32	90	32,0	0.0	True
XuBo982-5A	XS40	CMA	1.0	1	0.0	HiC_scaffold8	47708962	False	A	T	0/0	37	99	37,0	0.0	True
XubBo-1037-1A	LN46	N	1.0	1	0.0	HiC_scaffold8	47708962	False	A	T	0/0	63	99	63,0	0.0	True
XubBo-1037-2A	TB43	CMA	NA	1	NA	HiC_scaffold8	47708962	False	A	T	0/0	59	99	59,0	0.0	True
XubBo-1037-3A	TB43	CMA	NA	1	NA	HiC_scaffold8	47708962	False	A	T	0/0	59	99	59,0	0.0	True
XubBo-1037-4A	TB43	CMA	NA	1	NA	HiC_scaffold8	47708962	False	A	T	0/0	102	99	102,0	0.0	True
XubBo-1037-5A	TB43	CMA	NA	1	NA	HiC_scaffold8	47708962	False	A	T	0/0	64	99	64,0	0.0	True
XubBo-1037-6A	TB43	CMA	NA	1	NA	HiC_scaffold8	47708962	False	A	T	0/0	80	99	80,0	0.0	True
XubBo-1037-7A	TB43	CMA	NA	1	NA	HiC_scaffold8	47708962	False	A	T	0/0	53	99	53,0	0.0	True
XubBo-1037-8A	TB43	CMA	NA	1	NA	HiC_scaffold8	47708962	False	A	T	0/0	64	99	64,0	0.0	True
XubBo1030-10A	LN46	N	1.0	1	0.0	HiC_scaffold8	47708962	False	A	T	0/0	39	99	39,0	0.0	True
XubBo1030-1A	LN46	N	1.0	1	0.0	HiC_scaffold8	47708962	False	A	T	0/0	15	45	15,0	0.0	True
XubBo1030-3A	LN46	N	1.0	1	0.0	HiC_scaffold8	47708962	False	A	T	0/0	22	63	22,0	0.0	True
XubBo1030-5A	LN46	N	1.0	1	0.0	HiC_scaffold8	47708962	False	A	T	0/0	19	57	19,0	0.0	True
XubBo1030-6A	LN46	N	1.0	1	0.0	HiC_scaffold8	47708962	False	A	T	0/0	31	90	31,0	0.0	True
XubBo1030-8A	LN46	N	1.0	1	0.0	HiC_scaffold8	47708962	False	A	T	0/0	23	66	23,0	0.0	True
XubBo1030-9A	LN46	N	1.0	1	0.0	HiC_scaffold8	47708962	False	A	T	0/0	20	57	20,0	0.0	True
XubBo1051-10A	WX48	CMA	1.0	1	0.0	HiC_scaffold8	47708962	False	A	T	0/0	50	99	50,0	0.0	True
XubBo1051-1A	WX48	CMA	1.0	1	0.0	HiC_scaffold8	47708962	False	A	T	0/0	59	99	59,0	0.0	True
XubBo1051-2A	WX48	CMA	1.0	1	0.0	HiC_scaffold8	47708962	False	A	T	0/0	33	90	33,0	0.0	True
XubBo1051-3A	WX48	CMA	1.0	1	0.0	HiC_scaffold8	47708962	False	A	T	0/0	34	99	34,0	0.0	True
XubBo1051-4A	WX48	CMA	1.0	1	0.0	HiC_scaffold8	47708962	False	A	T	0/0	44	99	44,0	0.0	True
XubBo1051-7A	WX48	CMA	1.0	1	0.0	HiC_scaffold8	47708962	False	A	T	0/0	60	99	60,0	0.0	True
XubBo1051-8A	WX48	CMA	1.0	1	0.0	HiC_scaffold8	47708962	False	A	T	0/0	24	72	24,0	0.0	True
XubBo1051-9A	WX48	CMA	1.0	1	0.0	HiC_scaffold8	47708962	False	A	T	0/0	52	99	52,0	0.0	True
Xubo01402-2A	YS26	CYU	1.0	1	1.0	HiC_scaffold8	47708962	False	A	T	0/0	39	99	39,0	0.0	True
Xubo01402-3A	YS26	CYU	1.0	1	1.0	HiC_scaffold8	47708962	False	A	T	0/0	40	99	40,0	0.0	True
Xubo01402-4A	YS26	CYU	1.0	1	1.0	HiC_scaffold8	47708962	False	A	T	0/0	31	81	31,0	0.0	True
Xubo01402-5A	YS26	CYU	1.0	1	1.0	HiC_scaffold8	47708962	False	A	T	0/0	71	99	71,0	0.0	True
Xubo01402-6A	YS26	CYU	1.0	1	1.0	HiC_scaffold8	47708962	False	A	T	0/0	35	99	35,0	0.0	True
Xubo01402-7A	YS26	CYU	1.0	1	1.0	HiC_scaffold8	47708962	False	A	T	0/0	58	99	58,0	0.0	True
Xubo01402-8A	YS26	CYU	1.0	1	1.0	HiC_scaffold8	47708962	False	A	T	0/0	61	99	61,0	0.0	True
Xubo01402-9A	YS26	CYU	1.0	1	1.0	HiC_scaffold8	47708962	False	A	T	0/0	37	99	37,0	0.0	True
YLZB4703-2A	SM3	CYU	0.0	0	1.0	HiC_scaffold8	47708962	False	A	T	0/1	109	99	69,40	0.3669724770642202	True
YLZB4703-3A	SM3	CYU	0.0	0	1.0	HiC_scaffold8	47708962	False	A	T	0/1	90	99	41,49	0.5444444444444444	True
YLZB4703-5A	SM3	CYU	0.0	0	1.0	HiC_scaffold8	47708962	False	A	T	0/1	71	99	56,15	0.2112676056338028	True
YLZB4703-7A	SM3	CYU	0.0	0	1.0	HiC_scaffold8	47708962	False	A	T	0/1	188	99	105,83	0.44148936170212766	True
YLZB4703-9A	SM3	CYU	0.0	0	1.0	HiC_scaffold8	47708962	False	A	T	0/1	71	99	46,25	0.352112676056338	True
YLZB4715-10A	MY1	CYU	0.0	0	1.0	HiC_scaffold8	47708962	False	A	T	0/1	139	99	121,18	0.12949640287769784	True
YLZB4715-1A	MY1	CYU	0.0	0	1.0	HiC_scaffold8	47708962	False	A	T	0/1	67	99	51,16	0.23880597014925373	True
YLZB4715-2A	MY1	CYU	0.0	0	1.0	HiC_scaffold8	47708962	False	A	T	0/1	89	99	62,27	0.30337078651685395	True
YLZB4715-5A	MY1	CYU	0.0	0	1.0	HiC_scaffold8	47708962	False	A	T	0/1	74	99	44,30	0.40540540540540543	True
YLZB4715-6A	MY1	CYU	0.0	0	1.0	HiC_scaffold8	47708962	False	A	T	0/1	81	99	53,28	0.345679012345679	True
YLZB4715-7A	MY1	CYU	0.0	0	1.0	HiC_scaffold8	47708962	False	A	T	0/1	115	99	103,12	0.10434782608695652	True
YLZB4715-8A	MY1	CYU	0.0	0	1.0	HiC_scaffold8	47708962	False	A	T	0/1	126	99	85,41	0.3253968253968254	True
YLZB4715-9A	MY1	CYU	0.0	0	1.0	HiC_scaffold8	47708962	False	A	T	0/0	120	72	120,0	0.0	True
YLZB4735-10A	YSXC51	CPO	1.0	1	1.0	HiC_scaffold8	47708962	False	A	T	0/0	46	99	46,0	0.0	True
YLZB4735-1A	YSXC51	CPO	1.0	1	1.0	HiC_scaffold8	47708962	False	A	T	0/0	62	99	62,0	0.0	True
YLZB4735-2A	YSXC51	CPO	1.0	1	1.0	HiC_scaffold8	47708962	False	A	T	0/0	48	99	48,0	0.0	True
YLZB4735-3A	YSXC51	CPO	1.0	1	1.0	HiC_scaffold8	47708962	False	A	T	0/0	82	99	82,0	0.0	True
YLZB4735-5A	YSXC51	CPO	1.0	1	1.0	HiC_scaffold8	47708962	False	A	T	0/0	39	99	39,0	0.0	True
YLZB4735-6A	YSXC51	CPO	1.0	1	1.0	HiC_scaffold8	47708962	False	A	T	0/0	33	84	33,0	0.0	True
YLZB4735-8A	YSXC51	CPO	1.0	1	1.0	HiC_scaffold8	47708962	False	A	T	0/0	44	99	44,0	0.0	True
YLZB4735-9A	YSXC51	CPO	1.0	1	1.0	HiC_scaffold8	47708962	False	A	T	0/0	49	99	49,0	0.0	True
YLZB4816-11A	ASCD52	CPO	1.0	1	1.0	HiC_scaffold8	47708962	False	A	T	0/0	47	99	47,0	0.0	True
YLZB4816-3A	ASCD52	CPO	1.0	1	1.0	HiC_scaffold8	47708962	False	A	T	0/0	20	54	20,0	0.0	True
YLZB4816-4A	ASCD52	CPO	1.0	1	1.0	HiC_scaffold8	47708962	False	A	T	0/0	33	93	33,0	0.0	True
YLZB4816-6A	ASCD52	CPO	1.0	1	1.0	HiC_scaffold8	47708962	False	A	T	0/0	47	99	47,0	0.0	True
YLZB4816-7A	ASCD52	CPO	1.0	1	1.0	HiC_scaffold8	47708962	False	A	T	0/0	51	99	51,0	0.0	True
YLZB4816-8A	ASCD52	CPO	1.0	1	1.0	HiC_scaffold8	47708962	False	A	T	0/0	15	45	15,0	0.0	True
YLZB4816-9A	ASCD52	CPO	1.0	1	1.0	HiC_scaffold8	47708962	False	A	T	0/0	65	99	65,0	0.0	True
ZXL277-1A	YY12	CMA	1.0	1	0.0	HiC_scaffold8	47708962	False	A	T	0/0	58	99	58,0	0.0	True
ZXL277-2A	YY12	CMA	1.0	1	0.0	HiC_scaffold8	47708962	False	A	T	0/0	32	54	32,0	0.0	True
ZXL277-3A	YY12	CMA	1.0	1	0.0	HiC_scaffold8	47708962	False	A	T	0/0	27	66	27,0	0.0	True
ZXL277-4A	YY12	CMA	1.0	1	0.0	HiC_scaffold8	47708962	False	A	T	0/0	28	72	28,0	0.0	True
ZXL277-5A	YY12	CMA	1.0	1	0.0	HiC_scaffold8	47708962	False	A	T	0/0	46	99	46,0	0.0	True
ZXL277-6A	YY12	CMA	1.0	1	0.0	HiC_scaffold8	47708962	False	A	T	0/0	38	99	38,0	0.0	True
ZXL277-7A	YY12	CMA	1.0	1	0.0	HiC_scaffold8	47708962	False	A	T	0/0	26	60	26,0	0.0	True
ZXL277-8A	YY12	CMA	1.0	1	0.0	HiC_scaffold8	47708962	False	A	T	0/0	38	95	38,0	0.0	True
ZXL79-1A	CZ25	CMA	1.0	1	0.0	HiC_scaffold8	47708962	False	A	T	0/0	80	99	80,0	0.0	True
ZXL79-2A	CZ25	CMA	1.0	1	0.0	HiC_scaffold8	47708962	False	A	T	0/0	68	99	68,0	0.0	True
ZXL79-3A	CZ25	CMA	1.0	1	0.0	HiC_scaffold8	47708962	False	A	T	0/0	60	99	60,0	0.0	True
ZXL79-4A	CZ25	CMA	1.0	1	0.0	HiC_scaffold8	47708962	False	A	T	0/0	185	99	185,0	0.0	True
ZXL79-5A	CZ25	CMA	1.0	1	0.0	HiC_scaffold8	47708962	False	A	T	0/0	58	99	58,0	0.0	True
ZXL79-6A	CZ25	CMA	1.0	1	0.0	HiC_scaffold8	47708962	False	A	T	0/0	37	99	37,0	0.0	True
ZXL79-7A	CZ25	CMA	1.0	1	0.0	HiC_scaffold8	47708962	False	A	T	0/0	76	99	76,0	0.0	True
xubo266-2A	XY36	CMA	1.0	1	0.0	HiC_scaffold8	47708962	False	A	T	0/0	41	99	41,0	0.0	True
xubo266-3A	XY36	CMA	1.0	1	0.0	HiC_scaffold8	47708962	False	A	T	0/0	37	99	37,0	0.0	True
xubo266-4A	XY36	CMA	1.0	1	0.0	HiC_scaffold8	47708962	False	A	T	0/0	21	63	21,0	0.0	True
xubo266-5A	XY36	CMA	1.0	1	0.0	HiC_scaffold8	47708962	False	A	T	0/0	54	99	54,0	0.0	True
xubo266-6A	XY36	CMA	1.0	1	0.0	HiC_scaffold8	47708962	False	A	T	0/0	51	99	51,0	0.0	True
xubo266-8A	XY36	CMA	1.0	1	0.0	HiC_scaffold8	47708962	False	A	T	0/0	49	99	49,0	0.0	True
xubo266-9A	XY36	CMA	1.0	1	0.0	HiC_scaffold8	47708962	False	A	T	0/0	43	99	43,0	0.0	True
zhuzm1009-10A	KM42	CPO	1.0	1	1.0	HiC_scaffold8	47708962	False	A	T	0/0	115	99	115,0	0.0	True
zhuzm1009-2A	KM42	CPO	1.0	1	1.0	HiC_scaffold8	47708962	False	A	T	0/0	61	99	61,0	0.0	True
zhuzm1009-3A	KM42	CPO	1.0	1	1.0	HiC_scaffold8	47708962	False	A	T	0/0	49	99	49,0	0.0	True
zhuzm1009-6A	KM42	CPO	1.0	1	1.0	HiC_scaffold8	47708962	False	A	T	0/0	47	99	47,0	0.0	True
zhuzm1009-7A	KM42	CPO	1.0	1	1.0	HiC_scaffold8	47708962	False	A	T	0/0	42	99	42,0	0.0	True
zhuzm1009-8A	KM42	CPO	1.0	1	1.0	HiC_scaffold8	47708962	False	A	T	0/0	62	99	62,0	0.0	True
2014-128-1A	ML50	CPO	1.0	1	1.0	HiC_scaffold8	47709558	False	A	G	0/0	189	99	189,0	0.0	True
2014-128-2A	ML50	CPO	1.0	1	1.0	HiC_scaffold8	47709558	False	A	G	0/0	91	99	91,0	0.0	True
2014-128-3A	ML50	CPO	1.0	1	1.0	HiC_scaffold8	47709558	False	A	G	0/0	62	99	62,0	0.0	True
2014-128-4A	ML50	CPO	1.0	1	1.0	HiC_scaffold8	47709558	False	A	G	0/0	87	99	87,0	0.0	True
2014-128-5A	ML50	CPO	1.0	1	1.0	HiC_scaffold8	47709558	False	A	G	0/0	133	99	133,0	0.0	True
2014-132-2A	ML5	N	1.0	1	1.0	HiC_scaffold8	47709558	False	A	G	0/0	113	99	113,0	0.0	True
2014-132-3A	ML5	N	1.0	1	1.0	HiC_scaffold8	47709558	False	A	G	0/0	173	99	173,0	0.0	True
2014-132-4A	ML5	N	1.0	1	1.0	HiC_scaffold8	47709558	False	A	G	0/0	143	99	143,0	0.0	True
2014-132-5A	ML5	N	1.0	1	1.0	HiC_scaffold8	47709558	False	A	G	0/0	55	99	55,0	0.0	True
2014-132-6A	ML5	N	1.0	1	1.0	HiC_scaffold8	47709558	False	A	G	0/0	151	99	151,0	0.0	True
2014-132-7A	ML5	N	1.0	1	1.0	HiC_scaffold8	47709558	False	A	G	0/0	151	99	151,0	0.0	True
2014-132-8A	ML5	N	1.0	1	1.0	HiC_scaffold8	47709558	False	A	G	0/0	226	99	226,0	0.0	True
2014-132-9A	ML5	N	1.0	1	1.0	HiC_scaffold8	47709558	False	A	G	0/0	114	99	114,0	0.0	True
2014-3-10A	MN34	CPO	1.0	1	1.0	HiC_scaffold8	47709558	False	A	G	0/0	97	99	97,0	0.0	True
2014-3-3A	MN34	CPO	1.0	1	1.0	HiC_scaffold8	47709558	False	A	G	0/0	72	99	72,0	0.0	True
2014-3-4A	MN34	CPO	1.0	1	1.0	HiC_scaffold8	47709558	False	A	G	0/0	76	99	76,0	0.0	True
2014-3-5A	MN34	CPO	1.0	1	1.0	HiC_scaffold8	47709558	False	A	G	0/0	83	99	83,0	0.0	True
2014-3-6A	MN34	CPO	1.0	1	1.0	HiC_scaffold8	47709558	False	A	G	0/0	103	99	103,0	0.0	True
2014-3-7A	MN34	CPO	1.0	1	1.0	HiC_scaffold8	47709558	False	A	G	0/0	75	99	75,0	0.0	True
2014-3-8A	MN34	CPO	1.0	1	1.0	HiC_scaffold8	47709558	False	A	G	0/0	79	99	79,0	0.0	True
2014-3-9A	MN34	CPO	1.0	1	1.0	HiC_scaffold8	47709558	False	A	G	0/0	111	99	111,0	0.0	True
2014-66-1A	YL49	CPO	1.0	1	1.0	HiC_scaffold8	47709558	False	A	G	0/0	85	99	85,0	0.0	True
2014-66-2A	YL49	CPO	1.0	1	1.0	HiC_scaffold8	47709558	False	A	G	0/0	82	99	82,0	0.0	True
2014-66-3A	YL49	CPO	1.0	1	1.0	HiC_scaffold8	47709558	False	A	G	0/0	82	99	82,0	0.0	True
2014-66-4A	YL49	CPO	1.0	1	1.0	HiC_scaffold8	47709558	False	A	G	0/0	32	84	32,0	0.0	True
2014-66-5A	YL49	CPO	1.0	1	1.0	HiC_scaffold8	47709558	False	A	G	0/0	39	99	39,0	0.0	True
2014-66-6A	YL49	CPO	1.0	1	1.0	HiC_scaffold8	47709558	False	A	G	0/0	62	99	62,0	0.0	True
2014-66-7A	YL49	CPO	1.0	1	1.0	HiC_scaffold8	47709558	False	A	G	0/0	108	99	108,0	0.0	True
2014-66-8A	YL49	CPO	1.0	1	1.0	HiC_scaffold8	47709558	False	A	G	0/0	92	99	92,0	0.0	True
DP1709141A	DQS11	CMA	1.0	1	0.0	HiC_scaffold8	47709558	False	A	G	0/0	69	99	69,0	0.0	True
DP1709144A	DQS11	CMA	1.0	1	0.0	HiC_scaffold8	47709558	False	A	G	0/0	42	99	42,0	0.0	True
DP1709148A	DQS11	CMA	1.0	1	0.0	HiC_scaffold8	47709558	False	A	G	0/0	47	99	47,0	0.0	True
Gln2014-15-10A	LD30	CYU	0.0	0	1.0	HiC_scaffold8	47709558	False	A	G	0/1	57	99	45,12	0.21052631578947367	True
Gln2014-15-1A	LD30	CYU	0.0	0	1.0	HiC_scaffold8	47709558	False	A	G	0/1	69	99	56,13	0.18840579710144928	True
Gln2014-15-3A	LD30	CYU	0.0	0	1.0	HiC_scaffold8	47709558	False	A	G	0/1	64	99	50,14	0.21875	True
Gln2014-15-4A	LD30	CYU	0.0	0	1.0	HiC_scaffold8	47709558	False	A	G	0/1	87	99	78,9	0.10344827586206896	True
Gln2014-15-5A	LD30	CYU	0.0	0	1.0	HiC_scaffold8	47709558	False	A	G	0/1	101	99	72,29	0.2871287128712871	True
Gln2014-15-6A	LD30	CYU	0.0	0	1.0	HiC_scaffold8	47709558	False	A	G	0/1	119	99	96,23	0.19327731092436976	True
Gln2014-15-7A	LD30	CYU	0.0	0	1.0	HiC_scaffold8	47709558	False	A	G	0/1	74	99	33,34	0.5074626865671642	True
Gln2014-15-8A	LD30	CYU	0.0	0	1.0	HiC_scaffold8	47709558	False	A	G	0/1	137	99	82,55	0.40145985401459855	True
Gln2014-8-1A	LD06	CPO	1.0	1	1.0	HiC_scaffold8	47709558	False	A	G	0/0	122	99	122,0	0.0	True
Gln2014-8-2A	LD06	CPO	1.0	1	1.0	HiC_scaffold8	47709558	False	A	G	0/0	50	99	50,0	0.0	True
Gln2014-8-4A	LD06	CPO	1.0	1	1.0	HiC_scaffold8	47709558	False	A	G	0/0	59	99	59,0	0.0	True
Gln2014-8-5A	LD06	CPO	1.0	1	1.0	HiC_scaffold8	47709558	False	A	G	0/0	86	99	86,0	0.0	True
Gln2014-8-6A	LD06	CPO	1.0	1	1.0	HiC_scaffold8	47709558	False	A	G	0/0	105	99	105,0	0.0	True
Gln2014-8-7A	LD06	CPO	1.0	1	1.0	HiC_scaffold8	47709558	False	A	G	0/0	33	90	33,0	0.0	True
Gln2014-8-8A	LD06	CPO	1.0	1	1.0	HiC_scaffold8	47709558	False	A	G	0/0	75	99	75,0	0.0	True
JLS-BM001-1A	BM31	N	NA	1	NA	HiC_scaffold8	47709558	False	A	G	0/0	190	99	190,0	0.0	True
JLS-BM001-2A	BM31	N	NA	1	NA	HiC_scaffold8	47709558	False	A	G	0/0	159	99	159,0	0.0	True
JLS-BM001-3A	BM31	N	NA	1	NA	HiC_scaffold8	47709558	False	A	G	0/0	185	99	185,0	0.0	True
JLS-BM001-4A	BM31	N	NA	1	NA	HiC_scaffold8	47709558	False	A	G	0/0	173	99	173,0	0.0	True
JLS-BM001-5A	BM31	N	NA	1	NA	HiC_scaffold8	47709558	False	A	G	0/0	184	99	184,0	0.0	True
JLS-BM001-6A	BM31	N	NA	1	NA	HiC_scaffold8	47709558	False	A	G	0/0	205	99	205,0	0.0	True
JLS-BM001-7A	BM31	N	NA	1	NA	HiC_scaffold8	47709558	False	A	G	0/0	122	99	122,0	0.0	True
JLS-BM001-8A	BM31	N	NA	1	NA	HiC_scaffold8	47709558	False	A	G	0/0	158	99	158,0	0.0	True
JLS-CY022-10A	CY32	CPO	1.0	1	1.0	HiC_scaffold8	47709558	False	A	G	0/0	110	99	110,0	0.0	True
JLS-CY022-11A	CY32	CPO	1.0	1	1.0	HiC_scaffold8	47709558	False	A	G	0/0	53	99	53,0	0.0	True
JLS-CY022-4A	CY32	CPO	1.0	1	1.0	HiC_scaffold8	47709558	False	A	G	0/0	50	99	50,0	0.0	True
JLS-CY022-5A	CY32	CPO	1.0	1	1.0	HiC_scaffold8	47709558	False	A	G	0/0	116	99	116,0	0.0	True
JLS-CY022-6A	CY32	CPO	1.0	1	1.0	HiC_scaffold8	47709558	False	A	G	0/0	72	99	72,0	0.0	True
JLS-CY022-7A	CY32	CPO	1.0	1	1.0	HiC_scaffold8	47709558	False	A	G	0/0	72	99	72,0	0.0	True
Sha-WS-1A	WS14	CMA	1.0	1	0.0	HiC_scaffold8	47709558	False	A	G	0/0	20	51	20,0	0.0	True
Sha-WS-2A	WS14	CMA	1.0	1	0.0	HiC_scaffold8	47709558	False	A	G	0/0	24	63	24,0	0.0	True
Sha-WS-3A	WS14	CMA	1.0	1	0.0	HiC_scaffold8	47709558	False	A	G	0/0	41	99	41,0	0.0	True
Sha-WS-4A	WS14	CMA	1.0	1	0.0	HiC_scaffold8	47709558	False	A	G	0/0	25	72	25,0	0.0	True
Sha-WS-5A	WS14	CMA	1.0	1	0.0	HiC_scaffold8	47709558	False	A	G	0/0	21	60	21,0	0.0	True
Sha-WS-6A	WS14	CMA	1.0	1	0.0	HiC_scaffold8	47709558	False	A	G	0/0	25	72	25,0	0.0	True
Sha-WS-7A	WS14	CMA	1.0	1	0.0	HiC_scaffold8	47709558	False	A	G	0/0	31	83	31,0	0.0	True
Sha-WS-8A	WS14	CMA	1.0	1	0.0	HiC_scaffold8	47709558	False	A	G	0/0	27	78	27,0	0.0	True
THP-SET_1917-1A	MK27	CPO	1.0	1	1.0	HiC_scaffold8	47709558	False	A	G	0/0	118	99	118,0	0.0	True
THP-SET_1917-2A	MK27	CPO	1.0	1	1.0	HiC_scaffold8	47709558	False	A	G	0/0	59	99	59,0	0.0	True
THP-SET_1917-3A	MK27	CPO	1.0	1	1.0	HiC_scaffold8	47709558	False	A	G	0/0	90	99	90,0	0.0	True
THP-SET_1917-4A	MK27	CPO	1.0	1	1.0	HiC_scaffold8	47709558	False	A	G	0/0	138	99	138,0	0.0	True
THP-SET_1917-5A	MK27	CPO	1.0	1	1.0	HiC_scaffold8	47709558	False	A	G	0/0	216	99	216,0	0.0	True
THP-SET_1917-6A	MK27	CPO	1.0	1	1.0	HiC_scaffold8	47709558	False	A	G	0/0	219	99	219,0	0.0	True
THP-SET_1917-7A	MK27	CPO	1.0	1	1.0	HiC_scaffold8	47709558	False	A	G	0/0	170	99	170,0	0.0	True
THP-SET_1917-8A	MK27	CPO	1.0	1	1.0	HiC_scaffold8	47709558	False	A	G	0/0	198	99	198,0	0.0	True
XB2014-144-2A	SM35	CYU	1.0	1	1.0	HiC_scaffold8	47709558	False	A	G	0/0	94	99	94,0	0.0	True
XB2014-144-3A	SM35	CYU	1.0	1	1.0	HiC_scaffold8	47709558	False	A	G	0/0	65	99	65,0	0.0	True
XB2014-144-4A	SM35	CYU	1.0	1	1.0	HiC_scaffold8	47709558	False	A	G	0/0	90	99	90,0	0.0	True
XB2014-144-5A	SM35	CYU	1.0	1	1.0	HiC_scaffold8	47709558	False	A	G	0/0	143	99	143,0	0.0	True
XB2014-144-6A	SM35	CYU	1.0	1	1.0	HiC_scaffold8	47709558	False	A	G	0/0	95	99	95,0	0.0	True
XB2014-144-7A	SM35	CYU	1.0	1	1.0	HiC_scaffold8	47709558	False	A	G	0/0	198	99	198,0	0.0	True
XB2014-144-8A	SM35	CYU	1.0	1	1.0	HiC_scaffold8	47709558	False	A	G	0/0	140	99	140,0	0.0	True
XB2014-144-9A	SM35	CYU	1.0	1	1.0	HiC_scaffold8	47709558	False	A	G	0/0	163	99	163,0	0.0	True
XB2014-38-2A	EY8	CYU	0.0	1	1.0	HiC_scaffold8	47709558	False	A	G	0/1	97	99	78,19	0.1958762886597938	True
XB2014-38-3A	EY8	CYU	0.0	1	1.0	HiC_scaffold8	47709558	False	A	G	0/0	41	81	41,0	0.0	True
XB2014-38-4A	EY8	CYU	0.0	1	1.0	HiC_scaffold8	47709558	False	A	G	0/0	45	99	45,0	0.0	True
XB2014-38-5A	EY8	CYU	0.0	1	1.0	HiC_scaffold8	47709558	False	A	G	0/0	43	99	43,0	0.0	True
XB2014-38-6A	EY9	CPO	0.0	1	1.0	HiC_scaffold8	47709558	False	A	G	0/0	24	60	24,0	0.0	True
XB2014-39-1A	EY9	CPO	1.0	1	1.0	HiC_scaffold8	47709558	False	A	G	0/0	41	99	41,0	0.0	True
XB2014-39-2A	EY9	CPO	1.0	1	1.0	HiC_scaffold8	47709558	False	A	G	0/0	130	99	130,0	0.0	True
XB2014-39-3A	EY9	CPO	1.0	1	1.0	HiC_scaffold8	47709558	False	A	G	0/0	81	99	81,0	0.0	True
XB2014-39-4A	EY9	CPO	1.0	1	1.0	HiC_scaffold8	47709558	False	A	G	0/0	33	93	33,0	0.0	True
XB2014-39-5A	EY9	CPO	1.0	1	1.0	HiC_scaffold8	47709558	False	A	G	0/0	45	93	45,0	0.0	True
XB2014-39-6A	EY9	CPO	1.0	1	1.0	HiC_scaffold8	47709558	False	A	G	0/0	170	99	170,0	0.0	True
XB2014-39-7A	EY9	CPO	1.0	1	1.0	HiC_scaffold8	47709558	False	A	G	0/0	80	99	80,0	0.0	True
XB2014-39-8A	EY9	CPO	1.0	1	1.0	HiC_scaffold8	47709558	False	A	G	0/0	76	99	76,0	0.0	True
XB2014-4-2A	MN4	CYU	0.0	0	1.0	HiC_scaffold8	47709558	False	A	G	0/1	110	99	87,23	0.20909090909090908	True
XB2014-4-3A	MN4	CYU	0.0	0	1.0	HiC_scaffold8	47709558	False	A	G	0/1	90	99	53,37	0.4111111111111111	True
XB2014-4-4A	MN4	CYU	0.0	0	1.0	HiC_scaffold8	47709558	False	A	G	0/1	57	99	30,27	0.47368421052631576	True
XB2014-4-5A	MN4	CYU	0.0	0	1.0	HiC_scaffold8	47709558	False	A	G	0/0	56	99	56,0	0.0	True
XB2014-4-6A	MN4	CYU	0.0	0	1.0	HiC_scaffold8	47709558	False	A	G	0/1	79	99	61,18	0.22784810126582278	True
XB2014-4-7A	MN4	CYU	0.0	0	1.0	HiC_scaffold8	47709558	False	A	G	0/1	114	99	99,15	0.13157894736842105	True
XB2014-4-8A	YL9	CYU	0.0	0	1.0	HiC_scaffold8	47709558	False	A	G	0/1	92	99	77,15	0.16304347826086957	True
XB2014-4-9A	YL9	CYU	0.0	0	1.0	HiC_scaffold8	47709558	False	A	G	0/1	87	99	67,20	0.22988505747126436	True
XB2014-48-1A	MN4	CYU	0.0	0	1.0	HiC_scaffold8	47709558	False	A	G	0/1	110	99	96,14	0.12727272727272726	True
XB2014-48-2A	MN4	CYU	0.0	0	1.0	HiC_scaffold8	47709558	False	A	G	0/1	114	99	77,37	0.32456140350877194	True
XB2014-48-3A	YL9	CYU	0.0	0	1.0	HiC_scaffold8	47709558	False	A	G	0/1	104	99	79,25	0.2403846153846154	True
XB2014-48-4A	YL9	CYU	0.0	0	1.0	HiC_scaffold8	47709558	False	A	G	0/1	98	99	60,38	0.3877551020408163	True
XB2014-48-5A	YL9	CYU	0.0	0	1.0	HiC_scaffold8	47709558	False	A	G	0/1	81	99	55,26	0.32098765432098764	True
XB2014-48-6A	YL9	CYU	0.0	0	1.0	HiC_scaffold8	47709558	False	A	G	0/1	82	99	48,34	0.4146341463414634	True
XB2014-48-7A	YL9	CYU	0.0	0	1.0	HiC_scaffold8	47709558	False	A	G	0/1	114	99	76,38	0.3333333333333333	True
XB2014-48-9A	YL9	CYU	0.0	0	1.0	HiC_scaffold8	47709558	False	A	G	0/1	86	99	74,12	0.13953488372093023	True
XB26-3B	SC37	CPO	1.0	1	1.0	HiC_scaffold8	47709558	False	A	G	0/0	17	45	17,0	0.0	True
XB26-4B	SC37	CPO	1.0	1	1.0	HiC_scaffold8	47709558	False	A	G	0/0	14	42	14,0	0.0	True
XB26-5B	SC37	CPO	1.0	1	1.0	HiC_scaffold8	47709558	False	A	G	0/0	35	0	35,0	0.0	False
XB26-7B	SC37	CPO	1.0	1	1.0	HiC_scaffold8	47709558	False	A	G	0/0	23	66	23,0	0.0	True
XuBo982-1A	XS40	CMA	1.0	1	0.0	HiC_scaffold8	47709558	False	A	G	0/0	20	54	20,0	0.0	True
XuBo982-2A	XS40	CMA	1.0	1	0.0	HiC_scaffold8	47709558	False	A	G	0/0	26	72	26,0	0.0	True
XuBo982-3A	XS40	CMA	1.0	1	0.0	HiC_scaffold8	47709558	False	A	G	0/0	36	99	36,0	0.0	True
XuBo982-4A	XS40	CMA	1.0	1	0.0	HiC_scaffold8	47709558	False	A	G	0/0	28	81	28,0	0.0	True
XuBo982-5A	XS40	CMA	1.0	1	0.0	HiC_scaffold8	47709558	False	A	G	0/0	37	96	37,0	0.0	True
XubBo-1037-1A	LN46	N	1.0	1	0.0	HiC_scaffold8	47709558	False	A	G	0/0	44	99	44,0	0.0	True
XubBo-1037-2A	TB43	CMA	NA	1	NA	HiC_scaffold8	47709558	False	A	G	0/0	90	99	90,0	0.0	True
XubBo-1037-3A	TB43	CMA	NA	1	NA	HiC_scaffold8	47709558	False	A	G	0/0	84	99	84,0	0.0	True
XubBo-1037-4A	TB43	CMA	NA	1	NA	HiC_scaffold8	47709558	False	A	G	0/0	80	99	80,0	0.0	True
XubBo-1037-5A	TB43	CMA	NA	1	NA	HiC_scaffold8	47709558	False	A	G	0/0	85	99	85,0	0.0	True
XubBo-1037-6A	TB43	CMA	NA	1	NA	HiC_scaffold8	47709558	False	A	G	0/0	53	99	53,0	0.0	True
XubBo-1037-7A	TB43	CMA	NA	1	NA	HiC_scaffold8	47709558	False	A	G	0/0	49	99	49,0	0.0	True
XubBo-1037-8A	TB43	CMA	NA	1	NA	HiC_scaffold8	47709558	False	A	G	0/0	46	99	46,0	0.0	True
XubBo1030-10A	LN46	N	1.0	1	0.0	HiC_scaffold8	47709558	False	A	G	0/0	37	99	37,0	0.0	True
XubBo1030-1A	LN46	N	1.0	1	0.0	HiC_scaffold8	47709558	False	A	G	0/0	23	63	23,0	0.0	True
XubBo1030-3A	LN46	N	1.0	1	0.0	HiC_scaffold8	47709558	False	A	G	0/0	12	33	12,0	0.0	True
XubBo1030-5A	LN46	N	1.0	1	0.0	HiC_scaffold8	47709558	False	A	G	0/0	21	57	21,0	0.0	True
XubBo1030-6A	LN46	N	1.0	1	0.0	HiC_scaffold8	47709558	False	A	G	0/0	23	63	23,0	0.0	True
XubBo1030-8A	LN46	N	1.0	1	0.0	HiC_scaffold8	47709558	False	A	G	0/0	20	57	20,0	0.0	True
XubBo1030-9A	LN46	N	1.0	1	0.0	HiC_scaffold8	47709558	False	A	G	0/0	25	69	25,0	0.0	True
XubBo1051-10A	WX48	CMA	1.0	1	0.0	HiC_scaffold8	47709558	False	A	G	0/0	50	99	50,0	0.0	True
XubBo1051-1A	WX48	CMA	1.0	1	0.0	HiC_scaffold8	47709558	False	A	G	0/0	58	99	58,0	0.0	True
XubBo1051-2A	WX48	CMA	1.0	1	0.0	HiC_scaffold8	47709558	False	A	G	0/0	39	99	39,0	0.0	True
XubBo1051-3A	WX48	CMA	1.0	1	0.0	HiC_scaffold8	47709558	False	A	G	0/0	30	81	30,0	0.0	True
XubBo1051-4A	WX48	CMA	1.0	1	0.0	HiC_scaffold8	47709558	False	A	G	0/0	36	99	36,0	0.0	True
XubBo1051-7A	WX48	CMA	1.0	1	0.0	HiC_scaffold8	47709558	False	A	G	0/0	70	99	70,0	0.0	True
XubBo1051-8A	WX48	CMA	1.0	1	0.0	HiC_scaffold8	47709558	False	A	G	0/0	44	99	44,0	0.0	True
XubBo1051-9A	WX48	CMA	1.0	1	0.0	HiC_scaffold8	47709558	False	A	G	0/0	65	99	65,0	0.0	True
Xubo01402-2A	YS26	CYU	1.0	1	1.0	HiC_scaffold8	47709558	False	A	G	0/0	43	99	43,0	0.0	True
Xubo01402-3A	YS26	CYU	1.0	1	1.0	HiC_scaffold8	47709558	False	A	G	0/0	61	99	61,0	0.0	True
Xubo01402-4A	YS26	CYU	1.0	1	1.0	HiC_scaffold8	47709558	False	A	G	0/0	28	78	28,0	0.0	True
Xubo01402-5A	YS26	CYU	1.0	1	1.0	HiC_scaffold8	47709558	False	A	G	0/0	93	99	93,0	0.0	True
Xubo01402-6A	YS26	CYU	1.0	1	1.0	HiC_scaffold8	47709558	False	A	G	0/0	56	99	56,0	0.0	True
Xubo01402-7A	YS26	CYU	1.0	1	1.0	HiC_scaffold8	47709558	False	A	G	0/0	66	99	66,0	0.0	True
Xubo01402-8A	YS26	CYU	1.0	1	1.0	HiC_scaffold8	47709558	False	A	G	0/0	80	99	80,0	0.0	True
Xubo01402-9A	YS26	CYU	1.0	1	1.0	HiC_scaffold8	47709558	False	A	G	0/0	41	99	41,0	0.0	True
YLZB4703-2A	SM3	CYU	0.0	0	1.0	HiC_scaffold8	47709558	False	A	G	0/1	90	99	67,23	0.25555555555555554	True
YLZB4703-3A	SM3	CYU	0.0	0	1.0	HiC_scaffold8	47709558	False	A	G	0/1	114	99	67,47	0.41228070175438597	True
YLZB4703-5A	SM3	CYU	0.0	0	1.0	HiC_scaffold8	47709558	False	A	G	0/1	125	99	92,33	0.264	True
YLZB4703-7A	SM3	CYU	0.0	0	1.0	HiC_scaffold8	47709558	False	A	G	0/1	211	99	138,73	0.3459715639810427	True
YLZB4703-9A	SM3	CYU	0.0	0	1.0	HiC_scaffold8	47709558	False	A	G	0/1	144	99	108,36	0.25	True
YLZB4715-10A	MY1	CYU	0.0	0	1.0	HiC_scaffold8	47709558	False	A	G	0/1	128	99	112,16	0.125	True
YLZB4715-1A	MY1	CYU	0.0	0	1.0	HiC_scaffold8	47709558	False	A	G	0/1	92	38	85,7	0.07608695652173914	True
YLZB4715-2A	MY1	CYU	0.0	0	1.0	HiC_scaffold8	47709558	False	A	G	0/1	114	99	95,19	0.16666666666666666	True
YLZB4715-5A	MY1	CYU	0.0	0	1.0	HiC_scaffold8	47709558	False	A	G	0/1	101	99	66,35	0.3465346534653465	True
YLZB4715-6A	MY1	CYU	0.0	0	1.0	HiC_scaffold8	47709558	False	A	G	0/0	77	99	77,0	0.0	True
YLZB4715-7A	MY1	CYU	0.0	0	1.0	HiC_scaffold8	47709558	False	A	G	0/1	130	99	109,21	0.16153846153846155	True
YLZB4715-8A	MY1	CYU	0.0	0	1.0	HiC_scaffold8	47709558	False	A	G	0/1	125	99	81,44	0.352	True
YLZB4715-9A	MY1	CYU	0.0	0	1.0	HiC_scaffold8	47709558	False	A	G	0/1	146	99	130,16	0.1095890410958904	True
YLZB4735-10A	YSXC51	CPO	1.0	1	1.0	HiC_scaffold8	47709558	False	A	G	0/0	76	99	76,0	0.0	True
YLZB4735-1A	YSXC51	CPO	1.0	1	1.0	HiC_scaffold8	47709558	False	A	G	0/0	56	99	56,0	0.0	True
YLZB4735-2A	YSXC51	CPO	1.0	1	1.0	HiC_scaffold8	47709558	False	A	G	0/0	58	99	58,0	0.0	True
YLZB4735-3A	YSXC51	CPO	1.0	1	1.0	HiC_scaffold8	47709558	False	A	G	0/0	50	99	50,0	0.0	True
YLZB4735-5A	YSXC51	CPO	1.0	1	1.0	HiC_scaffold8	47709558	False	A	G	0/0	45	99	45,0	0.0	True
YLZB4735-6A	YSXC51	CPO	1.0	1	1.0	HiC_scaffold8	47709558	False	A	G	0/0	71	99	71,0	0.0	True
YLZB4735-8A	YSXC51	CPO	1.0	1	1.0	HiC_scaffold8	47709558	False	A	G	0/0	83	99	83,0	0.0	True
YLZB4735-9A	YSXC51	CPO	1.0	1	1.0	HiC_scaffold8	47709558	False	A	G	0/0	84	99	84,0	0.0	True
YLZB4816-11A	ASCD52	CPO	1.0	1	1.0	HiC_scaffold8	47709558	False	A	G	0/0	77	99	77,0	0.0	True
YLZB4816-3A	ASCD52	CPO	1.0	1	1.0	HiC_scaffold8	47709558	False	A	G	0/0	33	84	33,0	0.0	True
YLZB4816-4A	ASCD52	CPO	1.0	1	1.0	HiC_scaffold8	47709558	False	A	G	0/0	38	99	38,0	0.0	True
YLZB4816-6A	ASCD52	CPO	1.0	1	1.0	HiC_scaffold8	47709558	False	A	G	0/0	38	99	38,0	0.0	True
YLZB4816-7A	ASCD52	CPO	1.0	1	1.0	HiC_scaffold8	47709558	False	A	G	0/0	36	99	36,0	0.0	True
YLZB4816-8A	ASCD52	CPO	1.0	1	1.0	HiC_scaffold8	47709558	False	A	G	0/0	10	30	10,0	0.0	True
YLZB4816-9A	ASCD52	CPO	1.0	1	1.0	HiC_scaffold8	47709558	False	A	G	0/0	69	99	69,0	0.0	True
ZXL277-1A	YY12	CMA	1.0	1	0.0	HiC_scaffold8	47709558	False	A	G	0/0	32	90	32,0	0.0	True
ZXL277-2A	YY12	CMA	1.0	1	0.0	HiC_scaffold8	47709558	False	A	G	0/0	26	72	26,0	0.0	True
ZXL277-3A	YY12	CMA	1.0	1	0.0	HiC_scaffold8	47709558	False	A	G	0/0	32	90	32,0	0.0	True
ZXL277-4A	YY12	CMA	1.0	1	0.0	HiC_scaffold8	47709558	False	A	G	0/0	33	90	33,0	0.0	True
ZXL277-5A	YY12	CMA	1.0	1	0.0	HiC_scaffold8	47709558	False	A	G	0/0	68	99	68,0	0.0	True
ZXL277-6A	YY12	CMA	1.0	1	0.0	HiC_scaffold8	47709558	False	A	G	0/0	54	99	54,0	0.0	True
ZXL277-7A	YY12	CMA	1.0	1	0.0	HiC_scaffold8	47709558	False	A	G	0/0	28	81	28,0	0.0	True
ZXL277-8A	YY12	CMA	1.0	1	0.0	HiC_scaffold8	47709558	False	A	G	0/0	26	72	26,0	0.0	True
ZXL79-1A	CZ25	CMA	1.0	1	0.0	HiC_scaffold8	47709558	False	A	G	0/0	96	99	96,0	0.0	True
ZXL79-2A	CZ25	CMA	1.0	1	0.0	HiC_scaffold8	47709558	False	A	G	0/0	118	99	118,0	0.0	True
ZXL79-3A	CZ25	CMA	1.0	1	0.0	HiC_scaffold8	47709558	False	A	G	0/0	46	99	46,0	0.0	True
ZXL79-4A	CZ25	CMA	1.0	1	0.0	HiC_scaffold8	47709558	False	A	G	0/0	247	99	247,0	0.0	True
ZXL79-5A	CZ25	CMA	1.0	1	0.0	HiC_scaffold8	47709558	False	A	G	0/0	64	99	64,0	0.0	True
ZXL79-6A	CZ25	CMA	1.0	1	0.0	HiC_scaffold8	47709558	False	A	G	0/0	31	81	31,0	0.0	True
ZXL79-7A	CZ25	CMA	1.0	1	0.0	HiC_scaffold8	47709558	False	A	G	0/0	61	99	61,0	0.0	True
xubo266-2A	XY36	CMA	1.0	1	0.0	HiC_scaffold8	47709558	False	A	G	0/0	67	99	67,0	0.0	True
xubo266-3A	XY36	CMA	1.0	1	0.0	HiC_scaffold8	47709558	False	A	G	0/0	52	99	52,0	0.0	True
xubo266-4A	XY36	CMA	1.0	1	0.0	HiC_scaffold8	47709558	False	A	G	0/0	50	99	50,0	0.0	True
xubo266-5A	XY36	CMA	1.0	1	0.0	HiC_scaffold8	47709558	False	A	G	0/0	50	99	50,0	0.0	True
xubo266-6A	XY36	CMA	1.0	1	0.0	HiC_scaffold8	47709558	False	A	G	0/0	51	99	51,0	0.0	True
xubo266-8A	XY36	CMA	1.0	1	0.0	HiC_scaffold8	47709558	False	A	G	0/0	58	99	58,0	0.0	True
xubo266-9A	XY36	CMA	1.0	1	0.0	HiC_scaffold8	47709558	False	A	G	0/0	37	99	37,0	0.0	True
zhuzm1009-10A	KM42	CPO	1.0	1	1.0	HiC_scaffold8	47709558	False	A	G	0/0	146	99	146,0	0.0	True
zhuzm1009-2A	KM42	CPO	1.0	1	1.0	HiC_scaffold8	47709558	False	A	G	0/0	102	99	102,0	0.0	True
zhuzm1009-3A	KM42	CPO	1.0	1	1.0	HiC_scaffold8	47709558	False	A	G	0/0	32	82	32,0	0.0	True
zhuzm1009-6A	KM42	CPO	1.0	1	1.0	HiC_scaffold8	47709558	False	A	G	0/0	61	99	61,0	0.0	True
zhuzm1009-7A	KM42	CPO	1.0	1	1.0	HiC_scaffold8	47709558	False	A	G	0/0	63	99	63,0	0.0	True
zhuzm1009-8A	KM42	CPO	1.0	1	1.0	HiC_scaffold8	47709558	False	A	G	0/0	62	99	62,0	0.0	True
2014-128-1A	ML50	CPO	1.0	1	1.0	HiC_scaffold8	47712222	False	C	T	0/0	92	99	92,0	0.0	True
2014-128-2A	ML50	CPO	1.0	1	1.0	HiC_scaffold8	47712222	False	C	T	0/0	47	99	47,0	0.0	True
2014-128-3A	ML50	CPO	1.0	1	1.0	HiC_scaffold8	47712222	False	C	T	0/0	55	99	55,0	0.0	True
2014-128-4A	ML50	CPO	1.0	1	1.0	HiC_scaffold8	47712222	False	C	T	0/0	43	99	43,0	0.0	True
2014-128-5A	ML50	CPO	1.0	1	1.0	HiC_scaffold8	47712222	False	C	T	0/0	101	99	101,0	0.0	True
2014-132-2A	ML5	N	1.0	1	1.0	HiC_scaffold8	47712222	False	C	T	0/0	66	99	66,0	0.0	True
2014-132-3A	ML5	N	1.0	1	1.0	HiC_scaffold8	47712222	False	C	T	0/0	150	99	150,0	0.0	True
2014-132-4A	ML5	N	1.0	1	1.0	HiC_scaffold8	47712222	False	C	T	0/0	129	99	129,0	0.0	True
2014-132-5A	ML5	N	1.0	1	1.0	HiC_scaffold8	47712222	False	C	T	0/0	43	99	43,0	0.0	True
2014-132-6A	ML5	N	1.0	1	1.0	HiC_scaffold8	47712222	False	C	T	0/0	101	99	101,0	0.0	True
2014-132-7A	ML5	N	1.0	1	1.0	HiC_scaffold8	47712222	False	C	T	0/0	115	99	115,0	0.0	True
2014-132-8A	ML5	N	1.0	1	1.0	HiC_scaffold8	47712222	False	C	T	0/0	134	99	134,0	0.0	True
2014-132-9A	ML5	N	1.0	1	1.0	HiC_scaffold8	47712222	False	C	T	0/0	83	99	83,0	0.0	True
2014-3-10A	MN34	CPO	1.0	1	1.0	HiC_scaffold8	47712222	False	C	T	0/0	90	99	90,0	0.0	True
2014-3-3A	MN34	CPO	1.0	1	1.0	HiC_scaffold8	47712222	False	C	T	0/0	35	90	35,0	0.0	True
2014-3-4A	MN34	CPO	1.0	1	1.0	HiC_scaffold8	47712222	False	C	T	0/0	54	99	54,0	0.0	True
2014-3-5A	MN34	CPO	1.0	1	1.0	HiC_scaffold8	47712222	False	C	T	0/0	85	99	85,0	0.0	True
2014-3-6A	MN34	CPO	1.0	1	1.0	HiC_scaffold8	47712222	False	C	T	0/0	34	75	34,0	0.0	True
2014-3-7A	MN34	CPO	1.0	1	1.0	HiC_scaffold8	47712222	False	C	T	0/0	102	99	102,0	0.0	True
2014-3-8A	MN34	CPO	1.0	1	1.0	HiC_scaffold8	47712222	False	C	T	0/0	71	99	71,0	0.0	True
2014-3-9A	MN34	CPO	1.0	1	1.0	HiC_scaffold8	47712222	False	C	T	0/0	66	99	66,0	0.0	True
2014-66-1A	YL49	CPO	1.0	1	1.0	HiC_scaffold8	47712222	False	C	T	0/0	37	99	37,0	0.0	True
2014-66-2A	YL49	CPO	1.0	1	1.0	HiC_scaffold8	47712222	False	C	T	0/0	35	99	35,0	0.0	True
2014-66-3A	YL49	CPO	1.0	1	1.0	HiC_scaffold8	47712222	False	C	T	0/0	70	99	70,0	0.0	True
2014-66-4A	YL49	CPO	1.0	1	1.0	HiC_scaffold8	47712222	False	C	T	0/0	28	84	28,0	0.0	True
2014-66-5A	YL49	CPO	1.0	1	1.0	HiC_scaffold8	47712222	False	C	T	0/0	29	76	29,0	0.0	True
2014-66-6A	YL49	CPO	1.0	1	1.0	HiC_scaffold8	47712222	False	C	T	0/0	57	99	57,0	0.0	True
2014-66-7A	YL49	CPO	1.0	1	1.0	HiC_scaffold8	47712222	False	C	T	0/0	16	42	16,0	0.0	True
2014-66-8A	YL49	CPO	1.0	1	1.0	HiC_scaffold8	47712222	False	C	T	0/0	53	99	53,0	0.0	True
DP1709141A	DQS11	CMA	1.0	1	0.0	HiC_scaffold8	47712222	False	C	T	0/0	34	89	34,0	0.0	True
DP1709144A	DQS11	CMA	1.0	1	0.0	HiC_scaffold8	47712222	False	C	T	0/0	41	99	41,0	0.0	True
DP1709148A	DQS11	CMA	1.0	1	0.0	HiC_scaffold8	47712222	False	C	T	0/0	40	99	40,0	0.0	True
Gln2014-15-10A	LD30	CYU	0.0	0	1.0	HiC_scaffold8	47712222	False	C	T	0/1	34	99	20,14	0.4117647058823529	True
Gln2014-15-1A	LD30	CYU	0.0	0	1.0	HiC_scaffold8	47712222	False	C	T	0/1	67	99	48,19	0.2835820895522388	True
Gln2014-15-3A	LD30	CYU	0.0	0	1.0	HiC_scaffold8	47712222	False	C	T	0/1	66	99	49,17	0.25757575757575757	True
Gln2014-15-4A	LD30	CYU	0.0	0	1.0	HiC_scaffold8	47712222	False	C	T	0/1	38	99	24,14	0.3684210526315789	True
Gln2014-15-5A	LD30	CYU	0.0	0	1.0	HiC_scaffold8	47712222	False	C	T	0/1	97	99	63,34	0.35051546391752575	True
Gln2014-15-6A	LD30	CYU	0.0	0	1.0	HiC_scaffold8	47712222	False	C	T	0/1	94	99	59,35	0.3723404255319149	True
Gln2014-15-7A	LD30	CYU	0.0	0	1.0	HiC_scaffold8	47712222	False	C	T	0/1	42	99	13,29	0.6904761904761905	True
Gln2014-15-8A	LD30	CYU	0.0	0	1.0	HiC_scaffold8	47712222	False	C	T	0/1	99	99	64,35	0.35353535353535354	True
Gln2014-8-1A	LD06	CPO	1.0	1	1.0	HiC_scaffold8	47712222	False	C	T	0/0	75	99	75,0	0.0	True
Gln2014-8-2A	LD06	CPO	1.0	1	1.0	HiC_scaffold8	47712222	False	C	T	0/0	34	88	34,0	0.0	True
Gln2014-8-4A	LD06	CPO	1.0	1	1.0	HiC_scaffold8	47712222	False	C	T	0/0	40	99	40,0	0.0	True
Gln2014-8-5A	LD06	CPO	1.0	1	1.0	HiC_scaffold8	47712222	False	C	T	0/0	42	99	42,0	0.0	True
Gln2014-8-6A	LD06	CPO	1.0	1	1.0	HiC_scaffold8	47712222	False	C	T	0/0	38	99	38,0	0.0	True
Gln2014-8-7A	LD06	CPO	1.0	1	1.0	HiC_scaffold8	47712222	False	C	T	0/0	24	72	24,0	0.0	True
Gln2014-8-8A	LD06	CPO	1.0	1	1.0	HiC_scaffold8	47712222	False	C	T	0/0	34	93	34,0	0.0	True
JLS-BM001-1A	BM31	N	NA	1	NA	HiC_scaffold8	47712222	False	C	T	0/0	27	81	27,0	0.0	True
JLS-BM001-2A	BM31	N	NA	1	NA	HiC_scaffold8	47712222	False	C	T	0/0	58	99	58,0	0.0	True
JLS-BM001-3A	BM31	N	NA	1	NA	HiC_scaffold8	47712222	False	C	T	0/0	18	48	18,0	0.0	True
JLS-BM001-4A	BM31	N	NA	1	NA	HiC_scaffold8	47712222	False	C	T	0/0	16	45	16,0	0.0	True
JLS-BM001-5A	BM31	N	NA	1	NA	HiC_scaffold8	47712222	False	C	T	0/0	22	60	22,0	0.0	True
JLS-BM001-6A	BM31	N	NA	1	NA	HiC_scaffold8	47712222	False	C	T	0/0	23	55	23,0	0.0	True
JLS-BM001-7A	BM31	N	NA	1	NA	HiC_scaffold8	47712222	False	C	T	0/0	7	15	7,0	0.0	False
JLS-BM001-8A	BM31	N	NA	1	NA	HiC_scaffold8	47712222	False	C	T	0/0	12	30	12,0	0.0	True
JLS-CY022-10A	CY32	CPO	1.0	1	1.0	HiC_scaffold8	47712222	False	C	T	0/0	43	0	43,0	0.0	False
JLS-CY022-11A	CY32	CPO	1.0	1	1.0	HiC_scaffold8	47712222	False	C	T	0/0	26	75	26,0	0.0	True
JLS-CY022-4A	CY32	CPO	1.0	1	1.0	HiC_scaffold8	47712222	False	C	T	0/0	39	99	39,0	0.0	True
JLS-CY022-5A	CY32	CPO	1.0	1	1.0	HiC_scaffold8	47712222	False	C	T	0/0	12	21	12,0	0.0	True
JLS-CY022-6A	CY32	CPO	1.0	1	1.0	HiC_scaffold8	47712222	False	C	T	0/0	45	99	45,0	0.0	True
JLS-CY022-7A	CY32	CPO	1.0	1	1.0	HiC_scaffold8	47712222	False	C	T	0/0	18	53	18,0	0.0	True
Sha-WS-1A	WS14	CMA	1.0	1	0.0	HiC_scaffold8	47712222	False	C	T	0/0	34	93	34,0	0.0	True
Sha-WS-2A	WS14	CMA	1.0	1	0.0	HiC_scaffold8	47712222	False	C	T	0/0	32	93	32,0	0.0	True
Sha-WS-3A	WS14	CMA	1.0	1	0.0	HiC_scaffold8	47712222	False	C	T	0/0	41	99	41,0	0.0	True
Sha-WS-4A	WS14	CMA	1.0	1	0.0	HiC_scaffold8	47712222	False	C	T	0/0	18	51	18,0	0.0	True
Sha-WS-5A	WS14	CMA	1.0	1	0.0	HiC_scaffold8	47712222	False	C	T	0/0	25	72	25,0	0.0	True
Sha-WS-6A	WS14	CMA	1.0	1	0.0	HiC_scaffold8	47712222	False	C	T	0/0	18	54	18,0	0.0	True
Sha-WS-7A	WS14	CMA	1.0	1	0.0	HiC_scaffold8	47712222	False	C	T	0/0	36	99	36,0	0.0	True
Sha-WS-8A	WS14	CMA	1.0	1	0.0	HiC_scaffold8	47712222	False	C	T	0/0	30	84	30,0	0.0	True
THP-SET_1917-1A	MK27	CPO	1.0	1	1.0	HiC_scaffold8	47712222	False	C	T	0/0	31	0	31,0	0.0	False
THP-SET_1917-2A	MK27	CPO	1.0	1	1.0	HiC_scaffold8	47712222	False	C	T	./.	0	0	0,0	NA	False
THP-SET_1917-3A	MK27	CPO	1.0	1	1.0	HiC_scaffold8	47712222	False	C	T	0/0	35	36	35,0	0.0	True
THP-SET_1917-4A	MK27	CPO	1.0	1	1.0	HiC_scaffold8	47712222	False	C	T	0/0	12	30	12,0	0.0	True
THP-SET_1917-5A	MK27	CPO	1.0	1	1.0	HiC_scaffold8	47712222	False	C	T	0/0	154	99	154,0	0.0	True
THP-SET_1917-6A	MK27	CPO	1.0	1	1.0	HiC_scaffold8	47712222	False	C	T	0/0	71	0	71,0	0.0	False
THP-SET_1917-7A	MK27	CPO	1.0	1	1.0	HiC_scaffold8	47712222	False	C	T	0/0	5	15	5,0	0.0	False
THP-SET_1917-8A	MK27	CPO	1.0	1	1.0	HiC_scaffold8	47712222	False	C	T	0/0	37	0	37,0	0.0	False
XB2014-144-2A	SM35	CYU	1.0	1	1.0	HiC_scaffold8	47712222	False	C	T	0/0	70	99	70,0	0.0	True
XB2014-144-3A	SM35	CYU	1.0	1	1.0	HiC_scaffold8	47712222	False	C	T	0/0	28	60	28,0	0.0	True
XB2014-144-4A	SM35	CYU	1.0	1	1.0	HiC_scaffold8	47712222	False	C	T	0/0	48	99	48,0	0.0	True
XB2014-144-5A	SM35	CYU	1.0	1	1.0	HiC_scaffold8	47712222	False	C	T	0/0	87	99	87,0	0.0	True
XB2014-144-6A	SM35	CYU	1.0	1	1.0	HiC_scaffold8	47712222	False	C	T	0/0	44	99	44,0	0.0	True
XB2014-144-7A	SM35	CYU	1.0	1	1.0	HiC_scaffold8	47712222	False	C	T	0/0	105	99	105,0	0.0	True
XB2014-144-8A	SM35	CYU	1.0	1	1.0	HiC_scaffold8	47712222	False	C	T	0/0	82	99	82,0	0.0	True
XB2014-144-9A	SM35	CYU	1.0	1	1.0	HiC_scaffold8	47712222	False	C	T	0/0	84	99	84,0	0.0	True
XB2014-38-2A	EY8	CYU	0.0	1	1.0	HiC_scaffold8	47712222	False	C	T	0/1	34	99	29,5	0.14705882352941177	True
XB2014-38-3A	EY8	CYU	0.0	1	1.0	HiC_scaffold8	47712222	False	C	T	0/0	30	90	30,0	0.0	True
XB2014-38-4A	EY8	CYU	0.0	1	1.0	HiC_scaffold8	47712222	False	C	T	0/0	27	75	27,0	0.0	True
XB2014-38-5A	EY8	CYU	0.0	1	1.0	HiC_scaffold8	47712222	False	C	T	0/0	31	90	31,0	0.0	True
XB2014-38-6A	EY9	CPO	0.0	1	1.0	HiC_scaffold8	47712222	False	C	T	0/0	31	81	31,0	0.0	True
XB2014-39-1A	EY9	CPO	1.0	1	1.0	HiC_scaffold8	47712222	False	C	T	0/0	48	99	48,0	0.0	True
XB2014-39-2A	EY9	CPO	1.0	1	1.0	HiC_scaffold8	47712222	False	C	T	0/0	97	99	97,0	0.0	True
XB2014-39-3A	EY9	CPO	1.0	1	1.0	HiC_scaffold8	47712222	False	C	T	0/0	66	99	66,0	0.0	True
XB2014-39-4A	EY9	CPO	1.0	1	1.0	HiC_scaffold8	47712222	False	C	T	0/0	40	99	40,0	0.0	True
XB2014-39-5A	EY9	CPO	1.0	1	1.0	HiC_scaffold8	47712222	False	C	T	0/0	42	99	42,0	0.0	True
XB2014-39-6A	EY9	CPO	1.0	1	1.0	HiC_scaffold8	47712222	False	C	T	0/0	132	99	132,0	0.0	True
XB2014-39-7A	EY9	CPO	1.0	1	1.0	HiC_scaffold8	47712222	False	C	T	0/0	41	99	41,0	0.0	True
XB2014-39-8A	EY9	CPO	1.0	1	1.0	HiC_scaffold8	47712222	False	C	T	0/0	14	39	14,0	0.0	True
XB2014-4-2A	MN4	CYU	0.0	0	1.0	HiC_scaffold8	47712222	False	C	T	0/1	64	77	58,6	0.09375	True
XB2014-4-3A	MN4	CYU	0.0	0	1.0	HiC_scaffold8	47712222	False	C	T	0/1	57	99	28,29	0.5087719298245614	True
XB2014-4-4A	MN4	CYU	0.0	0	1.0	HiC_scaffold8	47712222	False	C	T	0/1	50	99	17,33	0.66	True
XB2014-4-5A	MN4	CYU	0.0	0	1.0	HiC_scaffold8	47712222	False	C	T	1/1	37	99	0,37	1.0	True
XB2014-4-6A	MN4	CYU	0.0	0	1.0	HiC_scaffold8	47712222	False	C	T	0/1	45	99	15,30	0.6666666666666666	True
XB2014-4-7A	MN4	CYU	0.0	0	1.0	HiC_scaffold8	47712222	False	C	T	0/1	72	99	62,10	0.1388888888888889	True
XB2014-4-8A	YL9	CYU	0.0	0	1.0	HiC_scaffold8	47712222	False	C	T	0/1	40	99	20,20	0.5	True
XB2014-4-9A	YL9	CYU	0.0	0	1.0	HiC_scaffold8	47712222	False	C	T	0/1	53	99	17,36	0.6792452830188679	True
XB2014-48-1A	MN4	CYU	0.0	0	1.0	HiC_scaffold8	47712222	False	C	T	0/1	62	99	47,15	0.24193548387096775	True
XB2014-48-2A	MN4	CYU	0.0	0	1.0	HiC_scaffold8	47712222	False	C	T	0/1	70	99	45,25	0.35714285714285715	True
XB2014-48-3A	YL9	CYU	0.0	0	1.0	HiC_scaffold8	47712222	False	C	T	0/1	74	99	27,47	0.6351351351351351	True
XB2014-48-4A	YL9	CYU	0.0	0	1.0	HiC_scaffold8	47712222	False	C	T	0/1	55	99	20,35	0.6363636363636364	True
XB2014-48-5A	YL9	CYU	0.0	0	1.0	HiC_scaffold8	47712222	False	C	T	0/1	57	99	31,26	0.45614035087719296	True
XB2014-48-6A	YL9	CYU	0.0	0	1.0	HiC_scaffold8	47712222	False	C	T	0/1	48	99	33,15	0.3125	True
XB2014-48-7A	YL9	CYU	0.0	0	1.0	HiC_scaffold8	47712222	False	C	T	0/1	46	99	14,32	0.6956521739130435	True
XB2014-48-9A	YL9	CYU	0.0	0	1.0	HiC_scaffold8	47712222	False	C	T	0/1	45	99	33,12	0.26666666666666666	True
XB26-3B	SC37	CPO	1.0	1	1.0	HiC_scaffold8	47712222	False	C	T	0/0	30	90	30,0	0.0	True
XB26-4B	SC37	CPO	1.0	1	1.0	HiC_scaffold8	47712222	False	C	T	0/0	19	57	19,0	0.0	True
XB26-5B	SC37	CPO	1.0	1	1.0	HiC_scaffold8	47712222	False	C	T	0/0	45	99	45,0	0.0	True
XB26-7B	SC37	CPO	1.0	1	1.0	HiC_scaffold8	47712222	False	C	T	0/0	33	96	33,0	0.0	True
XuBo982-1A	XS40	CMA	1.0	1	0.0	HiC_scaffold8	47712222	False	C	T	0/0	25	72	25,0	0.0	True
XuBo982-2A	XS40	CMA	1.0	1	0.0	HiC_scaffold8	47712222	False	C	T	0/0	20	60	20,0	0.0	True
XuBo982-3A	XS40	CMA	1.0	1	0.0	HiC_scaffold8	47712222	False	C	T	0/0	25	72	25,0	0.0	True
XuBo982-4A	XS40	CMA	1.0	1	0.0	HiC_scaffold8	47712222	False	C	T	0/0	24	66	24,0	0.0	True
XuBo982-5A	XS40	CMA	1.0	1	0.0	HiC_scaffold8	47712222	False	C	T	0/0	30	90	30,0	0.0	True
XubBo-1037-1A	LN46	N	1.0	1	0.0	HiC_scaffold8	47712222	False	C	T	0/0	22	60	22,0	0.0	True
XubBo-1037-2A	TB43	CMA	NA	1	NA	HiC_scaffold8	47712222	False	C	T	0/0	14	42	14,0	0.0	True
XubBo-1037-3A	TB43	CMA	NA	1	NA	HiC_scaffold8	47712222	False	C	T	0/0	8	21	8,0	0.0	False
XubBo-1037-4A	TB43	CMA	NA	1	NA	HiC_scaffold8	47712222	False	C	T	0/0	45	99	45,0	0.0	True
XubBo-1037-5A	TB43	CMA	NA	1	NA	HiC_scaffold8	47712222	False	C	T	0/0	20	27	20,0	0.0	True
XubBo-1037-6A	TB43	CMA	NA	1	NA	HiC_scaffold8	47712222	False	C	T	0/0	31	77	31,0	0.0	True
XubBo-1037-7A	TB43	CMA	NA	1	NA	HiC_scaffold8	47712222	False	C	T	0/0	16	45	16,0	0.0	True
XubBo-1037-8A	TB43	CMA	NA	1	NA	HiC_scaffold8	47712222	False	C	T	0/0	33	99	33,0	0.0	True
XubBo1030-10A	LN46	N	1.0	1	0.0	HiC_scaffold8	47712222	False	C	T	0/0	29	81	29,0	0.0	True
XubBo1030-1A	LN46	N	1.0	1	0.0	HiC_scaffold8	47712222	False	C	T	0/0	24	72	24,0	0.0	True
XubBo1030-3A	LN46	N	1.0	1	0.0	HiC_scaffold8	47712222	False	C	T	0/0	16	45	16,0	0.0	True
XubBo1030-5A	LN46	N	1.0	1	0.0	HiC_scaffold8	47712222	False	C	T	0/0	14	42	14,0	0.0	True
XubBo1030-6A	LN46	N	1.0	1	0.0	HiC_scaffold8	47712222	False	C	T	0/0	34	90	34,0	0.0	True
XubBo1030-8A	LN46	N	1.0	1	0.0	HiC_scaffold8	47712222	False	C	T	0/0	26	75	26,0	0.0	True
XubBo1030-9A	LN46	N	1.0	1	0.0	HiC_scaffold8	47712222	False	C	T	0/0	22	60	22,0	0.0	True
XubBo1051-10A	WX48	CMA	1.0	1	0.0	HiC_scaffold8	47712222	False	C	T	0/0	21	51	21,0	0.0	True
XubBo1051-1A	WX48	CMA	1.0	1	0.0	HiC_scaffold8	47712222	False	C	T	0/0	31	90	31,0	0.0	True
XubBo1051-2A	WX48	CMA	1.0	1	0.0	HiC_scaffold8	47712222	False	C	T	0/0	28	66	28,0	0.0	True
XubBo1051-3A	WX48	CMA	1.0	1	0.0	HiC_scaffold8	47712222	False	C	T	0/0	35	66	35,0	0.0	True
XubBo1051-4A	WX48	CMA	1.0	1	0.0	HiC_scaffold8	47712222	False	C	T	0/0	22	60	22,0	0.0	True
XubBo1051-7A	WX48	CMA	1.0	1	0.0	HiC_scaffold8	47712222	False	C	T	0/0	38	99	38,0	0.0	True
XubBo1051-8A	WX48	CMA	1.0	1	0.0	HiC_scaffold8	47712222	False	C	T	0/0	33	93	33,0	0.0	True
XubBo1051-9A	WX48	CMA	1.0	1	0.0	HiC_scaffold8	47712222	False	C	T	0/0	38	99	38,0	0.0	True
Xubo01402-2A	YS26	CYU	1.0	1	1.0	HiC_scaffold8	47712222	False	C	T	0/0	49	99	49,0	0.0	True
Xubo01402-3A	YS26	CYU	1.0	1	1.0	HiC_scaffold8	47712222	False	C	T	0/0	67	99	67,0	0.0	True
Xubo01402-4A	YS26	CYU	1.0	1	1.0	HiC_scaffold8	47712222	False	C	T	0/0	31	93	31,0	0.0	True
Xubo01402-5A	YS26	CYU	1.0	1	1.0	HiC_scaffold8	47712222	False	C	T	0/0	97	99	97,0	0.0	True
Xubo01402-6A	YS26	CYU	1.0	1	1.0	HiC_scaffold8	47712222	False	C	T	0/0	40	99	40,0	0.0	True
Xubo01402-7A	YS26	CYU	1.0	1	1.0	HiC_scaffold8	47712222	False	C	T	0/0	62	99	62,0	0.0	True
Xubo01402-8A	YS26	CYU	1.0	1	1.0	HiC_scaffold8	47712222	False	C	T	0/0	74	99	74,0	0.0	True
Xubo01402-9A	YS26	CYU	1.0	1	1.0	HiC_scaffold8	47712222	False	C	T	0/0	15	36	15,0	0.0	True
YLZB4703-2A	SM3	CYU	0.0	0	1.0	HiC_scaffold8	47712222	False	C	T	0/1	90	99	32,58	0.6444444444444445	True
YLZB4703-3A	SM3	CYU	0.0	0	1.0	HiC_scaffold8	47712222	False	C	T	0/1	57	99	13,44	0.7719298245614035	True
YLZB4703-5A	SM3	CYU	0.0	0	1.0	HiC_scaffold8	47712222	False	C	T	0/1	93	99	56,37	0.3978494623655914	True
YLZB4703-7A	SM3	CYU	0.0	0	1.0	HiC_scaffold8	47712222	False	C	T	0/1	188	99	94,94	0.5	True
YLZB4703-9A	SM3	CYU	0.0	0	1.0	HiC_scaffold8	47712222	False	C	T	0/1	97	99	58,39	0.4020618556701031	True
YLZB4715-10A	MY1	CYU	0.0	0	1.0	HiC_scaffold8	47712222	False	C	T	0/1	112	99	29,83	0.7410714285714286	True
YLZB4715-1A	MY1	CYU	0.0	0	1.0	HiC_scaffold8	47712222	False	C	T	0/1	63	99	36,27	0.42857142857142855	True
YLZB4715-2A	MY1	CYU	0.0	0	1.0	HiC_scaffold8	47712222	False	C	T	0/1	78	99	47,31	0.3974358974358974	True
YLZB4715-5A	MY1	CYU	0.0	0	1.0	HiC_scaffold8	47712222	False	C	T	0/1	58	99	29,29	0.5	True
YLZB4715-6A	MY1	CYU	0.0	0	1.0	HiC_scaffold8	47712222	False	C	T	0/1	80	99	46,34	0.425	True
YLZB4715-7A	MY1	CYU	0.0	0	1.0	HiC_scaffold8	47712222	False	C	T	0/1	82	99	26,56	0.6829268292682927	True
YLZB4715-8A	MY1	CYU	0.0	0	1.0	HiC_scaffold8	47712222	False	C	T	0/1	96	99	56,40	0.4166666666666667	True
YLZB4715-9A	MY1	CYU	0.0	0	1.0	HiC_scaffold8	47712222	False	C	T	0/1	130	99	35,95	0.7307692307692307	True
YLZB4735-10A	YSXC51	CPO	1.0	1	1.0	HiC_scaffold8	47712222	False	C	T	0/0	58	99	58,0	0.0	True
YLZB4735-1A	YSXC51	CPO	1.0	1	1.0	HiC_scaffold8	47712222	False	C	T	0/0	44	99	44,0	0.0	True
YLZB4735-2A	YSXC51	CPO	1.0	1	1.0	HiC_scaffold8	47712222	False	C	T	0/0	57	99	57,0	0.0	True
YLZB4735-3A	YSXC51	CPO	1.0	1	1.0	HiC_scaffold8	47712222	False	C	T	0/0	67	99	67,0	0.0	True
YLZB4735-5A	YSXC51	CPO	1.0	1	1.0	HiC_scaffold8	47712222	False	C	T	0/0	44	99	44,0	0.0	True
YLZB4735-6A	YSXC51	CPO	1.0	1	1.0	HiC_scaffold8	47712222	False	C	T	0/0	60	99	60,0	0.0	True
YLZB4735-8A	YSXC51	CPO	1.0	1	1.0	HiC_scaffold8	47712222	False	C	T	0/0	88	99	88,0	0.0	True
YLZB4735-9A	YSXC51	CPO	1.0	1	1.0	HiC_scaffold8	47712222	False	C	T	0/0	98	99	98,0	0.0	True
YLZB4816-11A	ASCD52	CPO	1.0	1	1.0	HiC_scaffold8	47712222	False	C	T	0/0	60	99	60,0	0.0	True
YLZB4816-3A	ASCD52	CPO	1.0	1	1.0	HiC_scaffold8	47712222	False	C	T	0/0	18	48	18,0	0.0	True
YLZB4816-4A	ASCD52	CPO	1.0	1	1.0	HiC_scaffold8	47712222	False	C	T	0/0	25	63	25,0	0.0	True
YLZB4816-6A	ASCD52	CPO	1.0	1	1.0	HiC_scaffold8	47712222	False	C	T	0/0	32	90	32,0	0.0	True
YLZB4816-7A	ASCD52	CPO	1.0	1	1.0	HiC_scaffold8	47712222	False	C	T	0/0	37	99	37,0	0.0	True
YLZB4816-8A	ASCD52	CPO	1.0	1	1.0	HiC_scaffold8	47712222	False	C	T	0/0	10	30	10,0	0.0	True
YLZB4816-9A	ASCD52	CPO	1.0	1	1.0	HiC_scaffold8	47712222	False	C	T	0/0	64	99	64,0	0.0	True
ZXL277-1A	YY12	CMA	1.0	1	0.0	HiC_scaffold8	47712222	False	C	T	0/0	32	90	32,0	0.0	True
ZXL277-2A	YY12	CMA	1.0	1	0.0	HiC_scaffold8	47712222	False	C	T	0/0	22	60	22,0	0.0	True
ZXL277-3A	YY12	CMA	1.0	1	0.0	HiC_scaffold8	47712222	False	C	T	0/0	35	99	35,0	0.0	True
ZXL277-4A	YY12	CMA	1.0	1	0.0	HiC_scaffold8	47712222	False	C	T	0/0	21	63	21,0	0.0	True
ZXL277-5A	YY12	CMA	1.0	1	0.0	HiC_scaffold8	47712222	False	C	T	0/0	45	99	45,0	0.0	True
ZXL277-6A	YY12	CMA	1.0	1	0.0	HiC_scaffold8	47712222	False	C	T	0/0	61	99	61,0	0.0	True
ZXL277-7A	YY12	CMA	1.0	1	0.0	HiC_scaffold8	47712222	False	C	T	0/0	27	72	27,0	0.0	True
ZXL277-8A	YY12	CMA	1.0	1	0.0	HiC_scaffold8	47712222	False	C	T	0/0	28	81	28,0	0.0	True
ZXL79-1A	CZ25	CMA	1.0	1	0.0	HiC_scaffold8	47712222	False	C	T	0/0	57	99	57,0	0.0	True
ZXL79-2A	CZ25	CMA	1.0	1	0.0	HiC_scaffold8	47712222	False	C	T	0/0	78	99	78,0	0.0	True
ZXL79-3A	CZ25	CMA	1.0	1	0.0	HiC_scaffold8	47712222	False	C	T	0/0	35	99	35,0	0.0	True
ZXL79-4A	CZ25	CMA	1.0	1	0.0	HiC_scaffold8	47712222	False	C	T	0/0	241	99	241,0	0.0	True
ZXL79-5A	CZ25	CMA	1.0	1	0.0	HiC_scaffold8	47712222	False	C	T	0/0	76	99	76,0	0.0	True
ZXL79-6A	CZ25	CMA	1.0	1	0.0	HiC_scaffold8	47712222	False	C	T	0/0	32	81	32,0	0.0	True
ZXL79-7A	CZ25	CMA	1.0	1	0.0	HiC_scaffold8	47712222	False	C	T	0/0	72	99	72,0	0.0	True
xubo266-2A	XY36	CMA	1.0	1	0.0	HiC_scaffold8	47712222	False	C	T	0/0	74	99	74,0	0.0	True
xubo266-3A	XY36	CMA	1.0	1	0.0	HiC_scaffold8	47712222	False	C	T	0/0	51	99	51,0	0.0	True
xubo266-4A	XY36	CMA	1.0	1	0.0	HiC_scaffold8	47712222	False	C	T	0/0	59	0	59,0	0.0	False
xubo266-5A	XY36	CMA	1.0	1	0.0	HiC_scaffold8	47712222	False	C	T	0/0	50	99	50,0	0.0	True
xubo266-6A	XY36	CMA	1.0	1	0.0	HiC_scaffold8	47712222	False	C	T	0/0	60	99	60,0	0.0	True
xubo266-8A	XY36	CMA	1.0	1	0.0	HiC_scaffold8	47712222	False	C	T	0/0	36	99	36,0	0.0	True
xubo266-9A	XY36	CMA	1.0	1	0.0	HiC_scaffold8	47712222	False	C	T	0/0	34	99	34,0	0.0	True
zhuzm1009-10A	KM42	CPO	1.0	1	1.0	HiC_scaffold8	47712222	False	C	T	0/0	107	99	107,0	0.0	True
zhuzm1009-2A	KM42	CPO	1.0	1	1.0	HiC_scaffold8	47712222	False	C	T	0/0	45	99	45,0	0.0	True
zhuzm1009-3A	KM42	CPO	1.0	1	1.0	HiC_scaffold8	47712222	False	C	T	0/0	35	93	35,0	0.0	True
zhuzm1009-6A	KM42	CPO	1.0	1	1.0	HiC_scaffold8	47712222	False	C	T	0/0	43	99	43,0	0.0	True
zhuzm1009-7A	KM42	CPO	1.0	1	1.0	HiC_scaffold8	47712222	False	C	T	0/0	51	99	51,0	0.0	True
zhuzm1009-8A	KM42	CPO	1.0	1	1.0	HiC_scaffold8	47712222	False	C	T	0/0	55	99	55,0	0.0	True
2014-128-1A	ML50	CPO	1.0	1	1.0	HiC_scaffold8	47712248	False	T	C	0/0	78	99	78,0	0.0	True
2014-128-2A	ML50	CPO	1.0	1	1.0	HiC_scaffold8	47712248	False	T	C	0/0	62	99	62,0	0.0	True
2014-128-3A	ML50	CPO	1.0	1	1.0	HiC_scaffold8	47712248	False	T	C	0/0	59	99	59,0	0.0	True
2014-128-4A	ML50	CPO	1.0	1	1.0	HiC_scaffold8	47712248	False	T	C	0/0	72	99	72,0	0.0	True
2014-128-5A	ML50	CPO	1.0	1	1.0	HiC_scaffold8	47712248	False	T	C	0/0	86	99	86,0	0.0	True
2014-132-2A	ML5	N	1.0	1	1.0	HiC_scaffold8	47712248	False	T	C	0/0	60	99	60,0	0.0	True
2014-132-3A	ML5	N	1.0	1	1.0	HiC_scaffold8	47712248	False	T	C	0/0	134	99	134,0	0.0	True
2014-132-4A	ML5	N	1.0	1	1.0	HiC_scaffold8	47712248	False	T	C	0/0	115	99	115,0	0.0	True
2014-132-5A	ML5	N	1.0	1	1.0	HiC_scaffold8	47712248	False	T	C	0/0	53	99	53,0	0.0	True
2014-132-6A	ML5	N	1.0	1	1.0	HiC_scaffold8	47712248	False	T	C	0/0	92	99	92,0	0.0	True
2014-132-7A	ML5	N	1.0	1	1.0	HiC_scaffold8	47712248	False	T	C	0/0	110	99	110,0	0.0	True
2014-132-8A	ML5	N	1.0	1	1.0	HiC_scaffold8	47712248	False	T	C	0/0	175	99	175,0	0.0	True
2014-132-9A	ML5	N	1.0	1	1.0	HiC_scaffold8	47712248	False	T	C	0/0	81	99	81,0	0.0	True
2014-3-10A	MN34	CPO	1.0	1	1.0	HiC_scaffold8	47712248	False	T	C	0/0	89	99	89,0	0.0	True
2014-3-3A	MN34	CPO	1.0	1	1.0	HiC_scaffold8	47712248	False	T	C	0/0	82	99	82,0	0.0	True
2014-3-4A	MN34	CPO	1.0	1	1.0	HiC_scaffold8	47712248	False	T	C	0/0	57	99	57,0	0.0	True
2014-3-5A	MN34	CPO	1.0	1	1.0	HiC_scaffold8	47712248	False	T	C	0/0	79	99	79,0	0.0	True
2014-3-6A	MN34	CPO	1.0	1	1.0	HiC_scaffold8	47712248	False	T	C	0/0	72	99	72,0	0.0	True
2014-3-7A	MN34	CPO	1.0	1	1.0	HiC_scaffold8	47712248	False	T	C	0/0	104	99	104,0	0.0	True
2014-3-8A	MN34	CPO	1.0	1	1.0	HiC_scaffold8	47712248	False	T	C	0/0	81	99	81,0	0.0	True
2014-3-9A	MN34	CPO	1.0	1	1.0	HiC_scaffold8	47712248	False	T	C	0/0	62	99	62,0	0.0	True
2014-66-1A	YL49	CPO	1.0	1	1.0	HiC_scaffold8	47712248	False	T	C	0/0	32	90	32,0	0.0	True
2014-66-2A	YL49	CPO	1.0	1	1.0	HiC_scaffold8	47712248	False	T	C	0/0	57	99	57,0	0.0	True
2014-66-3A	YL49	CPO	1.0	1	1.0	HiC_scaffold8	47712248	False	T	C	0/0	67	99	67,0	0.0	True
2014-66-4A	YL49	CPO	1.0	1	1.0	HiC_scaffold8	47712248	False	T	C	0/0	28	84	28,0	0.0	True
2014-66-5A	YL49	CPO	1.0	1	1.0	HiC_scaffold8	47712248	False	T	C	0/0	42	99	42,0	0.0	True
2014-66-6A	YL49	CPO	1.0	1	1.0	HiC_scaffold8	47712248	False	T	C	0/0	57	99	57,0	0.0	True
2014-66-7A	YL49	CPO	1.0	1	1.0	HiC_scaffold8	47712248	False	T	C	0/0	16	48	16,0	0.0	True
2014-66-8A	YL49	CPO	1.0	1	1.0	HiC_scaffold8	47712248	False	T	C	0/0	70	99	70,0	0.0	True
DP1709141A	DQS11	CMA	1.0	1	0.0	HiC_scaffold8	47712248	False	T	C	0/0	27	75	27,0	0.0	True
DP1709144A	DQS11	CMA	1.0	1	0.0	HiC_scaffold8	47712248	False	T	C	0/0	43	99	43,0	0.0	True
DP1709148A	DQS11	CMA	1.0	1	0.0	HiC_scaffold8	47712248	False	T	C	0/0	41	99	41,0	0.0	True
Gln2014-15-10A	LD30	CYU	0.0	0	1.0	HiC_scaffold8	47712248	False	T	C	0/1	31	99	15,16	0.5161290322580645	True
Gln2014-15-1A	LD30	CYU	0.0	0	1.0	HiC_scaffold8	47712248	False	T	C	0/1	70	99	49,21	0.3	True
Gln2014-15-3A	LD30	CYU	0.0	0	1.0	HiC_scaffold8	47712248	False	T	C	0/1	60	99	49,11	0.18333333333333332	True
Gln2014-15-4A	LD30	CYU	0.0	0	1.0	HiC_scaffold8	47712248	False	T	C	0/1	30	99	17,13	0.43333333333333335	True
Gln2014-15-5A	LD30	CYU	0.0	0	1.0	HiC_scaffold8	47712248	False	T	C	0/1	95	99	61,34	0.35789473684210527	True
Gln2014-15-6A	LD30	CYU	0.0	0	1.0	HiC_scaffold8	47712248	False	T	C	0/1	101	99	67,34	0.33663366336633666	True
Gln2014-15-7A	LD30	CYU	0.0	0	1.0	HiC_scaffold8	47712248	False	T	C	0/1	39	99	11,28	0.717948717948718	True
Gln2014-15-8A	LD30	CYU	0.0	0	1.0	HiC_scaffold8	47712248	False	T	C	0/1	102	99	65,37	0.3627450980392157	True
Gln2014-8-1A	LD06	CPO	1.0	1	1.0	HiC_scaffold8	47712248	False	T	C	0/0	84	99	84,0	0.0	True
Gln2014-8-2A	LD06	CPO	1.0	1	1.0	HiC_scaffold8	47712248	False	T	C	0/0	34	99	34,0	0.0	True
Gln2014-8-4A	LD06	CPO	1.0	1	1.0	HiC_scaffold8	47712248	False	T	C	0/0	41	99	41,0	0.0	True
Gln2014-8-5A	LD06	CPO	1.0	1	1.0	HiC_scaffold8	47712248	False	T	C	0/0	48	99	48,0	0.0	True
Gln2014-8-6A	LD06	CPO	1.0	1	1.0	HiC_scaffold8	47712248	False	T	C	0/0	39	99	39,0	0.0	True
Gln2014-8-7A	LD06	CPO	1.0	1	1.0	HiC_scaffold8	47712248	False	T	C	0/0	36	99	36,0	0.0	True
Gln2014-8-8A	LD06	CPO	1.0	1	1.0	HiC_scaffold8	47712248	False	T	C	0/0	32	90	32,0	0.0	True
JLS-BM001-1A	BM31	N	NA	1	NA	HiC_scaffold8	47712248	False	T	C	0/0	27	72	27,0	0.0	True
JLS-BM001-2A	BM31	N	NA	1	NA	HiC_scaffold8	47712248	False	T	C	0/0	62	99	62,0	0.0	True
JLS-BM001-3A	BM31	N	NA	1	NA	HiC_scaffold8	47712248	False	T	C	0/0	18	54	18,0	0.0	True
JLS-BM001-4A	BM31	N	NA	1	NA	HiC_scaffold8	47712248	False	T	C	0/0	17	51	17,0	0.0	True
JLS-BM001-5A	BM31	N	NA	1	NA	HiC_scaffold8	47712248	False	T	C	0/0	26	72	26,0	0.0	True
JLS-BM001-6A	BM31	N	NA	1	NA	HiC_scaffold8	47712248	False	T	C	0/0	23	60	23,0	0.0	True
JLS-BM001-7A	BM31	N	NA	1	NA	HiC_scaffold8	47712248	False	T	C	0/0	7	21	7,0	0.0	False
JLS-BM001-8A	BM31	N	NA	1	NA	HiC_scaffold8	47712248	False	T	C	0/0	13	39	13,0	0.0	True
JLS-CY022-10A	CY32	CPO	1.0	1	1.0	HiC_scaffold8	47712248	False	T	C	0/0	44	99	44,0	0.0	True
JLS-CY022-11A	CY32	CPO	1.0	1	1.0	HiC_scaffold8	47712248	False	T	C	0/0	31	90	31,0	0.0	True
JLS-CY022-4A	CY32	CPO	1.0	1	1.0	HiC_scaffold8	47712248	False	T	C	0/0	41	99	41,0	0.0	True
JLS-CY022-5A	CY32	CPO	1.0	1	1.0	HiC_scaffold8	47712248	False	T	C	0/0	20	60	20,0	0.0	True
JLS-CY022-6A	CY32	CPO	1.0	1	1.0	HiC_scaffold8	47712248	False	T	C	0/1	49	99	43,6	0.12244897959183673	True
JLS-CY022-7A	CY32	CPO	1.0	1	1.0	HiC_scaffold8	47712248	False	T	C	0/0	21	41	21,0	0.0	True
Sha-WS-1A	WS14	CMA	1.0	1	0.0	HiC_scaffold8	47712248	False	T	C	0/0	34	93	34,0	0.0	True
Sha-WS-2A	WS14	CMA	1.0	1	0.0	HiC_scaffold8	47712248	False	T	C	0/0	35	99	35,0	0.0	True
Sha-WS-3A	WS14	CMA	1.0	1	0.0	HiC_scaffold8	47712248	False	T	C	0/0	41	99	41,0	0.0	True
Sha-WS-4A	WS14	CMA	1.0	1	0.0	HiC_scaffold8	47712248	False	T	C	0/0	14	39	14,0	0.0	True
Sha-WS-5A	WS14	CMA	1.0	1	0.0	HiC_scaffold8	47712248	False	T	C	0/0	22	60	22,0	0.0	True
Sha-WS-6A	WS14	CMA	1.0	1	0.0	HiC_scaffold8	47712248	False	T	C	0/0	19	48	19,0	0.0	True
Sha-WS-7A	WS14	CMA	1.0	1	0.0	HiC_scaffold8	47712248	False	T	C	0/0	31	90	31,0	0.0	True
Sha-WS-8A	WS14	CMA	1.0	1	0.0	HiC_scaffold8	47712248	False	T	C	0/0	27	72	27,0	0.0	True
THP-SET_1917-1A	MK27	CPO	1.0	1	1.0	HiC_scaffold8	47712248	False	T	C	0/0	36	0	36,0	0.0	False
THP-SET_1917-2A	MK27	CPO	1.0	1	1.0	HiC_scaffold8	47712248	False	T	C	./.	0	0	0,0	NA	False
THP-SET_1917-3A	MK27	CPO	1.0	1	1.0	HiC_scaffold8	47712248	False	T	C	0/0	35	36	35,0	0.0	True
THP-SET_1917-4A	MK27	CPO	1.0	1	1.0	HiC_scaffold8	47712248	False	T	C	0/0	21	57	21,0	0.0	True
THP-SET_1917-5A	MK27	CPO	1.0	1	1.0	HiC_scaffold8	47712248	False	T	C	0/0	141	99	141,0	0.0	True
THP-SET_1917-6A	MK27	CPO	1.0	1	1.0	HiC_scaffold8	47712248	False	T	C	0/0	77	0	77,0	0.0	False
THP-SET_1917-7A	MK27	CPO	1.0	1	1.0	HiC_scaffold8	47712248	False	T	C	0/0	20	51	20,0	0.0	True
THP-SET_1917-8A	MK27	CPO	1.0	1	1.0	HiC_scaffold8	47712248	False	T	C	0/0	36	0	36,0	0.0	False
XB2014-144-2A	SM35	CYU	1.0	1	1.0	HiC_scaffold8	47712248	False	T	C	0/0	78	99	78,0	0.0	True
XB2014-144-3A	SM35	CYU	1.0	1	1.0	HiC_scaffold8	47712248	False	T	C	0/0	56	99	56,0	0.0	True
XB2014-144-4A	SM35	CYU	1.0	1	1.0	HiC_scaffold8	47712248	False	T	C	0/0	55	99	55,0	0.0	True
XB2014-144-5A	SM35	CYU	1.0	1	1.0	HiC_scaffold8	47712248	False	T	C	0/0	99	99	99,0	0.0	True
XB2014-144-6A	SM35	CYU	1.0	1	1.0	HiC_scaffold8	47712248	False	T	C	0/0	69	99	69,0	0.0	True
XB2014-144-7A	SM35	CYU	1.0	1	1.0	HiC_scaffold8	47712248	False	T	C	0/0	111	99	111,0	0.0	True
XB2014-144-8A	SM35	CYU	1.0	1	1.0	HiC_scaffold8	47712248	False	T	C	0/0	92	99	92,0	0.0	True
XB2014-144-9A	SM35	CYU	1.0	1	1.0	HiC_scaffold8	47712248	False	T	C	0/0	107	99	107,0	0.0	True
XB2014-38-2A	EY8	CYU	0.0	1	1.0	HiC_scaffold8	47712248	False	T	C	0/1	37	99	32,5	0.13513513513513514	True
XB2014-38-3A	EY8	CYU	0.0	1	1.0	HiC_scaffold8	47712248	False	T	C	0/0	37	99	37,0	0.0	True
XB2014-38-4A	EY8	CYU	0.0	1	1.0	HiC_scaffold8	47712248	False	T	C	0/0	25	69	25,0	0.0	True
XB2014-38-5A	EY8	CYU	0.0	1	1.0	HiC_scaffold8	47712248	False	T	C	0/0	29	81	29,0	0.0	True
XB2014-38-6A	EY9	CPO	0.0	1	1.0	HiC_scaffold8	47712248	False	T	C	0/0	32	90	32,0	0.0	True
XB2014-39-1A	EY9	CPO	1.0	1	1.0	HiC_scaffold8	47712248	False	T	C	0/0	42	99	42,0	0.0	True
XB2014-39-2A	EY9	CPO	1.0	1	1.0	HiC_scaffold8	47712248	False	T	C	0/0	94	99	94,0	0.0	True
XB2014-39-3A	EY9	CPO	1.0	1	1.0	HiC_scaffold8	47712248	False	T	C	0/0	63	99	63,0	0.0	True
XB2014-39-4A	EY9	CPO	1.0	1	1.0	HiC_scaffold8	47712248	False	T	C	0/0	39	99	39,0	0.0	True
XB2014-39-5A	EY9	CPO	1.0	1	1.0	HiC_scaffold8	47712248	False	T	C	0/0	29	81	29,0	0.0	True
XB2014-39-6A	EY9	CPO	1.0	1	1.0	HiC_scaffold8	47712248	False	T	C	0/0	117	99	117,0	0.0	True
XB2014-39-7A	EY9	CPO	1.0	1	1.0	HiC_scaffold8	47712248	False	T	C	0/0	31	90	31,0	0.0	True
XB2014-39-8A	EY9	CPO	1.0	1	1.0	HiC_scaffold8	47712248	False	T	C	0/0	19	54	19,0	0.0	True
XB2014-4-2A	MN4	CYU	0.0	0	1.0	HiC_scaffold8	47712248	False	T	C	0/1	66	99	58,8	0.12121212121212122	True
XB2014-4-3A	MN4	CYU	0.0	0	1.0	HiC_scaffold8	47712248	False	T	C	0/1	56	99	29,27	0.48214285714285715	True
XB2014-4-4A	MN4	CYU	0.0	0	1.0	HiC_scaffold8	47712248	False	T	C	0/1	47	99	24,23	0.48936170212765956	True
XB2014-4-5A	MN4	CYU	0.0	0	1.0	HiC_scaffold8	47712248	False	T	C	1/1	35	99	0,35	1.0	True
XB2014-4-6A	MN4	CYU	0.0	0	1.0	HiC_scaffold8	47712248	False	T	C	0/1	48	99	16,32	0.6666666666666666	True
XB2014-4-7A	MN4	CYU	0.0	0	1.0	HiC_scaffold8	47712248	False	T	C	0/1	71	99	61,10	0.14084507042253522	True
XB2014-4-8A	YL9	CYU	0.0	0	1.0	HiC_scaffold8	47712248	False	T	C	0/1	40	99	16,24	0.6	True
XB2014-4-9A	YL9	CYU	0.0	0	1.0	HiC_scaffold8	47712248	False	T	C	0/1	41	99	14,27	0.6585365853658537	True
XB2014-48-1A	MN4	CYU	0.0	0	1.0	HiC_scaffold8	47712248	False	T	C	0/1	63	99	49,14	0.2222222222222222	True
XB2014-48-2A	MN4	CYU	0.0	0	1.0	HiC_scaffold8	47712248	False	T	C	0/1	69	99	34,35	0.5072463768115942	True
XB2014-48-3A	YL9	CYU	0.0	0	1.0	HiC_scaffold8	47712248	False	T	C	0/1	79	99	31,48	0.6075949367088608	True
XB2014-48-4A	YL9	CYU	0.0	0	1.0	HiC_scaffold8	47712248	False	T	C	0/1	46	99	24,22	0.4782608695652174	True
XB2014-48-5A	YL9	CYU	0.0	0	1.0	HiC_scaffold8	47712248	False	T	C	0/1	64	99	30,34	0.53125	True
XB2014-48-6A	YL9	CYU	0.0	0	1.0	HiC_scaffold8	47712248	False	T	C	0/1	44	99	28,16	0.36363636363636365	True
XB2014-48-7A	YL9	CYU	0.0	0	1.0	HiC_scaffold8	47712248	False	T	C	0/1	33	99	8,25	0.7575757575757576	True
XB2014-48-9A	YL9	CYU	0.0	0	1.0	HiC_scaffold8	47712248	False	T	C	0/1	40	99	32,8	0.2	True
XB26-3B	SC37	CPO	1.0	1	1.0	HiC_scaffold8	47712248	False	T	C	0/0	26	72	26,0	0.0	True
XB26-4B	SC37	CPO	1.0	1	1.0	HiC_scaffold8	47712248	False	T	C	0/0	31	90	31,0	0.0	True
XB26-5B	SC37	CPO	1.0	1	1.0	HiC_scaffold8	47712248	False	T	C	0/0	44	99	44,0	0.0	True
XB26-7B	SC37	CPO	1.0	1	1.0	HiC_scaffold8	47712248	False	T	C	0/0	36	99	36,0	0.0	True
XuBo982-1A	XS40	CMA	1.0	1	0.0	HiC_scaffold8	47712248	False	T	C	0/0	24	72	24,0	0.0	True
XuBo982-2A	XS40	CMA	1.0	1	0.0	HiC_scaffold8	47712248	False	T	C	0/0	25	69	25,0	0.0	True
XuBo982-3A	XS40	CMA	1.0	1	0.0	HiC_scaffold8	47712248	False	T	C	0/0	26	78	26,0	0.0	True
XuBo982-4A	XS40	CMA	1.0	1	0.0	HiC_scaffold8	47712248	False	T	C	0/0	30	90	30,0	0.0	True
XuBo982-5A	XS40	CMA	1.0	1	0.0	HiC_scaffold8	47712248	False	T	C	0/0	27	81	27,0	0.0	True
XubBo-1037-1A	LN46	N	1.0	1	0.0	HiC_scaffold8	47712248	False	T	C	0/0	28	81	28,0	0.0	True
XubBo-1037-2A	TB43	CMA	NA	1	NA	HiC_scaffold8	47712248	False	T	C	0/0	20	54	20,0	0.0	True
XubBo-1037-3A	TB43	CMA	NA	1	NA	HiC_scaffold8	47712248	False	T	C	0/0	5	15	5,0	0.0	False
XubBo-1037-4A	TB43	CMA	NA	1	NA	HiC_scaffold8	47712248	False	T	C	0/0	46	99	46,0	0.0	True
XubBo-1037-5A	TB43	CMA	NA	1	NA	HiC_scaffold8	47712248	False	T	C	0/0	18	51	18,0	0.0	True
XubBo-1037-6A	TB43	CMA	NA	1	NA	HiC_scaffold8	47712248	False	T	C	0/0	35	93	35,0	0.0	True
XubBo-1037-7A	TB43	CMA	NA	1	NA	HiC_scaffold8	47712248	False	T	C	0/0	14	39	14,0	0.0	True
XubBo-1037-8A	TB43	CMA	NA	1	NA	HiC_scaffold8	47712248	False	T	C	0/0	33	90	33,0	0.0	True
XubBo1030-10A	LN46	N	1.0	1	0.0	HiC_scaffold8	47712248	False	T	C	0/0	23	63	23,0	0.0	True
XubBo1030-1A	LN46	N	1.0	1	0.0	HiC_scaffold8	47712248	False	T	C	0/0	22	63	22,0	0.0	True
XubBo1030-3A	LN46	N	1.0	1	0.0	HiC_scaffold8	47712248	False	T	C	0/0	15	42	15,0	0.0	True
XubBo1030-5A	LN46	N	1.0	1	0.0	HiC_scaffold8	47712248	False	T	C	0/0	21	60	21,0	0.0	True
XubBo1030-6A	LN46	N	1.0	1	0.0	HiC_scaffold8	47712248	False	T	C	0/0	30	87	30,0	0.0	True
XubBo1030-8A	LN46	N	1.0	1	0.0	HiC_scaffold8	47712248	False	T	C	0/0	23	60	23,0	0.0	True
XubBo1030-9A	LN46	N	1.0	1	0.0	HiC_scaffold8	47712248	False	T	C	0/0	24	72	24,0	0.0	True
XubBo1051-10A	WX48	CMA	1.0	1	0.0	HiC_scaffold8	47712248	False	T	C	0/0	19	54	19,0	0.0	True
XubBo1051-1A	WX48	CMA	1.0	1	0.0	HiC_scaffold8	47712248	False	T	C	0/0	29	87	29,0	0.0	True
XubBo1051-2A	WX48	CMA	1.0	1	0.0	HiC_scaffold8	47712248	False	T	C	0/0	30	81	30,0	0.0	True
XubBo1051-3A	WX48	CMA	1.0	1	0.0	HiC_scaffold8	47712248	False	T	C	0/0	25	72	25,0	0.0	True
XubBo1051-4A	WX48	CMA	1.0	1	0.0	HiC_scaffold8	47712248	False	T	C	0/0	21	0	21,0	0.0	False
XubBo1051-7A	WX48	CMA	1.0	1	0.0	HiC_scaffold8	47712248	False	T	C	0/0	36	99	36,0	0.0	True
XubBo1051-8A	WX48	CMA	1.0	1	0.0	HiC_scaffold8	47712248	False	T	C	0/0	36	99	36,0	0.0	True
XubBo1051-9A	WX48	CMA	1.0	1	0.0	HiC_scaffold8	47712248	False	T	C	0/0	22	66	22,0	0.0	True
Xubo01402-2A	YS26	CYU	1.0	1	1.0	HiC_scaffold8	47712248	False	T	C	0/0	49	99	49,0	0.0	True
Xubo01402-3A	YS26	CYU	1.0	1	1.0	HiC_scaffold8	47712248	False	T	C	0/0	66	99	66,0	0.0	True
Xubo01402-4A	YS26	CYU	1.0	1	1.0	HiC_scaffold8	47712248	False	T	C	0/0	32	90	32,0	0.0	True
Xubo01402-5A	YS26	CYU	1.0	1	1.0	HiC_scaffold8	47712248	False	T	C	0/0	90	99	90,0	0.0	True
Xubo01402-6A	YS26	CYU	1.0	1	1.0	HiC_scaffold8	47712248	False	T	C	0/0	37	99	37,0	0.0	True
Xubo01402-7A	YS26	CYU	1.0	1	1.0	HiC_scaffold8	47712248	False	T	C	0/0	63	99	63,0	0.0	True
Xubo01402-8A	YS26	CYU	1.0	1	1.0	HiC_scaffold8	47712248	False	T	C	0/0	77	99	77,0	0.0	True
Xubo01402-9A	YS26	CYU	1.0	1	1.0	HiC_scaffold8	47712248	False	T	C	0/0	19	51	19,0	0.0	True
YLZB4703-2A	SM3	CYU	0.0	0	1.0	HiC_scaffold8	47712248	False	T	C	0/1	89	99	27,62	0.6966292134831461	True
YLZB4703-3A	SM3	CYU	0.0	0	1.0	HiC_scaffold8	47712248	False	T	C	0/1	53	99	8,45	0.8490566037735849	True
YLZB4703-5A	SM3	CYU	0.0	0	1.0	HiC_scaffold8	47712248	False	T	C	0/1	93	99	56,37	0.3978494623655914	True
YLZB4703-7A	SM3	CYU	0.0	0	1.0	HiC_scaffold8	47712248	False	T	C	0/1	193	99	97,96	0.49740932642487046	True
YLZB4703-9A	SM3	CYU	0.0	0	1.0	HiC_scaffold8	47712248	False	T	C	0/1	91	99	53,38	0.4175824175824176	True
YLZB4715-10A	MY1	CYU	0.0	0	1.0	HiC_scaffold8	47712248	False	T	C	0/1	114	99	34,80	0.7017543859649122	True
YLZB4715-1A	MY1	CYU	0.0	0	1.0	HiC_scaffold8	47712248	False	T	C	0/1	65	99	45,20	0.3076923076923077	True
YLZB4715-2A	MY1	CYU	0.0	0	1.0	HiC_scaffold8	47712248	False	T	C	0/1	74	99	41,33	0.44594594594594594	True
YLZB4715-5A	MY1	CYU	0.0	0	1.0	HiC_scaffold8	47712248	False	T	C	0/1	49	99	27,22	0.4489795918367347	True
YLZB4715-6A	MY1	CYU	0.0	0	1.0	HiC_scaffold8	47712248	False	T	C	0/1	87	99	47,40	0.45977011494252873	True
YLZB4715-7A	MY1	CYU	0.0	0	1.0	HiC_scaffold8	47712248	False	T	C	0/1	84	99	26,58	0.6904761904761905	True
YLZB4715-8A	MY1	CYU	0.0	0	1.0	HiC_scaffold8	47712248	False	T	C	0/1	102	99	57,45	0.4411764705882353	True
YLZB4715-9A	MY1	CYU	0.0	0	1.0	HiC_scaffold8	47712248	False	T	C	0/1	133	99	31,102	0.7669172932330827	True
YLZB4735-10A	YSXC51	CPO	1.0	1	1.0	HiC_scaffold8	47712248	False	T	C	0/0	59	99	59,0	0.0	True
YLZB4735-1A	YSXC51	CPO	1.0	1	1.0	HiC_scaffold8	47712248	False	T	C	0/0	43	99	43,0	0.0	True
YLZB4735-2A	YSXC51	CPO	1.0	1	1.0	HiC_scaffold8	47712248	False	T	C	0/0	59	99	59,0	0.0	True
YLZB4735-3A	YSXC51	CPO	1.0	1	1.0	HiC_scaffold8	47712248	False	T	C	0/0	71	99	71,0	0.0	True
YLZB4735-5A	YSXC51	CPO	1.0	1	1.0	HiC_scaffold8	47712248	False	T	C	0/0	84	99	84,0	0.0	True
YLZB4735-6A	YSXC51	CPO	1.0	1	1.0	HiC_scaffold8	47712248	False	T	C	0/0	50	99	50,0	0.0	True
YLZB4735-8A	YSXC51	CPO	1.0	1	1.0	HiC_scaffold8	47712248	False	T	C	0/0	87	99	87,0	0.0	True
YLZB4735-9A	YSXC51	CPO	1.0	1	1.0	HiC_scaffold8	47712248	False	T	C	0/0	96	99	96,0	0.0	True
YLZB4816-11A	ASCD52	CPO	1.0	1	1.0	HiC_scaffold8	47712248	False	T	C	0/0	73	99	73,0	0.0	True
YLZB4816-3A	ASCD52	CPO	1.0	1	1.0	HiC_scaffold8	47712248	False	T	C	0/0	17	48	17,0	0.0	True
YLZB4816-4A	ASCD52	CPO	1.0	1	1.0	HiC_scaffold8	47712248	False	T	C	0/0	20	51	20,0	0.0	True
YLZB4816-6A	ASCD52	CPO	1.0	1	1.0	HiC_scaffold8	47712248	False	T	C	0/0	38	99	38,0	0.0	True
YLZB4816-7A	ASCD52	CPO	1.0	1	1.0	HiC_scaffold8	47712248	False	T	C	0/0	38	99	38,0	0.0	True
YLZB4816-8A	ASCD52	CPO	1.0	1	1.0	HiC_scaffold8	47712248	False	T	C	0/0	9	24	9,0	0.0	False
YLZB4816-9A	ASCD52	CPO	1.0	1	1.0	HiC_scaffold8	47712248	False	T	C	0/0	63	99	63,0	0.0	True
ZXL277-1A	YY12	CMA	1.0	1	0.0	HiC_scaffold8	47712248	False	T	C	0/0	31	72	31,0	0.0	True
ZXL277-2A	YY12	CMA	1.0	1	0.0	HiC_scaffold8	47712248	False	T	C	0/0	20	60	20,0	0.0	True
ZXL277-3A	YY12	CMA	1.0	1	0.0	HiC_scaffold8	47712248	False	T	C	0/0	34	96	34,0	0.0	True
ZXL277-4A	YY12	CMA	1.0	1	0.0	HiC_scaffold8	47712248	False	T	C	0/0	21	60	21,0	0.0	True
ZXL277-5A	YY12	CMA	1.0	1	0.0	HiC_scaffold8	47712248	False	T	C	0/0	54	99	54,0	0.0	True
ZXL277-6A	YY12	CMA	1.0	1	0.0	HiC_scaffold8	47712248	False	T	C	0/0	74	99	74,0	0.0	True
ZXL277-7A	YY12	CMA	1.0	1	0.0	HiC_scaffold8	47712248	False	T	C	0/0	30	87	30,0	0.0	True
ZXL277-8A	YY12	CMA	1.0	1	0.0	HiC_scaffold8	47712248	False	T	C	0/0	29	81	29,0	0.0	True
ZXL79-1A	CZ25	CMA	1.0	1	0.0	HiC_scaffold8	47712248	False	T	C	0/0	55	99	55,0	0.0	True
ZXL79-2A	CZ25	CMA	1.0	1	0.0	HiC_scaffold8	47712248	False	T	C	0/0	87	99	87,0	0.0	True
ZXL79-3A	CZ25	CMA	1.0	1	0.0	HiC_scaffold8	47712248	False	T	C	0/0	31	93	31,0	0.0	True
ZXL79-4A	CZ25	CMA	1.0	1	0.0	HiC_scaffold8	47712248	False	T	C	0/0	281	99	281,0	0.0	True
ZXL79-5A	CZ25	CMA	1.0	1	0.0	HiC_scaffold8	47712248	False	T	C	0/0	74	99	74,0	0.0	True
ZXL79-6A	CZ25	CMA	1.0	1	0.0	HiC_scaffold8	47712248	False	T	C	0/0	27	72	27,0	0.0	True
ZXL79-7A	CZ25	CMA	1.0	1	0.0	HiC_scaffold8	47712248	False	T	C	0/0	67	99	67,0	0.0	True
xubo266-2A	XY36	CMA	1.0	1	0.0	HiC_scaffold8	47712248	False	T	C	0/0	79	99	79,0	0.0	True
xubo266-3A	XY36	CMA	1.0	1	0.0	HiC_scaffold8	47712248	False	T	C	0/0	51	99	51,0	0.0	True
xubo266-4A	XY36	CMA	1.0	1	0.0	HiC_scaffold8	47712248	False	T	C	0/0	55	99	55,0	0.0	True
xubo266-5A	XY36	CMA	1.0	1	0.0	HiC_scaffold8	47712248	False	T	C	0/0	53	99	53,0	0.0	True
xubo266-6A	XY36	CMA	1.0	1	0.0	HiC_scaffold8	47712248	False	T	C	0/0	61	99	61,0	0.0	True
xubo266-8A	XY36	CMA	1.0	1	0.0	HiC_scaffold8	47712248	False	T	C	0/0	34	99	34,0	0.0	True
xubo266-9A	XY36	CMA	1.0	1	0.0	HiC_scaffold8	47712248	False	T	C	0/0	45	99	45,0	0.0	True
zhuzm1009-10A	KM42	CPO	1.0	1	1.0	HiC_scaffold8	47712248	False	T	C	0/0	82	99	82,0	0.0	True
zhuzm1009-2A	KM42	CPO	1.0	1	1.0	HiC_scaffold8	47712248	False	T	C	0/0	45	99	45,0	0.0	True
zhuzm1009-3A	KM42	CPO	1.0	1	1.0	HiC_scaffold8	47712248	False	T	C	0/0	34	99	34,0	0.0	True
zhuzm1009-6A	KM42	CPO	1.0	1	1.0	HiC_scaffold8	47712248	False	T	C	0/0	48	99	48,0	0.0	True
zhuzm1009-7A	KM42	CPO	1.0	1	1.0	HiC_scaffold8	47712248	False	T	C	0/0	43	99	43,0	0.0	True
zhuzm1009-8A	KM42	CPO	1.0	1	1.0	HiC_scaffold8	47712248	False	T	C	0/0	63	99	63,0	0.0	True
2014-128-1A	ML50	CPO	1.0	1	1.0	HiC_scaffold8	47712481	False	T	A	0/0	78	99	78,0	0.0	True
2014-128-2A	ML50	CPO	1.0	1	1.0	HiC_scaffold8	47712481	False	T	A	0/0	52	99	52,0	0.0	True
2014-128-3A	ML50	CPO	1.0	1	1.0	HiC_scaffold8	47712481	False	T	A	0/0	53	99	53,0	0.0	True
2014-128-4A	ML50	CPO	1.0	1	1.0	HiC_scaffold8	47712481	False	T	A	0/0	72	99	72,0	0.0	True
2014-128-5A	ML50	CPO	1.0	1	1.0	HiC_scaffold8	47712481	False	T	A	0/0	96	99	96,0	0.0	True
2014-132-2A	ML5	N	1.0	1	1.0	HiC_scaffold8	47712481	False	T	A	0/0	69	99	69,0	0.0	True
2014-132-3A	ML5	N	1.0	1	1.0	HiC_scaffold8	47712481	False	T	A	0/0	123	99	123,0	0.0	True
2014-132-4A	ML5	N	1.0	1	1.0	HiC_scaffold8	47712481	False	T	A	0/0	97	99	97,0	0.0	True
2014-132-5A	ML5	N	1.0	1	1.0	HiC_scaffold8	47712481	False	T	A	0/0	41	99	41,0	0.0	True
2014-132-6A	ML5	N	1.0	1	1.0	HiC_scaffold8	47712481	False	T	A	0/0	88	99	88,0	0.0	True
2014-132-7A	ML5	N	1.0	1	1.0	HiC_scaffold8	47712481	False	T	A	0/0	108	99	108,0	0.0	True
2014-132-8A	ML5	N	1.0	1	1.0	HiC_scaffold8	47712481	False	T	A	0/0	183	99	183,0	0.0	True
2014-132-9A	ML5	N	1.0	1	1.0	HiC_scaffold8	47712481	False	T	A	0/0	78	99	78,0	0.0	True
2014-3-10A	MN34	CPO	1.0	1	1.0	HiC_scaffold8	47712481	False	T	A	0/0	118	99	118,0	0.0	True
2014-3-3A	MN34	CPO	1.0	1	1.0	HiC_scaffold8	47712481	False	T	A	0/0	79	99	79,0	0.0	True
2014-3-4A	MN34	CPO	1.0	1	1.0	HiC_scaffold8	47712481	False	T	A	0/0	87	99	87,0	0.0	True
2014-3-5A	MN34	CPO	1.0	1	1.0	HiC_scaffold8	47712481	False	T	A	0/0	78	99	78,0	0.0	True
2014-3-6A	MN34	CPO	1.0	1	1.0	HiC_scaffold8	47712481	False	T	A	0/0	79	99	79,0	0.0	True
2014-3-7A	MN34	CPO	1.0	1	1.0	HiC_scaffold8	47712481	False	T	A	0/0	91	99	91,0	0.0	True
2014-3-8A	MN34	CPO	1.0	1	1.0	HiC_scaffold8	47712481	False	T	A	0/0	73	99	73,0	0.0	True
2014-3-9A	MN34	CPO	1.0	1	1.0	HiC_scaffold8	47712481	False	T	A	0/0	60	99	60,0	0.0	True
2014-66-1A	YL49	CPO	1.0	1	1.0	HiC_scaffold8	47712481	False	T	A	0/0	47	99	47,0	0.0	True
2014-66-2A	YL49	CPO	1.0	1	1.0	HiC_scaffold8	47712481	False	T	A	0/0	73	99	73,0	0.0	True
2014-66-3A	YL49	CPO	1.0	1	1.0	HiC_scaffold8	47712481	False	T	A	0/0	65	99	65,0	0.0	True
2014-66-4A	YL49	CPO	1.0	1	1.0	HiC_scaffold8	47712481	False	T	A	0/0	18	54	18,0	0.0	True
2014-66-5A	YL49	CPO	1.0	1	1.0	HiC_scaffold8	47712481	False	T	A	0/0	39	99	39,0	0.0	True
2014-66-6A	YL49	CPO	1.0	1	1.0	HiC_scaffold8	47712481	False	T	A	0/0	75	99	75,0	0.0	True
2014-66-7A	YL49	CPO	1.0	1	1.0	HiC_scaffold8	47712481	False	T	A	0/0	21	60	21,0	0.0	True
2014-66-8A	YL49	CPO	1.0	1	1.0	HiC_scaffold8	47712481	False	T	A	0/0	89	99	89,0	0.0	True
DP1709141A	DQS11	CMA	1.0	1	0.0	HiC_scaffold8	47712481	False	T	A	0/0	23	66	23,0	0.0	True
DP1709144A	DQS11	CMA	1.0	1	0.0	HiC_scaffold8	47712481	False	T	A	0/0	20	51	20,0	0.0	True
DP1709148A	DQS11	CMA	1.0	1	0.0	HiC_scaffold8	47712481	False	T	A	0/0	25	72	25,0	0.0	True
Gln2014-15-10A	LD30	CYU	0.0	0	1.0	HiC_scaffold8	47712481	False	T	A	0/1	38	99	21,17	0.4473684210526316	True
Gln2014-15-1A	LD30	CYU	0.0	0	1.0	HiC_scaffold8	47712481	False	T	A	0/1	23	99	11,12	0.5217391304347826	True
Gln2014-15-3A	LD30	CYU	0.0	0	1.0	HiC_scaffold8	47712481	False	T	A	0/1	23	66	20,3	0.13043478260869565	True
Gln2014-15-4A	LD30	CYU	0.0	0	1.0	HiC_scaffold8	47712481	False	T	A	0/1	50	99	41,9	0.18	True
Gln2014-15-5A	LD30	CYU	0.0	0	1.0	HiC_scaffold8	47712481	False	T	A	0/1	77	99	48,29	0.37662337662337664	True
Gln2014-15-6A	LD30	CYU	0.0	0	1.0	HiC_scaffold8	47712481	False	T	A	0/1	66	99	45,21	0.3181818181818182	True
Gln2014-15-7A	LD30	CYU	0.0	0	1.0	HiC_scaffold8	47712481	False	T	A	0/1	38	99	8,30	0.7894736842105263	True
Gln2014-15-8A	LD30	CYU	0.0	0	1.0	HiC_scaffold8	47712481	False	T	A	0/1	109	99	58,51	0.46788990825688076	True
Gln2014-8-1A	LD06	CPO	1.0	1	1.0	HiC_scaffold8	47712481	False	T	A	0/0	128	99	128,0	0.0	True
Gln2014-8-2A	LD06	CPO	1.0	1	1.0	HiC_scaffold8	47712481	False	T	A	0/0	31	36	31,0	0.0	True
Gln2014-8-4A	LD06	CPO	1.0	1	1.0	HiC_scaffold8	47712481	False	T	A	0/0	40	63	40,0	0.0	True
Gln2014-8-5A	LD06	CPO	1.0	1	1.0	HiC_scaffold8	47712481	False	T	A	0/0	45	99	45,0	0.0	True
Gln2014-8-6A	LD06	CPO	1.0	1	1.0	HiC_scaffold8	47712481	False	T	A	0/0	38	59	38,0	0.0	True
Gln2014-8-7A	LD06	CPO	1.0	1	1.0	HiC_scaffold8	47712481	False	T	A	0/0	23	66	23,0	0.0	True
Gln2014-8-8A	LD06	CPO	1.0	1	1.0	HiC_scaffold8	47712481	False	T	A	0/0	29	81	29,0	0.0	True
JLS-BM001-1A	BM31	N	NA	1	NA	HiC_scaffold8	47712481	False	T	A	0/0	16	48	16,0	0.0	True
JLS-BM001-2A	BM31	N	NA	1	NA	HiC_scaffold8	47712481	False	T	A	0/0	38	99	38,0	0.0	True
JLS-BM001-3A	BM31	N	NA	1	NA	HiC_scaffold8	47712481	False	T	A	0/0	15	39	15,0	0.0	True
JLS-BM001-4A	BM31	N	NA	1	NA	HiC_scaffold8	47712481	False	T	A	0/0	8	24	8,0	0.0	False
JLS-BM001-5A	BM31	N	NA	1	NA	HiC_scaffold8	47712481	False	T	A	0/0	26	78	26,0	0.0	True
JLS-BM001-6A	BM31	N	NA	1	NA	HiC_scaffold8	47712481	False	T	A	0/0	12	36	12,0	0.0	True
JLS-BM001-7A	BM31	N	NA	1	NA	HiC_scaffold8	47712481	False	T	A	0/0	9	27	9,0	0.0	False
JLS-BM001-8A	BM31	N	NA	1	NA	HiC_scaffold8	47712481	False	T	A	0/0	15	42	15,0	0.0	True
JLS-CY022-10A	CY32	CPO	1.0	1	1.0	HiC_scaffold8	47712481	False	T	A	0/0	31	54	31,0	0.0	True
JLS-CY022-11A	CY32	CPO	1.0	1	1.0	HiC_scaffold8	47712481	False	T	A	0/0	31	90	31,0	0.0	True
JLS-CY022-4A	CY32	CPO	1.0	1	1.0	HiC_scaffold8	47712481	False	T	A	0/0	28	72	28,0	0.0	True
JLS-CY022-5A	CY32	CPO	1.0	1	1.0	HiC_scaffold8	47712481	False	T	A	0/0	40	99	40,0	0.0	True
JLS-CY022-6A	CY32	CPO	1.0	1	1.0	HiC_scaffold8	47712481	False	T	A	0/0	53	99	53,0	0.0	True
JLS-CY022-7A	CY32	CPO	1.0	1	1.0	HiC_scaffold8	47712481	False	T	A	0/0	16	45	16,0	0.0	True
Sha-WS-1A	WS14	CMA	1.0	1	0.0	HiC_scaffold8	47712481	False	T	A	0/0	29	84	29,0	0.0	True
Sha-WS-2A	WS14	CMA	1.0	1	0.0	HiC_scaffold8	47712481	False	T	A	0/0	22	60	22,0	0.0	True
Sha-WS-3A	WS14	CMA	1.0	1	0.0	HiC_scaffold8	47712481	False	T	A	0/0	38	99	38,0	0.0	True
Sha-WS-4A	WS14	CMA	1.0	1	0.0	HiC_scaffold8	47712481	False	T	A	0/0	20	57	20,0	0.0	True
Sha-WS-5A	WS14	CMA	1.0	1	0.0	HiC_scaffold8	47712481	False	T	A	0/0	20	40	20,0	0.0	True
Sha-WS-6A	WS14	CMA	1.0	1	0.0	HiC_scaffold8	47712481	False	T	A	0/0	27	81	27,0	0.0	True
Sha-WS-7A	WS14	CMA	1.0	1	0.0	HiC_scaffold8	47712481	False	T	A	0/0	35	99	35,0	0.0	True
Sha-WS-8A	WS14	CMA	1.0	1	0.0	HiC_scaffold8	47712481	False	T	A	0/0	27	81	27,0	0.0	True
THP-SET_1917-1A	MK27	CPO	1.0	1	1.0	HiC_scaffold8	47712481	False	T	A	0/0	32	53	32,0	0.0	True
THP-SET_1917-2A	MK27	CPO	1.0	1	1.0	HiC_scaffold8	47712481	False	T	A	./.	0	0	0,0	NA	False
THP-SET_1917-3A	MK27	CPO	1.0	1	1.0	HiC_scaffold8	47712481	False	T	A	0/0	41	99	41,0	0.0	True
THP-SET_1917-4A	MK27	CPO	1.0	1	1.0	HiC_scaffold8	47712481	False	T	A	0/0	35	99	35,0	0.0	True
THP-SET_1917-5A	MK27	CPO	1.0	1	1.0	HiC_scaffold8	47712481	False	T	A	0/0	98	99	98,0	0.0	True
THP-SET_1917-6A	MK27	CPO	1.0	1	1.0	HiC_scaffold8	47712481	False	T	A	0/0	90	99	90,0	0.0	True
THP-SET_1917-7A	MK27	CPO	1.0	1	1.0	HiC_scaffold8	47712481	False	T	A	0/0	45	99	45,0	0.0	True
THP-SET_1917-8A	MK27	CPO	1.0	1	1.0	HiC_scaffold8	47712481	False	T	A	0/0	56	99	56,0	0.0	True
XB2014-144-2A	SM35	CYU	1.0	1	1.0	HiC_scaffold8	47712481	False	T	A	0/0	98	99	98,0	0.0	True
XB2014-144-3A	SM35	CYU	1.0	1	1.0	HiC_scaffold8	47712481	False	T	A	0/0	53	99	53,0	0.0	True
XB2014-144-4A	SM35	CYU	1.0	1	1.0	HiC_scaffold8	47712481	False	T	A	0/0	98	99	98,0	0.0	True
XB2014-144-5A	SM35	CYU	1.0	1	1.0	HiC_scaffold8	47712481	False	T	A	0/0	100	99	100,0	0.0	True
XB2014-144-6A	SM35	CYU	1.0	1	1.0	HiC_scaffold8	47712481	False	T	A	0/0	69	99	69,0	0.0	True
XB2014-144-7A	SM35	CYU	1.0	1	1.0	HiC_scaffold8	47712481	False	T	A	0/0	109	99	109,0	0.0	True
XB2014-144-8A	SM35	CYU	1.0	1	1.0	HiC_scaffold8	47712481	False	T	A	0/0	104	99	104,0	0.0	True
XB2014-144-9A	SM35	CYU	1.0	1	1.0	HiC_scaffold8	47712481	False	T	A	0/0	99	99	99,0	0.0	True
XB2014-38-2A	EY8	CYU	0.0	1	1.0	HiC_scaffold8	47712481	False	T	A	0/1	70	99	55,15	0.21428571428571427	True
XB2014-38-3A	EY8	CYU	0.0	1	1.0	HiC_scaffold8	47712481	False	T	A	0/0	40	99	40,0	0.0	True
XB2014-38-4A	EY8	CYU	0.0	1	1.0	HiC_scaffold8	47712481	False	T	A	0/0	34	90	34,0	0.0	True
XB2014-38-5A	EY8	CYU	0.0	1	1.0	HiC_scaffold8	47712481	False	T	A	0/0	40	98	40,0	0.0	True
XB2014-38-6A	EY9	CPO	0.0	1	1.0	HiC_scaffold8	47712481	False	T	A	0/0	25	72	25,0	0.0	True
XB2014-39-1A	EY9	CPO	1.0	1	1.0	HiC_scaffold8	47712481	False	T	A	0/0	48	99	48,0	0.0	True
XB2014-39-2A	EY9	CPO	1.0	1	1.0	HiC_scaffold8	47712481	False	T	A	0/0	86	99	86,0	0.0	True
XB2014-39-3A	EY9	CPO	1.0	1	1.0	HiC_scaffold8	47712481	False	T	A	0/0	40	99	40,0	0.0	True
XB2014-39-4A	EY9	CPO	1.0	1	1.0	HiC_scaffold8	47712481	False	T	A	0/0	20	60	20,0	0.0	True
XB2014-39-5A	EY9	CPO	1.0	1	1.0	HiC_scaffold8	47712481	False	T	A	0/0	31	87	31,0	0.0	True
XB2014-39-6A	EY9	CPO	1.0	1	1.0	HiC_scaffold8	47712481	False	T	A	0/0	125	99	125,0	0.0	True
XB2014-39-7A	EY9	CPO	1.0	1	1.0	HiC_scaffold8	47712481	False	T	A	0/0	33	99	33,0	0.0	True
XB2014-39-8A	EY9	CPO	1.0	1	1.0	HiC_scaffold8	47712481	False	T	A	0/0	36	0	36,0	0.0	False
XB2014-4-2A	MN4	CYU	0.0	0	1.0	HiC_scaffold8	47712481	False	T	A	0/1	59	99	46,13	0.22033898305084745	True
XB2014-4-3A	MN4	CYU	0.0	0	1.0	HiC_scaffold8	47712481	False	T	A	0/1	48	99	16,32	0.6666666666666666	True
XB2014-4-4A	MN4	CYU	0.0	0	1.0	HiC_scaffold8	47712481	False	T	A	0/1	77	99	46,31	0.4025974025974026	True
XB2014-4-5A	MN4	CYU	0.0	0	1.0	HiC_scaffold8	47712481	False	T	A	1/1	28	84	0,28	1.0	True
XB2014-4-6A	MN4	CYU	0.0	0	1.0	HiC_scaffold8	47712481	False	T	A	0/1	42	99	15,27	0.6428571428571429	True
XB2014-4-7A	MN4	CYU	0.0	0	1.0	HiC_scaffold8	47712481	False	T	A	0/1	77	99	66,11	0.14285714285714285	True
XB2014-4-8A	YL9	CYU	0.0	0	1.0	HiC_scaffold8	47712481	False	T	A	0/1	33	99	25,8	0.24242424242424243	True
XB2014-4-9A	YL9	CYU	0.0	0	1.0	HiC_scaffold8	47712481	False	T	A	0/1	36	99	8,28	0.7777777777777778	True
XB2014-48-1A	MN4	CYU	0.0	0	1.0	HiC_scaffold8	47712481	False	T	A	0/1	71	99	51,20	0.28169014084507044	True
XB2014-48-2A	MN4	CYU	0.0	0	1.0	HiC_scaffold8	47712481	False	T	A	0/1	65	99	38,27	0.4153846153846154	True
XB2014-48-3A	YL9	CYU	0.0	0	1.0	HiC_scaffold8	47712481	False	T	A	0/1	57	99	19,33	0.6346153846153846	True
XB2014-48-4A	YL9	CYU	0.0	0	1.0	HiC_scaffold8	47712481	False	T	A	0/1	64	99	56,8	0.125	True
XB2014-48-5A	YL9	CYU	0.0	0	1.0	HiC_scaffold8	47712481	False	T	A	0/1	72	99	37,29	0.4393939393939394	True
XB2014-48-6A	YL9	CYU	0.0	0	1.0	HiC_scaffold8	47712481	False	T	A	0/1	51	99	23,28	0.5490196078431373	True
XB2014-48-7A	YL9	CYU	0.0	0	1.0	HiC_scaffold8	47712481	False	T	A	0/1	50	99	26,24	0.48	True
XB2014-48-9A	YL9	CYU	0.0	0	1.0	HiC_scaffold8	47712481	False	T	A	0/1	61	99	49,12	0.19672131147540983	True
XB26-3B	SC37	CPO	1.0	1	1.0	HiC_scaffold8	47712481	False	T	A	0/0	43	99	43,0	0.0	True
XB26-4B	SC37	CPO	1.0	1	1.0	HiC_scaffold8	47712481	False	T	A	0/0	31	93	31,0	0.0	True
XB26-5B	SC37	CPO	1.0	1	1.0	HiC_scaffold8	47712481	False	T	A	0/0	51	99	51,0	0.0	True
XB26-7B	SC37	CPO	1.0	1	1.0	HiC_scaffold8	47712481	False	T	A	0/0	42	99	42,0	0.0	True
XuBo982-1A	XS40	CMA	1.0	1	0.0	HiC_scaffold8	47712481	False	T	A	0/0	32	81	32,0	0.0	True
XuBo982-2A	XS40	CMA	1.0	1	0.0	HiC_scaffold8	47712481	False	T	A	0/0	25	62	25,0	0.0	True
XuBo982-3A	XS40	CMA	1.0	1	0.0	HiC_scaffold8	47712481	False	T	A	0/0	34	99	34,0	0.0	True
XuBo982-4A	XS40	CMA	1.0	1	0.0	HiC_scaffold8	47712481	False	T	A	0/0	21	60	21,0	0.0	True
XuBo982-5A	XS40	CMA	1.0	1	0.0	HiC_scaffold8	47712481	False	T	A	0/0	34	99	34,0	0.0	True
XubBo-1037-1A	LN46	N	1.0	1	0.0	HiC_scaffold8	47712481	False	T	A	0/0	23	63	23,0	0.0	True
XubBo-1037-2A	TB43	CMA	NA	1	NA	HiC_scaffold8	47712481	False	T	A	0/0	18	54	18,0	0.0	True
XubBo-1037-3A	TB43	CMA	NA	1	NA	HiC_scaffold8	47712481	False	T	A	0/0	8	10	8,0	0.0	False
XubBo-1037-4A	TB43	CMA	NA	1	NA	HiC_scaffold8	47712481	False	T	A	0/0	33	87	33,0	0.0	True
XubBo-1037-5A	TB43	CMA	NA	1	NA	HiC_scaffold8	47712481	False	T	A	0/0	20	57	20,0	0.0	True
XubBo-1037-6A	TB43	CMA	NA	1	NA	HiC_scaffold8	47712481	False	T	A	0/0	34	90	34,0	0.0	True
XubBo-1037-7A	TB43	CMA	NA	1	NA	HiC_scaffold8	47712481	False	T	A	./.	10	0	10,0	0.0	False
XubBo-1037-8A	TB43	CMA	NA	1	NA	HiC_scaffold8	47712481	False	T	A	0/0	25	72	25,0	0.0	True
XubBo1030-10A	LN46	N	1.0	1	0.0	HiC_scaffold8	47712481	False	T	A	0/0	25	75	25,0	0.0	True
XubBo1030-1A	LN46	N	1.0	1	0.0	HiC_scaffold8	47712481	False	T	A	0/0	20	54	20,0	0.0	True
XubBo1030-3A	LN46	N	1.0	1	0.0	HiC_scaffold8	47712481	False	T	A	0/0	15	39	15,0	0.0	True
XubBo1030-5A	LN46	N	1.0	1	0.0	HiC_scaffold8	47712481	False	T	A	0/0	18	54	18,0	0.0	True
XubBo1030-6A	LN46	N	1.0	1	0.0	HiC_scaffold8	47712481	False	T	A	0/0	26	72	26,0	0.0	True
XubBo1030-8A	LN46	N	1.0	1	0.0	HiC_scaffold8	47712481	False	T	A	0/0	31	90	31,0	0.0	True
XubBo1030-9A	LN46	N	1.0	1	0.0	HiC_scaffold8	47712481	False	T	A	0/0	26	75	26,0	0.0	True
XubBo1051-10A	WX48	CMA	1.0	1	0.0	HiC_scaffold8	47712481	False	T	A	0/0	22	60	22,0	0.0	True
XubBo1051-1A	WX48	CMA	1.0	1	0.0	HiC_scaffold8	47712481	False	T	A	0/0	39	99	39,0	0.0	True
XubBo1051-2A	WX48	CMA	1.0	1	0.0	HiC_scaffold8	47712481	False	T	A	0/0	26	37	26,0	0.0	True
XubBo1051-3A	WX48	CMA	1.0	1	0.0	HiC_scaffold8	47712481	False	T	A	0/0	20	54	20,0	0.0	True
XubBo1051-4A	WX48	CMA	1.0	1	0.0	HiC_scaffold8	47712481	False	T	A	0/0	20	17	20,0	0.0	False
XubBo1051-7A	WX48	CMA	1.0	1	0.0	HiC_scaffold8	47712481	False	T	A	0/0	27	81	27,0	0.0	True
XubBo1051-8A	WX48	CMA	1.0	1	0.0	HiC_scaffold8	47712481	False	T	A	0/0	34	99	34,0	0.0	True
XubBo1051-9A	WX48	CMA	1.0	1	0.0	HiC_scaffold8	47712481	False	T	A	0/0	24	66	24,0	0.0	True
Xubo01402-2A	YS26	CYU	1.0	1	1.0	HiC_scaffold8	47712481	False	T	A	0/0	37	99	37,0	0.0	True
Xubo01402-3A	YS26	CYU	1.0	1	1.0	HiC_scaffold8	47712481	False	T	A	0/0	34	99	34,0	0.0	True
Xubo01402-4A	YS26	CYU	1.0	1	1.0	HiC_scaffold8	47712481	False	T	A	0/0	30	90	30,0	0.0	True
Xubo01402-5A	YS26	CYU	1.0	1	1.0	HiC_scaffold8	47712481	False	T	A	0/0	41	99	41,0	0.0	True
Xubo01402-6A	YS26	CYU	1.0	1	1.0	HiC_scaffold8	47712481	False	T	A	0/0	45	99	45,0	0.0	True
Xubo01402-7A	YS26	CYU	1.0	1	1.0	HiC_scaffold8	47712481	False	T	A	0/0	34	99	34,0	0.0	True
Xubo01402-8A	YS26	CYU	1.0	1	1.0	HiC_scaffold8	47712481	False	T	A	0/0	67	99	67,0	0.0	True
Xubo01402-9A	YS26	CYU	1.0	1	1.0	HiC_scaffold8	47712481	False	T	A	0/0	33	96	33,0	0.0	True
YLZB4703-2A	SM3	CYU	0.0	0	1.0	HiC_scaffold8	47712481	False	T	A	0/1	75	99	21,54	0.72	True
YLZB4703-3A	SM3	CYU	0.0	0	1.0	HiC_scaffold8	47712481	False	T	A	0/1	81	99	43,38	0.4691358024691358	True
YLZB4703-5A	SM3	CYU	0.0	0	1.0	HiC_scaffold8	47712481	False	T	A	0/1	83	99	48,35	0.42168674698795183	True
YLZB4703-7A	SM3	CYU	0.0	0	1.0	HiC_scaffold8	47712481	False	T	A	0/1	133	99	39,94	0.706766917293233	True
YLZB4703-9A	SM3	CYU	0.0	0	1.0	HiC_scaffold8	47712481	False	T	A	0/1	66	99	49,17	0.25757575757575757	True
YLZB4715-10A	MY1	CYU	0.0	0	1.0	HiC_scaffold8	47712481	False	T	A	0/1	108	99	39,69	0.6388888888888888	True
YLZB4715-1A	MY1	CYU	0.0	0	1.0	HiC_scaffold8	47712481	False	T	A	0/1	67	99	47,20	0.29850746268656714	True
YLZB4715-2A	MY1	CYU	0.0	0	1.0	HiC_scaffold8	47712481	False	T	A	0/1	53	99	47,6	0.11320754716981132	True
YLZB4715-5A	MY1	CYU	0.0	0	1.0	HiC_scaffold8	47712481	False	T	A	0/1	41	99	23,18	0.43902439024390244	True
YLZB4715-6A	MY1	CYU	0.0	0	1.0	HiC_scaffold8	47712481	False	T	A	0/1	60	99	36,24	0.4	True
YLZB4715-7A	MY1	CYU	0.0	0	1.0	HiC_scaffold8	47712481	False	T	A	0/1	74	99	24,50	0.6756756756756757	True
YLZB4715-8A	MY1	CYU	0.0	0	1.0	HiC_scaffold8	47712481	False	T	A	0/1	94	99	46,41	0.47126436781609193	True
YLZB4715-9A	MY1	CYU	0.0	0	1.0	HiC_scaffold8	47712481	False	T	A	0/1	109	99	36,73	0.6697247706422018	True
YLZB4735-10A	YSXC51	CPO	1.0	1	1.0	HiC_scaffold8	47712481	False	T	A	0/0	64	99	64,0	0.0	True
YLZB4735-1A	YSXC51	CPO	1.0	1	1.0	HiC_scaffold8	47712481	False	T	A	0/0	34	99	34,0	0.0	True
YLZB4735-2A	YSXC51	CPO	1.0	1	1.0	HiC_scaffold8	47712481	False	T	A	0/0	57	99	57,0	0.0	True
YLZB4735-3A	YSXC51	CPO	1.0	1	1.0	HiC_scaffold8	47712481	False	T	A	0/0	52	99	52,0	0.0	True
YLZB4735-5A	YSXC51	CPO	1.0	1	1.0	HiC_scaffold8	47712481	False	T	A	0/0	73	99	73,0	0.0	True
YLZB4735-6A	YSXC51	CPO	1.0	1	1.0	HiC_scaffold8	47712481	False	T	A	0/0	58	99	58,0	0.0	True
YLZB4735-8A	YSXC51	CPO	1.0	1	1.0	HiC_scaffold8	47712481	False	T	A	0/0	70	99	70,0	0.0	True
YLZB4735-9A	YSXC51	CPO	1.0	1	1.0	HiC_scaffold8	47712481	False	T	A	0/0	74	99	74,0	0.0	True
YLZB4816-11A	ASCD52	CPO	1.0	1	1.0	HiC_scaffold8	47712481	False	T	A	0/0	44	72	44,0	0.0	True
YLZB4816-3A	ASCD52	CPO	1.0	1	1.0	HiC_scaffold8	47712481	False	T	A	0/0	26	60	26,0	0.0	True
YLZB4816-4A	ASCD52	CPO	1.0	1	1.0	HiC_scaffold8	47712481	False	T	A	0/0	32	93	32,0	0.0	True
YLZB4816-6A	ASCD52	CPO	1.0	1	1.0	HiC_scaffold8	47712481	False	T	A	0/0	43	99	43,0	0.0	True
YLZB4816-7A	ASCD52	CPO	1.0	1	1.0	HiC_scaffold8	47712481	False	T	A	0/0	38	99	38,0	0.0	True
YLZB4816-8A	ASCD52	CPO	1.0	1	1.0	HiC_scaffold8	47712481	False	T	A	0/0	6	15	6,0	0.0	False
YLZB4816-9A	ASCD52	CPO	1.0	1	1.0	HiC_scaffold8	47712481	False	T	A	0/0	39	99	39,0	0.0	True
ZXL277-1A	YY12	CMA	1.0	1	0.0	HiC_scaffold8	47712481	False	T	A	0/0	30	81	30,0	0.0	True
ZXL277-2A	YY12	CMA	1.0	1	0.0	HiC_scaffold8	47712481	False	T	A	0/0	33	90	33,0	0.0	True
ZXL277-3A	YY12	CMA	1.0	1	0.0	HiC_scaffold8	47712481	False	T	A	0/0	23	63	23,0	0.0	True
ZXL277-4A	YY12	CMA	1.0	1	0.0	HiC_scaffold8	47712481	False	T	A	0/0	40	99	40,0	0.0	True
ZXL277-5A	YY12	CMA	1.0	1	0.0	HiC_scaffold8	47712481	False	T	A	0/0	44	99	44,0	0.0	True
ZXL277-6A	YY12	CMA	1.0	1	0.0	HiC_scaffold8	47712481	False	T	A	0/0	45	99	45,0	0.0	True
ZXL277-7A	YY12	CMA	1.0	1	0.0	HiC_scaffold8	47712481	False	T	A	0/0	34	90	34,0	0.0	True
ZXL277-8A	YY12	CMA	1.0	1	0.0	HiC_scaffold8	47712481	False	T	A	0/0	37	99	37,0	0.0	True
ZXL79-1A	CZ25	CMA	1.0	1	0.0	HiC_scaffold8	47712481	False	T	A	0/0	38	99	38,0	0.0	True
ZXL79-2A	CZ25	CMA	1.0	1	0.0	HiC_scaffold8	47712481	False	T	A	0/0	99	99	99,0	0.0	True
ZXL79-3A	CZ25	CMA	1.0	1	0.0	HiC_scaffold8	47712481	False	T	A	0/0	24	60	24,0	0.0	True
ZXL79-4A	CZ25	CMA	1.0	1	0.0	HiC_scaffold8	47712481	False	T	A	0/0	252	99	252,0	0.0	True
ZXL79-5A	CZ25	CMA	1.0	1	0.0	HiC_scaffold8	47712481	False	T	A	0/0	45	99	45,0	0.0	True
ZXL79-6A	CZ25	CMA	1.0	1	0.0	HiC_scaffold8	47712481	False	T	A	0/0	15	45	15,0	0.0	True
ZXL79-7A	CZ25	CMA	1.0	1	0.0	HiC_scaffold8	47712481	False	T	A	0/0	68	99	68,0	0.0	True
xubo266-2A	XY36	CMA	1.0	1	0.0	HiC_scaffold8	47712481	False	T	A	0/0	67	99	67,0	0.0	True
xubo266-3A	XY36	CMA	1.0	1	0.0	HiC_scaffold8	47712481	False	T	A	0/0	49	99	49,0	0.0	True
xubo266-4A	XY36	CMA	1.0	1	0.0	HiC_scaffold8	47712481	False	T	A	0/0	36	0	36,0	0.0	False
xubo266-5A	XY36	CMA	1.0	1	0.0	HiC_scaffold8	47712481	False	T	A	0/0	51	99	51,0	0.0	True
xubo266-6A	XY36	CMA	1.0	1	0.0	HiC_scaffold8	47712481	False	T	A	0/0	53	99	53,0	0.0	True
xubo266-8A	XY36	CMA	1.0	1	0.0	HiC_scaffold8	47712481	False	T	A	0/0	41	99	41,0	0.0	True
xubo266-9A	XY36	CMA	1.0	1	0.0	HiC_scaffold8	47712481	False	T	A	0/0	36	99	36,0	0.0	True
zhuzm1009-10A	KM42	CPO	1.0	1	1.0	HiC_scaffold8	47712481	False	T	A	0/0	102	99	102,0	0.0	True
zhuzm1009-2A	KM42	CPO	1.0	1	1.0	HiC_scaffold8	47712481	False	T	A	0/0	49	26	49,0	0.0	True
zhuzm1009-3A	KM42	CPO	1.0	1	1.0	HiC_scaffold8	47712481	False	T	A	0/0	16	48	16,0	0.0	True
zhuzm1009-6A	KM42	CPO	1.0	1	1.0	HiC_scaffold8	47712481	False	T	A	0/0	46	73	46,0	0.0	True
zhuzm1009-7A	KM42	CPO	1.0	1	1.0	HiC_scaffold8	47712481	False	T	A	0/0	46	99	46,0	0.0	True
zhuzm1009-8A	KM42	CPO	1.0	1	1.0	HiC_scaffold8	47712481	False	T	A	0/0	59	99	59,0	0.0	True
2014-128-1A	ML50	CPO	1.0	1	1.0	HiC_scaffold8	47715175	False	C	T	0/0	96	99	96,0	0.0	True
2014-128-2A	ML50	CPO	1.0	1	1.0	HiC_scaffold8	47715175	False	C	T	0/0	75	99	75,0	0.0	True
2014-128-3A	ML50	CPO	1.0	1	1.0	HiC_scaffold8	47715175	False	C	T	0/0	45	99	45,0	0.0	True
2014-128-4A	ML50	CPO	1.0	1	1.0	HiC_scaffold8	47715175	False	C	T	0/0	57	99	57,0	0.0	True
2014-128-5A	ML50	CPO	1.0	1	1.0	HiC_scaffold8	47715175	False	C	T	0/0	108	99	108,0	0.0	True
2014-132-2A	ML5	N	1.0	1	1.0	HiC_scaffold8	47715175	False	C	T	0/0	43	99	43,0	0.0	True
2014-132-3A	ML5	N	1.0	1	1.0	HiC_scaffold8	47715175	False	C	T	0/0	150	99	150,0	0.0	True
2014-132-4A	ML5	N	1.0	1	1.0	HiC_scaffold8	47715175	False	C	T	0/0	113	99	113,0	0.0	True
2014-132-5A	ML5	N	1.0	1	1.0	HiC_scaffold8	47715175	False	C	T	0/0	24	72	24,0	0.0	True
2014-132-6A	ML5	N	1.0	1	1.0	HiC_scaffold8	47715175	False	C	T	0/0	108	99	108,0	0.0	True
2014-132-7A	ML5	N	1.0	1	1.0	HiC_scaffold8	47715175	False	C	T	0/0	90	99	90,0	0.0	True
2014-132-8A	ML5	N	1.0	1	1.0	HiC_scaffold8	47715175	False	C	T	0/0	155	99	155,0	0.0	True
2014-132-9A	ML5	N	1.0	1	1.0	HiC_scaffold8	47715175	False	C	T	0/0	78	99	78,0	0.0	True
2014-3-10A	MN34	CPO	1.0	1	1.0	HiC_scaffold8	47715175	False	C	T	0/0	57	99	57,0	0.0	True
2014-3-3A	MN34	CPO	1.0	1	1.0	HiC_scaffold8	47715175	False	C	T	0/0	51	99	51,0	0.0	True
2014-3-4A	MN34	CPO	1.0	1	1.0	HiC_scaffold8	47715175	False	C	T	0/0	71	99	71,0	0.0	True
2014-3-5A	MN34	CPO	1.0	1	1.0	HiC_scaffold8	47715175	False	C	T	0/0	69	99	69,0	0.0	True
2014-3-6A	MN34	CPO	1.0	1	1.0	HiC_scaffold8	47715175	False	C	T	0/0	79	0	79,0	0.0	False
2014-3-7A	MN34	CPO	1.0	1	1.0	HiC_scaffold8	47715175	False	C	T	0/0	68	99	68,0	0.0	True
2014-3-8A	MN34	CPO	1.0	1	1.0	HiC_scaffold8	47715175	False	C	T	0/0	65	99	65,0	0.0	True
2014-3-9A	MN34	CPO	1.0	1	1.0	HiC_scaffold8	47715175	False	C	T	0/0	72	0	72,0	0.0	False
2014-66-1A	YL49	CPO	1.0	1	1.0	HiC_scaffold8	47715175	False	C	T	0/0	57	99	57,0	0.0	True
2014-66-2A	YL49	CPO	1.0	1	1.0	HiC_scaffold8	47715175	False	C	T	0/0	77	99	77,0	0.0	True
2014-66-3A	YL49	CPO	1.0	1	1.0	HiC_scaffold8	47715175	False	C	T	0/0	76	99	76,0	0.0	True
2014-66-4A	YL49	CPO	1.0	1	1.0	HiC_scaffold8	47715175	False	C	T	0/0	24	72	24,0	0.0	True
2014-66-5A	YL49	CPO	1.0	1	1.0	HiC_scaffold8	47715175	False	C	T	0/0	42	83	42,0	0.0	True
2014-66-6A	YL49	CPO	1.0	1	1.0	HiC_scaffold8	47715175	False	C	T	0/0	44	99	44,0	0.0	True
2014-66-7A	YL49	CPO	1.0	1	1.0	HiC_scaffold8	47715175	False	C	T	0/0	65	99	65,0	0.0	True
2014-66-8A	YL49	CPO	1.0	1	1.0	HiC_scaffold8	47715175	False	C	T	0/0	88	99	88,0	0.0	True
DP1709141A	DQS11	CMA	1.0	1	0.0	HiC_scaffold8	47715175	False	C	T	0/0	55	99	55,0	0.0	True
DP1709144A	DQS11	CMA	1.0	1	0.0	HiC_scaffold8	47715175	False	C	T	0/0	59	99	59,0	0.0	True
DP1709148A	DQS11	CMA	1.0	1	0.0	HiC_scaffold8	47715175	False	C	T	0/0	61	99	61,0	0.0	True
Gln2014-15-10A	LD30	CYU	0.0	0	1.0	HiC_scaffold8	47715175	False	C	T	0/0	10	30	10,0	0.0	True
Gln2014-15-1A	LD30	CYU	0.0	0	1.0	HiC_scaffold8	47715175	False	C	T	0/1	56	99	18,38	0.6785714285714286	True
Gln2014-15-3A	LD30	CYU	0.0	0	1.0	HiC_scaffold8	47715175	False	C	T	0/1	55	99	18,37	0.6727272727272727	True
Gln2014-15-4A	LD30	CYU	0.0	0	1.0	HiC_scaffold8	47715175	False	C	T	1/1	27	81	0,27	1.0	True
Gln2014-15-5A	LD30	CYU	0.0	0	1.0	HiC_scaffold8	47715175	False	C	T	0/1	60	99	11,49	0.8166666666666667	True
Gln2014-15-6A	LD30	CYU	0.0	0	1.0	HiC_scaffold8	47715175	False	C	T	0/1	65	99	19,46	0.7076923076923077	True
Gln2014-15-7A	LD30	CYU	0.0	0	1.0	HiC_scaffold8	47715175	False	C	T	0/1	35	99	22,13	0.37142857142857144	True
Gln2014-15-8A	LD30	CYU	0.0	0	1.0	HiC_scaffold8	47715175	False	C	T	0/1	72	99	32,40	0.5555555555555556	True
Gln2014-8-1A	LD06	CPO	1.0	1	1.0	HiC_scaffold8	47715175	False	C	T	0/0	112	99	112,0	0.0	True
Gln2014-8-2A	LD06	CPO	1.0	1	1.0	HiC_scaffold8	47715175	False	C	T	0/0	47	99	47,0	0.0	True
Gln2014-8-4A	LD06	CPO	1.0	1	1.0	HiC_scaffold8	47715175	False	C	T	0/0	42	99	42,0	0.0	True
Gln2014-8-5A	LD06	CPO	1.0	1	1.0	HiC_scaffold8	47715175	False	C	T	0/0	41	99	41,0	0.0	True
Gln2014-8-6A	LD06	CPO	1.0	1	1.0	HiC_scaffold8	47715175	False	C	T	0/0	78	99	78,0	0.0	True
Gln2014-8-7A	LD06	CPO	1.0	1	1.0	HiC_scaffold8	47715175	False	C	T	0/0	27	81	27,0	0.0	True
Gln2014-8-8A	LD06	CPO	1.0	1	1.0	HiC_scaffold8	47715175	False	C	T	0/0	48	99	48,0	0.0	True
JLS-BM001-1A	BM31	N	NA	1	NA	HiC_scaffold8	47715175	False	C	T	0/0	38	99	38,0	0.0	True
JLS-BM001-2A	BM31	N	NA	1	NA	HiC_scaffold8	47715175	False	C	T	0/0	65	99	65,0	0.0	True
JLS-BM001-3A	BM31	N	NA	1	NA	HiC_scaffold8	47715175	False	C	T	0/0	46	99	46,0	0.0	True
JLS-BM001-4A	BM31	N	NA	1	NA	HiC_scaffold8	47715175	False	C	T	0/0	37	99	37,0	0.0	True
JLS-BM001-5A	BM31	N	NA	1	NA	HiC_scaffold8	47715175	False	C	T	0/0	45	99	45,0	0.0	True
JLS-BM001-6A	BM31	N	NA	1	NA	HiC_scaffold8	47715175	False	C	T	0/0	48	99	48,0	0.0	True
JLS-BM001-7A	BM31	N	NA	1	NA	HiC_scaffold8	47715175	False	C	T	0/0	27	72	27,0	0.0	True
JLS-BM001-8A	BM31	N	NA	1	NA	HiC_scaffold8	47715175	False	C	T	0/0	27	72	27,0	0.0	True
JLS-CY022-10A	CY32	CPO	1.0	1	1.0	HiC_scaffold8	47715175	False	C	T	0/0	39	99	39,0	0.0	True
JLS-CY022-11A	CY32	CPO	1.0	1	1.0	HiC_scaffold8	47715175	False	C	T	0/0	44	99	44,0	0.0	True
JLS-CY022-4A	CY32	CPO	1.0	1	1.0	HiC_scaffold8	47715175	False	C	T	0/0	23	69	23,0	0.0	True
JLS-CY022-5A	CY32	CPO	1.0	1	1.0	HiC_scaffold8	47715175	False	C	T	0/0	54	99	54,0	0.0	True
JLS-CY022-6A	CY32	CPO	1.0	1	1.0	HiC_scaffold8	47715175	False	C	T	0/0	25	33	25,0	0.0	True
JLS-CY022-7A	CY32	CPO	1.0	1	1.0	HiC_scaffold8	47715175	False	C	T	0/0	40	99	40,0	0.0	True
Sha-WS-1A	WS14	CMA	1.0	1	0.0	HiC_scaffold8	47715175	False	C	T	0/0	26	75	26,0	0.0	True
Sha-WS-2A	WS14	CMA	1.0	1	0.0	HiC_scaffold8	47715175	False	C	T	0/0	22	60	22,0	0.0	True
Sha-WS-3A	WS14	CMA	1.0	1	0.0	HiC_scaffold8	47715175	False	C	T	0/0	29	72	29,0	0.0	True
Sha-WS-4A	WS14	CMA	1.0	1	0.0	HiC_scaffold8	47715175	False	C	T	0/0	27	72	27,0	0.0	True
Sha-WS-5A	WS14	CMA	1.0	1	0.0	HiC_scaffold8	47715175	False	C	T	0/0	30	81	30,0	0.0	True
Sha-WS-6A	WS14	CMA	1.0	1	0.0	HiC_scaffold8	47715175	False	C	T	0/0	23	60	23,0	0.0	True
Sha-WS-7A	WS14	CMA	1.0	1	0.0	HiC_scaffold8	47715175	False	C	T	0/0	29	81	29,0	0.0	True
Sha-WS-8A	WS14	CMA	1.0	1	0.0	HiC_scaffold8	47715175	False	C	T	0/0	30	90	30,0	0.0	True
THP-SET_1917-1A	MK27	CPO	1.0	1	1.0	HiC_scaffold8	47715175	False	C	T	0/0	113	99	113,0	0.0	True
THP-SET_1917-2A	MK27	CPO	1.0	1	1.0	HiC_scaffold8	47715175	False	C	T	0/0	63	99	63,0	0.0	True
THP-SET_1917-3A	MK27	CPO	1.0	1	1.0	HiC_scaffold8	47715175	False	C	T	0/0	82	99	82,0	0.0	True
THP-SET_1917-4A	MK27	CPO	1.0	1	1.0	HiC_scaffold8	47715175	False	C	T	0/0	107	99	107,0	0.0	True
THP-SET_1917-5A	MK27	CPO	1.0	1	1.0	HiC_scaffold8	47715175	False	C	T	0/0	192	99	192,0	0.0	True
THP-SET_1917-6A	MK27	CPO	1.0	1	1.0	HiC_scaffold8	47715175	False	C	T	0/0	143	99	143,0	0.0	True
THP-SET_1917-7A	MK27	CPO	1.0	1	1.0	HiC_scaffold8	47715175	False	C	T	0/0	138	99	138,0	0.0	True
THP-SET_1917-8A	MK27	CPO	1.0	1	1.0	HiC_scaffold8	47715175	False	C	T	0/0	141	99	141,0	0.0	True
XB2014-144-2A	SM35	CYU	1.0	1	1.0	HiC_scaffold8	47715175	False	C	T	0/0	95	99	95,0	0.0	True
XB2014-144-3A	SM35	CYU	1.0	1	1.0	HiC_scaffold8	47715175	False	C	T	0/0	79	99	79,0	0.0	True
XB2014-144-4A	SM35	CYU	1.0	1	1.0	HiC_scaffold8	47715175	False	C	T	0/0	57	99	57,0	0.0	True
XB2014-144-5A	SM35	CYU	1.0	1	1.0	HiC_scaffold8	47715175	False	C	T	0/0	141	99	141,0	0.0	True
XB2014-144-6A	SM35	CYU	1.0	1	1.0	HiC_scaffold8	47715175	False	C	T	0/0	50	99	50,0	0.0	True
XB2014-144-7A	SM35	CYU	1.0	1	1.0	HiC_scaffold8	47715175	False	C	T	0/0	96	99	96,0	0.0	True
XB2014-144-8A	SM35	CYU	1.0	1	1.0	HiC_scaffold8	47715175	False	C	T	0/0	142	99	142,0	0.0	True
XB2014-144-9A	SM35	CYU	1.0	1	1.0	HiC_scaffold8	47715175	False	C	T	0/0	104	99	104,0	0.0	True
XB2014-38-2A	EY8	CYU	0.0	1	1.0	HiC_scaffold8	47715175	False	C	T	0/1	46	99	30,16	0.34782608695652173	True
XB2014-38-3A	EY8	CYU	0.0	1	1.0	HiC_scaffold8	47715175	False	C	T	0/0	13	39	13,0	0.0	True
XB2014-38-4A	EY8	CYU	0.0	1	1.0	HiC_scaffold8	47715175	False	C	T	0/0	20	60	20,0	0.0	True
XB2014-38-5A	EY8	CYU	0.0	1	1.0	HiC_scaffold8	47715175	False	C	T	0/0	42	99	42,0	0.0	True
XB2014-38-6A	EY9	CPO	0.0	1	1.0	HiC_scaffold8	47715175	False	C	T	0/0	7	21	7,0	0.0	False
XB2014-39-1A	EY9	CPO	1.0	1	1.0	HiC_scaffold8	47715175	False	C	T	0/0	29	87	29,0	0.0	True
XB2014-39-2A	EY9	CPO	1.0	1	1.0	HiC_scaffold8	47715175	False	C	T	0/0	53	99	53,0	0.0	True
XB2014-39-3A	EY9	CPO	1.0	1	1.0	HiC_scaffold8	47715175	False	C	T	0/0	46	99	46,0	0.0	True
XB2014-39-4A	EY9	CPO	1.0	1	1.0	HiC_scaffold8	47715175	False	C	T	0/0	27	58	27,0	0.0	True
XB2014-39-5A	EY9	CPO	1.0	1	1.0	HiC_scaffold8	47715175	False	C	T	0/0	24	51	24,0	0.0	True
XB2014-39-6A	EY9	CPO	1.0	1	1.0	HiC_scaffold8	47715175	False	C	T	0/0	109	99	109,0	0.0	True
XB2014-39-7A	EY9	CPO	1.0	1	1.0	HiC_scaffold8	47715175	False	C	T	0/0	58	99	58,0	0.0	True
XB2014-39-8A	EY9	CPO	1.0	1	1.0	HiC_scaffold8	47715175	False	C	T	0/0	57	99	57,0	0.0	True
XB2014-4-2A	MN4	CYU	0.0	0	1.0	HiC_scaffold8	47715175	False	C	T	0/1	38	99	27,11	0.2894736842105263	True
XB2014-4-3A	MN4	CYU	0.0	0	1.0	HiC_scaffold8	47715175	False	C	T	0/1	60	99	16,44	0.7333333333333333	True
XB2014-4-4A	MN4	CYU	0.0	0	1.0	HiC_scaffold8	47715175	False	C	T	0/1	55	99	21,34	0.6181818181818182	True
XB2014-4-5A	MN4	CYU	0.0	0	1.0	HiC_scaffold8	47715175	False	C	T	0/1	42	99	15,27	0.6428571428571429	True
XB2014-4-6A	MN4	CYU	0.0	0	1.0	HiC_scaffold8	47715175	False	C	T	0/1	45	99	22,23	0.5111111111111111	True
XB2014-4-7A	MN4	CYU	0.0	0	1.0	HiC_scaffold8	47715175	False	C	T	0/1	55	99	38,17	0.3090909090909091	True
XB2014-4-8A	YL9	CYU	0.0	0	1.0	HiC_scaffold8	47715175	False	C	T	0/1	30	99	14,16	0.5333333333333333	True
XB2014-4-9A	YL9	CYU	0.0	0	1.0	HiC_scaffold8	47715175	False	C	T	0/1	38	99	15,23	0.6052631578947368	True
XB2014-48-1A	MN4	CYU	0.0	0	1.0	HiC_scaffold8	47715175	False	C	T	0/1	25	99	9,16	0.64	True
XB2014-48-2A	MN4	CYU	0.0	0	1.0	HiC_scaffold8	47715175	False	C	T	0/1	40	99	27,13	0.325	True
XB2014-48-3A	YL9	CYU	0.0	0	1.0	HiC_scaffold8	47715175	False	C	T	0/1	49	99	19,30	0.6122448979591837	True
XB2014-48-4A	YL9	CYU	0.0	0	1.0	HiC_scaffold8	47715175	False	C	T	0/1	43	99	28,15	0.3488372093023256	True
XB2014-48-5A	YL9	CYU	0.0	0	1.0	HiC_scaffold8	47715175	False	C	T	0/1	38	99	15,23	0.6052631578947368	True
XB2014-48-6A	YL9	CYU	0.0	0	1.0	HiC_scaffold8	47715175	False	C	T	0/1	38	99	13,25	0.6578947368421053	True
XB2014-48-7A	YL9	CYU	0.0	0	1.0	HiC_scaffold8	47715175	False	C	T	0/1	45	99	18,27	0.6	True
XB2014-48-9A	YL9	CYU	0.0	0	1.0	HiC_scaffold8	47715175	False	C	T	0/1	42	99	29,13	0.30952380952380953	True
XB26-3B	SC37	CPO	1.0	1	1.0	HiC_scaffold8	47715175	False	C	T	0/0	23	69	23,0	0.0	True
XB26-4B	SC37	CPO	1.0	1	1.0	HiC_scaffold8	47715175	False	C	T	0/0	16	45	16,0	0.0	True
XB26-5B	SC37	CPO	1.0	1	1.0	HiC_scaffold8	47715175	False	C	T	0/0	26	72	26,0	0.0	True
XB26-7B	SC37	CPO	1.0	1	1.0	HiC_scaffold8	47715175	False	C	T	0/0	26	75	26,0	0.0	True
XuBo982-1A	XS40	CMA	1.0	1	0.0	HiC_scaffold8	47715175	False	C	T	0/0	21	60	21,0	0.0	True
XuBo982-2A	XS40	CMA	1.0	1	0.0	HiC_scaffold8	47715175	False	C	T	0/0	15	39	15,0	0.0	True
XuBo982-3A	XS40	CMA	1.0	1	0.0	HiC_scaffold8	47715175	False	C	T	0/0	21	60	21,0	0.0	True
XuBo982-4A	XS40	CMA	1.0	1	0.0	HiC_scaffold8	47715175	False	C	T	0/0	21	51	21,0	0.0	True
XuBo982-5A	XS40	CMA	1.0	1	0.0	HiC_scaffold8	47715175	False	C	T	0/0	31	50	31,0	0.0	True
XubBo-1037-1A	LN46	N	1.0	1	0.0	HiC_scaffold8	47715175	False	C	T	0/0	56	0	56,0	0.0	False
XubBo-1037-2A	TB43	CMA	NA	1	NA	HiC_scaffold8	47715175	False	C	T	0/0	77	99	77,0	0.0	True
XubBo-1037-3A	TB43	CMA	NA	1	NA	HiC_scaffold8	47715175	False	C	T	0/0	83	99	83,0	0.0	True
XubBo-1037-4A	TB43	CMA	NA	1	NA	HiC_scaffold8	47715175	False	C	T	0/0	84	99	84,0	0.0	True
XubBo-1037-5A	TB43	CMA	NA	1	NA	HiC_scaffold8	47715175	False	C	T	0/0	96	99	96,0	0.0	True
XubBo-1037-6A	TB43	CMA	NA	1	NA	HiC_scaffold8	47715175	False	C	T	0/0	83	99	83,0	0.0	True
XubBo-1037-7A	TB43	CMA	NA	1	NA	HiC_scaffold8	47715175	False	C	T	0/0	74	99	74,0	0.0	True
XubBo-1037-8A	TB43	CMA	NA	1	NA	HiC_scaffold8	47715175	False	C	T	0/0	71	99	71,0	0.0	True
XubBo1030-10A	LN46	N	1.0	1	0.0	HiC_scaffold8	47715175	False	C	T	0/0	16	39	16,0	0.0	True
XubBo1030-1A	LN46	N	1.0	1	0.0	HiC_scaffold8	47715175	False	C	T	0/0	16	45	16,0	0.0	True
XubBo1030-3A	LN46	N	1.0	1	0.0	HiC_scaffold8	47715175	False	C	T	0/0	11	30	11,0	0.0	True
XubBo1030-5A	LN46	N	1.0	1	0.0	HiC_scaffold8	47715175	False	C	T	0/0	15	42	15,0	0.0	True
XubBo1030-6A	LN46	N	1.0	1	0.0	HiC_scaffold8	47715175	False	C	T	0/0	28	78	28,0	0.0	True
XubBo1030-8A	LN46	N	1.0	1	0.0	HiC_scaffold8	47715175	False	C	T	0/0	36	99	36,0	0.0	True
XubBo1030-9A	LN46	N	1.0	1	0.0	HiC_scaffold8	47715175	False	C	T	0/0	19	57	19,0	0.0	True
XubBo1051-10A	WX48	CMA	1.0	1	0.0	HiC_scaffold8	47715175	False	C	T	0/0	25	66	25,0	0.0	True
XubBo1051-1A	WX48	CMA	1.0	1	0.0	HiC_scaffold8	47715175	False	C	T	0/0	20	60	20,0	0.0	True
XubBo1051-2A	WX48	CMA	1.0	1	0.0	HiC_scaffold8	47715175	False	C	T	0/0	25	75	25,0	0.0	True
XubBo1051-3A	WX48	CMA	1.0	1	0.0	HiC_scaffold8	47715175	False	C	T	0/0	19	45	19,0	0.0	True
XubBo1051-4A	WX48	CMA	1.0	1	0.0	HiC_scaffold8	47715175	False	C	T	0/0	20	51	20,0	0.0	True
XubBo1051-7A	WX48	CMA	1.0	1	0.0	HiC_scaffold8	47715175	False	C	T	0/0	30	90	30,0	0.0	True
XubBo1051-8A	WX48	CMA	1.0	1	0.0	HiC_scaffold8	47715175	False	C	T	0/0	44	89	44,0	0.0	True
XubBo1051-9A	WX48	CMA	1.0	1	0.0	HiC_scaffold8	47715175	False	C	T	0/0	21	60	21,0	0.0	True
Xubo01402-2A	YS26	CYU	1.0	1	1.0	HiC_scaffold8	47715175	False	C	T	./.	0	0	0,0	NA	False
Xubo01402-3A	YS26	CYU	1.0	1	1.0	HiC_scaffold8	47715175	False	C	T	./.	0	0	0,0	NA	False
Xubo01402-4A	YS26	CYU	1.0	1	1.0	HiC_scaffold8	47715175	False	C	T	0/0	12	36	12,0	0.0	True
Xubo01402-5A	YS26	CYU	1.0	1	1.0	HiC_scaffold8	47715175	False	C	T	0/0	22	66	22,0	0.0	True
Xubo01402-6A	YS26	CYU	1.0	1	1.0	HiC_scaffold8	47715175	False	C	T	./.	0	0	0,0	NA	False
Xubo01402-7A	YS26	CYU	1.0	1	1.0	HiC_scaffold8	47715175	False	C	T	./.	0	0	0,0	NA	False
Xubo01402-8A	YS26	CYU	1.0	1	1.0	HiC_scaffold8	47715175	False	C	T	./.	0	0	0,0	NA	False
Xubo01402-9A	YS26	CYU	1.0	1	1.0	HiC_scaffold8	47715175	False	C	T	0/0	15	45	15,0	0.0	True
YLZB4703-2A	SM3	CYU	0.0	0	1.0	HiC_scaffold8	47715175	False	C	T	0/1	66	99	29,37	0.5606060606060606	True
YLZB4703-3A	SM3	CYU	0.0	0	1.0	HiC_scaffold8	47715175	False	C	T	0/1	82	99	27,55	0.6707317073170732	True
YLZB4703-5A	SM3	CYU	0.0	0	1.0	HiC_scaffold8	47715175	False	C	T	0/1	80	99	27,53	0.6625	True
YLZB4703-7A	SM3	CYU	0.0	0	1.0	HiC_scaffold8	47715175	False	C	T	0/1	148	99	98,50	0.33783783783783783	True
YLZB4703-9A	SM3	CYU	0.0	0	1.0	HiC_scaffold8	47715175	False	C	T	0/1	70	99	34,36	0.5142857142857142	True
YLZB4715-10A	MY1	CYU	0.0	0	1.0	HiC_scaffold8	47715175	False	C	T	0/1	69	99	33,36	0.5217391304347826	True
YLZB4715-1A	MY1	CYU	0.0	0	1.0	HiC_scaffold8	47715175	False	C	T	0/1	52	99	37,15	0.28846153846153844	True
YLZB4715-2A	MY1	CYU	0.0	0	1.0	HiC_scaffold8	47715175	False	C	T	0/1	42	99	28,14	0.3333333333333333	True
YLZB4715-5A	MY1	CYU	0.0	0	1.0	HiC_scaffold8	47715175	False	C	T	0/1	47	99	19,28	0.5957446808510638	True
YLZB4715-6A	MY1	CYU	0.0	0	1.0	HiC_scaffold8	47715175	False	C	T	0/1	31	99	26,5	0.16129032258064516	True
YLZB4715-7A	MY1	CYU	0.0	0	1.0	HiC_scaffold8	47715175	False	C	T	0/1	49	99	28,21	0.42857142857142855	True
YLZB4715-8A	MY1	CYU	0.0	0	1.0	HiC_scaffold8	47715175	False	C	T	0/1	60	99	32,28	0.4666666666666667	True
YLZB4715-9A	MY1	CYU	0.0	0	1.0	HiC_scaffold8	47715175	False	C	T	0/1	76	99	37,39	0.5131578947368421	True
YLZB4735-10A	YSXC51	CPO	1.0	1	1.0	HiC_scaffold8	47715175	False	C	T	0/0	69	99	69,0	0.0	True
YLZB4735-1A	YSXC51	CPO	1.0	1	1.0	HiC_scaffold8	47715175	False	C	T	0/0	45	92	45,0	0.0	True
YLZB4735-2A	YSXC51	CPO	1.0	1	1.0	HiC_scaffold8	47715175	False	C	T	0/0	39	99	39,0	0.0	True
YLZB4735-3A	YSXC51	CPO	1.0	1	1.0	HiC_scaffold8	47715175	False	C	T	0/0	40	99	40,0	0.0	True
YLZB4735-5A	YSXC51	CPO	1.0	1	1.0	HiC_scaffold8	47715175	False	C	T	0/0	40	99	40,0	0.0	True
YLZB4735-6A	YSXC51	CPO	1.0	1	1.0	HiC_scaffold8	47715175	False	C	T	0/0	44	99	44,0	0.0	True
YLZB4735-8A	YSXC51	CPO	1.0	1	1.0	HiC_scaffold8	47715175	False	C	T	0/0	39	99	39,0	0.0	True
YLZB4735-9A	YSXC51	CPO	1.0	1	1.0	HiC_scaffold8	47715175	False	C	T	0/0	67	99	67,0	0.0	True
YLZB4816-11A	ASCD52	CPO	1.0	1	1.0	HiC_scaffold8	47715175	False	C	T	0/0	48	99	48,0	0.0	True
YLZB4816-3A	ASCD52	CPO	1.0	1	1.0	HiC_scaffold8	47715175	False	C	T	0/0	30	84	30,0	0.0	True
YLZB4816-4A	ASCD52	CPO	1.0	1	1.0	HiC_scaffold8	47715175	False	C	T	0/0	34	99	34,0	0.0	True
YLZB4816-6A	ASCD52	CPO	1.0	1	1.0	HiC_scaffold8	47715175	False	C	T	0/0	24	72	24,0	0.0	True
YLZB4816-7A	ASCD52	CPO	1.0	1	1.0	HiC_scaffold8	47715175	False	C	T	0/0	40	99	40,0	0.0	True
YLZB4816-8A	ASCD52	CPO	1.0	1	1.0	HiC_scaffold8	47715175	False	C	T	0/0	14	42	14,0	0.0	True
YLZB4816-9A	ASCD52	CPO	1.0	1	1.0	HiC_scaffold8	47715175	False	C	T	0/0	55	99	55,0	0.0	True
ZXL277-1A	YY12	CMA	1.0	1	0.0	HiC_scaffold8	47715175	False	C	T	0/0	29	81	29,0	0.0	True
ZXL277-2A	YY12	CMA	1.0	1	0.0	HiC_scaffold8	47715175	False	C	T	0/0	36	99	36,0	0.0	True
ZXL277-3A	YY12	CMA	1.0	1	0.0	HiC_scaffold8	47715175	False	C	T	0/0	30	87	30,0	0.0	True
ZXL277-4A	YY12	CMA	1.0	1	0.0	HiC_scaffold8	47715175	False	C	T	0/0	28	81	28,0	0.0	True
ZXL277-5A	YY12	CMA	1.0	1	0.0	HiC_scaffold8	47715175	False	C	T	0/0	46	99	46,0	0.0	True
ZXL277-6A	YY12	CMA	1.0	1	0.0	HiC_scaffold8	47715175	False	C	T	0/0	32	96	32,0	0.0	True
ZXL277-7A	YY12	CMA	1.0	1	0.0	HiC_scaffold8	47715175	False	C	T	0/0	33	90	33,0	0.0	True
ZXL277-8A	YY12	CMA	1.0	1	0.0	HiC_scaffold8	47715175	False	C	T	0/0	22	63	22,0	0.0	True
ZXL79-1A	CZ25	CMA	1.0	1	0.0	HiC_scaffold8	47715175	False	C	T	0/0	69	99	69,0	0.0	True
ZXL79-2A	CZ25	CMA	1.0	1	0.0	HiC_scaffold8	47715175	False	C	T	0/0	78	99	78,0	0.0	True
ZXL79-3A	CZ25	CMA	1.0	1	0.0	HiC_scaffold8	47715175	False	C	T	0/0	63	99	63,0	0.0	True
ZXL79-4A	CZ25	CMA	1.0	1	0.0	HiC_scaffold8	47715175	False	C	T	0/0	240	99	240,0	0.0	True
ZXL79-5A	CZ25	CMA	1.0	1	0.0	HiC_scaffold8	47715175	False	C	T	0/0	67	99	67,0	0.0	True
ZXL79-6A	CZ25	CMA	1.0	1	0.0	HiC_scaffold8	47715175	False	C	T	0/0	40	82	40,0	0.0	True
ZXL79-7A	CZ25	CMA	1.0	1	0.0	HiC_scaffold8	47715175	False	C	T	0/0	64	99	64,0	0.0	True
xubo266-2A	XY36	CMA	1.0	1	0.0	HiC_scaffold8	47715175	False	C	T	0/0	60	99	60,0	0.0	True
xubo266-3A	XY36	CMA	1.0	1	0.0	HiC_scaffold8	47715175	False	C	T	0/0	34	92	34,0	0.0	True
xubo266-4A	XY36	CMA	1.0	1	0.0	HiC_scaffold8	47715175	False	C	T	0/0	34	99	34,0	0.0	True
xubo266-5A	XY36	CMA	1.0	1	0.0	HiC_scaffold8	47715175	False	C	T	0/0	42	99	42,0	0.0	True
xubo266-6A	XY36	CMA	1.0	1	0.0	HiC_scaffold8	47715175	False	C	T	0/0	56	99	56,0	0.0	True
xubo266-8A	XY36	CMA	1.0	1	0.0	HiC_scaffold8	47715175	False	C	T	0/0	29	87	29,0	0.0	True
xubo266-9A	XY36	CMA	1.0	1	0.0	HiC_scaffold8	47715175	False	C	T	0/0	41	99	41,0	0.0	True
zhuzm1009-10A	KM42	CPO	1.0	1	1.0	HiC_scaffold8	47715175	False	C	T	0/0	78	99	78,0	0.0	True
zhuzm1009-2A	KM42	CPO	1.0	1	1.0	HiC_scaffold8	47715175	False	C	T	0/0	42	99	42,0	0.0	True
zhuzm1009-3A	KM42	CPO	1.0	1	1.0	HiC_scaffold8	47715175	False	C	T	0/0	30	81	30,0	0.0	True
zhuzm1009-6A	KM42	CPO	1.0	1	1.0	HiC_scaffold8	47715175	False	C	T	0/0	35	99	35,0	0.0	True
zhuzm1009-7A	KM42	CPO	1.0	1	1.0	HiC_scaffold8	47715175	False	C	T	0/0	29	51	29,0	0.0	True
zhuzm1009-8A	KM42	CPO	1.0	1	1.0	HiC_scaffold8	47715175	False	C	T	0/0	24	72	24,0	0.0	True
2014-128-1A	ML50	CPO	1.0	1	1.0	HiC_scaffold8	47715320	False	C	T	0/0	84	99	84,0	0.0	True
2014-128-2A	ML50	CPO	1.0	1	1.0	HiC_scaffold8	47715320	False	C	T	0/0	62	99	62,0	0.0	True
2014-128-3A	ML50	CPO	1.0	1	1.0	HiC_scaffold8	47715320	False	C	T	0/0	68	99	68,0	0.0	True
2014-128-4A	ML50	CPO	1.0	1	1.0	HiC_scaffold8	47715320	False	C	T	0/0	71	99	71,0	0.0	True
2014-128-5A	ML50	CPO	1.0	1	1.0	HiC_scaffold8	47715320	False	C	T	0/0	90	99	90,0	0.0	True
2014-132-2A	ML5	N	1.0	1	1.0	HiC_scaffold8	47715320	False	C	T	0/0	60	99	60,0	0.0	True
2014-132-3A	ML5	N	1.0	1	1.0	HiC_scaffold8	47715320	False	C	T	0/0	142	99	142,0	0.0	True
2014-132-4A	ML5	N	1.0	1	1.0	HiC_scaffold8	47715320	False	C	T	0/0	95	99	95,0	0.0	True
2014-132-5A	ML5	N	1.0	1	1.0	HiC_scaffold8	47715320	False	C	T	0/0	24	60	24,0	0.0	True
2014-132-6A	ML5	N	1.0	1	1.0	HiC_scaffold8	47715320	False	C	T	0/0	108	99	108,0	0.0	True
2014-132-7A	ML5	N	1.0	1	1.0	HiC_scaffold8	47715320	False	C	T	0/0	83	99	83,0	0.0	True
2014-132-8A	ML5	N	1.0	1	1.0	HiC_scaffold8	47715320	False	C	T	0/0	138	99	138,0	0.0	True
2014-132-9A	ML5	N	1.0	1	1.0	HiC_scaffold8	47715320	False	C	T	0/0	67	0	67,0	0.0	False
2014-3-10A	MN34	CPO	1.0	1	1.0	HiC_scaffold8	47715320	False	C	T	0/0	79	99	79,0	0.0	True
2014-3-3A	MN34	CPO	1.0	1	1.0	HiC_scaffold8	47715320	False	C	T	0/0	68	99	68,0	0.0	True
2014-3-4A	MN34	CPO	1.0	1	1.0	HiC_scaffold8	47715320	False	C	T	0/0	78	99	78,0	0.0	True
2014-3-5A	MN34	CPO	1.0	1	1.0	HiC_scaffold8	47715320	False	C	T	0/0	57	99	57,0	0.0	True
2014-3-6A	MN34	CPO	1.0	1	1.0	HiC_scaffold8	47715320	False	C	T	0/0	68	99	68,0	0.0	True
2014-3-7A	MN34	CPO	1.0	1	1.0	HiC_scaffold8	47715320	False	C	T	0/0	58	99	58,0	0.0	True
2014-3-8A	MN34	CPO	1.0	1	1.0	HiC_scaffold8	47715320	False	C	T	0/0	52	99	52,0	0.0	True
2014-3-9A	MN34	CPO	1.0	1	1.0	HiC_scaffold8	47715320	False	C	T	0/0	83	99	83,0	0.0	True
2014-66-1A	YL49	CPO	1.0	1	1.0	HiC_scaffold8	47715320	False	C	T	0/0	64	99	64,0	0.0	True
2014-66-2A	YL49	CPO	1.0	1	1.0	HiC_scaffold8	47715320	False	C	T	0/0	58	99	58,0	0.0	True
2014-66-3A	YL49	CPO	1.0	1	1.0	HiC_scaffold8	47715320	False	C	T	0/0	56	99	56,0	0.0	True
2014-66-4A	YL49	CPO	1.0	1	1.0	HiC_scaffold8	47715320	False	C	T	0/0	32	93	32,0	0.0	True
2014-66-5A	YL49	CPO	1.0	1	1.0	HiC_scaffold8	47715320	False	C	T	0/0	41	99	41,0	0.0	True
2014-66-6A	YL49	CPO	1.0	1	1.0	HiC_scaffold8	47715320	False	C	T	0/0	58	99	58,0	0.0	True
2014-66-7A	YL49	CPO	1.0	1	1.0	HiC_scaffold8	47715320	False	C	T	0/0	84	99	84,0	0.0	True
2014-66-8A	YL49	CPO	1.0	1	1.0	HiC_scaffold8	47715320	False	C	T	0/0	81	99	81,0	0.0	True
DP1709141A	DQS11	CMA	1.0	1	0.0	HiC_scaffold8	47715320	False	C	T	0/0	52	99	52,0	0.0	True
DP1709144A	DQS11	CMA	1.0	1	0.0	HiC_scaffold8	47715320	False	C	T	0/0	53	99	53,0	0.0	True
DP1709148A	DQS11	CMA	1.0	1	0.0	HiC_scaffold8	47715320	False	C	T	0/0	49	99	49,0	0.0	True
Gln2014-15-10A	LD30	CYU	0.0	0	1.0	HiC_scaffold8	47715320	False	C	T	0/0	22	60	22,0	0.0	True
Gln2014-15-1A	LD30	CYU	0.0	0	1.0	HiC_scaffold8	47715320	False	C	T	0/1	61	99	27,34	0.5573770491803278	True
Gln2014-15-3A	LD30	CYU	0.0	0	1.0	HiC_scaffold8	47715320	False	C	T	0/1	60	99	32,28	0.4666666666666667	True
Gln2014-15-4A	LD30	CYU	0.0	0	1.0	HiC_scaffold8	47715320	False	C	T	1/1	25	75	0,25	1.0	True
Gln2014-15-5A	LD30	CYU	0.0	0	1.0	HiC_scaffold8	47715320	False	C	T	0/1	77	99	17,60	0.7792207792207793	True
Gln2014-15-6A	LD30	CYU	0.0	0	1.0	HiC_scaffold8	47715320	False	C	T	0/1	67	99	15,52	0.7761194029850746	True
Gln2014-15-7A	LD30	CYU	0.0	0	1.0	HiC_scaffold8	47715320	False	C	T	0/1	32	99	23,9	0.28125	True
Gln2014-15-8A	LD30	CYU	0.0	0	1.0	HiC_scaffold8	47715320	False	C	T	0/1	83	99	41,42	0.5060240963855421	True
Gln2014-8-1A	LD06	CPO	1.0	1	1.0	HiC_scaffold8	47715320	False	C	T	0/1	102	99	88,14	0.13725490196078433	True
Gln2014-8-2A	LD06	CPO	1.0	1	1.0	HiC_scaffold8	47715320	False	C	T	0/0	37	99	37,0	0.0	True
Gln2014-8-4A	LD06	CPO	1.0	1	1.0	HiC_scaffold8	47715320	False	C	T	0/0	33	93	33,0	0.0	True
Gln2014-8-5A	LD06	CPO	1.0	1	1.0	HiC_scaffold8	47715320	False	C	T	0/0	45	99	45,0	0.0	True
Gln2014-8-6A	LD06	CPO	1.0	1	1.0	HiC_scaffold8	47715320	False	C	T	0/0	60	99	60,0	0.0	True
Gln2014-8-7A	LD06	CPO	1.0	1	1.0	HiC_scaffold8	47715320	False	C	T	0/0	45	99	45,0	0.0	True
Gln2014-8-8A	LD06	CPO	1.0	1	1.0	HiC_scaffold8	47715320	False	C	T	0/0	58	99	58,0	0.0	True
JLS-BM001-1A	BM31	N	NA	1	NA	HiC_scaffold8	47715320	False	C	T	0/0	42	99	42,0	0.0	True
JLS-BM001-2A	BM31	N	NA	1	NA	HiC_scaffold8	47715320	False	C	T	0/0	49	99	49,0	0.0	True
JLS-BM001-3A	BM31	N	NA	1	NA	HiC_scaffold8	47715320	False	C	T	0/0	40	35	40,0	0.0	True
JLS-BM001-4A	BM31	N	NA	1	NA	HiC_scaffold8	47715320	False	C	T	0/0	25	60	25,0	0.0	True
JLS-BM001-5A	BM31	N	NA	1	NA	HiC_scaffold8	47715320	False	C	T	0/0	24	63	24,0	0.0	True
JLS-BM001-6A	BM31	N	NA	1	NA	HiC_scaffold8	47715320	False	C	T	0/0	39	99	39,0	0.0	True
JLS-BM001-7A	BM31	N	NA	1	NA	HiC_scaffold8	47715320	False	C	T	0/0	17	33	17,0	0.0	True
JLS-BM001-8A	BM31	N	NA	1	NA	HiC_scaffold8	47715320	False	C	T	0/0	36	99	36,0	0.0	True
JLS-CY022-10A	CY32	CPO	1.0	1	1.0	HiC_scaffold8	47715320	False	C	T	0/0	60	99	60,0	0.0	True
JLS-CY022-11A	CY32	CPO	1.0	1	1.0	HiC_scaffold8	47715320	False	C	T	0/0	60	99	60,0	0.0	True
JLS-CY022-4A	CY32	CPO	1.0	1	1.0	HiC_scaffold8	47715320	False	C	T	0/0	26	72	26,0	0.0	True
JLS-CY022-5A	CY32	CPO	1.0	1	1.0	HiC_scaffold8	47715320	False	C	T	0/0	60	99	60,0	0.0	True
JLS-CY022-6A	CY32	CPO	1.0	1	1.0	HiC_scaffold8	47715320	False	C	T	0/0	25	72	25,0	0.0	True
JLS-CY022-7A	CY32	CPO	1.0	1	1.0	HiC_scaffold8	47715320	False	C	T	0/0	39	99	39,0	0.0	True
Sha-WS-1A	WS14	CMA	1.0	1	0.0	HiC_scaffold8	47715320	False	C	T	0/0	27	72	27,0	0.0	True
Sha-WS-2A	WS14	CMA	1.0	1	0.0	HiC_scaffold8	47715320	False	C	T	0/0	21	60	21,0	0.0	True
Sha-WS-3A	WS14	CMA	1.0	1	0.0	HiC_scaffold8	47715320	False	C	T	0/0	37	99	37,0	0.0	True
Sha-WS-4A	WS14	CMA	1.0	1	0.0	HiC_scaffold8	47715320	False	C	T	0/0	25	36	25,0	0.0	True
Sha-WS-5A	WS14	CMA	1.0	1	0.0	HiC_scaffold8	47715320	False	C	T	0/0	26	72	26,0	0.0	True
Sha-WS-6A	WS14	CMA	1.0	1	0.0	HiC_scaffold8	47715320	False	C	T	0/0	26	72	26,0	0.0	True
Sha-WS-7A	WS14	CMA	1.0	1	0.0	HiC_scaffold8	47715320	False	C	T	0/0	31	72	31,0	0.0	True
Sha-WS-8A	WS14	CMA	1.0	1	0.0	HiC_scaffold8	47715320	False	C	T	0/0	16	48	16,0	0.0	True
THP-SET_1917-1A	MK27	CPO	1.0	1	1.0	HiC_scaffold8	47715320	False	C	T	0/0	126	99	126,0	0.0	True
THP-SET_1917-2A	MK27	CPO	1.0	1	1.0	HiC_scaffold8	47715320	False	C	T	0/0	80	99	80,0	0.0	True
THP-SET_1917-3A	MK27	CPO	1.0	1	1.0	HiC_scaffold8	47715320	False	C	T	0/0	126	99	126,0	0.0	True
THP-SET_1917-4A	MK27	CPO	1.0	1	1.0	HiC_scaffold8	47715320	False	C	T	0/0	115	99	115,0	0.0	True
THP-SET_1917-5A	MK27	CPO	1.0	1	1.0	HiC_scaffold8	47715320	False	C	T	0/0	226	99	226,0	0.0	True
THP-SET_1917-6A	MK27	CPO	1.0	1	1.0	HiC_scaffold8	47715320	False	C	T	0/0	208	99	208,0	0.0	True
THP-SET_1917-7A	MK27	CPO	1.0	1	1.0	HiC_scaffold8	47715320	False	C	T	0/0	185	99	185,0	0.0	True
THP-SET_1917-8A	MK27	CPO	1.0	1	1.0	HiC_scaffold8	47715320	False	C	T	0/0	188	99	188,0	0.0	True
XB2014-144-2A	SM35	CYU	1.0	1	1.0	HiC_scaffold8	47715320	False	C	T	0/0	94	99	94,0	0.0	True
XB2014-144-3A	SM35	CYU	1.0	1	1.0	HiC_scaffold8	47715320	False	C	T	0/0	58	99	58,0	0.0	True
XB2014-144-4A	SM35	CYU	1.0	1	1.0	HiC_scaffold8	47715320	False	C	T	0/0	46	99	46,0	0.0	True
XB2014-144-5A	SM35	CYU	1.0	1	1.0	HiC_scaffold8	47715320	False	C	T	0/0	120	99	120,0	0.0	True
XB2014-144-6A	SM35	CYU	1.0	1	1.0	HiC_scaffold8	47715320	False	C	T	0/0	61	99	61,0	0.0	True
XB2014-144-7A	SM35	CYU	1.0	1	1.0	HiC_scaffold8	47715320	False	C	T	0/0	127	99	127,0	0.0	True
XB2014-144-8A	SM35	CYU	1.0	1	1.0	HiC_scaffold8	47715320	False	C	T	0/0	99	99	99,0	0.0	True
XB2014-144-9A	SM35	CYU	1.0	1	1.0	HiC_scaffold8	47715320	False	C	T	0/0	117	99	117,0	0.0	True
XB2014-38-2A	EY8	CYU	0.0	1	1.0	HiC_scaffold8	47715320	False	C	T	0/1	24	99	16,8	0.3333333333333333	True
XB2014-38-3A	EY8	CYU	0.0	1	1.0	HiC_scaffold8	47715320	False	C	T	0/0	17	40	17,0	0.0	True
XB2014-38-4A	EY8	CYU	0.0	1	1.0	HiC_scaffold8	47715320	False	C	T	0/0	22	63	22,0	0.0	True
XB2014-38-5A	EY8	CYU	0.0	1	1.0	HiC_scaffold8	47715320	False	C	T	0/0	43	99	43,0	0.0	True
XB2014-38-6A	EY9	CPO	0.0	1	1.0	HiC_scaffold8	47715320	False	C	T	0/0	8	24	8,0	0.0	False
XB2014-39-1A	EY9	CPO	1.0	1	1.0	HiC_scaffold8	47715320	False	C	T	0/0	43	99	43,0	0.0	True
XB2014-39-2A	EY9	CPO	1.0	1	1.0	HiC_scaffold8	47715320	False	C	T	0/0	71	99	71,0	0.0	True
XB2014-39-3A	EY9	CPO	1.0	1	1.0	HiC_scaffold8	47715320	False	C	T	0/0	41	81	41,0	0.0	True
XB2014-39-4A	EY9	CPO	1.0	1	1.0	HiC_scaffold8	47715320	False	C	T	0/0	27	75	27,0	0.0	True
XB2014-39-5A	EY9	CPO	1.0	1	1.0	HiC_scaffold8	47715320	False	C	T	0/0	44	99	44,0	0.0	True
XB2014-39-6A	EY9	CPO	1.0	1	1.0	HiC_scaffold8	47715320	False	C	T	0/0	95	0	95,0	0.0	False
XB2014-39-7A	EY9	CPO	1.0	1	1.0	HiC_scaffold8	47715320	False	C	T	0/1	61	86	55,6	0.09836065573770492	True
XB2014-39-8A	EY9	CPO	1.0	1	1.0	HiC_scaffold8	47715320	False	C	T	0/0	66	99	66,0	0.0	True
XB2014-4-2A	MN4	CYU	0.0	0	1.0	HiC_scaffold8	47715320	False	C	T	0/1	61	99	47,14	0.22950819672131148	True
XB2014-4-3A	MN4	CYU	0.0	0	1.0	HiC_scaffold8	47715320	False	C	T	0/1	53	99	25,28	0.5283018867924528	True
XB2014-4-4A	MN4	CYU	0.0	0	1.0	HiC_scaffold8	47715320	False	C	T	0/1	42	99	21,21	0.5	True
XB2014-4-5A	MN4	CYU	0.0	0	1.0	HiC_scaffold8	47715320	False	C	T	0/1	54	99	26,28	0.5185185185185185	True
XB2014-4-6A	MN4	CYU	0.0	0	1.0	HiC_scaffold8	47715320	False	C	T	0/1	58	99	30,28	0.4827586206896552	True
XB2014-4-7A	MN4	CYU	0.0	0	1.0	HiC_scaffold8	47715320	False	C	T	0/1	49	99	36,13	0.2653061224489796	True
XB2014-4-8A	YL9	CYU	0.0	0	1.0	HiC_scaffold8	47715320	False	C	T	0/1	35	99	28,7	0.2	True
XB2014-4-9A	YL9	CYU	0.0	0	1.0	HiC_scaffold8	47715320	False	C	T	0/1	51	99	26,25	0.49019607843137253	True
XB2014-48-1A	MN4	CYU	0.0	0	1.0	HiC_scaffold8	47715320	False	C	T	0/1	49	99	34,15	0.30612244897959184	True
XB2014-48-2A	MN4	CYU	0.0	0	1.0	HiC_scaffold8	47715320	False	C	T	0/1	49	99	33,16	0.32653061224489793	True
XB2014-48-3A	YL9	CYU	0.0	0	1.0	HiC_scaffold8	47715320	False	C	T	0/1	67	99	30,37	0.5522388059701493	True
XB2014-48-4A	YL9	CYU	0.0	0	1.0	HiC_scaffold8	47715320	False	C	T	0/1	53	99	39,14	0.2641509433962264	True
XB2014-48-5A	YL9	CYU	0.0	0	1.0	HiC_scaffold8	47715320	False	C	T	0/1	47	99	26,21	0.44680851063829785	True
XB2014-48-6A	YL9	CYU	0.0	0	1.0	HiC_scaffold8	47715320	False	C	T	0/1	48	99	24,24	0.5	True
XB2014-48-7A	YL9	CYU	0.0	0	1.0	HiC_scaffold8	47715320	False	C	T	0/1	46	99	21,25	0.5434782608695652	True
XB2014-48-9A	YL9	CYU	0.0	0	1.0	HiC_scaffold8	47715320	False	C	T	0/1	51	99	34,17	0.3333333333333333	True
XB26-3B	SC37	CPO	1.0	1	1.0	HiC_scaffold8	47715320	False	C	T	0/0	28	72	28,0	0.0	True
XB26-4B	SC37	CPO	1.0	1	1.0	HiC_scaffold8	47715320	False	C	T	0/0	16	48	16,0	0.0	True
XB26-5B	SC37	CPO	1.0	1	1.0	HiC_scaffold8	47715320	False	C	T	0/0	16	39	16,0	0.0	True
XB26-7B	SC37	CPO	1.0	1	1.0	HiC_scaffold8	47715320	False	C	T	0/0	18	51	18,0	0.0	True
XuBo982-1A	XS40	CMA	1.0	1	0.0	HiC_scaffold8	47715320	False	C	T	0/0	13	39	13,0	0.0	True
XuBo982-2A	XS40	CMA	1.0	1	0.0	HiC_scaffold8	47715320	False	C	T	0/0	22	60	22,0	0.0	True
XuBo982-3A	XS40	CMA	1.0	1	0.0	HiC_scaffold8	47715320	False	C	T	0/0	21	60	21,0	0.0	True
XuBo982-4A	XS40	CMA	1.0	1	0.0	HiC_scaffold8	47715320	False	C	T	0/0	22	63	22,0	0.0	True
XuBo982-5A	XS40	CMA	1.0	1	0.0	HiC_scaffold8	47715320	False	C	T	0/0	21	57	21,0	0.0	True
XubBo-1037-1A	LN46	N	1.0	1	0.0	HiC_scaffold8	47715320	False	C	T	0/0	68	99	68,0	0.0	True
XubBo-1037-2A	TB43	CMA	NA	1	NA	HiC_scaffold8	47715320	False	C	T	0/0	105	99	105,0	0.0	True
XubBo-1037-3A	TB43	CMA	NA	1	NA	HiC_scaffold8	47715320	False	C	T	0/0	88	99	88,0	0.0	True
XubBo-1037-4A	TB43	CMA	NA	1	NA	HiC_scaffold8	47715320	False	C	T	0/0	90	99	90,0	0.0	True
XubBo-1037-5A	TB43	CMA	NA	1	NA	HiC_scaffold8	47715320	False	C	T	0/0	94	99	94,0	0.0	True
XubBo-1037-6A	TB43	CMA	NA	1	NA	HiC_scaffold8	47715320	False	C	T	0/0	86	99	86,0	0.0	True
XubBo-1037-7A	TB43	CMA	NA	1	NA	HiC_scaffold8	47715320	False	C	T	0/0	68	99	68,0	0.0	True
XubBo-1037-8A	TB43	CMA	NA	1	NA	HiC_scaffold8	47715320	False	C	T	0/0	70	99	70,0	0.0	True
XubBo1030-10A	LN46	N	1.0	1	0.0	HiC_scaffold8	47715320	False	C	T	0/0	18	51	18,0	0.0	True
XubBo1030-1A	LN46	N	1.0	1	0.0	HiC_scaffold8	47715320	False	C	T	0/0	25	72	25,0	0.0	True
XubBo1030-3A	LN46	N	1.0	1	0.0	HiC_scaffold8	47715320	False	C	T	0/0	24	72	24,0	0.0	True
XubBo1030-5A	LN46	N	1.0	1	0.0	HiC_scaffold8	47715320	False	C	T	0/0	17	51	17,0	0.0	True
XubBo1030-6A	LN46	N	1.0	1	0.0	HiC_scaffold8	47715320	False	C	T	0/0	20	60	20,0	0.0	True
XubBo1030-8A	LN46	N	1.0	1	0.0	HiC_scaffold8	47715320	False	C	T	0/0	26	72	26,0	0.0	True
XubBo1030-9A	LN46	N	1.0	1	0.0	HiC_scaffold8	47715320	False	C	T	0/0	22	23	22,0	0.0	True
XubBo1051-10A	WX48	CMA	1.0	1	0.0	HiC_scaffold8	47715320	False	C	T	0/0	21	60	21,0	0.0	True
XubBo1051-1A	WX48	CMA	1.0	1	0.0	HiC_scaffold8	47715320	False	C	T	0/0	17	48	17,0	0.0	True
XubBo1051-2A	WX48	CMA	1.0	1	0.0	HiC_scaffold8	47715320	False	C	T	0/0	27	81	27,0	0.0	True
XubBo1051-3A	WX48	CMA	1.0	1	0.0	HiC_scaffold8	47715320	False	C	T	0/0	22	60	22,0	0.0	True
XubBo1051-4A	WX48	CMA	1.0	1	0.0	HiC_scaffold8	47715320	False	C	T	0/0	20	60	20,0	0.0	True
XubBo1051-7A	WX48	CMA	1.0	1	0.0	HiC_scaffold8	47715320	False	C	T	0/0	24	72	24,0	0.0	True
XubBo1051-8A	WX48	CMA	1.0	1	0.0	HiC_scaffold8	47715320	False	C	T	0/0	34	99	34,0	0.0	True
XubBo1051-9A	WX48	CMA	1.0	1	0.0	HiC_scaffold8	47715320	False	C	T	0/0	14	39	14,0	0.0	True
Xubo01402-2A	YS26	CYU	1.0	1	1.0	HiC_scaffold8	47715320	False	C	T	./.	0	0	0,0	NA	False
Xubo01402-3A	YS26	CYU	1.0	1	1.0	HiC_scaffold8	47715320	False	C	T	./.	0	0	0,0	NA	False
Xubo01402-4A	YS26	CYU	1.0	1	1.0	HiC_scaffold8	47715320	False	C	T	0/0	13	36	13,0	0.0	True
Xubo01402-5A	YS26	CYU	1.0	1	1.0	HiC_scaffold8	47715320	False	C	T	0/0	27	72	27,0	0.0	True
Xubo01402-6A	YS26	CYU	1.0	1	1.0	HiC_scaffold8	47715320	False	C	T	./.	0	0	0,0	NA	False
Xubo01402-7A	YS26	CYU	1.0	1	1.0	HiC_scaffold8	47715320	False	C	T	./.	0	0	0,0	NA	False
Xubo01402-8A	YS26	CYU	1.0	1	1.0	HiC_scaffold8	47715320	False	C	T	./.	0	0	0,0	NA	False
Xubo01402-9A	YS26	CYU	1.0	1	1.0	HiC_scaffold8	47715320	False	C	T	0/0	35	90	35,0	0.0	True
YLZB4703-2A	SM3	CYU	0.0	0	1.0	HiC_scaffold8	47715320	False	C	T	0/1	98	99	52,46	0.46938775510204084	True
YLZB4703-3A	SM3	CYU	0.0	0	1.0	HiC_scaffold8	47715320	False	C	T	0/1	108	99	49,59	0.5462962962962963	True
YLZB4703-5A	SM3	CYU	0.0	0	1.0	HiC_scaffold8	47715320	False	C	T	0/1	84	99	36,48	0.5714285714285714	True
YLZB4703-7A	SM3	CYU	0.0	0	1.0	HiC_scaffold8	47715320	False	C	T	0/1	135	99	84,51	0.37777777777777777	True
YLZB4703-9A	SM3	CYU	0.0	0	1.0	HiC_scaffold8	47715320	False	C	T	0/1	78	99	31,47	0.6025641025641025	True
YLZB4715-10A	MY1	CYU	0.0	0	1.0	HiC_scaffold8	47715320	False	C	T	0/1	112	99	44,68	0.6071428571428571	True
YLZB4715-1A	MY1	CYU	0.0	0	1.0	HiC_scaffold8	47715320	False	C	T	0/1	73	99	55,18	0.2465753424657534	True
YLZB4715-2A	MY1	CYU	0.0	0	1.0	HiC_scaffold8	47715320	False	C	T	0/1	61	99	26,35	0.5737704918032787	True
YLZB4715-5A	MY1	CYU	0.0	0	1.0	HiC_scaffold8	47715320	False	C	T	0/1	51	99	23,28	0.5490196078431373	True
YLZB4715-6A	MY1	CYU	0.0	0	1.0	HiC_scaffold8	47715320	False	C	T	0/1	48	99	24,24	0.5	True
YLZB4715-7A	MY1	CYU	0.0	0	1.0	HiC_scaffold8	47715320	False	C	T	0/1	62	99	32,30	0.4838709677419355	True
YLZB4715-8A	MY1	CYU	0.0	0	1.0	HiC_scaffold8	47715320	False	C	T	0/1	92	99	49,43	0.4673913043478261	True
YLZB4715-9A	MY1	CYU	0.0	0	1.0	HiC_scaffold8	47715320	False	C	T	0/1	115	99	59,56	0.48695652173913045	True
YLZB4735-10A	YSXC51	CPO	1.0	1	1.0	HiC_scaffold8	47715320	False	C	T	0/0	70	99	70,0	0.0	True
YLZB4735-1A	YSXC51	CPO	1.0	1	1.0	HiC_scaffold8	47715320	False	C	T	0/0	51	99	51,0	0.0	True
YLZB4735-2A	YSXC51	CPO	1.0	1	1.0	HiC_scaffold8	47715320	False	C	T	0/0	52	99	52,0	0.0	True
YLZB4735-3A	YSXC51	CPO	1.0	1	1.0	HiC_scaffold8	47715320	False	C	T	0/0	50	99	50,0	0.0	True
YLZB4735-5A	YSXC51	CPO	1.0	1	1.0	HiC_scaffold8	47715320	False	C	T	0/0	48	99	48,0	0.0	True
YLZB4735-6A	YSXC51	CPO	1.0	1	1.0	HiC_scaffold8	47715320	False	C	T	0/0	54	99	54,0	0.0	True
YLZB4735-8A	YSXC51	CPO	1.0	1	1.0	HiC_scaffold8	47715320	False	C	T	0/0	66	99	66,0	0.0	True
YLZB4735-9A	YSXC51	CPO	1.0	1	1.0	HiC_scaffold8	47715320	False	C	T	0/0	48	52	48,0	0.0	True
YLZB4816-11A	ASCD52	CPO	1.0	1	1.0	HiC_scaffold8	47715320	False	C	T	0/0	45	99	45,0	0.0	True
YLZB4816-3A	ASCD52	CPO	1.0	1	1.0	HiC_scaffold8	47715320	False	C	T	0/0	19	57	19,0	0.0	True
YLZB4816-4A	ASCD52	CPO	1.0	1	1.0	HiC_scaffold8	47715320	False	C	T	0/0	29	81	29,0	0.0	True
YLZB4816-6A	ASCD52	CPO	1.0	1	1.0	HiC_scaffold8	47715320	False	C	T	0/0	35	96	35,0	0.0	True
YLZB4816-7A	ASCD52	CPO	1.0	1	1.0	HiC_scaffold8	47715320	False	C	T	0/0	22	63	22,0	0.0	True
YLZB4816-8A	ASCD52	CPO	1.0	1	1.0	HiC_scaffold8	47715320	False	C	T	0/0	12	36	12,0	0.0	True
YLZB4816-9A	ASCD52	CPO	1.0	1	1.0	HiC_scaffold8	47715320	False	C	T	0/0	96	99	96,0	0.0	True
ZXL277-1A	YY12	CMA	1.0	1	0.0	HiC_scaffold8	47715320	False	C	T	0/0	36	99	36,0	0.0	True
ZXL277-2A	YY12	CMA	1.0	1	0.0	HiC_scaffold8	47715320	False	C	T	0/0	19	54	19,0	0.0	True
ZXL277-3A	YY12	CMA	1.0	1	0.0	HiC_scaffold8	47715320	False	C	T	0/0	18	51	18,0	0.0	True
ZXL277-4A	YY12	CMA	1.0	1	0.0	HiC_scaffold8	47715320	False	C	T	0/0	31	81	31,0	0.0	True
ZXL277-5A	YY12	CMA	1.0	1	0.0	HiC_scaffold8	47715320	False	C	T	0/0	41	99	41,0	0.0	True
ZXL277-6A	YY12	CMA	1.0	1	0.0	HiC_scaffold8	47715320	False	C	T	0/0	33	90	33,0	0.0	True
ZXL277-7A	YY12	CMA	1.0	1	0.0	HiC_scaffold8	47715320	False	C	T	0/0	27	70	27,0	0.0	True
ZXL277-8A	YY12	CMA	1.0	1	0.0	HiC_scaffold8	47715320	False	C	T	0/0	31	81	31,0	0.0	True
ZXL79-1A	CZ25	CMA	1.0	1	0.0	HiC_scaffold8	47715320	False	C	T	0/0	62	99	62,0	0.0	True
ZXL79-2A	CZ25	CMA	1.0	1	0.0	HiC_scaffold8	47715320	False	C	T	0/0	67	99	67,0	0.0	True
ZXL79-3A	CZ25	CMA	1.0	1	0.0	HiC_scaffold8	47715320	False	C	T	0/0	62	99	62,0	0.0	True
ZXL79-4A	CZ25	CMA	1.0	1	0.0	HiC_scaffold8	47715320	False	C	T	0/0	190	99	190,0	0.0	True
ZXL79-5A	CZ25	CMA	1.0	1	0.0	HiC_scaffold8	47715320	False	C	T	0/0	57	99	57,0	0.0	True
ZXL79-6A	CZ25	CMA	1.0	1	0.0	HiC_scaffold8	47715320	False	C	T	0/0	29	81	29,0	0.0	True
ZXL79-7A	CZ25	CMA	1.0	1	0.0	HiC_scaffold8	47715320	False	C	T	0/0	64	99	64,0	0.0	True
xubo266-2A	XY36	CMA	1.0	1	0.0	HiC_scaffold8	47715320	False	C	T	0/0	58	99	58,0	0.0	True
xubo266-3A	XY36	CMA	1.0	1	0.0	HiC_scaffold8	47715320	False	C	T	0/0	41	99	41,0	0.0	True
xubo266-4A	XY36	CMA	1.0	1	0.0	HiC_scaffold8	47715320	False	C	T	0/0	41	99	41,0	0.0	True
xubo266-5A	XY36	CMA	1.0	1	0.0	HiC_scaffold8	47715320	False	C	T	0/0	40	99	40,0	0.0	True
xubo266-6A	XY36	CMA	1.0	1	0.0	HiC_scaffold8	47715320	False	C	T	0/0	50	99	50,0	0.0	True
xubo266-8A	XY36	CMA	1.0	1	0.0	HiC_scaffold8	47715320	False	C	T	0/0	37	99	37,0	0.0	True
xubo266-9A	XY36	CMA	1.0	1	0.0	HiC_scaffold8	47715320	False	C	T	0/0	36	99	36,0	0.0	True
zhuzm1009-10A	KM42	CPO	1.0	1	1.0	HiC_scaffold8	47715320	False	C	T	0/0	90	99	90,0	0.0	True
zhuzm1009-2A	KM42	CPO	1.0	1	1.0	HiC_scaffold8	47715320	False	C	T	0/0	54	99	54,0	0.0	True
zhuzm1009-3A	KM42	CPO	1.0	1	1.0	HiC_scaffold8	47715320	False	C	T	0/0	20	60	20,0	0.0	True
zhuzm1009-6A	KM42	CPO	1.0	1	1.0	HiC_scaffold8	47715320	False	C	T	0/0	35	99	35,0	0.0	True
zhuzm1009-7A	KM42	CPO	1.0	1	1.0	HiC_scaffold8	47715320	False	C	T	0/0	21	63	21,0	0.0	True
zhuzm1009-8A	KM42	CPO	1.0	1	1.0	HiC_scaffold8	47715320	False	C	T	0/0	32	69	32,0	0.0	True
2014-128-1A	ML50	CPO	1.0	1	1.0	HiC_scaffold8	47715703	False	A	G	0/0	98	99	98,0	0.0	True
2014-128-2A	ML50	CPO	1.0	1	1.0	HiC_scaffold8	47715703	False	A	G	0/0	79	99	79,0	0.0	True
2014-128-3A	ML50	CPO	1.0	1	1.0	HiC_scaffold8	47715703	False	A	G	0/0	63	99	63,0	0.0	True
2014-128-4A	ML50	CPO	1.0	1	1.0	HiC_scaffold8	47715703	False	A	G	0/0	87	99	87,0	0.0	True
2014-128-5A	ML50	CPO	1.0	1	1.0	HiC_scaffold8	47715703	False	A	G	0/0	114	99	114,0	0.0	True
2014-132-2A	ML5	N	1.0	1	1.0	HiC_scaffold8	47715703	False	A	G	0/0	76	99	76,0	0.0	True
2014-132-3A	ML5	N	1.0	1	1.0	HiC_scaffold8	47715703	False	A	G	0/0	151	99	151,0	0.0	True
2014-132-4A	ML5	N	1.0	1	1.0	HiC_scaffold8	47715703	False	A	G	0/0	99	99	99,0	0.0	True
2014-132-5A	ML5	N	1.0	1	1.0	HiC_scaffold8	47715703	False	A	G	0/0	18	51	18,0	0.0	True
2014-132-6A	ML5	N	1.0	1	1.0	HiC_scaffold8	47715703	False	A	G	0/0	91	99	91,0	0.0	True
2014-132-7A	ML5	N	1.0	1	1.0	HiC_scaffold8	47715703	False	A	G	0/0	107	99	107,0	0.0	True
2014-132-8A	ML5	N	1.0	1	1.0	HiC_scaffold8	47715703	False	A	G	0/0	146	99	146,0	0.0	True
2014-132-9A	ML5	N	1.0	1	1.0	HiC_scaffold8	47715703	False	A	G	0/0	67	99	67,0	0.0	True
2014-3-10A	MN34	CPO	1.0	1	1.0	HiC_scaffold8	47715703	False	A	G	0/0	117	99	117,0	0.0	True
2014-3-3A	MN34	CPO	1.0	1	1.0	HiC_scaffold8	47715703	False	A	G	0/0	96	99	96,0	0.0	True
2014-3-4A	MN34	CPO	1.0	1	1.0	HiC_scaffold8	47715703	False	A	G	0/0	74	99	74,0	0.0	True
2014-3-5A	MN34	CPO	1.0	1	1.0	HiC_scaffold8	47715703	False	A	G	0/0	66	99	66,0	0.0	True
2014-3-6A	MN34	CPO	1.0	1	1.0	HiC_scaffold8	47715703	False	A	G	0/0	101	99	101,0	0.0	True
2014-3-7A	MN34	CPO	1.0	1	1.0	HiC_scaffold8	47715703	False	A	G	0/0	84	99	84,0	0.0	True
2014-3-8A	MN34	CPO	1.0	1	1.0	HiC_scaffold8	47715703	False	A	G	0/0	69	99	69,0	0.0	True
2014-3-9A	MN34	CPO	1.0	1	1.0	HiC_scaffold8	47715703	False	A	G	0/0	81	99	81,0	0.0	True
2014-66-1A	YL49	CPO	1.0	1	1.0	HiC_scaffold8	47715703	False	A	G	0/0	98	99	98,0	0.0	True
2014-66-2A	YL49	CPO	1.0	1	1.0	HiC_scaffold8	47715703	False	A	G	0/0	91	99	91,0	0.0	True
2014-66-3A	YL49	CPO	1.0	1	1.0	HiC_scaffold8	47715703	False	A	G	0/0	67	99	67,0	0.0	True
2014-66-4A	YL49	CPO	1.0	1	1.0	HiC_scaffold8	47715703	False	A	G	0/0	26	75	26,0	0.0	True
2014-66-5A	YL49	CPO	1.0	1	1.0	HiC_scaffold8	47715703	False	A	G	0/0	55	99	55,0	0.0	True
2014-66-6A	YL49	CPO	1.0	1	1.0	HiC_scaffold8	47715703	False	A	G	0/0	74	99	74,0	0.0	True
2014-66-7A	YL49	CPO	1.0	1	1.0	HiC_scaffold8	47715703	False	A	G	0/0	99	99	99,0	0.0	True
2014-66-8A	YL49	CPO	1.0	1	1.0	HiC_scaffold8	47715703	False	A	G	0/0	75	99	75,0	0.0	True
DP1709141A	DQS11	CMA	1.0	1	0.0	HiC_scaffold8	47715703	False	A	G	0/0	52	99	52,0	0.0	True
DP1709144A	DQS11	CMA	1.0	1	0.0	HiC_scaffold8	47715703	False	A	G	0/0	63	99	63,0	0.0	True
DP1709148A	DQS11	CMA	1.0	1	0.0	HiC_scaffold8	47715703	False	A	G	0/0	77	99	77,0	0.0	True
Gln2014-15-10A	LD30	CYU	0.0	0	1.0	HiC_scaffold8	47715703	False	A	G	0/0	48	99	48,0	0.0	True
Gln2014-15-1A	LD30	CYU	0.0	0	1.0	HiC_scaffold8	47715703	False	A	G	0/1	74	99	33,41	0.5540540540540541	True
Gln2014-15-3A	LD30	CYU	0.0	0	1.0	HiC_scaffold8	47715703	False	A	G	0/1	61	99	35,26	0.4262295081967213	True
Gln2014-15-4A	LD30	CYU	0.0	0	1.0	HiC_scaffold8	47715703	False	A	G	0/1	36	99	21,15	0.4166666666666667	True
Gln2014-15-5A	LD30	CYU	0.0	0	1.0	HiC_scaffold8	47715703	False	A	G	0/1	85	99	44,41	0.4823529411764706	True
Gln2014-15-6A	LD30	CYU	0.0	0	1.0	HiC_scaffold8	47715703	False	A	G	0/1	59	99	47,12	0.2033898305084746	True
Gln2014-15-7A	LD30	CYU	0.0	0	1.0	HiC_scaffold8	47715703	False	A	G	0/1	49	99	32,17	0.3469387755102041	True
Gln2014-15-8A	LD30	CYU	0.0	0	1.0	HiC_scaffold8	47715703	False	A	G	0/1	108	99	61,47	0.4351851851851852	True
Gln2014-8-1A	LD06	CPO	1.0	1	1.0	HiC_scaffold8	47715703	False	A	G	0/0	112	99	112,0	0.0	True
Gln2014-8-2A	LD06	CPO	1.0	1	1.0	HiC_scaffold8	47715703	False	A	G	0/1	72	99	40,32	0.4444444444444444	True
Gln2014-8-4A	LD06	CPO	1.0	1	1.0	HiC_scaffold8	47715703	False	A	G	0/1	78	99	60,18	0.23076923076923078	True
Gln2014-8-5A	LD06	CPO	1.0	1	1.0	HiC_scaffold8	47715703	False	A	G	0/0	63	99	63,0	0.0	True
Gln2014-8-6A	LD06	CPO	1.0	1	1.0	HiC_scaffold8	47715703	False	A	G	0/1	116	99	85,31	0.2672413793103448	True
Gln2014-8-7A	LD06	CPO	1.0	1	1.0	HiC_scaffold8	47715703	False	A	G	0/1	43	99	31,12	0.27906976744186046	True
Gln2014-8-8A	LD06	CPO	1.0	1	1.0	HiC_scaffold8	47715703	False	A	G	0/1	75	99	49,26	0.3466666666666667	True
JLS-BM001-1A	BM31	N	NA	1	NA	HiC_scaffold8	47715703	False	A	G	0/0	204	99	204,0	0.0	True
JLS-BM001-2A	BM31	N	NA	1	NA	HiC_scaffold8	47715703	False	A	G	0/1	172	99	154,18	0.10465116279069768	True
JLS-BM001-3A	BM31	N	NA	1	NA	HiC_scaffold8	47715703	False	A	G	0/0	206	99	206,0	0.0	True
JLS-BM001-4A	BM31	N	NA	1	NA	HiC_scaffold8	47715703	False	A	G	0/0	222	51	206,16	0.07207207207207207	True
JLS-BM001-5A	BM31	N	NA	1	NA	HiC_scaffold8	47715703	False	A	G	0/1	208	99	175,33	0.15865384615384615	True
JLS-BM001-6A	BM31	N	NA	1	NA	HiC_scaffold8	47715703	False	A	G	0/1	199	99	164,35	0.17587939698492464	True
JLS-BM001-7A	BM31	N	NA	1	NA	HiC_scaffold8	47715703	False	A	G	0/0	152	91	152,0	0.0	True
JLS-BM001-8A	BM31	N	NA	1	NA	HiC_scaffold8	47715703	False	A	G	0/1	178	99	159,19	0.10674157303370786	True
JLS-CY022-10A	CY32	CPO	1.0	1	1.0	HiC_scaffold8	47715703	False	A	G	0/0	54	99	54,0	0.0	True
JLS-CY022-11A	CY32	CPO	1.0	1	1.0	HiC_scaffold8	47715703	False	A	G	0/0	58	99	58,0	0.0	True
JLS-CY022-4A	CY32	CPO	1.0	1	1.0	HiC_scaffold8	47715703	False	A	G	0/0	33	84	33,0	0.0	True
JLS-CY022-5A	CY32	CPO	1.0	1	1.0	HiC_scaffold8	47715703	False	A	G	0/0	71	99	71,0	0.0	True
JLS-CY022-6A	CY32	CPO	1.0	1	1.0	HiC_scaffold8	47715703	False	A	G	0/0	43	99	43,0	0.0	True
JLS-CY022-7A	CY32	CPO	1.0	1	1.0	HiC_scaffold8	47715703	False	A	G	0/0	63	99	63,0	0.0	True
Sha-WS-1A	WS14	CMA	1.0	1	0.0	HiC_scaffold8	47715703	False	A	G	0/0	35	93	35,0	0.0	True
Sha-WS-2A	WS14	CMA	1.0	1	0.0	HiC_scaffold8	47715703	False	A	G	0/0	23	66	23,0	0.0	True
Sha-WS-3A	WS14	CMA	1.0	1	0.0	HiC_scaffold8	47715703	False	A	G	0/0	37	99	37,0	0.0	True
Sha-WS-4A	WS14	CMA	1.0	1	0.0	HiC_scaffold8	47715703	False	A	G	0/0	27	72	27,0	0.0	True
Sha-WS-5A	WS14	CMA	1.0	1	0.0	HiC_scaffold8	47715703	False	A	G	0/0	25	72	25,0	0.0	True
Sha-WS-6A	WS14	CMA	1.0	1	0.0	HiC_scaffold8	47715703	False	A	G	0/0	34	96	34,0	0.0	True
Sha-WS-7A	WS14	CMA	1.0	1	0.0	HiC_scaffold8	47715703	False	A	G	0/0	35	99	35,0	0.0	True
Sha-WS-8A	WS14	CMA	1.0	1	0.0	HiC_scaffold8	47715703	False	A	G	0/0	17	51	17,0	0.0	True
THP-SET_1917-1A	MK27	CPO	1.0	1	1.0	HiC_scaffold8	47715703	False	A	G	0/0	140	99	140,0	0.0	True
THP-SET_1917-2A	MK27	CPO	1.0	1	1.0	HiC_scaffold8	47715703	False	A	G	0/0	85	99	85,0	0.0	True
THP-SET_1917-3A	MK27	CPO	1.0	1	1.0	HiC_scaffold8	47715703	False	A	G	0/0	106	99	106,0	0.0	True
THP-SET_1917-4A	MK27	CPO	1.0	1	1.0	HiC_scaffold8	47715703	False	A	G	0/0	98	99	98,0	0.0	True
THP-SET_1917-5A	MK27	CPO	1.0	1	1.0	HiC_scaffold8	47715703	False	A	G	0/0	272	99	272,0	0.0	True
THP-SET_1917-6A	MK27	CPO	1.0	1	1.0	HiC_scaffold8	47715703	False	A	G	0/0	197	99	197,0	0.0	True
THP-SET_1917-7A	MK27	CPO	1.0	1	1.0	HiC_scaffold8	47715703	False	A	G	0/0	192	99	192,0	0.0	True
THP-SET_1917-8A	MK27	CPO	1.0	1	1.0	HiC_scaffold8	47715703	False	A	G	0/0	185	99	185,0	0.0	True
XB2014-144-2A	SM35	CYU	1.0	1	1.0	HiC_scaffold8	47715703	False	A	G	0/0	111	99	111,0	0.0	True
XB2014-144-3A	SM35	CYU	1.0	1	1.0	HiC_scaffold8	47715703	False	A	G	0/0	80	99	80,0	0.0	True
XB2014-144-4A	SM35	CYU	1.0	1	1.0	HiC_scaffold8	47715703	False	A	G	0/0	61	99	61,0	0.0	True
XB2014-144-5A	SM35	CYU	1.0	1	1.0	HiC_scaffold8	47715703	False	A	G	0/0	132	99	132,0	0.0	True
XB2014-144-6A	SM35	CYU	1.0	1	1.0	HiC_scaffold8	47715703	False	A	G	0/0	91	99	91,0	0.0	True
XB2014-144-7A	SM35	CYU	1.0	1	1.0	HiC_scaffold8	47715703	False	A	G	0/0	165	99	165,0	0.0	True
XB2014-144-8A	SM35	CYU	1.0	1	1.0	HiC_scaffold8	47715703	False	A	G	0/0	152	99	152,0	0.0	True
XB2014-144-9A	SM35	CYU	1.0	1	1.0	HiC_scaffold8	47715703	False	A	G	0/0	166	99	166,0	0.0	True
XB2014-38-2A	EY8	CYU	0.0	1	1.0	HiC_scaffold8	47715703	False	A	G	0/1	52	99	36,16	0.3076923076923077	True
XB2014-38-3A	EY8	CYU	0.0	1	1.0	HiC_scaffold8	47715703	False	A	G	0/0	25	72	25,0	0.0	True
XB2014-38-4A	EY8	CYU	0.0	1	1.0	HiC_scaffold8	47715703	False	A	G	0/0	20	60	20,0	0.0	True
XB2014-38-5A	EY8	CYU	0.0	1	1.0	HiC_scaffold8	47715703	False	A	G	0/1	60	99	42,18	0.3	True
XB2014-38-6A	EY9	CPO	0.0	1	1.0	HiC_scaffold8	47715703	False	A	G	0/0	12	33	12,0	0.0	True
XB2014-39-1A	EY9	CPO	1.0	1	1.0	HiC_scaffold8	47715703	False	A	G	0/0	47	99	47,0	0.0	True
XB2014-39-2A	EY9	CPO	1.0	1	1.0	HiC_scaffold8	47715703	False	A	G	0/0	110	99	110,0	0.0	True
XB2014-39-3A	EY9	CPO	1.0	1	1.0	HiC_scaffold8	47715703	False	A	G	0/0	66	99	66,0	0.0	True
XB2014-39-4A	EY9	CPO	1.0	1	1.0	HiC_scaffold8	47715703	False	A	G	0/1	41	99	24,17	0.4146341463414634	True
XB2014-39-5A	EY9	CPO	1.0	1	1.0	HiC_scaffold8	47715703	False	A	G	0/1	40	99	34,6	0.15	True
XB2014-39-6A	EY9	CPO	1.0	1	1.0	HiC_scaffold8	47715703	False	A	G	0/0	114	99	114,0	0.0	True
XB2014-39-7A	EY9	CPO	1.0	1	1.0	HiC_scaffold8	47715703	False	A	G	0/1	68	99	54,14	0.20588235294117646	True
XB2014-39-8A	EY9	CPO	1.0	1	1.0	HiC_scaffold8	47715703	False	A	G	0/0	87	99	87,0	0.0	True
XB2014-4-2A	MN4	CYU	0.0	0	1.0	HiC_scaffold8	47715703	False	A	G	0/1	53	99	39,14	0.2641509433962264	True
XB2014-4-3A	MN4	CYU	0.0	0	1.0	HiC_scaffold8	47715703	False	A	G	0/1	43	99	22,21	0.4883720930232558	True
XB2014-4-4A	MN4	CYU	0.0	0	1.0	HiC_scaffold8	47715703	False	A	G	0/1	69	99	36,33	0.4782608695652174	True
XB2014-4-5A	MN4	CYU	0.0	0	1.0	HiC_scaffold8	47715703	False	A	G	0/1	53	99	28,25	0.4716981132075472	True
XB2014-4-6A	MN4	CYU	0.0	0	1.0	HiC_scaffold8	47715703	False	A	G	0/1	77	99	48,29	0.37662337662337664	True
XB2014-4-7A	MN4	CYU	0.0	0	1.0	HiC_scaffold8	47715703	False	A	G	0/1	83	99	65,18	0.21686746987951808	True
XB2014-4-8A	YL9	CYU	0.0	0	1.0	HiC_scaffold8	47715703	False	A	G	0/1	47	99	24,23	0.48936170212765956	True
XB2014-4-9A	YL9	CYU	0.0	0	1.0	HiC_scaffold8	47715703	False	A	G	0/1	45	99	23,22	0.4888888888888889	True
XB2014-48-1A	MN4	CYU	0.0	0	1.0	HiC_scaffold8	47715703	False	A	G	0/1	59	99	37,22	0.3728813559322034	True
XB2014-48-2A	MN4	CYU	0.0	0	1.0	HiC_scaffold8	47715703	False	A	G	0/1	61	99	35,26	0.4262295081967213	True
XB2014-48-3A	YL9	CYU	0.0	0	1.0	HiC_scaffold8	47715703	False	A	G	0/1	63	99	37,26	0.4126984126984127	True
XB2014-48-4A	YL9	CYU	0.0	0	1.0	HiC_scaffold8	47715703	False	A	G	0/1	57	99	25,32	0.5614035087719298	True
XB2014-48-5A	YL9	CYU	0.0	0	1.0	HiC_scaffold8	47715703	False	A	G	0/1	60	99	28,32	0.5333333333333333	True
XB2014-48-6A	YL9	CYU	0.0	0	1.0	HiC_scaffold8	47715703	False	A	G	0/1	86	99	48,38	0.4418604651162791	True
XB2014-48-7A	YL9	CYU	0.0	0	1.0	HiC_scaffold8	47715703	False	A	G	0/1	66	99	33,33	0.5	True
XB2014-48-9A	YL9	CYU	0.0	0	1.0	HiC_scaffold8	47715703	False	A	G	0/1	57	99	40,17	0.2982456140350877	True
XB26-3B	SC37	CPO	1.0	1	1.0	HiC_scaffold8	47715703	False	A	G	0/0	52	99	52,0	0.0	True
XB26-4B	SC37	CPO	1.0	1	1.0	HiC_scaffold8	47715703	False	A	G	0/0	30	81	30,0	0.0	True
XB26-5B	SC37	CPO	1.0	1	1.0	HiC_scaffold8	47715703	False	A	G	0/0	32	87	32,0	0.0	True
XB26-7B	SC37	CPO	1.0	1	1.0	HiC_scaffold8	47715703	False	A	G	0/0	46	99	46,0	0.0	True
XuBo982-1A	XS40	CMA	1.0	1	0.0	HiC_scaffold8	47715703	False	A	G	0/0	20	60	20,0	0.0	True
XuBo982-2A	XS40	CMA	1.0	1	0.0	HiC_scaffold8	47715703	False	A	G	0/0	25	72	25,0	0.0	True
XuBo982-3A	XS40	CMA	1.0	1	0.0	HiC_scaffold8	47715703	False	A	G	0/0	38	99	38,0	0.0	True
XuBo982-4A	XS40	CMA	1.0	1	0.0	HiC_scaffold8	47715703	False	A	G	0/0	27	75	27,0	0.0	True
XuBo982-5A	XS40	CMA	1.0	1	0.0	HiC_scaffold8	47715703	False	A	G	0/0	34	99	34,0	0.0	True
XubBo-1037-1A	LN46	N	1.0	1	0.0	HiC_scaffold8	47715703	False	A	G	0/0	87	99	87,0	0.0	True
XubBo-1037-2A	TB43	CMA	NA	1	NA	HiC_scaffold8	47715703	False	A	G	0/0	113	99	113,0	0.0	True
XubBo-1037-3A	TB43	CMA	NA	1	NA	HiC_scaffold8	47715703	False	A	G	0/0	69	99	69,0	0.0	True
XubBo-1037-4A	TB43	CMA	NA	1	NA	HiC_scaffold8	47715703	False	A	G	0/0	64	99	64,0	0.0	True
XubBo-1037-5A	TB43	CMA	NA	1	NA	HiC_scaffold8	47715703	False	A	G	0/0	95	99	95,0	0.0	True
XubBo-1037-6A	TB43	CMA	NA	1	NA	HiC_scaffold8	47715703	False	A	G	0/0	76	99	76,0	0.0	True
XubBo-1037-7A	TB43	CMA	NA	1	NA	HiC_scaffold8	47715703	False	A	G	0/0	53	99	53,0	0.0	True
XubBo-1037-8A	TB43	CMA	NA	1	NA	HiC_scaffold8	47715703	False	A	G	0/0	68	99	68,0	0.0	True
XubBo1030-10A	LN46	N	1.0	1	0.0	HiC_scaffold8	47715703	False	A	G	0/0	21	60	21,0	0.0	True
XubBo1030-1A	LN46	N	1.0	1	0.0	HiC_scaffold8	47715703	False	A	G	0/0	23	60	23,0	0.0	True
XubBo1030-3A	LN46	N	1.0	1	0.0	HiC_scaffold8	47715703	False	A	G	0/0	19	57	19,0	0.0	True
XubBo1030-5A	LN46	N	1.0	1	0.0	HiC_scaffold8	47715703	False	A	G	0/0	16	48	16,0	0.0	True
XubBo1030-6A	LN46	N	1.0	1	0.0	HiC_scaffold8	47715703	False	A	G	0/0	29	72	29,0	0.0	True
XubBo1030-8A	LN46	N	1.0	1	0.0	HiC_scaffold8	47715703	False	A	G	0/0	28	81	28,0	0.0	True
XubBo1030-9A	LN46	N	1.0	1	0.0	HiC_scaffold8	47715703	False	A	G	0/0	24	33	24,0	0.0	True
XubBo1051-10A	WX48	CMA	1.0	1	0.0	HiC_scaffold8	47715703	False	A	G	0/0	30	90	30,0	0.0	True
XubBo1051-1A	WX48	CMA	1.0	1	0.0	HiC_scaffold8	47715703	False	A	G	0/0	27	75	27,0	0.0	True
XubBo1051-2A	WX48	CMA	1.0	1	0.0	HiC_scaffold8	47715703	False	A	G	0/0	26	63	26,0	0.0	True
XubBo1051-3A	WX48	CMA	1.0	1	0.0	HiC_scaffold8	47715703	False	A	G	0/0	27	66	27,0	0.0	True
XubBo1051-4A	WX48	CMA	1.0	1	0.0	HiC_scaffold8	47715703	False	A	G	0/0	25	72	25,0	0.0	True
XubBo1051-7A	WX48	CMA	1.0	1	0.0	HiC_scaffold8	47715703	False	A	G	0/0	30	90	30,0	0.0	True
XubBo1051-8A	WX48	CMA	1.0	1	0.0	HiC_scaffold8	47715703	False	A	G	0/0	36	99	36,0	0.0	True
XubBo1051-9A	WX48	CMA	1.0	1	0.0	HiC_scaffold8	47715703	False	A	G	0/0	20	60	20,0	0.0	True
Xubo01402-2A	YS26	CYU	1.0	1	1.0	HiC_scaffold8	47715703	False	A	G	./.	0	0	0,0	NA	False
Xubo01402-3A	YS26	CYU	1.0	1	1.0	HiC_scaffold8	47715703	False	A	G	./.	0	0	0,0	NA	False
Xubo01402-4A	YS26	CYU	1.0	1	1.0	HiC_scaffold8	47715703	False	A	G	0/0	9	27	9,0	0.0	False
Xubo01402-5A	YS26	CYU	1.0	1	1.0	HiC_scaffold8	47715703	False	A	G	0/0	32	90	32,0	0.0	True
Xubo01402-6A	YS26	CYU	1.0	1	1.0	HiC_scaffold8	47715703	False	A	G	./.	0	0	0,0	NA	False
Xubo01402-7A	YS26	CYU	1.0	1	1.0	HiC_scaffold8	47715703	False	A	G	./.	0	0	0,0	NA	False
Xubo01402-8A	YS26	CYU	1.0	1	1.0	HiC_scaffold8	47715703	False	A	G	./.	0	0	0,0	NA	False
Xubo01402-9A	YS26	CYU	1.0	1	1.0	HiC_scaffold8	47715703	False	A	G	0/0	19	57	19,0	0.0	True
YLZB4703-2A	SM3	CYU	0.0	0	1.0	HiC_scaffold8	47715703	False	A	G	0/1	89	99	61,28	0.3146067415730337	True
YLZB4703-3A	SM3	CYU	0.0	0	1.0	HiC_scaffold8	47715703	False	A	G	0/1	96	99	52,44	0.4583333333333333	True
YLZB4703-5A	SM3	CYU	0.0	0	1.0	HiC_scaffold8	47715703	False	A	G	0/1	104	99	35,69	0.6634615384615384	True
YLZB4703-7A	SM3	CYU	0.0	0	1.0	HiC_scaffold8	47715703	False	A	G	0/1	188	99	126,62	0.32978723404255317	True
YLZB4703-9A	SM3	CYU	0.0	0	1.0	HiC_scaffold8	47715703	False	A	G	0/1	95	99	70,25	0.2631578947368421	True
YLZB4715-10A	MY1	CYU	0.0	0	1.0	HiC_scaffold8	47715703	False	A	G	0/1	124	99	54,70	0.5645161290322581	True
YLZB4715-1A	MY1	CYU	0.0	0	1.0	HiC_scaffold8	47715703	False	A	G	0/1	67	99	54,13	0.19402985074626866	True
YLZB4715-2A	MY1	CYU	0.0	0	1.0	HiC_scaffold8	47715703	False	A	G	0/1	66	99	54,12	0.18181818181818182	True
YLZB4715-5A	MY1	CYU	0.0	0	1.0	HiC_scaffold8	47715703	False	A	G	0/1	50	99	23,27	0.54	True
YLZB4715-6A	MY1	CYU	0.0	0	1.0	HiC_scaffold8	47715703	False	A	G	0/1	65	99	55,10	0.15384615384615385	True
YLZB4715-7A	MY1	CYU	0.0	0	1.0	HiC_scaffold8	47715703	False	A	G	0/1	111	99	58,53	0.4774774774774775	True
YLZB4715-8A	MY1	CYU	0.0	0	1.0	HiC_scaffold8	47715703	False	A	G	0/1	80	99	39,41	0.5125	True
YLZB4715-9A	MY1	CYU	0.0	0	1.0	HiC_scaffold8	47715703	False	A	G	0/1	128	99	63,65	0.5078125	True
YLZB4735-10A	YSXC51	CPO	1.0	1	1.0	HiC_scaffold8	47715703	False	A	G	0/0	83	99	83,0	0.0	True
YLZB4735-1A	YSXC51	CPO	1.0	1	1.0	HiC_scaffold8	47715703	False	A	G	0/0	47	99	47,0	0.0	True
YLZB4735-2A	YSXC51	CPO	1.0	1	1.0	HiC_scaffold8	47715703	False	A	G	0/0	53	99	53,0	0.0	True
YLZB4735-3A	YSXC51	CPO	1.0	1	1.0	HiC_scaffold8	47715703	False	A	G	0/0	50	99	50,0	0.0	True
YLZB4735-5A	YSXC51	CPO	1.0	1	1.0	HiC_scaffold8	47715703	False	A	G	0/0	83	99	83,0	0.0	True
YLZB4735-6A	YSXC51	CPO	1.0	1	1.0	HiC_scaffold8	47715703	False	A	G	0/0	83	99	83,0	0.0	True
YLZB4735-8A	YSXC51	CPO	1.0	1	1.0	HiC_scaffold8	47715703	False	A	G	0/0	73	99	73,0	0.0	True
YLZB4735-9A	YSXC51	CPO	1.0	1	1.0	HiC_scaffold8	47715703	False	A	G	0/0	77	99	77,0	0.0	True
YLZB4816-11A	ASCD52	CPO	1.0	1	1.0	HiC_scaffold8	47715703	False	A	G	0/0	51	99	51,0	0.0	True
YLZB4816-3A	ASCD52	CPO	1.0	1	1.0	HiC_scaffold8	47715703	False	A	G	0/0	22	60	22,0	0.0	True
YLZB4816-4A	ASCD52	CPO	1.0	1	1.0	HiC_scaffold8	47715703	False	A	G	0/0	35	90	35,0	0.0	True
YLZB4816-6A	ASCD52	CPO	1.0	1	1.0	HiC_scaffold8	47715703	False	A	G	0/0	44	99	44,0	0.0	True
YLZB4816-7A	ASCD52	CPO	1.0	1	1.0	HiC_scaffold8	47715703	False	A	G	0/0	27	57	27,0	0.0	True
YLZB4816-8A	ASCD52	CPO	1.0	1	1.0	HiC_scaffold8	47715703	False	A	G	0/0	13	36	13,0	0.0	True
YLZB4816-9A	ASCD52	CPO	1.0	1	1.0	HiC_scaffold8	47715703	False	A	G	0/0	74	99	74,0	0.0	True
ZXL277-1A	YY12	CMA	1.0	1	0.0	HiC_scaffold8	47715703	False	A	G	0/0	34	0	34,0	0.0	False
ZXL277-2A	YY12	CMA	1.0	1	0.0	HiC_scaffold8	47715703	False	A	G	0/0	28	81	28,0	0.0	True
ZXL277-3A	YY12	CMA	1.0	1	0.0	HiC_scaffold8	47715703	False	A	G	0/0	37	99	37,0	0.0	True
ZXL277-4A	YY12	CMA	1.0	1	0.0	HiC_scaffold8	47715703	False	A	G	0/0	31	90	31,0	0.0	True
ZXL277-5A	YY12	CMA	1.0	1	0.0	HiC_scaffold8	47715703	False	A	G	0/0	47	99	47,0	0.0	True
ZXL277-6A	YY12	CMA	1.0	1	0.0	HiC_scaffold8	47715703	False	A	G	0/0	46	99	46,0	0.0	True
ZXL277-7A	YY12	CMA	1.0	1	0.0	HiC_scaffold8	47715703	False	A	G	0/0	28	81	28,0	0.0	True
ZXL277-8A	YY12	CMA	1.0	1	0.0	HiC_scaffold8	47715703	False	A	G	0/0	33	99	33,0	0.0	True
ZXL79-1A	CZ25	CMA	1.0	1	0.0	HiC_scaffold8	47715703	False	A	G	0/0	72	99	72,0	0.0	True
ZXL79-2A	CZ25	CMA	1.0	1	0.0	HiC_scaffold8	47715703	False	A	G	0/0	87	99	87,0	0.0	True
ZXL79-3A	CZ25	CMA	1.0	1	0.0	HiC_scaffold8	47715703	False	A	G	0/0	69	99	69,0	0.0	True
ZXL79-4A	CZ25	CMA	1.0	1	0.0	HiC_scaffold8	47715703	False	A	G	0/0	262	99	262,0	0.0	True
ZXL79-5A	CZ25	CMA	1.0	1	0.0	HiC_scaffold8	47715703	False	A	G	0/0	74	99	74,0	0.0	True
ZXL79-6A	CZ25	CMA	1.0	1	0.0	HiC_scaffold8	47715703	False	A	G	0/0	36	99	36,0	0.0	True
ZXL79-7A	CZ25	CMA	1.0	1	0.0	HiC_scaffold8	47715703	False	A	G	0/0	92	99	92,0	0.0	True
xubo266-2A	XY36	CMA	1.0	1	0.0	HiC_scaffold8	47715703	False	A	G	0/0	79	99	79,0	0.0	True
xubo266-3A	XY36	CMA	1.0	1	0.0	HiC_scaffold8	47715703	False	A	G	0/0	50	99	50,0	0.0	True
xubo266-4A	XY36	CMA	1.0	1	0.0	HiC_scaffold8	47715703	False	A	G	0/0	39	99	39,0	0.0	True
xubo266-5A	XY36	CMA	1.0	1	0.0	HiC_scaffold8	47715703	False	A	G	0/0	69	80	69,0	0.0	True
xubo266-6A	XY36	CMA	1.0	1	0.0	HiC_scaffold8	47715703	False	A	G	0/0	72	99	72,0	0.0	True
xubo266-8A	XY36	CMA	1.0	1	0.0	HiC_scaffold8	47715703	False	A	G	0/0	45	99	45,0	0.0	True
xubo266-9A	XY36	CMA	1.0	1	0.0	HiC_scaffold8	47715703	False	A	G	0/0	38	99	38,0	0.0	True
zhuzm1009-10A	KM42	CPO	1.0	1	1.0	HiC_scaffold8	47715703	False	A	G	0/0	97	99	97,0	0.0	True
zhuzm1009-2A	KM42	CPO	1.0	1	1.0	HiC_scaffold8	47715703	False	A	G	0/0	61	99	61,0	0.0	True
zhuzm1009-3A	KM42	CPO	1.0	1	1.0	HiC_scaffold8	47715703	False	A	G	0/0	26	72	26,0	0.0	True
zhuzm1009-6A	KM42	CPO	1.0	1	1.0	HiC_scaffold8	47715703	False	A	G	0/0	45	99	43,0	0.0	True
zhuzm1009-7A	KM42	CPO	1.0	1	1.0	HiC_scaffold8	47715703	False	A	G	0/0	14	39	14,0	0.0	True
zhuzm1009-8A	KM42	CPO	1.0	1	1.0	HiC_scaffold8	47715703	False	A	G	0/0	42	99	42,0	0.0	True
2014-128-1A	ML50	CPO	1.0	1	1.0	HiC_scaffold8	47716777	True	T	A	0/0	85	99	85,0	0.0	True
2014-128-2A	ML50	CPO	1.0	1	1.0	HiC_scaffold8	47716777	True	T	A	0/0	64	99	64,0	0.0	True
2014-128-3A	ML50	CPO	1.0	1	1.0	HiC_scaffold8	47716777	True	T	A	0/0	65	99	65,0	0.0	True
2014-128-4A	ML50	CPO	1.0	1	1.0	HiC_scaffold8	47716777	True	T	A	0/0	72	99	72,0	0.0	True
2014-128-5A	ML50	CPO	1.0	1	1.0	HiC_scaffold8	47716777	True	T	A	0/0	111	99	111,0	0.0	True
2014-132-2A	ML5	N	1.0	1	1.0	HiC_scaffold8	47716777	True	T	A	0/0	44	99	44,0	0.0	True
2014-132-3A	ML5	N	1.0	1	1.0	HiC_scaffold8	47716777	True	T	A	0/0	115	99	115,0	0.0	True
2014-132-4A	ML5	N	1.0	1	1.0	HiC_scaffold8	47716777	True	T	A	0/0	88	99	88,0	0.0	True
2014-132-5A	ML5	N	1.0	1	1.0	HiC_scaffold8	47716777	True	T	A	0/0	33	90	33,0	0.0	True
2014-132-6A	ML5	N	1.0	1	1.0	HiC_scaffold8	47716777	True	T	A	0/0	106	99	106,0	0.0	True
2014-132-7A	ML5	N	1.0	1	1.0	HiC_scaffold8	47716777	True	T	A	0/0	111	99	111,0	0.0	True
2014-132-8A	ML5	N	1.0	1	1.0	HiC_scaffold8	47716777	True	T	A	0/0	163	99	163,0	0.0	True
2014-132-9A	ML5	N	1.0	1	1.0	HiC_scaffold8	47716777	True	T	A	0/0	82	99	82,0	0.0	True
2014-3-10A	MN34	CPO	1.0	1	1.0	HiC_scaffold8	47716777	True	T	A	0/0	67	99	67,0	0.0	True
2014-3-3A	MN34	CPO	1.0	1	1.0	HiC_scaffold8	47716777	True	T	A	0/0	76	99	76,0	0.0	True
2014-3-4A	MN34	CPO	1.0	1	1.0	HiC_scaffold8	47716777	True	T	A	0/0	78	99	78,0	0.0	True
2014-3-5A	MN34	CPO	1.0	1	1.0	HiC_scaffold8	47716777	True	T	A	0/0	62	99	62,0	0.0	True
2014-3-6A	MN34	CPO	1.0	1	1.0	HiC_scaffold8	47716777	True	T	A	0/0	77	99	77,0	0.0	True
2014-3-7A	MN34	CPO	1.0	1	1.0	HiC_scaffold8	47716777	True	T	A	0/0	66	99	66,0	0.0	True
2014-3-8A	MN34	CPO	1.0	1	1.0	HiC_scaffold8	47716777	True	T	A	0/0	54	99	54,0	0.0	True
2014-3-9A	MN34	CPO	1.0	1	1.0	HiC_scaffold8	47716777	True	T	A	0/0	91	99	91,0	0.0	True
2014-66-1A	YL49	CPO	1.0	1	1.0	HiC_scaffold8	47716777	True	T	A	0/0	73	99	73,0	0.0	True
2014-66-2A	YL49	CPO	1.0	1	1.0	HiC_scaffold8	47716777	True	T	A	0/0	83	99	83,0	0.0	True
2014-66-3A	YL49	CPO	1.0	1	1.0	HiC_scaffold8	47716777	True	T	A	0/0	44	99	44,0	0.0	True
2014-66-4A	YL49	CPO	1.0	1	1.0	HiC_scaffold8	47716777	True	T	A	0/0	16	48	16,0	0.0	True
2014-66-5A	YL49	CPO	1.0	1	1.0	HiC_scaffold8	47716777	True	T	A	0/0	33	93	33,0	0.0	True
2014-66-6A	YL49	CPO	1.0	1	1.0	HiC_scaffold8	47716777	True	T	A	0/0	62	99	62,0	0.0	True
2014-66-7A	YL49	CPO	1.0	1	1.0	HiC_scaffold8	47716777	True	T	A	0/0	87	99	87,0	0.0	True
2014-66-8A	YL49	CPO	1.0	1	1.0	HiC_scaffold8	47716777	True	T	A	0/0	76	99	76,0	0.0	True
DP1709141A	DQS11	CMA	1.0	1	0.0	HiC_scaffold8	47716777	True	T	A	0/0	64	99	64,0	0.0	True
DP1709144A	DQS11	CMA	1.0	1	0.0	HiC_scaffold8	47716777	True	T	A	0/0	66	99	66,0	0.0	True
DP1709148A	DQS11	CMA	1.0	1	0.0	HiC_scaffold8	47716777	True	T	A	0/0	70	99	70,0	0.0	True
Gln2014-15-10A	LD30	CYU	0.0	0	1.0	HiC_scaffold8	47716777	True	T	A	0/1	55	99	17,38	0.6909090909090909	True
Gln2014-15-1A	LD30	CYU	0.0	0	1.0	HiC_scaffold8	47716777	True	T	A	0/1	60	99	34,26	0.43333333333333335	True
Gln2014-15-3A	LD30	CYU	0.0	0	1.0	HiC_scaffold8	47716777	True	T	A	0/1	61	99	33,28	0.45901639344262296	True
Gln2014-15-4A	LD30	CYU	0.0	0	1.0	HiC_scaffold8	47716777	True	T	A	0/1	50	99	20,30	0.6	True
Gln2014-15-5A	LD30	CYU	0.0	0	1.0	HiC_scaffold8	47716777	True	T	A	0/1	76	99	23,53	0.6973684210526315	True
Gln2014-15-6A	LD30	CYU	0.0	0	1.0	HiC_scaffold8	47716777	True	T	A	0/1	84	99	19,65	0.7738095238095238	True
Gln2014-15-7A	LD30	CYU	0.0	0	1.0	HiC_scaffold8	47716777	True	T	A	0/1	56	99	40,16	0.2857142857142857	True
Gln2014-15-8A	LD30	CYU	0.0	0	1.0	HiC_scaffold8	47716777	True	T	A	0/1	101	99	50,51	0.504950495049505	True
Gln2014-8-1A	LD06	CPO	1.0	1	1.0	HiC_scaffold8	47716777	True	T	A	0/0	89	99	89,0	0.0	True
Gln2014-8-2A	LD06	CPO	1.0	1	1.0	HiC_scaffold8	47716777	True	T	A	0/0	35	99	35,0	0.0	True
Gln2014-8-4A	LD06	CPO	1.0	1	1.0	HiC_scaffold8	47716777	True	T	A	0/0	33	93	33,0	0.0	True
Gln2014-8-5A	LD06	CPO	1.0	1	1.0	HiC_scaffold8	47716777	True	T	A	0/0	52	99	52,0	0.0	True
Gln2014-8-6A	LD06	CPO	1.0	1	1.0	HiC_scaffold8	47716777	True	T	A	0/0	44	99	44,0	0.0	True
Gln2014-8-7A	LD06	CPO	1.0	1	1.0	HiC_scaffold8	47716777	True	T	A	0/0	32	90	32,0	0.0	True
Gln2014-8-8A	LD06	CPO	1.0	1	1.0	HiC_scaffold8	47716777	True	T	A	0/0	55	99	55,0	0.0	True
JLS-BM001-1A	BM31	N	NA	1	NA	HiC_scaffold8	47716777	True	T	A	0/0	156	99	156,0	0.0	True
JLS-BM001-2A	BM31	N	NA	1	NA	HiC_scaffold8	47716777	True	T	A	0/0	135	99	135,0	0.0	True
JLS-BM001-3A	BM31	N	NA	1	NA	HiC_scaffold8	47716777	True	T	A	0/0	231	99	231,0	0.0	True
JLS-BM001-4A	BM31	N	NA	1	NA	HiC_scaffold8	47716777	True	T	A	0/0	213	99	213,0	0.0	True
JLS-BM001-5A	BM31	N	NA	1	NA	HiC_scaffold8	47716777	True	T	A	0/0	169	99	169,0	0.0	True
JLS-BM001-6A	BM31	N	NA	1	NA	HiC_scaffold8	47716777	True	T	A	0/0	184	99	184,0	0.0	True
JLS-BM001-7A	BM31	N	NA	1	NA	HiC_scaffold8	47716777	True	T	A	0/0	130	99	130,0	0.0	True
JLS-BM001-8A	BM31	N	NA	1	NA	HiC_scaffold8	47716777	True	T	A	0/0	144	99	144,0	0.0	True
JLS-CY022-10A	CY32	CPO	1.0	1	1.0	HiC_scaffold8	47716777	True	T	A	0/0	84	99	84,0	0.0	True
JLS-CY022-11A	CY32	CPO	1.0	1	1.0	HiC_scaffold8	47716777	True	T	A	0/0	53	99	53,0	0.0	True
JLS-CY022-4A	CY32	CPO	1.0	1	1.0	HiC_scaffold8	47716777	True	T	A	0/0	29	87	29,0	0.0	True
JLS-CY022-5A	CY32	CPO	1.0	1	1.0	HiC_scaffold8	47716777	True	T	A	0/0	69	99	69,0	0.0	True
JLS-CY022-6A	CY32	CPO	1.0	1	1.0	HiC_scaffold8	47716777	True	T	A	0/0	39	99	39,0	0.0	True
JLS-CY022-7A	CY32	CPO	1.0	1	1.0	HiC_scaffold8	47716777	True	T	A	0/0	41	99	41,0	0.0	True
Sha-WS-1A	WS14	CMA	1.0	1	0.0	HiC_scaffold8	47716777	True	T	A	0/0	20	51	20,0	0.0	True
Sha-WS-2A	WS14	CMA	1.0	1	0.0	HiC_scaffold8	47716777	True	T	A	0/0	18	51	18,0	0.0	True
Sha-WS-3A	WS14	CMA	1.0	1	0.0	HiC_scaffold8	47716777	True	T	A	0/0	39	99	39,0	0.0	True
Sha-WS-4A	WS14	CMA	1.0	1	0.0	HiC_scaffold8	47716777	True	T	A	0/0	22	60	22,0	0.0	True
Sha-WS-5A	WS14	CMA	1.0	1	0.0	HiC_scaffold8	47716777	True	T	A	0/0	24	60	24,0	0.0	True
Sha-WS-6A	WS14	CMA	1.0	1	0.0	HiC_scaffold8	47716777	True	T	A	0/0	27	81	27,0	0.0	True
Sha-WS-7A	WS14	CMA	1.0	1	0.0	HiC_scaffold8	47716777	True	T	A	0/0	28	81	28,0	0.0	True
Sha-WS-8A	WS14	CMA	1.0	1	0.0	HiC_scaffold8	47716777	True	T	A	0/0	35	99	35,0	0.0	True
THP-SET_1917-1A	MK27	CPO	1.0	1	1.0	HiC_scaffold8	47716777	True	T	A	0/0	153	99	153,0	0.0	True
THP-SET_1917-2A	MK27	CPO	1.0	1	1.0	HiC_scaffold8	47716777	True	T	A	0/0	87	99	87,0	0.0	True
THP-SET_1917-3A	MK27	CPO	1.0	1	1.0	HiC_scaffold8	47716777	True	T	A	0/0	99	99	99,0	0.0	True
THP-SET_1917-4A	MK27	CPO	1.0	1	1.0	HiC_scaffold8	47716777	True	T	A	0/0	109	99	109,0	0.0	True
THP-SET_1917-5A	MK27	CPO	1.0	1	1.0	HiC_scaffold8	47716777	True	T	A	0/0	204	99	204,0	0.0	True
THP-SET_1917-6A	MK27	CPO	1.0	1	1.0	HiC_scaffold8	47716777	True	T	A	0/0	177	99	177,0	0.0	True
THP-SET_1917-7A	MK27	CPO	1.0	1	1.0	HiC_scaffold8	47716777	True	T	A	0/0	149	99	149,0	0.0	True
THP-SET_1917-8A	MK27	CPO	1.0	1	1.0	HiC_scaffold8	47716777	True	T	A	0/0	162	99	162,0	0.0	True
XB2014-144-2A	SM35	CYU	1.0	1	1.0	HiC_scaffold8	47716777	True	T	A	0/0	73	99	73,0	0.0	True
XB2014-144-3A	SM35	CYU	1.0	1	1.0	HiC_scaffold8	47716777	True	T	A	0/0	65	99	65,0	0.0	True
XB2014-144-4A	SM35	CYU	1.0	1	1.0	HiC_scaffold8	47716777	True	T	A	0/0	53	99	53,0	0.0	True
XB2014-144-5A	SM35	CYU	1.0	1	1.0	HiC_scaffold8	47716777	True	T	A	0/0	82	99	82,0	0.0	True
XB2014-144-6A	SM35	CYU	1.0	1	1.0	HiC_scaffold8	47716777	True	T	A	0/0	29	81	29,0	0.0	True
XB2014-144-7A	SM35	CYU	1.0	1	1.0	HiC_scaffold8	47716777	True	T	A	0/0	102	99	102,0	0.0	True
XB2014-144-8A	SM35	CYU	1.0	1	1.0	HiC_scaffold8	47716777	True	T	A	0/0	99	99	99,0	0.0	True
XB2014-144-9A	SM35	CYU	1.0	1	1.0	HiC_scaffold8	47716777	True	T	A	0/0	35	99	35,0	0.0	True
XB2014-38-2A	EY8	CYU	0.0	1	1.0	HiC_scaffold8	47716777	True	T	A	0/1	42	99	27,15	0.35714285714285715	True
XB2014-38-3A	EY8	CYU	0.0	1	1.0	HiC_scaffold8	47716777	True	T	A	0/0	15	45	15,0	0.0	True
XB2014-38-4A	EY8	CYU	0.0	1	1.0	HiC_scaffold8	47716777	True	T	A	0/0	22	57	22,0	0.0	True
XB2014-38-5A	EY8	CYU	0.0	1	1.0	HiC_scaffold8	47716777	True	T	A	0/0	59	99	59,0	0.0	True
XB2014-38-6A	EY9	CPO	0.0	1	1.0	HiC_scaffold8	47716777	True	T	A	0/0	34	81	34,0	0.0	True
XB2014-39-1A	EY9	CPO	1.0	1	1.0	HiC_scaffold8	47716777	True	T	A	0/0	37	99	37,0	0.0	True
XB2014-39-2A	EY9	CPO	1.0	1	1.0	HiC_scaffold8	47716777	True	T	A	0/0	68	99	68,0	0.0	True
XB2014-39-3A	EY9	CPO	1.0	1	1.0	HiC_scaffold8	47716777	True	T	A	0/0	79	99	79,0	0.0	True
XB2014-39-4A	EY9	CPO	1.0	1	1.0	HiC_scaffold8	47716777	True	T	A	0/0	27	81	27,0	0.0	True
XB2014-39-5A	EY9	CPO	1.0	1	1.0	HiC_scaffold8	47716777	True	T	A	0/0	36	84	36,0	0.0	True
XB2014-39-6A	EY9	CPO	1.0	1	1.0	HiC_scaffold8	47716777	True	T	A	0/0	125	99	125,0	0.0	True
XB2014-39-7A	EY9	CPO	1.0	1	1.0	HiC_scaffold8	47716777	True	T	A	0/0	67	99	67,0	0.0	True
XB2014-39-8A	EY9	CPO	1.0	1	1.0	HiC_scaffold8	47716777	True	T	A	0/0	43	99	43,0	0.0	True
XB2014-4-2A	MN4	CYU	0.0	0	1.0	HiC_scaffold8	47716777	True	T	A	0/1	58	99	38,20	0.3448275862068966	True
XB2014-4-3A	MN4	CYU	0.0	0	1.0	HiC_scaffold8	47716777	True	T	A	0/1	46	99	24,22	0.4782608695652174	True
XB2014-4-4A	MN4	CYU	0.0	0	1.0	HiC_scaffold8	47716777	True	T	A	0/1	48	99	21,27	0.5625	True
XB2014-4-5A	MN4	CYU	0.0	0	1.0	HiC_scaffold8	47716777	True	T	A	0/1	44	99	21,23	0.5227272727272727	True
XB2014-4-6A	MN4	CYU	0.0	0	1.0	HiC_scaffold8	47716777	True	T	A	0/1	39	99	23,16	0.41025641025641024	True
XB2014-4-7A	MN4	CYU	0.0	0	1.0	HiC_scaffold8	47716777	True	T	A	0/1	65	99	47,18	0.27692307692307694	True
XB2014-4-8A	YL9	CYU	0.0	0	1.0	HiC_scaffold8	47716777	True	T	A	0/1	51	99	26,25	0.49019607843137253	True
XB2014-4-9A	YL9	CYU	0.0	0	1.0	HiC_scaffold8	47716777	True	T	A	0/1	41	99	17,24	0.5853658536585366	True
XB2014-48-1A	MN4	CYU	0.0	0	1.0	HiC_scaffold8	47716777	True	T	A	0/1	58	99	33,25	0.43103448275862066	True
XB2014-48-2A	MN4	CYU	0.0	0	1.0	HiC_scaffold8	47716777	True	T	A	0/1	69	99	29,40	0.5797101449275363	True
XB2014-48-3A	YL9	CYU	0.0	0	1.0	HiC_scaffold8	47716777	True	T	A	0/1	67	99	18,49	0.7313432835820896	True
XB2014-48-4A	YL9	CYU	0.0	0	1.0	HiC_scaffold8	47716777	True	T	A	0/1	49	99	25,24	0.4897959183673469	True
XB2014-48-5A	YL9	CYU	0.0	0	1.0	HiC_scaffold8	47716777	True	T	A	0/1	46	99	13,33	0.717391304347826	True
XB2014-48-6A	YL9	CYU	0.0	0	1.0	HiC_scaffold8	47716777	True	T	A	0/1	47	99	24,23	0.48936170212765956	True
XB2014-48-7A	YL9	CYU	0.0	0	1.0	HiC_scaffold8	47716777	True	T	A	0/1	67	99	22,45	0.6716417910447762	True
XB2014-48-9A	YL9	CYU	0.0	0	1.0	HiC_scaffold8	47716777	True	T	A	0/1	63	99	40,23	0.36507936507936506	True
XB26-3B	SC37	CPO	1.0	1	1.0	HiC_scaffold8	47716777	True	T	A	0/0	11	33	11,0	0.0	True
XB26-4B	SC37	CPO	1.0	1	1.0	HiC_scaffold8	47716777	True	T	A	0/0	12	36	12,0	0.0	True
XB26-5B	SC37	CPO	1.0	1	1.0	HiC_scaffold8	47716777	True	T	A	0/0	20	54	20,0	0.0	True
XB26-7B	SC37	CPO	1.0	1	1.0	HiC_scaffold8	47716777	True	T	A	0/0	15	42	15,0	0.0	True
XuBo982-1A	XS40	CMA	1.0	1	0.0	HiC_scaffold8	47716777	True	T	A	0/0	26	72	26,0	0.0	True
XuBo982-2A	XS40	CMA	1.0	1	0.0	HiC_scaffold8	47716777	True	T	A	0/0	23	60	23,0	0.0	True
XuBo982-3A	XS40	CMA	1.0	1	0.0	HiC_scaffold8	47716777	True	T	A	0/0	33	90	33,0	0.0	True
XuBo982-4A	XS40	CMA	1.0	1	0.0	HiC_scaffold8	47716777	True	T	A	0/0	21	60	21,0	0.0	True
XuBo982-5A	XS40	CMA	1.0	1	0.0	HiC_scaffold8	47716777	True	T	A	0/0	32	90	32,0	0.0	True
XubBo-1037-1A	LN46	N	1.0	1	0.0	HiC_scaffold8	47716777	True	T	A	0/0	60	99	60,0	0.0	True
XubBo-1037-2A	TB43	CMA	NA	1	NA	HiC_scaffold8	47716777	True	T	A	0/0	82	0	82,0	0.0	False
XubBo-1037-3A	TB43	CMA	NA	1	NA	HiC_scaffold8	47716777	True	T	A	0/0	90	99	90,0	0.0	True
XubBo-1037-4A	TB43	CMA	NA	1	NA	HiC_scaffold8	47716777	True	T	A	0/0	82	99	82,0	0.0	True
XubBo-1037-5A	TB43	CMA	NA	1	NA	HiC_scaffold8	47716777	True	T	A	0/0	76	99	76,0	0.0	True
XubBo-1037-6A	TB43	CMA	NA	1	NA	HiC_scaffold8	47716777	True	T	A	0/0	73	99	73,0	0.0	True
XubBo-1037-7A	TB43	CMA	NA	1	NA	HiC_scaffold8	47716777	True	T	A	0/0	56	99	56,0	0.0	True
XubBo-1037-8A	TB43	CMA	NA	1	NA	HiC_scaffold8	47716777	True	T	A	0/0	58	99	58,0	0.0	True
XubBo1030-10A	LN46	N	1.0	1	0.0	HiC_scaffold8	47716777	True	T	A	0/0	35	99	35,0	0.0	True
XubBo1030-1A	LN46	N	1.0	1	0.0	HiC_scaffold8	47716777	True	T	A	0/0	28	72	28,0	0.0	True
XubBo1030-3A	LN46	N	1.0	1	0.0	HiC_scaffold8	47716777	True	T	A	0/0	17	45	17,0	0.0	True
XubBo1030-5A	LN46	N	1.0	1	0.0	HiC_scaffold8	47716777	True	T	A	0/0	20	60	20,0	0.0	True
XubBo1030-6A	LN46	N	1.0	1	0.0	HiC_scaffold8	47716777	True	T	A	0/0	27	81	27,0	0.0	True
XubBo1030-8A	LN46	N	1.0	1	0.0	HiC_scaffold8	47716777	True	T	A	0/0	24	72	24,0	0.0	True
XubBo1030-9A	LN46	N	1.0	1	0.0	HiC_scaffold8	47716777	True	T	A	0/0	16	48	16,0	0.0	True
XubBo1051-10A	WX48	CMA	1.0	1	0.0	HiC_scaffold8	47716777	True	T	A	0/0	18	48	18,0	0.0	True
XubBo1051-1A	WX48	CMA	1.0	1	0.0	HiC_scaffold8	47716777	True	T	A	0/0	24	60	24,0	0.0	True
XubBo1051-2A	WX48	CMA	1.0	1	0.0	HiC_scaffold8	47716777	True	T	A	0/0	28	81	28,0	0.0	True
XubBo1051-3A	WX48	CMA	1.0	1	0.0	HiC_scaffold8	47716777	True	T	A	0/0	19	57	19,0	0.0	True
XubBo1051-4A	WX48	CMA	1.0	1	0.0	HiC_scaffold8	47716777	True	T	A	0/0	21	54	21,0	0.0	True
XubBo1051-7A	WX48	CMA	1.0	1	0.0	HiC_scaffold8	47716777	True	T	A	0/0	22	60	22,0	0.0	True
XubBo1051-8A	WX48	CMA	1.0	1	0.0	HiC_scaffold8	47716777	True	T	A	0/0	33	99	33,0	0.0	True
XubBo1051-9A	WX48	CMA	1.0	1	0.0	HiC_scaffold8	47716777	True	T	A	0/0	23	60	23,0	0.0	True
Xubo01402-2A	YS26	CYU	1.0	1	1.0	HiC_scaffold8	47716777	True	T	A	0/0	19	57	19,0	0.0	True
Xubo01402-3A	YS26	CYU	1.0	1	1.0	HiC_scaffold8	47716777	True	T	A	0/0	19	57	19,0	0.0	True
Xubo01402-4A	YS26	CYU	1.0	1	1.0	HiC_scaffold8	47716777	True	T	A	0/0	32	90	32,0	0.0	True
Xubo01402-5A	YS26	CYU	1.0	1	1.0	HiC_scaffold8	47716777	True	T	A	0/0	23	63	23,0	0.0	True
Xubo01402-6A	YS26	CYU	1.0	1	1.0	HiC_scaffold8	47716777	True	T	A	0/0	39	99	39,0	0.0	True
Xubo01402-7A	YS26	CYU	1.0	1	1.0	HiC_scaffold8	47716777	True	T	A	0/0	43	99	43,0	0.0	True
Xubo01402-8A	YS26	CYU	1.0	1	1.0	HiC_scaffold8	47716777	True	T	A	0/0	26	75	26,0	0.0	True
Xubo01402-9A	YS26	CYU	1.0	1	1.0	HiC_scaffold8	47716777	True	T	A	0/0	30	84	30,0	0.0	True
YLZB4703-2A	SM3	CYU	0.0	0	1.0	HiC_scaffold8	47716777	True	T	A	0/1	85	99	57,28	0.32941176470588235	True
YLZB4703-3A	SM3	CYU	0.0	0	1.0	HiC_scaffold8	47716777	True	T	A	0/1	80	99	46,34	0.425	True
YLZB4703-5A	SM3	CYU	0.0	0	1.0	HiC_scaffold8	47716777	True	T	A	0/1	83	99	34,49	0.5903614457831325	True
YLZB4703-7A	SM3	CYU	0.0	0	1.0	HiC_scaffold8	47716777	True	T	A	0/1	180	99	115,65	0.3611111111111111	True
YLZB4703-9A	SM3	CYU	0.0	0	1.0	HiC_scaffold8	47716777	True	T	A	0/1	71	99	40,31	0.43661971830985913	True
YLZB4715-10A	MY1	CYU	0.0	0	1.0	HiC_scaffold8	47716777	True	T	A	0/1	108	99	58,50	0.46296296296296297	True
YLZB4715-1A	MY1	CYU	0.0	0	1.0	HiC_scaffold8	47716777	True	T	A	0/1	82	99	60,22	0.2682926829268293	True
YLZB4715-2A	MY1	CYU	0.0	0	1.0	HiC_scaffold8	47716777	True	T	A	0/1	65	99	32,33	0.5076923076923077	True
YLZB4715-5A	MY1	CYU	0.0	0	1.0	HiC_scaffold8	47716777	True	T	A	0/1	47	99	27,20	0.425531914893617	True
YLZB4715-6A	MY1	CYU	0.0	0	1.0	HiC_scaffold8	47716777	True	T	A	0/1	72	99	42,30	0.4166666666666667	True
YLZB4715-7A	MY1	CYU	0.0	0	1.0	HiC_scaffold8	47716777	True	T	A	0/1	83	99	50,33	0.39759036144578314	True
YLZB4715-8A	MY1	CYU	0.0	0	1.0	HiC_scaffold8	47716777	True	T	A	0/1	75	99	30,45	0.6	True
YLZB4715-9A	MY1	CYU	0.0	0	1.0	HiC_scaffold8	47716777	True	T	A	0/1	111	99	60,51	0.4594594594594595	True
YLZB4735-10A	YSXC51	CPO	1.0	1	1.0	HiC_scaffold8	47716777	True	T	A	0/0	55	99	55,0	0.0	True
YLZB4735-1A	YSXC51	CPO	1.0	1	1.0	HiC_scaffold8	47716777	True	T	A	0/0	68	99	68,0	0.0	True
YLZB4735-2A	YSXC51	CPO	1.0	1	1.0	HiC_scaffold8	47716777	True	T	A	0/0	62	99	62,0	0.0	True
YLZB4735-3A	YSXC51	CPO	1.0	1	1.0	HiC_scaffold8	47716777	True	T	A	0/0	87	99	87,0	0.0	True
YLZB4735-5A	YSXC51	CPO	1.0	1	1.0	HiC_scaffold8	47716777	True	T	A	0/0	67	99	67,0	0.0	True
YLZB4735-6A	YSXC51	CPO	1.0	1	1.0	HiC_scaffold8	47716777	True	T	A	0/0	70	99	70,0	0.0	True
YLZB4735-8A	YSXC51	CPO	1.0	1	1.0	HiC_scaffold8	47716777	True	T	A	0/0	51	99	51,0	0.0	True
YLZB4735-9A	YSXC51	CPO	1.0	1	1.0	HiC_scaffold8	47716777	True	T	A	0/0	93	99	93,0	0.0	True
YLZB4816-11A	ASCD52	CPO	1.0	1	1.0	HiC_scaffold8	47716777	True	T	A	0/0	73	99	73,0	0.0	True
YLZB4816-3A	ASCD52	CPO	1.0	1	1.0	HiC_scaffold8	47716777	True	T	A	0/0	21	60	21,0	0.0	True
YLZB4816-4A	ASCD52	CPO	1.0	1	1.0	HiC_scaffold8	47716777	True	T	A	0/0	41	99	41,0	0.0	True
YLZB4816-6A	ASCD52	CPO	1.0	1	1.0	HiC_scaffold8	47716777	True	T	A	0/0	28	81	28,0	0.0	True
YLZB4816-7A	ASCD52	CPO	1.0	1	1.0	HiC_scaffold8	47716777	True	T	A	0/0	34	90	34,0	0.0	True
YLZB4816-8A	ASCD52	CPO	1.0	1	1.0	HiC_scaffold8	47716777	True	T	A	0/0	15	45	15,0	0.0	True
YLZB4816-9A	ASCD52	CPO	1.0	1	1.0	HiC_scaffold8	47716777	True	T	A	0/0	55	99	55,0	0.0	True
ZXL277-1A	YY12	CMA	1.0	1	0.0	HiC_scaffold8	47716777	True	T	A	0/0	38	99	38,0	0.0	True
ZXL277-2A	YY12	CMA	1.0	1	0.0	HiC_scaffold8	47716777	True	T	A	0/0	35	99	35,0	0.0	True
ZXL277-3A	YY12	CMA	1.0	1	0.0	HiC_scaffold8	47716777	True	T	A	0/0	27	81	27,0	0.0	True
ZXL277-4A	YY12	CMA	1.0	1	0.0	HiC_scaffold8	47716777	True	T	A	0/0	36	99	36,0	0.0	True
ZXL277-5A	YY12	CMA	1.0	1	0.0	HiC_scaffold8	47716777	True	T	A	0/0	32	82	32,0	0.0	True
ZXL277-6A	YY12	CMA	1.0	1	0.0	HiC_scaffold8	47716777	True	T	A	0/0	20	57	20,0	0.0	True
ZXL277-7A	YY12	CMA	1.0	1	0.0	HiC_scaffold8	47716777	True	T	A	0/0	15	45	15,0	0.0	True
ZXL277-8A	YY12	CMA	1.0	1	0.0	HiC_scaffold8	47716777	True	T	A	0/0	14	42	14,0	0.0	True
ZXL79-1A	CZ25	CMA	1.0	1	0.0	HiC_scaffold8	47716777	True	T	A	0/0	85	99	85,0	0.0	True
ZXL79-2A	CZ25	CMA	1.0	1	0.0	HiC_scaffold8	47716777	True	T	A	0/0	63	99	63,0	0.0	True
ZXL79-3A	CZ25	CMA	1.0	1	0.0	HiC_scaffold8	47716777	True	T	A	0/0	47	99	47,0	0.0	True
ZXL79-4A	CZ25	CMA	1.0	1	0.0	HiC_scaffold8	47716777	True	T	A	0/0	165	99	165,0	0.0	True
ZXL79-5A	CZ25	CMA	1.0	1	0.0	HiC_scaffold8	47716777	True	T	A	0/0	95	99	95,0	0.0	True
ZXL79-6A	CZ25	CMA	1.0	1	0.0	HiC_scaffold8	47716777	True	T	A	0/0	47	99	47,0	0.0	True
ZXL79-7A	CZ25	CMA	1.0	1	0.0	HiC_scaffold8	47716777	True	T	A	0/0	58	99	58,0	0.0	True
xubo266-2A	XY36	CMA	1.0	1	0.0	HiC_scaffold8	47716777	True	T	A	0/0	28	81	28,0	0.0	True
xubo266-3A	XY36	CMA	1.0	1	0.0	HiC_scaffold8	47716777	True	T	A	0/0	29	84	29,0	0.0	True
xubo266-4A	XY36	CMA	1.0	1	0.0	HiC_scaffold8	47716777	True	T	A	0/0	34	99	34,0	0.0	True
xubo266-5A	XY36	CMA	1.0	1	0.0	HiC_scaffold8	47716777	True	T	A	0/0	29	84	29,0	0.0	True
xubo266-6A	XY36	CMA	1.0	1	0.0	HiC_scaffold8	47716777	True	T	A	0/0	35	99	35,0	0.0	True
xubo266-8A	XY36	CMA	1.0	1	0.0	HiC_scaffold8	47716777	True	T	A	0/0	31	90	31,0	0.0	True
xubo266-9A	XY36	CMA	1.0	1	0.0	HiC_scaffold8	47716777	True	T	A	0/0	25	72	25,0	0.0	True
zhuzm1009-10A	KM42	CPO	1.0	1	1.0	HiC_scaffold8	47716777	True	T	A	0/0	98	99	98,0	0.0	True
zhuzm1009-2A	KM42	CPO	1.0	1	1.0	HiC_scaffold8	47716777	True	T	A	0/0	49	99	49,0	0.0	True
zhuzm1009-3A	KM42	CPO	1.0	1	1.0	HiC_scaffold8	47716777	True	T	A	0/0	15	42	15,0	0.0	True
zhuzm1009-6A	KM42	CPO	1.0	1	1.0	HiC_scaffold8	47716777	True	T	A	0/0	36	99	36,0	0.0	True
zhuzm1009-7A	KM42	CPO	1.0	1	1.0	HiC_scaffold8	47716777	True	T	A	0/0	42	99	42,0	0.0	True
zhuzm1009-8A	KM42	CPO	1.0	1	1.0	HiC_scaffold8	47716777	True	T	A	0/0	63	99	63,0	0.0	True
2014-128-1A	ML50	CPO	1.0	1	1.0	HiC_scaffold8	47717719	False	A	G	0/0	87	99	87,0	0.0	True
2014-128-2A	ML50	CPO	1.0	1	1.0	HiC_scaffold8	47717719	False	A	G	0/0	64	99	64,0	0.0	True
2014-128-3A	ML50	CPO	1.0	1	1.0	HiC_scaffold8	47717719	False	A	G	0/0	50	99	50,0	0.0	True
2014-128-4A	ML50	CPO	1.0	1	1.0	HiC_scaffold8	47717719	False	A	G	0/0	94	99	94,0	0.0	True
2014-128-5A	ML50	CPO	1.0	1	1.0	HiC_scaffold8	47717719	False	A	G	0/0	77	99	77,0	0.0	True
2014-132-2A	ML5	N	1.0	1	1.0	HiC_scaffold8	47717719	False	A	G	0/0	76	99	76,0	0.0	True
2014-132-3A	ML5	N	1.0	1	1.0	HiC_scaffold8	47717719	False	A	G	0/0	108	99	108,0	0.0	True
2014-132-4A	ML5	N	1.0	1	1.0	HiC_scaffold8	47717719	False	A	G	0/0	90	99	90,0	0.0	True
2014-132-5A	ML5	N	1.0	1	1.0	HiC_scaffold8	47717719	False	A	G	0/0	34	90	34,0	0.0	True
2014-132-6A	ML5	N	1.0	1	1.0	HiC_scaffold8	47717719	False	A	G	0/0	90	99	90,0	0.0	True
2014-132-7A	ML5	N	1.0	1	1.0	HiC_scaffold8	47717719	False	A	G	0/0	93	99	93,0	0.0	True
2014-132-8A	ML5	N	1.0	1	1.0	HiC_scaffold8	47717719	False	A	G	0/0	130	99	130,0	0.0	True
2014-132-9A	ML5	N	1.0	1	1.0	HiC_scaffold8	47717719	False	A	G	0/0	61	99	61,0	0.0	True
2014-3-10A	MN34	CPO	1.0	1	1.0	HiC_scaffold8	47717719	False	A	G	0/0	80	99	80,0	0.0	True
2014-3-3A	MN34	CPO	1.0	1	1.0	HiC_scaffold8	47717719	False	A	G	0/0	70	99	70,0	0.0	True
2014-3-4A	MN34	CPO	1.0	1	1.0	HiC_scaffold8	47717719	False	A	G	0/0	95	99	95,0	0.0	True
2014-3-5A	MN34	CPO	1.0	1	1.0	HiC_scaffold8	47717719	False	A	G	0/0	76	99	76,0	0.0	True
2014-3-6A	MN34	CPO	1.0	1	1.0	HiC_scaffold8	47717719	False	A	G	0/0	80	99	80,0	0.0	True
2014-3-7A	MN34	CPO	1.0	1	1.0	HiC_scaffold8	47717719	False	A	G	0/0	81	99	81,0	0.0	True
2014-3-8A	MN34	CPO	1.0	1	1.0	HiC_scaffold8	47717719	False	A	G	0/0	61	99	61,0	0.0	True
2014-3-9A	MN34	CPO	1.0	1	1.0	HiC_scaffold8	47717719	False	A	G	0/0	70	99	70,0	0.0	True
2014-66-1A	YL49	CPO	1.0	1	1.0	HiC_scaffold8	47717719	False	A	G	0/0	74	99	74,0	0.0	True
2014-66-2A	YL49	CPO	1.0	1	1.0	HiC_scaffold8	47717719	False	A	G	0/0	84	99	84,0	0.0	True
2014-66-3A	YL49	CPO	1.0	1	1.0	HiC_scaffold8	47717719	False	A	G	0/0	51	99	51,0	0.0	True
2014-66-4A	YL49	CPO	1.0	1	1.0	HiC_scaffold8	47717719	False	A	G	0/0	22	48	22,0	0.0	True
2014-66-5A	YL49	CPO	1.0	1	1.0	HiC_scaffold8	47717719	False	A	G	0/0	38	99	38,0	0.0	True
2014-66-6A	YL49	CPO	1.0	1	1.0	HiC_scaffold8	47717719	False	A	G	0/0	68	99	68,0	0.0	True
2014-66-7A	YL49	CPO	1.0	1	1.0	HiC_scaffold8	47717719	False	A	G	0/0	89	99	89,0	0.0	True
2014-66-8A	YL49	CPO	1.0	1	1.0	HiC_scaffold8	47717719	False	A	G	0/0	78	99	78,0	0.0	True
DP1709141A	DQS11	CMA	1.0	1	0.0	HiC_scaffold8	47717719	False	A	G	0/0	66	99	66,0	0.0	True
DP1709144A	DQS11	CMA	1.0	1	0.0	HiC_scaffold8	47717719	False	A	G	0/0	53	99	53,0	0.0	True
DP1709148A	DQS11	CMA	1.0	1	0.0	HiC_scaffold8	47717719	False	A	G	0/0	52	99	52,0	0.0	True
Gln2014-15-10A	LD30	CYU	0.0	0	1.0	HiC_scaffold8	47717719	False	A	G	0/1	61	99	19,42	0.6885245901639344	True
Gln2014-15-1A	LD30	CYU	0.0	0	1.0	HiC_scaffold8	47717719	False	A	G	0/1	60	99	45,15	0.25	True
Gln2014-15-3A	LD30	CYU	0.0	0	1.0	HiC_scaffold8	47717719	False	A	G	0/1	51	99	37,14	0.27450980392156865	True
Gln2014-15-4A	LD30	CYU	0.0	0	1.0	HiC_scaffold8	47717719	False	A	G	0/1	50	99	22,28	0.56	True
Gln2014-15-5A	LD30	CYU	0.0	0	1.0	HiC_scaffold8	47717719	False	A	G	0/1	96	99	23,73	0.7604166666666666	True
Gln2014-15-6A	LD30	CYU	0.0	0	1.0	HiC_scaffold8	47717719	False	A	G	0/1	77	99	20,57	0.7402597402597403	True
Gln2014-15-7A	LD30	CYU	0.0	0	1.0	HiC_scaffold8	47717719	False	A	G	0/1	55	99	41,14	0.2545454545454545	True
Gln2014-15-8A	LD30	CYU	0.0	0	1.0	HiC_scaffold8	47717719	False	A	G	0/1	83	99	39,44	0.5301204819277109	True
Gln2014-8-1A	LD06	CPO	1.0	1	1.0	HiC_scaffold8	47717719	False	A	G	0/0	86	99	86,0	0.0	True
Gln2014-8-2A	LD06	CPO	1.0	1	1.0	HiC_scaffold8	47717719	False	A	G	0/0	37	99	37,0	0.0	True
Gln2014-8-4A	LD06	CPO	1.0	1	1.0	HiC_scaffold8	47717719	False	A	G	0/0	42	99	42,0	0.0	True
Gln2014-8-5A	LD06	CPO	1.0	1	1.0	HiC_scaffold8	47717719	False	A	G	0/0	69	99	69,0	0.0	True
Gln2014-8-6A	LD06	CPO	1.0	1	1.0	HiC_scaffold8	47717719	False	A	G	0/0	119	0	119,0	0.0	False
Gln2014-8-7A	LD06	CPO	1.0	1	1.0	HiC_scaffold8	47717719	False	A	G	0/0	48	99	48,0	0.0	True
Gln2014-8-8A	LD06	CPO	1.0	1	1.0	HiC_scaffold8	47717719	False	A	G	0/0	65	99	65,0	0.0	True
JLS-BM001-1A	BM31	N	NA	1	NA	HiC_scaffold8	47717719	False	A	G	0/0	202	99	202,0	0.0	True
JLS-BM001-2A	BM31	N	NA	1	NA	HiC_scaffold8	47717719	False	A	G	0/0	155	99	155,0	0.0	True
JLS-BM001-3A	BM31	N	NA	1	NA	HiC_scaffold8	47717719	False	A	G	0/0	173	99	173,0	0.0	True
JLS-BM001-4A	BM31	N	NA	1	NA	HiC_scaffold8	47717719	False	A	G	0/0	212	99	212,0	0.0	True
JLS-BM001-5A	BM31	N	NA	1	NA	HiC_scaffold8	47717719	False	A	G	0/0	192	99	192,0	0.0	True
JLS-BM001-6A	BM31	N	NA	1	NA	HiC_scaffold8	47717719	False	A	G	0/0	184	99	184,0	0.0	True
JLS-BM001-7A	BM31	N	NA	1	NA	HiC_scaffold8	47717719	False	A	G	0/0	127	99	127,0	0.0	True
JLS-BM001-8A	BM31	N	NA	1	NA	HiC_scaffold8	47717719	False	A	G	0/0	153	99	153,0	0.0	True
JLS-CY022-10A	CY32	CPO	1.0	1	1.0	HiC_scaffold8	47717719	False	A	G	0/0	44	99	44,0	0.0	True
JLS-CY022-11A	CY32	CPO	1.0	1	1.0	HiC_scaffold8	47717719	False	A	G	0/0	50	99	50,0	0.0	True
JLS-CY022-4A	CY32	CPO	1.0	1	1.0	HiC_scaffold8	47717719	False	A	G	0/0	32	72	32,0	0.0	True
JLS-CY022-5A	CY32	CPO	1.0	1	1.0	HiC_scaffold8	47717719	False	A	G	0/0	52	99	52,0	0.0	True
JLS-CY022-6A	CY32	CPO	1.0	1	1.0	HiC_scaffold8	47717719	False	A	G	0/0	38	99	38,0	0.0	True
JLS-CY022-7A	CY32	CPO	1.0	1	1.0	HiC_scaffold8	47717719	False	A	G	0/0	48	99	48,0	0.0	True
Sha-WS-1A	WS14	CMA	1.0	1	0.0	HiC_scaffold8	47717719	False	A	G	0/0	34	99	34,0	0.0	True
Sha-WS-2A	WS14	CMA	1.0	1	0.0	HiC_scaffold8	47717719	False	A	G	0/0	22	60	22,0	0.0	True
Sha-WS-3A	WS14	CMA	1.0	1	0.0	HiC_scaffold8	47717719	False	A	G	0/0	43	99	43,0	0.0	True
Sha-WS-4A	WS14	CMA	1.0	1	0.0	HiC_scaffold8	47717719	False	A	G	0/0	28	81	28,0	0.0	True
Sha-WS-5A	WS14	CMA	1.0	1	0.0	HiC_scaffold8	47717719	False	A	G	0/0	29	81	29,0	0.0	True
Sha-WS-6A	WS14	CMA	1.0	1	0.0	HiC_scaffold8	47717719	False	A	G	0/0	24	69	24,0	0.0	True
Sha-WS-7A	WS14	CMA	1.0	1	0.0	HiC_scaffold8	47717719	False	A	G	0/0	23	60	23,0	0.0	True
Sha-WS-8A	WS14	CMA	1.0	1	0.0	HiC_scaffold8	47717719	False	A	G	0/0	20	60	20,0	0.0	True
THP-SET_1917-1A	MK27	CPO	1.0	1	1.0	HiC_scaffold8	47717719	False	A	G	0/0	161	99	161,0	0.0	True
THP-SET_1917-2A	MK27	CPO	1.0	1	1.0	HiC_scaffold8	47717719	False	A	G	0/0	78	99	78,0	0.0	True
THP-SET_1917-3A	MK27	CPO	1.0	1	1.0	HiC_scaffold8	47717719	False	A	G	0/0	98	99	98,0	0.0	True
THP-SET_1917-4A	MK27	CPO	1.0	1	1.0	HiC_scaffold8	47717719	False	A	G	0/0	108	99	108,0	0.0	True
THP-SET_1917-5A	MK27	CPO	1.0	1	1.0	HiC_scaffold8	47717719	False	A	G	0/0	155	99	155,0	0.0	True
THP-SET_1917-6A	MK27	CPO	1.0	1	1.0	HiC_scaffold8	47717719	False	A	G	0/0	171	99	171,0	0.0	True
THP-SET_1917-7A	MK27	CPO	1.0	1	1.0	HiC_scaffold8	47717719	False	A	G	0/0	166	99	166,0	0.0	True
THP-SET_1917-8A	MK27	CPO	1.0	1	1.0	HiC_scaffold8	47717719	False	A	G	0/0	159	99	159,0	0.0	True
XB2014-144-2A	SM35	CYU	1.0	1	1.0	HiC_scaffold8	47717719	False	A	G	0/0	122	99	122,0	0.0	True
XB2014-144-3A	SM35	CYU	1.0	1	1.0	HiC_scaffold8	47717719	False	A	G	0/0	57	99	57,0	0.0	True
XB2014-144-4A	SM35	CYU	1.0	1	1.0	HiC_scaffold8	47717719	False	A	G	0/0	76	99	76,0	0.0	True
XB2014-144-5A	SM35	CYU	1.0	1	1.0	HiC_scaffold8	47717719	False	A	G	0/0	94	99	94,0	0.0	True
XB2014-144-6A	SM35	CYU	1.0	1	1.0	HiC_scaffold8	47717719	False	A	G	0/0	48	99	48,0	0.0	True
XB2014-144-7A	SM35	CYU	1.0	1	1.0	HiC_scaffold8	47717719	False	A	G	0/0	112	99	112,0	0.0	True
XB2014-144-8A	SM35	CYU	1.0	1	1.0	HiC_scaffold8	47717719	False	A	G	0/0	95	99	95,0	0.0	True
XB2014-144-9A	SM35	CYU	1.0	1	1.0	HiC_scaffold8	47717719	False	A	G	0/0	61	64	61,0	0.0	True
XB2014-38-2A	EY8	CYU	0.0	1	1.0	HiC_scaffold8	47717719	False	A	G	0/1	51	99	30,21	0.4117647058823529	True
XB2014-38-3A	EY8	CYU	0.0	1	1.0	HiC_scaffold8	47717719	False	A	G	0/0	20	60	20,0	0.0	True
XB2014-38-4A	EY8	CYU	0.0	1	1.0	HiC_scaffold8	47717719	False	A	G	0/0	28	81	28,0	0.0	True
XB2014-38-5A	EY8	CYU	0.0	1	1.0	HiC_scaffold8	47717719	False	A	G	0/0	50	99	50,0	0.0	True
XB2014-38-6A	EY9	CPO	0.0	1	1.0	HiC_scaffold8	47717719	False	A	G	0/0	27	60	27,0	0.0	True
XB2014-39-1A	EY9	CPO	1.0	1	1.0	HiC_scaffold8	47717719	False	A	G	0/0	31	72	31,0	0.0	True
XB2014-39-2A	EY9	CPO	1.0	1	1.0	HiC_scaffold8	47717719	False	A	G	0/0	76	99	76,0	0.0	True
XB2014-39-3A	EY9	CPO	1.0	1	1.0	HiC_scaffold8	47717719	False	A	G	0/0	61	99	61,0	0.0	True
XB2014-39-4A	EY9	CPO	1.0	1	1.0	HiC_scaffold8	47717719	False	A	G	0/0	29	75	29,0	0.0	True
XB2014-39-5A	EY9	CPO	1.0	1	1.0	HiC_scaffold8	47717719	False	A	G	0/0	44	99	44,0	0.0	True
XB2014-39-6A	EY9	CPO	1.0	1	1.0	HiC_scaffold8	47717719	False	A	G	0/0	92	99	92,0	0.0	True
XB2014-39-7A	EY9	CPO	1.0	1	1.0	HiC_scaffold8	47717719	False	A	G	0/0	78	99	78,0	0.0	True
XB2014-39-8A	EY9	CPO	1.0	1	1.0	HiC_scaffold8	47717719	False	A	G	0/0	30	81	30,0	0.0	True
XB2014-4-2A	MN4	CYU	0.0	0	1.0	HiC_scaffold8	47717719	False	A	G	0/1	57	99	45,12	0.21052631578947367	True
XB2014-4-3A	MN4	CYU	0.0	0	1.0	HiC_scaffold8	47717719	False	A	G	0/1	45	99	15,30	0.6666666666666666	True
XB2014-4-4A	MN4	CYU	0.0	0	1.0	HiC_scaffold8	47717719	False	A	G	0/1	56	99	32,24	0.42857142857142855	True
XB2014-4-5A	MN4	CYU	0.0	0	1.0	HiC_scaffold8	47717719	False	A	G	0/1	46	99	26,20	0.43478260869565216	True
XB2014-4-6A	MN4	CYU	0.0	0	1.0	HiC_scaffold8	47717719	False	A	G	0/1	49	99	17,32	0.6530612244897959	True
XB2014-4-7A	MN4	CYU	0.0	0	1.0	HiC_scaffold8	47717719	False	A	G	0/1	90	99	57,33	0.36666666666666664	True
XB2014-4-8A	YL9	CYU	0.0	0	1.0	HiC_scaffold8	47717719	False	A	G	0/1	43	99	31,12	0.27906976744186046	True
XB2014-4-9A	YL9	CYU	0.0	0	1.0	HiC_scaffold8	47717719	False	A	G	0/1	47	99	21,26	0.5531914893617021	True
XB2014-48-1A	MN4	CYU	0.0	0	1.0	HiC_scaffold8	47717719	False	A	G	0/1	67	99	49,18	0.26865671641791045	True
XB2014-48-2A	MN4	CYU	0.0	0	1.0	HiC_scaffold8	47717719	False	A	G	0/1	48	99	19,29	0.6041666666666666	True
XB2014-48-3A	YL9	CYU	0.0	0	1.0	HiC_scaffold8	47717719	False	A	G	0/1	59	99	34,25	0.423728813559322	True
XB2014-48-4A	YL9	CYU	0.0	0	1.0	HiC_scaffold8	47717719	False	A	G	0/1	59	99	30,29	0.4915254237288136	True
XB2014-48-5A	YL9	CYU	0.0	0	1.0	HiC_scaffold8	47717719	False	A	G	0/1	49	99	28,21	0.42857142857142855	True
XB2014-48-6A	YL9	CYU	0.0	0	1.0	HiC_scaffold8	47717719	False	A	G	0/1	51	99	19,32	0.6274509803921569	True
XB2014-48-7A	YL9	CYU	0.0	0	1.0	HiC_scaffold8	47717719	False	A	G	0/1	54	99	26,28	0.5185185185185185	True
XB2014-48-9A	YL9	CYU	0.0	0	1.0	HiC_scaffold8	47717719	False	A	G	0/1	44	99	29,15	0.3409090909090909	True
XB26-3B	SC37	CPO	1.0	1	1.0	HiC_scaffold8	47717719	False	A	G	0/0	42	99	42,0	0.0	True
XB26-4B	SC37	CPO	1.0	1	1.0	HiC_scaffold8	47717719	False	A	G	0/0	32	71	32,0	0.0	True
XB26-5B	SC37	CPO	1.0	1	1.0	HiC_scaffold8	47717719	False	A	G	0/0	43	99	43,0	0.0	True
XB26-7B	SC37	CPO	1.0	1	1.0	HiC_scaffold8	47717719	False	A	G	0/0	35	80	35,0	0.0	True
XuBo982-1A	XS40	CMA	1.0	1	0.0	HiC_scaffold8	47717719	False	A	G	0/0	23	66	23,0	0.0	True
XuBo982-2A	XS40	CMA	1.0	1	0.0	HiC_scaffold8	47717719	False	A	G	0/0	26	72	26,0	0.0	True
XuBo982-3A	XS40	CMA	1.0	1	0.0	HiC_scaffold8	47717719	False	A	G	0/0	31	90	31,0	0.0	True
XuBo982-4A	XS40	CMA	1.0	1	0.0	HiC_scaffold8	47717719	False	A	G	0/0	21	63	21,0	0.0	True
XuBo982-5A	XS40	CMA	1.0	1	0.0	HiC_scaffold8	47717719	False	A	G	0/0	33	93	33,0	0.0	True
XubBo-1037-1A	LN46	N	1.0	1	0.0	HiC_scaffold8	47717719	False	A	G	0/0	91	66	91,0	0.0	True
XubBo-1037-2A	TB43	CMA	NA	1	NA	HiC_scaffold8	47717719	False	A	G	0/0	77	99	77,0	0.0	True
XubBo-1037-3A	TB43	CMA	NA	1	NA	HiC_scaffold8	47717719	False	A	G	0/0	82	99	82,0	0.0	True
XubBo-1037-4A	TB43	CMA	NA	1	NA	HiC_scaffold8	47717719	False	A	G	0/0	113	15	113,0	0.0	False
XubBo-1037-5A	TB43	CMA	NA	1	NA	HiC_scaffold8	47717719	False	A	G	0/0	103	42	103,0	0.0	True
XubBo-1037-6A	TB43	CMA	NA	1	NA	HiC_scaffold8	47717719	False	A	G	0/0	50	99	50,0	0.0	True
XubBo-1037-7A	TB43	CMA	NA	1	NA	HiC_scaffold8	47717719	False	A	G	0/0	61	99	61,0	0.0	True
XubBo-1037-8A	TB43	CMA	NA	1	NA	HiC_scaffold8	47717719	False	A	G	0/0	80	0	80,0	0.0	False
XubBo1030-10A	LN46	N	1.0	1	0.0	HiC_scaffold8	47717719	False	A	G	0/0	28	81	28,0	0.0	True
XubBo1030-1A	LN46	N	1.0	1	0.0	HiC_scaffold8	47717719	False	A	G	0/0	38	99	38,0	0.0	True
XubBo1030-3A	LN46	N	1.0	1	0.0	HiC_scaffold8	47717719	False	A	G	0/0	14	33	14,0	0.0	True
XubBo1030-5A	LN46	N	1.0	1	0.0	HiC_scaffold8	47717719	False	A	G	0/0	16	48	16,0	0.0	True
XubBo1030-6A	LN46	N	1.0	1	0.0	HiC_scaffold8	47717719	False	A	G	0/0	31	81	31,0	0.0	True
XubBo1030-8A	LN46	N	1.0	1	0.0	HiC_scaffold8	47717719	False	A	G	0/0	34	99	34,0	0.0	True
XubBo1030-9A	LN46	N	1.0	1	0.0	HiC_scaffold8	47717719	False	A	G	0/0	22	63	22,0	0.0	True
XubBo1051-10A	WX48	CMA	1.0	1	0.0	HiC_scaffold8	47717719	False	A	G	0/0	18	54	18,0	0.0	True
XubBo1051-1A	WX48	CMA	1.0	1	0.0	HiC_scaffold8	47717719	False	A	G	0/0	26	66	26,0	0.0	True
XubBo1051-2A	WX48	CMA	1.0	1	0.0	HiC_scaffold8	47717719	False	A	G	0/0	21	60	21,0	0.0	True
XubBo1051-3A	WX48	CMA	1.0	1	0.0	HiC_scaffold8	47717719	False	A	G	0/0	21	60	21,0	0.0	True
XubBo1051-4A	WX48	CMA	1.0	1	0.0	HiC_scaffold8	47717719	False	A	G	0/0	23	63	23,0	0.0	True
XubBo1051-7A	WX48	CMA	1.0	1	0.0	HiC_scaffold8	47717719	False	A	G	0/0	18	51	18,0	0.0	True
XubBo1051-8A	WX48	CMA	1.0	1	0.0	HiC_scaffold8	47717719	False	A	G	0/0	50	99	50,0	0.0	True
XubBo1051-9A	WX48	CMA	1.0	1	0.0	HiC_scaffold8	47717719	False	A	G	0/0	13	36	13,0	0.0	True
Xubo01402-2A	YS26	CYU	1.0	1	1.0	HiC_scaffold8	47717719	False	A	G	0/0	36	99	36,0	0.0	True
Xubo01402-3A	YS26	CYU	1.0	1	1.0	HiC_scaffold8	47717719	False	A	G	0/0	23	60	23,0	0.0	True
Xubo01402-4A	YS26	CYU	1.0	1	1.0	HiC_scaffold8	47717719	False	A	G	0/0	41	99	41,0	0.0	True
Xubo01402-5A	YS26	CYU	1.0	1	1.0	HiC_scaffold8	47717719	False	A	G	0/0	31	75	31,0	0.0	True
Xubo01402-6A	YS26	CYU	1.0	1	1.0	HiC_scaffold8	47717719	False	A	G	0/0	39	99	39,0	0.0	True
Xubo01402-7A	YS26	CYU	1.0	1	1.0	HiC_scaffold8	47717719	False	A	G	0/0	46	99	46,0	0.0	True
Xubo01402-8A	YS26	CYU	1.0	1	1.0	HiC_scaffold8	47717719	False	A	G	0/0	31	69	31,0	0.0	True
Xubo01402-9A	YS26	CYU	1.0	1	1.0	HiC_scaffold8	47717719	False	A	G	0/0	20	45	20,0	0.0	True
YLZB4703-2A	SM3	CYU	0.0	0	1.0	HiC_scaffold8	47717719	False	A	G	0/1	88	99	63,25	0.2840909090909091	True
YLZB4703-3A	SM3	CYU	0.0	0	1.0	HiC_scaffold8	47717719	False	A	G	0/1	97	99	56,41	0.422680412371134	True
YLZB4703-5A	SM3	CYU	0.0	0	1.0	HiC_scaffold8	47717719	False	A	G	0/1	99	99	61,38	0.3838383838383838	True
YLZB4703-7A	SM3	CYU	0.0	0	1.0	HiC_scaffold8	47717719	False	A	G	0/1	219	99	137,82	0.3744292237442922	True
YLZB4703-9A	SM3	CYU	0.0	0	1.0	HiC_scaffold8	47717719	False	A	G	0/1	77	99	34,43	0.5584415584415584	True
YLZB4715-10A	MY1	CYU	0.0	0	1.0	HiC_scaffold8	47717719	False	A	G	0/1	134	99	75,59	0.44029850746268656	True
YLZB4715-1A	MY1	CYU	0.0	0	1.0	HiC_scaffold8	47717719	False	A	G	0/1	72	99	48,24	0.3333333333333333	True
YLZB4715-2A	MY1	CYU	0.0	0	1.0	HiC_scaffold8	47717719	False	A	G	0/1	72	99	43,29	0.4027777777777778	True
YLZB4715-5A	MY1	CYU	0.0	0	1.0	HiC_scaffold8	47717719	False	A	G	0/1	63	99	36,27	0.42857142857142855	True
YLZB4715-6A	MY1	CYU	0.0	0	1.0	HiC_scaffold8	47717719	False	A	G	0/1	54	99	36,18	0.3333333333333333	True
YLZB4715-7A	MY1	CYU	0.0	0	1.0	HiC_scaffold8	47717719	False	A	G	0/1	103	99	54,49	0.47572815533980584	True
YLZB4715-8A	MY1	CYU	0.0	0	1.0	HiC_scaffold8	47717719	False	A	G	0/1	93	99	40,53	0.5698924731182796	True
YLZB4715-9A	MY1	CYU	0.0	0	1.0	HiC_scaffold8	47717719	False	A	G	0/1	115	99	58,57	0.4956521739130435	True
YLZB4735-10A	YSXC51	CPO	1.0	1	1.0	HiC_scaffold8	47717719	False	A	G	0/0	80	99	80,0	0.0	True
YLZB4735-1A	YSXC51	CPO	1.0	1	1.0	HiC_scaffold8	47717719	False	A	G	0/0	65	99	65,0	0.0	True
YLZB4735-2A	YSXC51	CPO	1.0	1	1.0	HiC_scaffold8	47717719	False	A	G	0/0	58	99	58,0	0.0	True
YLZB4735-3A	YSXC51	CPO	1.0	1	1.0	HiC_scaffold8	47717719	False	A	G	0/0	62	99	62,0	0.0	True
YLZB4735-5A	YSXC51	CPO	1.0	1	1.0	HiC_scaffold8	47717719	False	A	G	0/0	67	99	67,0	0.0	True
YLZB4735-6A	YSXC51	CPO	1.0	1	1.0	HiC_scaffold8	47717719	False	A	G	0/0	73	99	73,0	0.0	True
YLZB4735-8A	YSXC51	CPO	1.0	1	1.0	HiC_scaffold8	47717719	False	A	G	0/0	69	99	69,0	0.0	True
YLZB4735-9A	YSXC51	CPO	1.0	1	1.0	HiC_scaffold8	47717719	False	A	G	0/0	71	99	71,0	0.0	True
YLZB4816-11A	ASCD52	CPO	1.0	1	1.0	HiC_scaffold8	47717719	False	A	G	0/0	64	99	64,0	0.0	True
YLZB4816-3A	ASCD52	CPO	1.0	1	1.0	HiC_scaffold8	47717719	False	A	G	0/0	24	60	24,0	0.0	True
YLZB4816-4A	ASCD52	CPO	1.0	1	1.0	HiC_scaffold8	47717719	False	A	G	0/0	34	81	34,0	0.0	True
YLZB4816-6A	ASCD52	CPO	1.0	1	1.0	HiC_scaffold8	47717719	False	A	G	0/0	38	87	38,0	0.0	True
YLZB4816-7A	ASCD52	CPO	1.0	1	1.0	HiC_scaffold8	47717719	False	A	G	0/0	37	93	37,0	0.0	True
YLZB4816-8A	ASCD52	CPO	1.0	1	1.0	HiC_scaffold8	47717719	False	A	G	0/0	9	10	9,0	0.0	False
YLZB4816-9A	ASCD52	CPO	1.0	1	1.0	HiC_scaffold8	47717719	False	A	G	0/0	59	99	59,0	0.0	True
ZXL277-1A	YY12	CMA	1.0	1	0.0	HiC_scaffold8	47717719	False	A	G	0/0	39	99	39,0	0.0	True
ZXL277-2A	YY12	CMA	1.0	1	0.0	HiC_scaffold8	47717719	False	A	G	0/0	27	81	27,0	0.0	True
ZXL277-3A	YY12	CMA	1.0	1	0.0	HiC_scaffold8	47717719	False	A	G	0/0	25	72	25,0	0.0	True
ZXL277-4A	YY12	CMA	1.0	1	0.0	HiC_scaffold8	47717719	False	A	G	0/0	32	84	32,0	0.0	True
ZXL277-5A	YY12	CMA	1.0	1	0.0	HiC_scaffold8	47717719	False	A	G	0/0	23	63	23,0	0.0	True
ZXL277-6A	YY12	CMA	1.0	1	0.0	HiC_scaffold8	47717719	False	A	G	0/0	24	72	24,0	0.0	True
ZXL277-7A	YY12	CMA	1.0	1	0.0	HiC_scaffold8	47717719	False	A	G	0/0	30	84	30,0	0.0	True
ZXL277-8A	YY12	CMA	1.0	1	0.0	HiC_scaffold8	47717719	False	A	G	0/0	31	90	31,0	0.0	True
ZXL79-1A	CZ25	CMA	1.0	1	0.0	HiC_scaffold8	47717719	False	A	G	0/0	82	99	82,0	0.0	True
ZXL79-2A	CZ25	CMA	1.0	1	0.0	HiC_scaffold8	47717719	False	A	G	0/0	68	99	68,0	0.0	True
ZXL79-3A	CZ25	CMA	1.0	1	0.0	HiC_scaffold8	47717719	False	A	G	0/0	74	99	74,0	0.0	True
ZXL79-4A	CZ25	CMA	1.0	1	0.0	HiC_scaffold8	47717719	False	A	G	0/0	144	99	144,0	0.0	True
ZXL79-5A	CZ25	CMA	1.0	1	0.0	HiC_scaffold8	47717719	False	A	G	0/0	93	99	93,0	0.0	True
ZXL79-6A	CZ25	CMA	1.0	1	0.0	HiC_scaffold8	47717719	False	A	G	0/0	36	99	36,0	0.0	True
ZXL79-7A	CZ25	CMA	1.0	1	0.0	HiC_scaffold8	47717719	False	A	G	0/0	56	99	56,0	0.0	True
xubo266-2A	XY36	CMA	1.0	1	0.0	HiC_scaffold8	47717719	False	A	G	0/0	40	99	40,0	0.0	True
xubo266-3A	XY36	CMA	1.0	1	0.0	HiC_scaffold8	47717719	False	A	G	0/0	30	84	30,0	0.0	True
xubo266-4A	XY36	CMA	1.0	1	0.0	HiC_scaffold8	47717719	False	A	G	0/0	31	75	31,0	0.0	True
xubo266-5A	XY36	CMA	1.0	1	0.0	HiC_scaffold8	47717719	False	A	G	0/0	34	96	34,0	0.0	True
xubo266-6A	XY36	CMA	1.0	1	0.0	HiC_scaffold8	47717719	False	A	G	0/0	39	99	39,0	0.0	True
xubo266-8A	XY36	CMA	1.0	1	0.0	HiC_scaffold8	47717719	False	A	G	0/0	23	66	23,0	0.0	True
xubo266-9A	XY36	CMA	1.0	1	0.0	HiC_scaffold8	47717719	False	A	G	0/0	30	90	30,0	0.0	True
zhuzm1009-10A	KM42	CPO	1.0	1	1.0	HiC_scaffold8	47717719	False	A	G	0/0	103	99	103,0	0.0	True
zhuzm1009-2A	KM42	CPO	1.0	1	1.0	HiC_scaffold8	47717719	False	A	G	0/0	66	99	66,0	0.0	True
zhuzm1009-3A	KM42	CPO	1.0	1	1.0	HiC_scaffold8	47717719	False	A	G	0/0	35	90	35,0	0.0	True
zhuzm1009-6A	KM42	CPO	1.0	1	1.0	HiC_scaffold8	47717719	False	A	G	0/0	60	99	60,0	0.0	True
zhuzm1009-7A	KM42	CPO	1.0	1	1.0	HiC_scaffold8	47717719	False	A	G	0/0	42	99	42,0	0.0	True
zhuzm1009-8A	KM42	CPO	1.0	1	1.0	HiC_scaffold8	47717719	False	A	G	0/0	70	99	70,0	0.0	True
2014-128-1A	ML50	CPO	1.0	1	1.0	HiC_scaffold8	47717825	False	G	T	0/0	85	99	85,0	0.0	True
2014-128-2A	ML50	CPO	1.0	1	1.0	HiC_scaffold8	47717825	False	G	T	0/0	75	99	75,0	0.0	True
2014-128-3A	ML50	CPO	1.0	1	1.0	HiC_scaffold8	47717825	False	G	T	0/0	66	99	66,0	0.0	True
2014-128-4A	ML50	CPO	1.0	1	1.0	HiC_scaffold8	47717825	False	G	T	0/0	69	99	69,0	0.0	True
2014-128-5A	ML50	CPO	1.0	1	1.0	HiC_scaffold8	47717825	False	G	T	0/0	75	99	75,0	0.0	True
2014-132-2A	ML5	N	1.0	1	1.0	HiC_scaffold8	47717825	False	G	T	0/0	74	99	74,0	0.0	True
2014-132-3A	ML5	N	1.0	1	1.0	HiC_scaffold8	47717825	False	G	T	0/0	107	99	107,0	0.0	True
2014-132-4A	ML5	N	1.0	1	1.0	HiC_scaffold8	47717825	False	G	T	0/0	78	99	78,0	0.0	True
2014-132-5A	ML5	N	1.0	1	1.0	HiC_scaffold8	47717825	False	G	T	0/0	38	99	38,0	0.0	True
2014-132-6A	ML5	N	1.0	1	1.0	HiC_scaffold8	47717825	False	G	T	0/0	102	99	102,0	0.0	True
2014-132-7A	ML5	N	1.0	1	1.0	HiC_scaffold8	47717825	False	G	T	0/0	97	99	97,0	0.0	True
2014-132-8A	ML5	N	1.0	1	1.0	HiC_scaffold8	47717825	False	G	T	0/0	177	99	177,0	0.0	True
2014-132-9A	ML5	N	1.0	1	1.0	HiC_scaffold8	47717825	False	G	T	0/0	60	99	60,0	0.0	True
2014-3-10A	MN34	CPO	1.0	1	1.0	HiC_scaffold8	47717825	False	G	T	0/0	76	99	76,0	0.0	True
2014-3-3A	MN34	CPO	1.0	1	1.0	HiC_scaffold8	47717825	False	G	T	0/0	70	99	70,0	0.0	True
2014-3-4A	MN34	CPO	1.0	1	1.0	HiC_scaffold8	47717825	False	G	T	0/0	107	99	107,0	0.0	True
2014-3-5A	MN34	CPO	1.0	1	1.0	HiC_scaffold8	47717825	False	G	T	0/0	83	99	83,0	0.0	True
2014-3-6A	MN34	CPO	1.0	1	1.0	HiC_scaffold8	47717825	False	G	T	0/0	82	99	82,0	0.0	True
2014-3-7A	MN34	CPO	1.0	1	1.0	HiC_scaffold8	47717825	False	G	T	0/0	75	99	75,0	0.0	True
2014-3-8A	MN34	CPO	1.0	1	1.0	HiC_scaffold8	47717825	False	G	T	0/0	57	99	57,0	0.0	True
2014-3-9A	MN34	CPO	1.0	1	1.0	HiC_scaffold8	47717825	False	G	T	0/0	96	99	96,0	0.0	True
2014-66-1A	YL49	CPO	1.0	1	1.0	HiC_scaffold8	47717825	False	G	T	0/0	100	99	100,0	0.0	True
2014-66-2A	YL49	CPO	1.0	1	1.0	HiC_scaffold8	47717825	False	G	T	0/0	65	99	65,0	0.0	True
2014-66-3A	YL49	CPO	1.0	1	1.0	HiC_scaffold8	47717825	False	G	T	0/0	53	99	53,0	0.0	True
2014-66-4A	YL49	CPO	1.0	1	1.0	HiC_scaffold8	47717825	False	G	T	0/0	19	48	19,0	0.0	True
2014-66-5A	YL49	CPO	1.0	1	1.0	HiC_scaffold8	47717825	False	G	T	0/0	31	90	31,0	0.0	True
2014-66-6A	YL49	CPO	1.0	1	1.0	HiC_scaffold8	47717825	False	G	T	0/0	75	99	75,0	0.0	True
2014-66-7A	YL49	CPO	1.0	1	1.0	HiC_scaffold8	47717825	False	G	T	0/0	83	99	83,0	0.0	True
2014-66-8A	YL49	CPO	1.0	1	1.0	HiC_scaffold8	47717825	False	G	T	0/0	79	99	79,0	0.0	True
DP1709141A	DQS11	CMA	1.0	1	0.0	HiC_scaffold8	47717825	False	G	T	0/0	71	99	71,0	0.0	True
DP1709144A	DQS11	CMA	1.0	1	0.0	HiC_scaffold8	47717825	False	G	T	0/0	46	99	46,0	0.0	True
DP1709148A	DQS11	CMA	1.0	1	0.0	HiC_scaffold8	47717825	False	G	T	0/0	53	99	53,0	0.0	True
Gln2014-15-10A	LD30	CYU	0.0	0	1.0	HiC_scaffold8	47717825	False	G	T	0/1	64	99	25,39	0.609375	True
Gln2014-15-1A	LD30	CYU	0.0	0	1.0	HiC_scaffold8	47717825	False	G	T	0/1	62	99	46,16	0.25806451612903225	True
Gln2014-15-3A	LD30	CYU	0.0	0	1.0	HiC_scaffold8	47717825	False	G	T	0/1	49	99	37,12	0.24489795918367346	True
Gln2014-15-4A	LD30	CYU	0.0	0	1.0	HiC_scaffold8	47717825	False	G	T	0/1	57	99	22,35	0.6140350877192983	True
Gln2014-15-5A	LD30	CYU	0.0	0	1.0	HiC_scaffold8	47717825	False	G	T	0/1	86	99	18,68	0.7906976744186046	True
Gln2014-15-6A	LD30	CYU	0.0	0	1.0	HiC_scaffold8	47717825	False	G	T	0/1	63	99	24,39	0.6190476190476191	True
Gln2014-15-7A	LD30	CYU	0.0	0	1.0	HiC_scaffold8	47717825	False	G	T	0/1	62	99	47,15	0.24193548387096775	True
Gln2014-15-8A	LD30	CYU	0.0	0	1.0	HiC_scaffold8	47717825	False	G	T	0/1	83	99	47,36	0.43373493975903615	True
Gln2014-8-1A	LD06	CPO	1.0	1	1.0	HiC_scaffold8	47717825	False	G	T	0/0	87	99	87,0	0.0	True
Gln2014-8-2A	LD06	CPO	1.0	1	1.0	HiC_scaffold8	47717825	False	G	T	0/0	41	99	41,0	0.0	True
Gln2014-8-4A	LD06	CPO	1.0	1	1.0	HiC_scaffold8	47717825	False	G	T	0/0	69	99	69,0	0.0	True
Gln2014-8-5A	LD06	CPO	1.0	1	1.0	HiC_scaffold8	47717825	False	G	T	0/0	67	99	67,0	0.0	True
Gln2014-8-6A	LD06	CPO	1.0	1	1.0	HiC_scaffold8	47717825	False	G	T	0/0	85	99	85,0	0.0	True
Gln2014-8-7A	LD06	CPO	1.0	1	1.0	HiC_scaffold8	47717825	False	G	T	0/0	50	99	50,0	0.0	True
Gln2014-8-8A	LD06	CPO	1.0	1	1.0	HiC_scaffold8	47717825	False	G	T	0/0	55	99	55,0	0.0	True
JLS-BM001-1A	BM31	N	NA	1	NA	HiC_scaffold8	47717825	False	G	T	0/0	203	99	203,0	0.0	True
JLS-BM001-2A	BM31	N	NA	1	NA	HiC_scaffold8	47717825	False	G	T	0/0	140	99	140,0	0.0	True
JLS-BM001-3A	BM31	N	NA	1	NA	HiC_scaffold8	47717825	False	G	T	0/0	190	99	190,0	0.0	True
JLS-BM001-4A	BM31	N	NA	1	NA	HiC_scaffold8	47717825	False	G	T	0/0	194	99	194,0	0.0	True
JLS-BM001-5A	BM31	N	NA	1	NA	HiC_scaffold8	47717825	False	G	T	0/0	194	99	194,0	0.0	True
JLS-BM001-6A	BM31	N	NA	1	NA	HiC_scaffold8	47717825	False	G	T	0/0	200	99	200,0	0.0	True
JLS-BM001-7A	BM31	N	NA	1	NA	HiC_scaffold8	47717825	False	G	T	0/0	119	99	119,0	0.0	True
JLS-BM001-8A	BM31	N	NA	1	NA	HiC_scaffold8	47717825	False	G	T	0/0	170	99	170,0	0.0	True
JLS-CY022-10A	CY32	CPO	1.0	1	1.0	HiC_scaffold8	47717825	False	G	T	0/0	40	99	40,0	0.0	True
JLS-CY022-11A	CY32	CPO	1.0	1	1.0	HiC_scaffold8	47717825	False	G	T	0/0	53	99	53,0	0.0	True
JLS-CY022-4A	CY32	CPO	1.0	1	1.0	HiC_scaffold8	47717825	False	G	T	0/0	29	81	29,0	0.0	True
JLS-CY022-5A	CY32	CPO	1.0	1	1.0	HiC_scaffold8	47717825	False	G	T	0/0	69	99	69,0	0.0	True
JLS-CY022-6A	CY32	CPO	1.0	1	1.0	HiC_scaffold8	47717825	False	G	T	0/0	53	99	53,0	0.0	True
JLS-CY022-7A	CY32	CPO	1.0	1	1.0	HiC_scaffold8	47717825	False	G	T	0/0	62	99	62,0	0.0	True
Sha-WS-1A	WS14	CMA	1.0	1	0.0	HiC_scaffold8	47717825	False	G	T	0/0	22	60	22,0	0.0	True
Sha-WS-2A	WS14	CMA	1.0	1	0.0	HiC_scaffold8	47717825	False	G	T	0/0	17	51	17,0	0.0	True
Sha-WS-3A	WS14	CMA	1.0	1	0.0	HiC_scaffold8	47717825	False	G	T	0/0	39	99	39,0	0.0	True
Sha-WS-4A	WS14	CMA	1.0	1	0.0	HiC_scaffold8	47717825	False	G	T	0/0	29	81	29,0	0.0	True
Sha-WS-5A	WS14	CMA	1.0	1	0.0	HiC_scaffold8	47717825	False	G	T	0/0	32	87	32,0	0.0	True
Sha-WS-6A	WS14	CMA	1.0	1	0.0	HiC_scaffold8	47717825	False	G	T	0/0	27	81	27,0	0.0	True
Sha-WS-7A	WS14	CMA	1.0	1	0.0	HiC_scaffold8	47717825	False	G	T	0/0	28	81	28,0	0.0	True
Sha-WS-8A	WS14	CMA	1.0	1	0.0	HiC_scaffold8	47717825	False	G	T	0/0	28	84	28,0	0.0	True
THP-SET_1917-1A	MK27	CPO	1.0	1	1.0	HiC_scaffold8	47717825	False	G	T	0/0	188	99	188,0	0.0	True
THP-SET_1917-2A	MK27	CPO	1.0	1	1.0	HiC_scaffold8	47717825	False	G	T	0/0	82	99	82,0	0.0	True
THP-SET_1917-3A	MK27	CPO	1.0	1	1.0	HiC_scaffold8	47717825	False	G	T	0/0	110	99	110,0	0.0	True
THP-SET_1917-4A	MK27	CPO	1.0	1	1.0	HiC_scaffold8	47717825	False	G	T	0/0	114	99	114,0	0.0	True
THP-SET_1917-5A	MK27	CPO	1.0	1	1.0	HiC_scaffold8	47717825	False	G	T	0/0	159	99	159,0	0.0	True
THP-SET_1917-6A	MK27	CPO	1.0	1	1.0	HiC_scaffold8	47717825	False	G	T	0/0	171	99	171,0	0.0	True
THP-SET_1917-7A	MK27	CPO	1.0	1	1.0	HiC_scaffold8	47717825	False	G	T	0/0	156	99	156,0	0.0	True
THP-SET_1917-8A	MK27	CPO	1.0	1	1.0	HiC_scaffold8	47717825	False	G	T	0/0	181	99	181,0	0.0	True
XB2014-144-2A	SM35	CYU	1.0	1	1.0	HiC_scaffold8	47717825	False	G	T	0/0	96	99	96,0	0.0	True
XB2014-144-3A	SM35	CYU	1.0	1	1.0	HiC_scaffold8	47717825	False	G	T	0/0	67	99	67,0	0.0	True
XB2014-144-4A	SM35	CYU	1.0	1	1.0	HiC_scaffold8	47717825	False	G	T	0/0	71	99	71,0	0.0	True
XB2014-144-5A	SM35	CYU	1.0	1	1.0	HiC_scaffold8	47717825	False	G	T	0/0	82	0	82,0	0.0	False
XB2014-144-6A	SM35	CYU	1.0	1	1.0	HiC_scaffold8	47717825	False	G	T	0/0	58	99	58,0	0.0	True
XB2014-144-7A	SM35	CYU	1.0	1	1.0	HiC_scaffold8	47717825	False	G	T	0/0	131	99	131,0	0.0	True
XB2014-144-8A	SM35	CYU	1.0	1	1.0	HiC_scaffold8	47717825	False	G	T	0/0	120	99	120,0	0.0	True
XB2014-144-9A	SM35	CYU	1.0	1	1.0	HiC_scaffold8	47717825	False	G	T	0/0	48	99	48,0	0.0	True
XB2014-38-2A	EY8	CYU	0.0	1	1.0	HiC_scaffold8	47717825	False	G	T	0/1	54	99	33,21	0.3888888888888889	True
XB2014-38-3A	EY8	CYU	0.0	1	1.0	HiC_scaffold8	47717825	False	G	T	0/0	27	81	27,0	0.0	True
XB2014-38-4A	EY8	CYU	0.0	1	1.0	HiC_scaffold8	47717825	False	G	T	0/0	33	99	33,0	0.0	True
XB2014-38-5A	EY8	CYU	0.0	1	1.0	HiC_scaffold8	47717825	False	G	T	0/0	40	99	40,0	0.0	True
XB2014-38-6A	EY9	CPO	0.0	1	1.0	HiC_scaffold8	47717825	False	G	T	0/0	28	75	28,0	0.0	True
XB2014-39-1A	EY9	CPO	1.0	1	1.0	HiC_scaffold8	47717825	False	G	T	0/0	36	96	36,0	0.0	True
XB2014-39-2A	EY9	CPO	1.0	1	1.0	HiC_scaffold8	47717825	False	G	T	0/0	83	99	83,0	0.0	True
XB2014-39-3A	EY9	CPO	1.0	1	1.0	HiC_scaffold8	47717825	False	G	T	0/0	67	99	67,0	0.0	True
XB2014-39-4A	EY9	CPO	1.0	1	1.0	HiC_scaffold8	47717825	False	G	T	0/0	40	54	40,0	0.0	True
XB2014-39-5A	EY9	CPO	1.0	1	1.0	HiC_scaffold8	47717825	False	G	T	0/0	57	99	57,0	0.0	True
XB2014-39-6A	EY9	CPO	1.0	1	1.0	HiC_scaffold8	47717825	False	G	T	0/0	111	99	111,0	0.0	True
XB2014-39-7A	EY9	CPO	1.0	1	1.0	HiC_scaffold8	47717825	False	G	T	0/0	89	99	89,0	0.0	True
XB2014-39-8A	EY9	CPO	1.0	1	1.0	HiC_scaffold8	47717825	False	G	T	0/0	54	99	54,0	0.0	True
XB2014-4-2A	MN4	CYU	0.0	0	1.0	HiC_scaffold8	47717825	False	G	T	0/1	47	99	36,11	0.23404255319148937	True
XB2014-4-3A	MN4	CYU	0.0	0	1.0	HiC_scaffold8	47717825	False	G	T	0/1	52	99	21,31	0.5961538461538461	True
XB2014-4-4A	MN4	CYU	0.0	0	1.0	HiC_scaffold8	47717825	False	G	T	0/1	51	99	27,24	0.47058823529411764	True
XB2014-4-5A	MN4	CYU	0.0	0	1.0	HiC_scaffold8	47717825	False	G	T	0/1	51	99	28,23	0.45098039215686275	True
XB2014-4-6A	MN4	CYU	0.0	0	1.0	HiC_scaffold8	47717825	False	G	T	0/1	45	99	19,26	0.5777777777777777	True
XB2014-4-7A	MN4	CYU	0.0	0	1.0	HiC_scaffold8	47717825	False	G	T	0/1	63	99	43,20	0.31746031746031744	True
XB2014-4-8A	YL9	CYU	0.0	0	1.0	HiC_scaffold8	47717825	False	G	T	0/1	39	99	30,9	0.23076923076923078	True
XB2014-4-9A	YL9	CYU	0.0	0	1.0	HiC_scaffold8	47717825	False	G	T	0/1	51	99	21,30	0.5882352941176471	True
XB2014-48-1A	MN4	CYU	0.0	0	1.0	HiC_scaffold8	47717825	False	G	T	0/1	64	99	52,12	0.1875	True
XB2014-48-2A	MN4	CYU	0.0	0	1.0	HiC_scaffold8	47717825	False	G	T	0/1	43	63	6,37	0.8604651162790697	True
XB2014-48-3A	YL9	CYU	0.0	0	1.0	HiC_scaffold8	47717825	False	G	T	0/1	59	99	34,25	0.423728813559322	True
XB2014-48-4A	YL9	CYU	0.0	0	1.0	HiC_scaffold8	47717825	False	G	T	0/1	40	99	17,23	0.575	True
XB2014-48-5A	YL9	CYU	0.0	0	1.0	HiC_scaffold8	47717825	False	G	T	0/1	59	99	34,25	0.423728813559322	True
XB2014-48-6A	YL9	CYU	0.0	0	1.0	HiC_scaffold8	47717825	False	G	T	0/1	38	99	12,26	0.6842105263157895	True
XB2014-48-7A	YL9	CYU	0.0	0	1.0	HiC_scaffold8	47717825	False	G	T	0/1	57	99	31,26	0.45614035087719296	True
XB2014-48-9A	YL9	CYU	0.0	0	1.0	HiC_scaffold8	47717825	False	G	T	0/1	46	99	29,17	0.3695652173913043	True
XB26-3B	SC37	CPO	1.0	1	1.0	HiC_scaffold8	47717825	False	G	T	0/0	49	99	49,0	0.0	True
XB26-4B	SC37	CPO	1.0	1	1.0	HiC_scaffold8	47717825	False	G	T	0/0	30	53	30,0	0.0	True
XB26-5B	SC37	CPO	1.0	1	1.0	HiC_scaffold8	47717825	False	G	T	0/0	48	99	48,0	0.0	True
XB26-7B	SC37	CPO	1.0	1	1.0	HiC_scaffold8	47717825	False	G	T	0/0	32	81	32,0	0.0	True
XuBo982-1A	XS40	CMA	1.0	1	0.0	HiC_scaffold8	47717825	False	G	T	0/0	29	78	29,0	0.0	True
XuBo982-2A	XS40	CMA	1.0	1	0.0	HiC_scaffold8	47717825	False	G	T	0/0	29	81	29,0	0.0	True
XuBo982-3A	XS40	CMA	1.0	1	0.0	HiC_scaffold8	47717825	False	G	T	0/0	34	99	34,0	0.0	True
XuBo982-4A	XS40	CMA	1.0	1	0.0	HiC_scaffold8	47717825	False	G	T	0/0	24	66	24,0	0.0	True
XuBo982-5A	XS40	CMA	1.0	1	0.0	HiC_scaffold8	47717825	False	G	T	0/0	40	99	40,0	0.0	True
XubBo-1037-1A	LN46	N	1.0	1	0.0	HiC_scaffold8	47717825	False	G	T	0/0	45	99	45,0	0.0	True
XubBo-1037-2A	TB43	CMA	NA	1	NA	HiC_scaffold8	47717825	False	G	T	0/0	80	99	80,0	0.0	True
XubBo-1037-3A	TB43	CMA	NA	1	NA	HiC_scaffold8	47717825	False	G	T	0/0	115	99	115,0	0.0	True
XubBo-1037-4A	TB43	CMA	NA	1	NA	HiC_scaffold8	47717825	False	G	T	0/0	83	99	83,0	0.0	True
XubBo-1037-5A	TB43	CMA	NA	1	NA	HiC_scaffold8	47717825	False	G	T	0/0	67	99	67,0	0.0	True
XubBo-1037-6A	TB43	CMA	NA	1	NA	HiC_scaffold8	47717825	False	G	T	0/0	53	99	53,0	0.0	True
XubBo-1037-7A	TB43	CMA	NA	1	NA	HiC_scaffold8	47717825	False	G	T	0/0	84	99	84,0	0.0	True
XubBo-1037-8A	TB43	CMA	NA	1	NA	HiC_scaffold8	47717825	False	G	T	0/0	62	99	62,0	0.0	True
XubBo1030-10A	LN46	N	1.0	1	0.0	HiC_scaffold8	47717825	False	G	T	0/0	25	75	25,0	0.0	True
XubBo1030-1A	LN46	N	1.0	1	0.0	HiC_scaffold8	47717825	False	G	T	0/0	28	72	28,0	0.0	True
XubBo1030-3A	LN46	N	1.0	1	0.0	HiC_scaffold8	47717825	False	G	T	0/0	13	39	13,0	0.0	True
XubBo1030-5A	LN46	N	1.0	1	0.0	HiC_scaffold8	47717825	False	G	T	0/0	16	42	16,0	0.0	True
XubBo1030-6A	LN46	N	1.0	1	0.0	HiC_scaffold8	47717825	False	G	T	0/0	36	99	36,0	0.0	True
XubBo1030-8A	LN46	N	1.0	1	0.0	HiC_scaffold8	47717825	False	G	T	0/0	26	65	26,0	0.0	True
XubBo1030-9A	LN46	N	1.0	1	0.0	HiC_scaffold8	47717825	False	G	T	0/0	17	48	17,0	0.0	True
XubBo1051-10A	WX48	CMA	1.0	1	0.0	HiC_scaffold8	47717825	False	G	T	0/0	20	60	20,0	0.0	True
XubBo1051-1A	WX48	CMA	1.0	1	0.0	HiC_scaffold8	47717825	False	G	T	0/0	30	87	30,0	0.0	True
XubBo1051-2A	WX48	CMA	1.0	1	0.0	HiC_scaffold8	47717825	False	G	T	0/0	27	70	27,0	0.0	True
XubBo1051-3A	WX48	CMA	1.0	1	0.0	HiC_scaffold8	47717825	False	G	T	0/0	14	39	14,0	0.0	True
XubBo1051-4A	WX48	CMA	1.0	1	0.0	HiC_scaffold8	47717825	False	G	T	0/0	22	57	22,0	0.0	True
XubBo1051-7A	WX48	CMA	1.0	1	0.0	HiC_scaffold8	47717825	False	G	T	0/0	25	75	25,0	0.0	True
XubBo1051-8A	WX48	CMA	1.0	1	0.0	HiC_scaffold8	47717825	False	G	T	0/0	42	99	42,0	0.0	True
XubBo1051-9A	WX48	CMA	1.0	1	0.0	HiC_scaffold8	47717825	False	G	T	0/0	20	38	20,0	0.0	True
Xubo01402-2A	YS26	CYU	1.0	1	1.0	HiC_scaffold8	47717825	False	G	T	0/0	39	99	39,0	0.0	True
Xubo01402-3A	YS26	CYU	1.0	1	1.0	HiC_scaffold8	47717825	False	G	T	0/0	28	78	28,0	0.0	True
Xubo01402-4A	YS26	CYU	1.0	1	1.0	HiC_scaffold8	47717825	False	G	T	0/0	34	81	34,0	0.0	True
Xubo01402-5A	YS26	CYU	1.0	1	1.0	HiC_scaffold8	47717825	False	G	T	0/0	35	90	35,0	0.0	True
Xubo01402-6A	YS26	CYU	1.0	1	1.0	HiC_scaffold8	47717825	False	G	T	0/0	36	99	36,0	0.0	True
Xubo01402-7A	YS26	CYU	1.0	1	1.0	HiC_scaffold8	47717825	False	G	T	0/0	36	96	36,0	0.0	True
Xubo01402-8A	YS26	CYU	1.0	1	1.0	HiC_scaffold8	47717825	False	G	T	0/0	30	90	30,0	0.0	True
Xubo01402-9A	YS26	CYU	1.0	1	1.0	HiC_scaffold8	47717825	False	G	T	0/0	20	48	20,0	0.0	True
YLZB4703-2A	SM3	CYU	0.0	0	1.0	HiC_scaffold8	47717825	False	G	T	0/1	84	99	23,61	0.7261904761904762	True
YLZB4703-3A	SM3	CYU	0.0	0	1.0	HiC_scaffold8	47717825	False	G	T	0/1	116	99	70,46	0.39655172413793105	True
YLZB4703-5A	SM3	CYU	0.0	0	1.0	HiC_scaffold8	47717825	False	G	T	0/1	87	99	49,38	0.4367816091954023	True
YLZB4703-7A	SM3	CYU	0.0	0	1.0	HiC_scaffold8	47717825	False	G	T	0/1	210	99	130,80	0.38095238095238093	True
YLZB4703-9A	SM3	CYU	0.0	0	1.0	HiC_scaffold8	47717825	False	G	T	0/1	74	99	28,46	0.6216216216216216	True
YLZB4715-10A	MY1	CYU	0.0	0	1.0	HiC_scaffold8	47717825	False	G	T	0/1	114	99	67,47	0.41228070175438597	True
YLZB4715-1A	MY1	CYU	0.0	0	1.0	HiC_scaffold8	47717825	False	G	T	0/1	80	99	45,35	0.4375	True
YLZB4715-2A	MY1	CYU	0.0	0	1.0	HiC_scaffold8	47717825	False	G	T	0/1	82	99	49,33	0.4024390243902439	True
YLZB4715-5A	MY1	CYU	0.0	0	1.0	HiC_scaffold8	47717825	False	G	T	0/1	52	99	30,22	0.4230769230769231	True
YLZB4715-6A	MY1	CYU	0.0	0	1.0	HiC_scaffold8	47717825	False	G	T	0/1	66	99	50,16	0.24242424242424243	True
YLZB4715-7A	MY1	CYU	0.0	0	1.0	HiC_scaffold8	47717825	False	G	T	0/1	79	99	35,44	0.5569620253164557	True
YLZB4715-8A	MY1	CYU	0.0	0	1.0	HiC_scaffold8	47717825	False	G	T	0/1	86	99	36,50	0.5813953488372093	True
YLZB4715-9A	MY1	CYU	0.0	0	1.0	HiC_scaffold8	47717825	False	G	T	0/1	134	99	59,75	0.5597014925373134	True
YLZB4735-10A	YSXC51	CPO	1.0	1	1.0	HiC_scaffold8	47717825	False	G	T	0/0	85	99	85,0	0.0	True
YLZB4735-1A	YSXC51	CPO	1.0	1	1.0	HiC_scaffold8	47717825	False	G	T	0/0	61	99	61,0	0.0	True
YLZB4735-2A	YSXC51	CPO	1.0	1	1.0	HiC_scaffold8	47717825	False	G	T	0/0	78	99	78,0	0.0	True
YLZB4735-3A	YSXC51	CPO	1.0	1	1.0	HiC_scaffold8	47717825	False	G	T	0/0	60	99	60,0	0.0	True
YLZB4735-5A	YSXC51	CPO	1.0	1	1.0	HiC_scaffold8	47717825	False	G	T	0/0	80	99	80,0	0.0	True
YLZB4735-6A	YSXC51	CPO	1.0	1	1.0	HiC_scaffold8	47717825	False	G	T	0/0	61	99	61,0	0.0	True
YLZB4735-8A	YSXC51	CPO	1.0	1	1.0	HiC_scaffold8	47717825	False	G	T	0/0	85	99	85,0	0.0	True
YLZB4735-9A	YSXC51	CPO	1.0	1	1.0	HiC_scaffold8	47717825	False	G	T	0/0	82	99	82,0	0.0	True
YLZB4816-11A	ASCD52	CPO	1.0	1	1.0	HiC_scaffold8	47717825	False	G	T	0/0	63	99	63,0	0.0	True
YLZB4816-3A	ASCD52	CPO	1.0	1	1.0	HiC_scaffold8	47717825	False	G	T	0/0	29	81	29,0	0.0	True
YLZB4816-4A	ASCD52	CPO	1.0	1	1.0	HiC_scaffold8	47717825	False	G	T	0/0	35	99	35,0	0.0	True
YLZB4816-6A	ASCD52	CPO	1.0	1	1.0	HiC_scaffold8	47717825	False	G	T	0/0	29	75	29,0	0.0	True
YLZB4816-7A	ASCD52	CPO	1.0	1	1.0	HiC_scaffold8	47717825	False	G	T	0/0	27	72	27,0	0.0	True
YLZB4816-8A	ASCD52	CPO	1.0	1	1.0	HiC_scaffold8	47717825	False	G	T	0/0	10	24	10,0	0.0	True
YLZB4816-9A	ASCD52	CPO	1.0	1	1.0	HiC_scaffold8	47717825	False	G	T	0/0	53	99	53,0	0.0	True
ZXL277-1A	YY12	CMA	1.0	1	0.0	HiC_scaffold8	47717825	False	G	T	0/0	45	99	45,0	0.0	True
ZXL277-2A	YY12	CMA	1.0	1	0.0	HiC_scaffold8	47717825	False	G	T	0/0	27	81	27,0	0.0	True
ZXL277-3A	YY12	CMA	1.0	1	0.0	HiC_scaffold8	47717825	False	G	T	0/0	25	72	25,0	0.0	True
ZXL277-4A	YY12	CMA	1.0	1	0.0	HiC_scaffold8	47717825	False	G	T	0/0	29	75	29,0	0.0	True
ZXL277-5A	YY12	CMA	1.0	1	0.0	HiC_scaffold8	47717825	False	G	T	0/0	18	48	18,0	0.0	True
ZXL277-6A	YY12	CMA	1.0	1	0.0	HiC_scaffold8	47717825	False	G	T	0/0	22	60	22,0	0.0	True
ZXL277-7A	YY12	CMA	1.0	1	0.0	HiC_scaffold8	47717825	False	G	T	0/0	30	84	30,0	0.0	True
ZXL277-8A	YY12	CMA	1.0	1	0.0	HiC_scaffold8	47717825	False	G	T	0/0	35	99	35,0	0.0	True
ZXL79-1A	CZ25	CMA	1.0	1	0.0	HiC_scaffold8	47717825	False	G	T	0/0	101	99	101,0	0.0	True
ZXL79-2A	CZ25	CMA	1.0	1	0.0	HiC_scaffold8	47717825	False	G	T	0/0	71	99	71,0	0.0	True
ZXL79-3A	CZ25	CMA	1.0	1	0.0	HiC_scaffold8	47717825	False	G	T	0/0	64	99	64,0	0.0	True
ZXL79-4A	CZ25	CMA	1.0	1	0.0	HiC_scaffold8	47717825	False	G	T	0/0	174	99	174,0	0.0	True
ZXL79-5A	CZ25	CMA	1.0	1	0.0	HiC_scaffold8	47717825	False	G	T	0/0	84	99	84,0	0.0	True
ZXL79-6A	CZ25	CMA	1.0	1	0.0	HiC_scaffold8	47717825	False	G	T	0/0	40	99	40,0	0.0	True
ZXL79-7A	CZ25	CMA	1.0	1	0.0	HiC_scaffold8	47717825	False	G	T	0/0	63	99	63,0	0.0	True
xubo266-2A	XY36	CMA	1.0	1	0.0	HiC_scaffold8	47717825	False	G	T	0/0	38	99	38,0	0.0	True
xubo266-3A	XY36	CMA	1.0	1	0.0	HiC_scaffold8	47717825	False	G	T	0/0	33	90	33,0	0.0	True
xubo266-4A	XY36	CMA	1.0	1	0.0	HiC_scaffold8	47717825	False	G	T	0/0	30	84	30,0	0.0	True
xubo266-5A	XY36	CMA	1.0	1	0.0	HiC_scaffold8	47717825	False	G	T	0/0	23	54	23,0	0.0	True
xubo266-6A	XY36	CMA	1.0	1	0.0	HiC_scaffold8	47717825	False	G	T	0/0	37	99	37,0	0.0	True
xubo266-8A	XY36	CMA	1.0	1	0.0	HiC_scaffold8	47717825	False	G	T	0/0	30	90	30,0	0.0	True
xubo266-9A	XY36	CMA	1.0	1	0.0	HiC_scaffold8	47717825	False	G	T	0/0	20	60	20,0	0.0	True
zhuzm1009-10A	KM42	CPO	1.0	1	1.0	HiC_scaffold8	47717825	False	G	T	0/0	85	99	85,0	0.0	True
zhuzm1009-2A	KM42	CPO	1.0	1	1.0	HiC_scaffold8	47717825	False	G	T	0/0	74	99	74,0	0.0	True
zhuzm1009-3A	KM42	CPO	1.0	1	1.0	HiC_scaffold8	47717825	False	G	T	0/0	37	79	37,0	0.0	True
zhuzm1009-6A	KM42	CPO	1.0	1	1.0	HiC_scaffold8	47717825	False	G	T	0/0	41	99	41,0	0.0	True
zhuzm1009-7A	KM42	CPO	1.0	1	1.0	HiC_scaffold8	47717825	False	G	T	0/0	43	99	43,0	0.0	True
zhuzm1009-8A	KM42	CPO	1.0	1	1.0	HiC_scaffold8	47717825	False	G	T	0/0	55	99	55,0	0.0	True
2014-128-1A	ML50	CPO	1.0	1	1.0	HiC_scaffold8	47718285	False	G	T	0/0	84	0	84,0	0.0	False
2014-128-2A	ML50	CPO	1.0	1	1.0	HiC_scaffold8	47718285	False	G	T	0/0	44	90	44,0	0.0	True
2014-128-3A	ML50	CPO	1.0	1	1.0	HiC_scaffold8	47718285	False	G	T	0/0	71	72	71,0	0.0	True
2014-128-4A	ML50	CPO	1.0	1	1.0	HiC_scaffold8	47718285	False	G	T	0/0	69	99	69,0	0.0	True
2014-128-5A	ML50	CPO	1.0	1	1.0	HiC_scaffold8	47718285	False	G	T	0/0	104	99	104,0	0.0	True
2014-132-2A	ML5	N	1.0	1	1.0	HiC_scaffold8	47718285	False	G	T	0/0	77	99	77,0	0.0	True
2014-132-3A	ML5	N	1.0	1	1.0	HiC_scaffold8	47718285	False	G	T	0/0	115	0	115,0	0.0	False
2014-132-4A	ML5	N	1.0	1	1.0	HiC_scaffold8	47718285	False	G	T	0/0	134	0	134,0	0.0	False
2014-132-5A	ML5	N	1.0	1	1.0	HiC_scaffold8	47718285	False	G	T	0/0	28	51	28,0	0.0	True
2014-132-6A	ML5	N	1.0	1	1.0	HiC_scaffold8	47718285	False	G	T	0/0	83	0	83,0	0.0	False
2014-132-7A	ML5	N	1.0	1	1.0	HiC_scaffold8	47718285	False	G	T	0/0	99	0	99,0	0.0	False
2014-132-8A	ML5	N	1.0	1	1.0	HiC_scaffold8	47718285	False	G	T	0/0	166	59	166,0	0.0	True
2014-132-9A	ML5	N	1.0	1	1.0	HiC_scaffold8	47718285	False	G	T	0/0	72	99	72,0	0.0	True
2014-3-10A	MN34	CPO	1.0	1	1.0	HiC_scaffold8	47718285	False	G	T	0/0	104	99	104,0	0.0	True
2014-3-3A	MN34	CPO	1.0	1	1.0	HiC_scaffold8	47718285	False	G	T	0/0	80	99	80,0	0.0	True
2014-3-4A	MN34	CPO	1.0	1	1.0	HiC_scaffold8	47718285	False	G	T	0/0	80	99	80,0	0.0	True
2014-3-5A	MN34	CPO	1.0	1	1.0	HiC_scaffold8	47718285	False	G	T	0/0	63	99	63,0	0.0	True
2014-3-6A	MN34	CPO	1.0	1	1.0	HiC_scaffold8	47718285	False	G	T	0/0	73	99	73,0	0.0	True
2014-3-7A	MN34	CPO	1.0	1	1.0	HiC_scaffold8	47718285	False	G	T	0/0	71	99	71,0	0.0	True
2014-3-8A	MN34	CPO	1.0	1	1.0	HiC_scaffold8	47718285	False	G	T	0/0	72	99	72,0	0.0	True
2014-3-9A	MN34	CPO	1.0	1	1.0	HiC_scaffold8	47718285	False	G	T	0/0	82	99	82,0	0.0	True
2014-66-1A	YL49	CPO	1.0	1	1.0	HiC_scaffold8	47718285	False	G	T	0/0	52	36	52,0	0.0	True
2014-66-2A	YL49	CPO	1.0	1	1.0	HiC_scaffold8	47718285	False	G	T	0/0	68	57	68,0	0.0	True
2014-66-3A	YL49	CPO	1.0	1	1.0	HiC_scaffold8	47718285	False	G	T	0/0	62	99	62,0	0.0	True
2014-66-4A	YL49	CPO	1.0	1	1.0	HiC_scaffold8	47718285	False	G	T	0/0	34	21	34,0	0.0	True
2014-66-5A	YL49	CPO	1.0	1	1.0	HiC_scaffold8	47718285	False	G	T	0/0	45	36	45,0	0.0	True
2014-66-6A	YL49	CPO	1.0	1	1.0	HiC_scaffold8	47718285	False	G	T	0/0	58	81	58,0	0.0	True
2014-66-7A	YL49	CPO	1.0	1	1.0	HiC_scaffold8	47718285	False	G	T	0/0	48	90	48,0	0.0	True
2014-66-8A	YL49	CPO	1.0	1	1.0	HiC_scaffold8	47718285	False	G	T	0/0	81	81	81,0	0.0	True
DP1709141A	DQS11	CMA	1.0	1	0.0	HiC_scaffold8	47718285	False	G	T	0/0	57	99	57,0	0.0	True
DP1709144A	DQS11	CMA	1.0	1	0.0	HiC_scaffold8	47718285	False	G	T	0/0	68	99	68,0	0.0	True
DP1709148A	DQS11	CMA	1.0	1	0.0	HiC_scaffold8	47718285	False	G	T	0/0	77	99	77,0	0.0	True
Gln2014-15-10A	LD30	CYU	0.0	0	1.0	HiC_scaffold8	47718285	False	G	T	0/1	55	99	15,40	0.7272727272727273	True
Gln2014-15-1A	LD30	CYU	0.0	0	1.0	HiC_scaffold8	47718285	False	G	T	0/1	76	99	59,17	0.2236842105263158	True
Gln2014-15-3A	LD30	CYU	0.0	0	1.0	HiC_scaffold8	47718285	False	G	T	0/1	48	99	33,15	0.3125	True
Gln2014-15-4A	LD30	CYU	0.0	0	1.0	HiC_scaffold8	47718285	False	G	T	0/1	55	99	20,35	0.6363636363636364	True
Gln2014-15-5A	LD30	CYU	0.0	0	1.0	HiC_scaffold8	47718285	False	G	T	0/1	83	99	29,54	0.6506024096385542	True
Gln2014-15-6A	LD30	CYU	0.0	0	1.0	HiC_scaffold8	47718285	False	G	T	0/1	72	99	16,56	0.7777777777777778	True
Gln2014-15-7A	LD30	CYU	0.0	0	1.0	HiC_scaffold8	47718285	False	G	T	0/1	61	99	41,20	0.32786885245901637	True
Gln2014-15-8A	LD30	CYU	0.0	0	1.0	HiC_scaffold8	47718285	False	G	T	0/1	69	99	31,38	0.5507246376811594	True
Gln2014-8-1A	LD06	CPO	1.0	1	1.0	HiC_scaffold8	47718285	False	G	T	0/0	69	99	69,0	0.0	True
Gln2014-8-2A	LD06	CPO	1.0	1	1.0	HiC_scaffold8	47718285	False	G	T	0/0	45	99	45,0	0.0	True
Gln2014-8-4A	LD06	CPO	1.0	1	1.0	HiC_scaffold8	47718285	False	G	T	0/0	61	99	61,0	0.0	True
Gln2014-8-5A	LD06	CPO	1.0	1	1.0	HiC_scaffold8	47718285	False	G	T	0/0	64	99	64,0	0.0	True
Gln2014-8-6A	LD06	CPO	1.0	1	1.0	HiC_scaffold8	47718285	False	G	T	0/0	84	99	84,0	0.0	True
Gln2014-8-7A	LD06	CPO	1.0	1	1.0	HiC_scaffold8	47718285	False	G	T	0/0	33	66	33,0	0.0	True
Gln2014-8-8A	LD06	CPO	1.0	1	1.0	HiC_scaffold8	47718285	False	G	T	0/0	56	96	56,0	0.0	True
JLS-BM001-1A	BM31	N	NA	1	NA	HiC_scaffold8	47718285	False	G	T	0/0	171	99	171,0	0.0	True
JLS-BM001-2A	BM31	N	NA	1	NA	HiC_scaffold8	47718285	False	G	T	0/0	138	99	138,0	0.0	True
JLS-BM001-3A	BM31	N	NA	1	NA	HiC_scaffold8	47718285	False	G	T	0/0	161	99	161,0	0.0	True
JLS-BM001-4A	BM31	N	NA	1	NA	HiC_scaffold8	47718285	False	G	T	0/0	156	99	156,0	0.0	True
JLS-BM001-5A	BM31	N	NA	1	NA	HiC_scaffold8	47718285	False	G	T	0/0	165	99	165,0	0.0	True
JLS-BM001-6A	BM31	N	NA	1	NA	HiC_scaffold8	47718285	False	G	T	0/0	167	99	167,0	0.0	True
JLS-BM001-7A	BM31	N	NA	1	NA	HiC_scaffold8	47718285	False	G	T	0/0	125	99	125,0	0.0	True
JLS-BM001-8A	BM31	N	NA	1	NA	HiC_scaffold8	47718285	False	G	T	0/0	141	99	141,0	0.0	True
JLS-CY022-10A	CY32	CPO	1.0	1	1.0	HiC_scaffold8	47718285	False	G	T	0/0	24	33	24,0	0.0	True
JLS-CY022-11A	CY32	CPO	1.0	1	1.0	HiC_scaffold8	47718285	False	G	T	0/0	33	60	33,0	0.0	True
JLS-CY022-4A	CY32	CPO	1.0	1	1.0	HiC_scaffold8	47718285	False	G	T	0/0	30	54	30,0	0.0	True
JLS-CY022-5A	CY32	CPO	1.0	1	1.0	HiC_scaffold8	47718285	False	G	T	0/0	28	60	28,0	0.0	True
JLS-CY022-6A	CY32	CPO	1.0	1	1.0	HiC_scaffold8	47718285	False	G	T	0/0	68	99	68,0	0.0	True
JLS-CY022-7A	CY32	CPO	1.0	1	1.0	HiC_scaffold8	47718285	False	G	T	0/0	25	51	25,0	0.0	True
Sha-WS-1A	WS14	CMA	1.0	1	0.0	HiC_scaffold8	47718285	False	G	T	0/0	21	60	21,0	0.0	True
Sha-WS-2A	WS14	CMA	1.0	1	0.0	HiC_scaffold8	47718285	False	G	T	0/0	33	61	33,0	0.0	True
Sha-WS-3A	WS14	CMA	1.0	1	0.0	HiC_scaffold8	47718285	False	G	T	0/0	36	96	36,0	0.0	True
Sha-WS-4A	WS14	CMA	1.0	1	0.0	HiC_scaffold8	47718285	False	G	T	0/0	24	30	24,0	0.0	True
Sha-WS-5A	WS14	CMA	1.0	1	0.0	HiC_scaffold8	47718285	False	G	T	0/0	23	60	23,0	0.0	True
Sha-WS-6A	WS14	CMA	1.0	1	0.0	HiC_scaffold8	47718285	False	G	T	0/0	23	58	23,0	0.0	True
Sha-WS-7A	WS14	CMA	1.0	1	0.0	HiC_scaffold8	47718285	False	G	T	0/0	30	84	30,0	0.0	True
Sha-WS-8A	WS14	CMA	1.0	1	0.0	HiC_scaffold8	47718285	False	G	T	0/0	20	57	20,0	0.0	True
THP-SET_1917-1A	MK27	CPO	1.0	1	1.0	HiC_scaffold8	47718285	False	G	T	0/0	64	99	64,0	0.0	True
THP-SET_1917-2A	MK27	CPO	1.0	1	1.0	HiC_scaffold8	47718285	False	G	T	0/0	37	57	37,0	0.0	True
THP-SET_1917-3A	MK27	CPO	1.0	1	1.0	HiC_scaffold8	47718285	False	G	T	0/0	48	99	48,0	0.0	True
THP-SET_1917-4A	MK27	CPO	1.0	1	1.0	HiC_scaffold8	47718285	False	G	T	0/0	46	99	46,0	0.0	True
THP-SET_1917-5A	MK27	CPO	1.0	1	1.0	HiC_scaffold8	47718285	False	G	T	0/0	104	99	104,0	0.0	True
THP-SET_1917-6A	MK27	CPO	1.0	1	1.0	HiC_scaffold8	47718285	False	G	T	0/0	50	99	50,0	0.0	True
THP-SET_1917-7A	MK27	CPO	1.0	1	1.0	HiC_scaffold8	47718285	False	G	T	0/0	38	59	38,0	0.0	True
THP-SET_1917-8A	MK27	CPO	1.0	1	1.0	HiC_scaffold8	47718285	False	G	T	0/0	78	99	78,0	0.0	True
XB2014-144-2A	SM35	CYU	1.0	1	1.0	HiC_scaffold8	47718285	False	G	T	0/0	92	99	92,0	0.0	True
XB2014-144-3A	SM35	CYU	1.0	1	1.0	HiC_scaffold8	47718285	False	G	T	0/0	59	99	59,0	0.0	True
XB2014-144-4A	SM35	CYU	1.0	1	1.0	HiC_scaffold8	47718285	False	G	T	0/0	91	99	91,0	0.0	True
XB2014-144-5A	SM35	CYU	1.0	1	1.0	HiC_scaffold8	47718285	False	G	T	0/0	78	99	78,0	0.0	True
XB2014-144-6A	SM35	CYU	1.0	1	1.0	HiC_scaffold8	47718285	False	G	T	0/0	75	99	75,0	0.0	True
XB2014-144-7A	SM35	CYU	1.0	1	1.0	HiC_scaffold8	47718285	False	G	T	0/0	122	99	122,0	0.0	True
XB2014-144-8A	SM35	CYU	1.0	1	1.0	HiC_scaffold8	47718285	False	G	T	0/0	99	99	99,0	0.0	True
XB2014-144-9A	SM35	CYU	1.0	1	1.0	HiC_scaffold8	47718285	False	G	T	0/0	105	99	105,0	0.0	True
XB2014-38-2A	EY8	CYU	0.0	1	1.0	HiC_scaffold8	47718285	False	G	T	0/1	46	99	28,18	0.391304347826087	True
XB2014-38-3A	EY8	CYU	0.0	1	1.0	HiC_scaffold8	47718285	False	G	T	0/0	23	33	23,0	0.0	True
XB2014-38-4A	EY8	CYU	0.0	1	1.0	HiC_scaffold8	47718285	False	G	T	0/0	27	42	27,0	0.0	True
XB2014-38-5A	EY8	CYU	0.0	1	1.0	HiC_scaffold8	47718285	False	G	T	0/0	53	93	53,0	0.0	True
XB2014-38-6A	EY9	CPO	0.0	1	1.0	HiC_scaffold8	47718285	False	G	T	0/0	27	39	27,0	0.0	True
XB2014-39-1A	EY9	CPO	1.0	1	1.0	HiC_scaffold8	47718285	False	G	T	0/0	46	95	46,0	0.0	True
XB2014-39-2A	EY9	CPO	1.0	1	1.0	HiC_scaffold8	47718285	False	G	T	0/0	69	99	69,0	0.0	True
XB2014-39-3A	EY9	CPO	1.0	1	1.0	HiC_scaffold8	47718285	False	G	T	0/0	38	60	38,0	0.0	True
XB2014-39-4A	EY9	CPO	1.0	1	1.0	HiC_scaffold8	47718285	False	G	T	0/0	32	60	32,0	0.0	True
XB2014-39-5A	EY9	CPO	1.0	1	1.0	HiC_scaffold8	47718285	False	G	T	0/0	48	81	48,0	0.0	True
XB2014-39-6A	EY9	CPO	1.0	1	1.0	HiC_scaffold8	47718285	False	G	T	0/0	135	99	135,0	0.0	True
XB2014-39-7A	EY9	CPO	1.0	1	1.0	HiC_scaffold8	47718285	False	G	T	0/0	61	99	61,0	0.0	True
XB2014-39-8A	EY9	CPO	1.0	1	1.0	HiC_scaffold8	47718285	False	G	T	0/0	25	50	25,0	0.0	True
XB2014-4-2A	MN4	CYU	0.0	0	1.0	HiC_scaffold8	47718285	False	G	T	0/1	66	99	45,21	0.3181818181818182	True
XB2014-4-3A	MN4	CYU	0.0	0	1.0	HiC_scaffold8	47718285	False	G	T	0/1	52	99	26,26	0.5	True
XB2014-4-4A	MN4	CYU	0.0	0	1.0	HiC_scaffold8	47718285	False	G	T	0/1	50	99	25,25	0.5	True
XB2014-4-5A	MN4	CYU	0.0	0	1.0	HiC_scaffold8	47718285	False	G	T	0/1	36	99	16,20	0.5555555555555556	True
XB2014-4-6A	MN4	CYU	0.0	0	1.0	HiC_scaffold8	47718285	False	G	T	0/1	50	99	26,24	0.48	True
XB2014-4-7A	MN4	CYU	0.0	0	1.0	HiC_scaffold8	47718285	False	G	T	0/1	65	99	36,29	0.4461538461538462	True
XB2014-4-8A	YL9	CYU	0.0	0	1.0	HiC_scaffold8	47718285	False	G	T	0/1	40	99	26,14	0.35	True
XB2014-4-9A	YL9	CYU	0.0	0	1.0	HiC_scaffold8	47718285	False	G	T	0/1	38	99	17,21	0.5526315789473685	True
XB2014-48-1A	MN4	CYU	0.0	0	1.0	HiC_scaffold8	47718285	False	G	T	0/1	58	99	47,11	0.1896551724137931	True
XB2014-48-2A	MN4	CYU	0.0	0	1.0	HiC_scaffold8	47718285	False	G	T	0/1	58	99	35,23	0.39655172413793105	True
XB2014-48-3A	YL9	CYU	0.0	0	1.0	HiC_scaffold8	47718285	False	G	T	0/1	55	99	25,30	0.5454545454545454	True
XB2014-48-4A	YL9	CYU	0.0	0	1.0	HiC_scaffold8	47718285	False	G	T	0/1	51	99	25,26	0.5098039215686274	True
XB2014-48-5A	YL9	CYU	0.0	0	1.0	HiC_scaffold8	47718285	False	G	T	0/1	55	99	20,35	0.6363636363636364	True
XB2014-48-6A	YL9	CYU	0.0	0	1.0	HiC_scaffold8	47718285	False	G	T	0/1	49	99	19,30	0.6122448979591837	True
XB2014-48-7A	YL9	CYU	0.0	0	1.0	HiC_scaffold8	47718285	False	G	T	0/1	57	99	26,31	0.543859649122807	True
XB2014-48-9A	YL9	CYU	0.0	0	1.0	HiC_scaffold8	47718285	False	G	T	0/1	37	99	28,9	0.24324324324324326	True
XB26-3B	SC37	CPO	1.0	1	1.0	HiC_scaffold8	47718285	False	G	T	0/0	36	72	36,0	0.0	True
XB26-4B	SC37	CPO	1.0	1	1.0	HiC_scaffold8	47718285	False	G	T	0/0	10	12	10,0	0.0	False
XB26-5B	SC37	CPO	1.0	1	1.0	HiC_scaffold8	47718285	False	G	T	0/0	42	63	42,0	0.0	True
XB26-7B	SC37	CPO	1.0	1	1.0	HiC_scaffold8	47718285	False	G	T	0/0	34	91	34,0	0.0	True
XuBo982-1A	XS40	CMA	1.0	1	0.0	HiC_scaffold8	47718285	False	G	T	0/0	38	91	38,0	0.0	True
XuBo982-2A	XS40	CMA	1.0	1	0.0	HiC_scaffold8	47718285	False	G	T	0/0	30	87	30,0	0.0	True
XuBo982-3A	XS40	CMA	1.0	1	0.0	HiC_scaffold8	47718285	False	G	T	0/0	33	90	33,0	0.0	True
XuBo982-4A	XS40	CMA	1.0	1	0.0	HiC_scaffold8	47718285	False	G	T	0/0	25	72	25,0	0.0	True
XuBo982-5A	XS40	CMA	1.0	1	0.0	HiC_scaffold8	47718285	False	G	T	0/0	31	90	31,0	0.0	True
XubBo-1037-1A	LN46	N	1.0	1	0.0	HiC_scaffold8	47718285	False	G	T	0/0	56	57	56,0	0.0	True
XubBo-1037-2A	TB43	CMA	NA	1	NA	HiC_scaffold8	47718285	False	G	T	0/0	95	99	95,0	0.0	True
XubBo-1037-3A	TB43	CMA	NA	1	NA	HiC_scaffold8	47718285	False	G	T	0/0	69	99	69,0	0.0	True
XubBo-1037-4A	TB43	CMA	NA	1	NA	HiC_scaffold8	47718285	False	G	T	0/0	74	99	74,0	0.0	True
XubBo-1037-5A	TB43	CMA	NA	1	NA	HiC_scaffold8	47718285	False	G	T	0/0	74	99	74,0	0.0	True
XubBo-1037-6A	TB43	CMA	NA	1	NA	HiC_scaffold8	47718285	False	G	T	0/0	64	99	64,0	0.0	True
XubBo-1037-7A	TB43	CMA	NA	1	NA	HiC_scaffold8	47718285	False	G	T	0/0	57	99	57,0	0.0	True
XubBo-1037-8A	TB43	CMA	NA	1	NA	HiC_scaffold8	47718285	False	G	T	0/0	52	72	52,0	0.0	True
XubBo1030-10A	LN46	N	1.0	1	0.0	HiC_scaffold8	47718285	False	G	T	0/0	20	60	20,0	0.0	True
XubBo1030-1A	LN46	N	1.0	1	0.0	HiC_scaffold8	47718285	False	G	T	0/0	28	72	28,0	0.0	True
XubBo1030-3A	LN46	N	1.0	1	0.0	HiC_scaffold8	47718285	False	G	T	0/0	29	84	29,0	0.0	True
XubBo1030-5A	LN46	N	1.0	1	0.0	HiC_scaffold8	47718285	False	G	T	0/0	20	60	20,0	0.0	True
XubBo1030-6A	LN46	N	1.0	1	0.0	HiC_scaffold8	47718285	False	G	T	0/0	28	81	28,0	0.0	True
XubBo1030-8A	LN46	N	1.0	1	0.0	HiC_scaffold8	47718285	False	G	T	0/0	21	54	21,0	0.0	True
XubBo1030-9A	LN46	N	1.0	1	0.0	HiC_scaffold8	47718285	False	G	T	0/0	20	54	20,0	0.0	True
XubBo1051-10A	WX48	CMA	1.0	1	0.0	HiC_scaffold8	47718285	False	G	T	0/0	23	63	23,0	0.0	True
XubBo1051-1A	WX48	CMA	1.0	1	0.0	HiC_scaffold8	47718285	False	G	T	0/0	30	81	30,0	0.0	True
XubBo1051-2A	WX48	CMA	1.0	1	0.0	HiC_scaffold8	47718285	False	G	T	0/0	27	70	27,0	0.0	True
XubBo1051-3A	WX48	CMA	1.0	1	0.0	HiC_scaffold8	47718285	False	G	T	0/0	27	75	27,0	0.0	True
XubBo1051-4A	WX48	CMA	1.0	1	0.0	HiC_scaffold8	47718285	False	G	T	0/0	20	60	20,0	0.0	True
XubBo1051-7A	WX48	CMA	1.0	1	0.0	HiC_scaffold8	47718285	False	G	T	0/0	35	96	35,0	0.0	True
XubBo1051-8A	WX48	CMA	1.0	1	0.0	HiC_scaffold8	47718285	False	G	T	0/0	48	99	48,0	0.0	True
XubBo1051-9A	WX48	CMA	1.0	1	0.0	HiC_scaffold8	47718285	False	G	T	0/0	22	60	22,0	0.0	True
Xubo01402-2A	YS26	CYU	1.0	1	1.0	HiC_scaffold8	47718285	False	G	T	0/0	28	60	28,0	0.0	True
Xubo01402-3A	YS26	CYU	1.0	1	1.0	HiC_scaffold8	47718285	False	G	T	0/0	33	60	33,0	0.0	True
Xubo01402-4A	YS26	CYU	1.0	1	1.0	HiC_scaffold8	47718285	False	G	T	0/0	37	60	37,0	0.0	True
Xubo01402-5A	YS26	CYU	1.0	1	1.0	HiC_scaffold8	47718285	False	G	T	0/0	36	63	36,0	0.0	True
Xubo01402-6A	YS26	CYU	1.0	1	1.0	HiC_scaffold8	47718285	False	G	T	0/0	41	56	41,0	0.0	True
Xubo01402-7A	YS26	CYU	1.0	1	1.0	HiC_scaffold8	47718285	False	G	T	0/0	42	75	42,0	0.0	True
Xubo01402-8A	YS26	CYU	1.0	1	1.0	HiC_scaffold8	47718285	False	G	T	0/0	25	54	25,0	0.0	True
Xubo01402-9A	YS26	CYU	1.0	1	1.0	HiC_scaffold8	47718285	False	G	T	0/0	21	36	21,0	0.0	True
YLZB4703-2A	SM3	CYU	0.0	0	1.0	HiC_scaffold8	47718285	False	G	T	0/1	90	99	59,31	0.34444444444444444	True
YLZB4703-3A	SM3	CYU	0.0	0	1.0	HiC_scaffold8	47718285	False	G	T	0/1	73	99	46,27	0.3698630136986301	True
YLZB4703-5A	SM3	CYU	0.0	0	1.0	HiC_scaffold8	47718285	False	G	T	0/1	80	99	58,22	0.275	True
YLZB4703-7A	SM3	CYU	0.0	0	1.0	HiC_scaffold8	47718285	False	G	T	0/1	170	99	96,74	0.43529411764705883	True
YLZB4703-9A	SM3	CYU	0.0	0	1.0	HiC_scaffold8	47718285	False	G	T	0/1	86	99	38,48	0.5581395348837209	True
YLZB4715-10A	MY1	CYU	0.0	0	1.0	HiC_scaffold8	47718285	False	G	T	0/1	96	99	46,50	0.5208333333333334	True
YLZB4715-1A	MY1	CYU	0.0	0	1.0	HiC_scaffold8	47718285	False	G	T	0/1	63	99	50,13	0.20634920634920634	True
YLZB4715-2A	MY1	CYU	0.0	0	1.0	HiC_scaffold8	47718285	False	G	T	0/1	51	99	31,20	0.39215686274509803	True
YLZB4715-5A	MY1	CYU	0.0	0	1.0	HiC_scaffold8	47718285	False	G	T	0/1	53	99	31,22	0.41509433962264153	True
YLZB4715-6A	MY1	CYU	0.0	0	1.0	HiC_scaffold8	47718285	False	G	T	0/1	61	99	39,22	0.36065573770491804	True
YLZB4715-7A	MY1	CYU	0.0	0	1.0	HiC_scaffold8	47718285	False	G	T	0/1	86	99	49,37	0.43023255813953487	True
YLZB4715-8A	MY1	CYU	0.0	0	1.0	HiC_scaffold8	47718285	False	G	T	0/1	79	99	41,38	0.4810126582278481	True
YLZB4715-9A	MY1	CYU	0.0	0	1.0	HiC_scaffold8	47718285	False	G	T	0/1	129	99	65,64	0.49612403100775193	True
YLZB4735-10A	YSXC51	CPO	1.0	1	1.0	HiC_scaffold8	47718285	False	G	T	0/0	48	99	48,0	0.0	True
YLZB4735-1A	YSXC51	CPO	1.0	1	1.0	HiC_scaffold8	47718285	False	G	T	0/0	50	99	50,0	0.0	True
YLZB4735-2A	YSXC51	CPO	1.0	1	1.0	HiC_scaffold8	47718285	False	G	T	0/0	51	72	51,0	0.0	True
YLZB4735-3A	YSXC51	CPO	1.0	1	1.0	HiC_scaffold8	47718285	False	G	T	0/0	37	54	37,0	0.0	True
YLZB4735-5A	YSXC51	CPO	1.0	1	1.0	HiC_scaffold8	47718285	False	G	T	0/0	77	99	77,0	0.0	True
YLZB4735-6A	YSXC51	CPO	1.0	1	1.0	HiC_scaffold8	47718285	False	G	T	0/0	59	99	59,0	0.0	True
YLZB4735-8A	YSXC51	CPO	1.0	1	1.0	HiC_scaffold8	47718285	False	G	T	0/0	45	99	45,0	0.0	True
YLZB4735-9A	YSXC51	CPO	1.0	1	1.0	HiC_scaffold8	47718285	False	G	T	0/0	57	99	57,0	0.0	True
YLZB4816-11A	ASCD52	CPO	1.0	1	1.0	HiC_scaffold8	47718285	False	G	T	0/0	47	90	47,0	0.0	True
YLZB4816-3A	ASCD52	CPO	1.0	1	1.0	HiC_scaffold8	47718285	False	G	T	0/0	23	12	23,0	0.0	False
YLZB4816-4A	ASCD52	CPO	1.0	1	1.0	HiC_scaffold8	47718285	False	G	T	0/0	19	39	19,0	0.0	True
YLZB4816-6A	ASCD52	CPO	1.0	1	1.0	HiC_scaffold8	47718285	False	G	T	0/0	26	60	26,0	0.0	True
YLZB4816-7A	ASCD52	CPO	1.0	1	1.0	HiC_scaffold8	47718285	False	G	T	0/0	42	81	42,0	0.0	True
YLZB4816-8A	ASCD52	CPO	1.0	1	1.0	HiC_scaffold8	47718285	False	G	T	0/0	9	3	9,0	0.0	False
YLZB4816-9A	ASCD52	CPO	1.0	1	1.0	HiC_scaffold8	47718285	False	G	T	0/0	43	72	43,0	0.0	True
ZXL277-1A	YY12	CMA	1.0	1	0.0	HiC_scaffold8	47718285	False	G	T	0/0	37	99	37,0	0.0	True
ZXL277-2A	YY12	CMA	1.0	1	0.0	HiC_scaffold8	47718285	False	G	T	0/0	31	93	31,0	0.0	True
ZXL277-3A	YY12	CMA	1.0	1	0.0	HiC_scaffold8	47718285	False	G	T	0/0	32	90	32,0	0.0	True
ZXL277-4A	YY12	CMA	1.0	1	0.0	HiC_scaffold8	47718285	False	G	T	0/0	36	99	36,0	0.0	True
ZXL277-5A	YY12	CMA	1.0	1	0.0	HiC_scaffold8	47718285	False	G	T	0/0	30	81	30,0	0.0	True
ZXL277-6A	YY12	CMA	1.0	1	0.0	HiC_scaffold8	47718285	False	G	T	0/0	30	81	30,0	0.0	True
ZXL277-7A	YY12	CMA	1.0	1	0.0	HiC_scaffold8	47718285	False	G	T	0/0	30	90	30,0	0.0	True
ZXL277-8A	YY12	CMA	1.0	1	0.0	HiC_scaffold8	47718285	False	G	T	0/0	31	84	31,0	0.0	True
ZXL79-1A	CZ25	CMA	1.0	1	0.0	HiC_scaffold8	47718285	False	G	T	0/0	101	99	101,0	0.0	True
ZXL79-2A	CZ25	CMA	1.0	1	0.0	HiC_scaffold8	47718285	False	G	T	0/0	78	99	78,0	0.0	True
ZXL79-3A	CZ25	CMA	1.0	1	0.0	HiC_scaffold8	47718285	False	G	T	0/0	80	99	80,0	0.0	True
ZXL79-4A	CZ25	CMA	1.0	1	0.0	HiC_scaffold8	47718285	False	G	T	0/0	191	99	191,0	0.0	True
ZXL79-5A	CZ25	CMA	1.0	1	0.0	HiC_scaffold8	47718285	False	G	T	0/0	88	99	88,0	0.0	True
ZXL79-6A	CZ25	CMA	1.0	1	0.0	HiC_scaffold8	47718285	False	G	T	0/0	64	99	64,0	0.0	True
ZXL79-7A	CZ25	CMA	1.0	1	0.0	HiC_scaffold8	47718285	False	G	T	0/0	74	99	74,0	0.0	True
xubo266-2A	XY36	CMA	1.0	1	0.0	HiC_scaffold8	47718285	False	G	T	0/0	49	99	49,0	0.0	True
xubo266-3A	XY36	CMA	1.0	1	0.0	HiC_scaffold8	47718285	False	G	T	0/0	28	75	28,0	0.0	True
xubo266-4A	XY36	CMA	1.0	1	0.0	HiC_scaffold8	47718285	False	G	T	0/0	21	60	21,0	0.0	True
xubo266-5A	XY36	CMA	1.0	1	0.0	HiC_scaffold8	47718285	False	G	T	0/0	31	90	31,0	0.0	True
xubo266-6A	XY36	CMA	1.0	1	0.0	HiC_scaffold8	47718285	False	G	T	0/0	36	99	36,0	0.0	True
xubo266-8A	XY36	CMA	1.0	1	0.0	HiC_scaffold8	47718285	False	G	T	0/0	33	90	33,0	0.0	True
xubo266-9A	XY36	CMA	1.0	1	0.0	HiC_scaffold8	47718285	False	G	T	0/0	29	81	29,0	0.0	True
zhuzm1009-10A	KM42	CPO	1.0	1	1.0	HiC_scaffold8	47718285	False	G	T	0/0	98	99	98,0	0.0	True
zhuzm1009-2A	KM42	CPO	1.0	1	1.0	HiC_scaffold8	47718285	False	G	T	0/0	50	99	50,0	0.0	True
zhuzm1009-3A	KM42	CPO	1.0	1	1.0	HiC_scaffold8	47718285	False	G	T	0/0	24	45	24,0	0.0	True
zhuzm1009-6A	KM42	CPO	1.0	1	1.0	HiC_scaffold8	47718285	False	G	T	0/0	39	99	39,0	0.0	True
zhuzm1009-7A	KM42	CPO	1.0	1	1.0	HiC_scaffold8	47718285	False	G	T	0/0	42	99	42,0	0.0	True
zhuzm1009-8A	KM42	CPO	1.0	1	1.0	HiC_scaffold8	47718285	False	G	T	0/0	62	99	62,0	0.0	True
2014-128-1A	ML50	CPO	1.0	1	1.0	HiC_scaffold8	47719249	False	A	C	0/0	34	99	34,0	0.0	True
2014-128-2A	ML50	CPO	1.0	1	1.0	HiC_scaffold8	47719249	False	A	C	0/0	63	99	63,0	0.0	True
2014-128-3A	ML50	CPO	1.0	1	1.0	HiC_scaffold8	47719249	False	A	C	0/0	38	99	38,0	0.0	True
2014-128-4A	ML50	CPO	1.0	1	1.0	HiC_scaffold8	47719249	False	A	C	0/0	71	99	71,0	0.0	True
2014-128-5A	ML50	CPO	1.0	1	1.0	HiC_scaffold8	47719249	False	A	C	0/0	71	99	71,0	0.0	True
2014-132-2A	ML5	N	1.0	1	1.0	HiC_scaffold8	47719249	False	A	C	0/0	48	99	48,0	0.0	True
2014-132-3A	ML5	N	1.0	1	1.0	HiC_scaffold8	47719249	False	A	C	0/0	83	99	83,0	0.0	True
2014-132-4A	ML5	N	1.0	1	1.0	HiC_scaffold8	47719249	False	A	C	0/0	55	99	55,0	0.0	True
2014-132-5A	ML5	N	1.0	1	1.0	HiC_scaffold8	47719249	False	A	C	0/0	31	87	31,0	0.0	True
2014-132-6A	ML5	N	1.0	1	1.0	HiC_scaffold8	47719249	False	A	C	0/0	41	99	41,0	0.0	True
2014-132-7A	ML5	N	1.0	1	1.0	HiC_scaffold8	47719249	False	A	C	0/0	67	99	67,0	0.0	True
2014-132-8A	ML5	N	1.0	1	1.0	HiC_scaffold8	47719249	False	A	C	0/0	79	99	79,0	0.0	True
2014-132-9A	ML5	N	1.0	1	1.0	HiC_scaffold8	47719249	False	A	C	0/0	44	99	44,0	0.0	True
2014-3-10A	MN34	CPO	1.0	1	1.0	HiC_scaffold8	47719249	False	A	C	0/0	60	99	60,0	0.0	True
2014-3-3A	MN34	CPO	1.0	1	1.0	HiC_scaffold8	47719249	False	A	C	0/0	53	99	53,0	0.0	True
2014-3-4A	MN34	CPO	1.0	1	1.0	HiC_scaffold8	47719249	False	A	C	0/0	61	99	61,0	0.0	True
2014-3-5A	MN34	CPO	1.0	1	1.0	HiC_scaffold8	47719249	False	A	C	0/0	51	99	51,0	0.0	True
2014-3-6A	MN34	CPO	1.0	1	1.0	HiC_scaffold8	47719249	False	A	C	0/0	57	99	57,0	0.0	True
2014-3-7A	MN34	CPO	1.0	1	1.0	HiC_scaffold8	47719249	False	A	C	0/0	53	99	53,0	0.0	True
2014-3-8A	MN34	CPO	1.0	1	1.0	HiC_scaffold8	47719249	False	A	C	0/0	38	99	38,0	0.0	True
2014-3-9A	MN34	CPO	1.0	1	1.0	HiC_scaffold8	47719249	False	A	C	0/0	47	99	47,0	0.0	True
2014-66-1A	YL49	CPO	1.0	1	1.0	HiC_scaffold8	47719249	False	A	C	0/0	33	90	33,0	0.0	True
2014-66-2A	YL49	CPO	1.0	1	1.0	HiC_scaffold8	47719249	False	A	C	0/0	42	99	42,0	0.0	True
2014-66-3A	YL49	CPO	1.0	1	1.0	HiC_scaffold8	47719249	False	A	C	0/0	51	99	51,0	0.0	True
2014-66-4A	YL49	CPO	1.0	1	1.0	HiC_scaffold8	47719249	False	A	C	0/0	19	54	19,0	0.0	True
2014-66-5A	YL49	CPO	1.0	1	1.0	HiC_scaffold8	47719249	False	A	C	0/0	22	63	22,0	0.0	True
2014-66-6A	YL49	CPO	1.0	1	1.0	HiC_scaffold8	47719249	False	A	C	0/0	46	99	46,0	0.0	True
2014-66-7A	YL49	CPO	1.0	1	1.0	HiC_scaffold8	47719249	False	A	C	0/0	32	90	32,0	0.0	True
2014-66-8A	YL49	CPO	1.0	1	1.0	HiC_scaffold8	47719249	False	A	C	0/0	52	99	52,0	0.0	True
DP1709141A	DQS11	CMA	1.0	1	0.0	HiC_scaffold8	47719249	False	A	C	0/0	65	99	65,0	0.0	True
DP1709144A	DQS11	CMA	1.0	1	0.0	HiC_scaffold8	47719249	False	A	C	0/0	83	99	83,0	0.0	True
DP1709148A	DQS11	CMA	1.0	1	0.0	HiC_scaffold8	47719249	False	A	C	0/0	72	99	72,0	0.0	True
Gln2014-15-10A	LD30	CYU	0.0	0	1.0	HiC_scaffold8	47719249	False	A	C	0/1	38	99	13,25	0.6578947368421053	True
Gln2014-15-1A	LD30	CYU	0.0	0	1.0	HiC_scaffold8	47719249	False	A	C	0/0	35	20	33,2	0.05714285714285714	True
Gln2014-15-3A	LD30	CYU	0.0	0	1.0	HiC_scaffold8	47719249	False	A	C	0/1	38	99	27,11	0.2894736842105263	True
Gln2014-15-4A	LD30	CYU	0.0	0	1.0	HiC_scaffold8	47719249	False	A	C	0/1	45	99	14,31	0.6888888888888889	True
Gln2014-15-5A	LD30	CYU	0.0	0	1.0	HiC_scaffold8	47719249	False	A	C	0/1	65	99	22,43	0.6615384615384615	True
Gln2014-15-6A	LD30	CYU	0.0	0	1.0	HiC_scaffold8	47719249	False	A	C	0/1	71	99	25,46	0.647887323943662	True
Gln2014-15-7A	LD30	CYU	0.0	0	1.0	HiC_scaffold8	47719249	False	A	C	0/1	50	99	40,10	0.2	True
Gln2014-15-8A	LD30	CYU	0.0	0	1.0	HiC_scaffold8	47719249	False	A	C	0/1	67	99	26,41	0.6119402985074627	True
Gln2014-8-1A	LD06	CPO	1.0	1	1.0	HiC_scaffold8	47719249	False	A	C	0/0	81	99	81,0	0.0	True
Gln2014-8-2A	LD06	CPO	1.0	1	1.0	HiC_scaffold8	47719249	False	A	C	0/0	33	99	33,0	0.0	True
Gln2014-8-4A	LD06	CPO	1.0	1	1.0	HiC_scaffold8	47719249	False	A	C	0/0	34	90	34,0	0.0	True
Gln2014-8-5A	LD06	CPO	1.0	1	1.0	HiC_scaffold8	47719249	False	A	C	0/0	38	99	38,0	0.0	True
Gln2014-8-6A	LD06	CPO	1.0	1	1.0	HiC_scaffold8	47719249	False	A	C	0/0	59	99	59,0	0.0	True
Gln2014-8-7A	LD06	CPO	1.0	1	1.0	HiC_scaffold8	47719249	False	A	C	0/0	21	60	21,0	0.0	True
Gln2014-8-8A	LD06	CPO	1.0	1	1.0	HiC_scaffold8	47719249	False	A	C	0/0	43	93	43,0	0.0	True
JLS-BM001-1A	BM31	N	NA	1	NA	HiC_scaffold8	47719249	False	A	C	0/0	106	99	106,0	0.0	True
JLS-BM001-2A	BM31	N	NA	1	NA	HiC_scaffold8	47719249	False	A	C	0/0	90	99	90,0	0.0	True
JLS-BM001-3A	BM31	N	NA	1	NA	HiC_scaffold8	47719249	False	A	C	0/0	105	99	105,0	0.0	True
JLS-BM001-4A	BM31	N	NA	1	NA	HiC_scaffold8	47719249	False	A	C	0/0	128	99	128,0	0.0	True
JLS-BM001-5A	BM31	N	NA	1	NA	HiC_scaffold8	47719249	False	A	C	0/0	127	99	127,0	0.0	True
JLS-BM001-6A	BM31	N	NA	1	NA	HiC_scaffold8	47719249	False	A	C	0/0	112	99	112,0	0.0	True
JLS-BM001-7A	BM31	N	NA	1	NA	HiC_scaffold8	47719249	False	A	C	0/0	83	99	83,0	0.0	True
JLS-BM001-8A	BM31	N	NA	1	NA	HiC_scaffold8	47719249	False	A	C	0/0	121	99	121,0	0.0	True
JLS-CY022-10A	CY32	CPO	1.0	1	1.0	HiC_scaffold8	47719249	False	A	C	0/0	21	57	21,0	0.0	True
JLS-CY022-11A	CY32	CPO	1.0	1	1.0	HiC_scaffold8	47719249	False	A	C	0/0	17	51	17,0	0.0	True
JLS-CY022-4A	CY32	CPO	1.0	1	1.0	HiC_scaffold8	47719249	False	A	C	0/0	17	45	17,0	0.0	True
JLS-CY022-5A	CY32	CPO	1.0	1	1.0	HiC_scaffold8	47719249	False	A	C	0/0	22	60	22,0	0.0	True
JLS-CY022-6A	CY32	CPO	1.0	1	1.0	HiC_scaffold8	47719249	False	A	C	0/0	37	99	37,0	0.0	True
JLS-CY022-7A	CY32	CPO	1.0	1	1.0	HiC_scaffold8	47719249	False	A	C	0/0	8	21	8,0	0.0	False
Sha-WS-1A	WS14	CMA	1.0	1	0.0	HiC_scaffold8	47719249	False	A	C	0/0	26	72	26,0	0.0	True
Sha-WS-2A	WS14	CMA	1.0	1	0.0	HiC_scaffold8	47719249	False	A	C	0/0	30	84	30,0	0.0	True
Sha-WS-3A	WS14	CMA	1.0	1	0.0	HiC_scaffold8	47719249	False	A	C	0/0	34	90	34,0	0.0	True
Sha-WS-4A	WS14	CMA	1.0	1	0.0	HiC_scaffold8	47719249	False	A	C	0/0	20	60	20,0	0.0	True
Sha-WS-5A	WS14	CMA	1.0	1	0.0	HiC_scaffold8	47719249	False	A	C	0/0	25	72	25,0	0.0	True
Sha-WS-6A	WS14	CMA	1.0	1	0.0	HiC_scaffold8	47719249	False	A	C	0/0	17	48	17,0	0.0	True
Sha-WS-7A	WS14	CMA	1.0	1	0.0	HiC_scaffold8	47719249	False	A	C	0/0	29	81	29,0	0.0	True
Sha-WS-8A	WS14	CMA	1.0	1	0.0	HiC_scaffold8	47719249	False	A	C	0/0	20	41	20,0	0.0	True
THP-SET_1917-1A	MK27	CPO	1.0	1	1.0	HiC_scaffold8	47719249	False	A	C	0/0	59	99	59,0	0.0	True
THP-SET_1917-2A	MK27	CPO	1.0	1	1.0	HiC_scaffold8	47719249	False	A	C	0/0	15	45	15,0	0.0	True
THP-SET_1917-3A	MK27	CPO	1.0	1	1.0	HiC_scaffold8	47719249	False	A	C	0/0	35	99	35,0	0.0	True
THP-SET_1917-4A	MK27	CPO	1.0	1	1.0	HiC_scaffold8	47719249	False	A	C	0/0	36	99	36,0	0.0	True
THP-SET_1917-5A	MK27	CPO	1.0	1	1.0	HiC_scaffold8	47719249	False	A	C	0/0	75	99	75,0	0.0	True
THP-SET_1917-6A	MK27	CPO	1.0	1	1.0	HiC_scaffold8	47719249	False	A	C	0/0	56	99	56,0	0.0	True
THP-SET_1917-7A	MK27	CPO	1.0	1	1.0	HiC_scaffold8	47719249	False	A	C	0/0	41	99	41,0	0.0	True
THP-SET_1917-8A	MK27	CPO	1.0	1	1.0	HiC_scaffold8	47719249	False	A	C	0/0	72	99	72,0	0.0	True
XB2014-144-2A	SM35	CYU	1.0	1	1.0	HiC_scaffold8	47719249	False	A	C	0/0	60	99	60,0	0.0	True
XB2014-144-3A	SM35	CYU	1.0	1	1.0	HiC_scaffold8	47719249	False	A	C	0/0	49	99	49,0	0.0	True
XB2014-144-4A	SM35	CYU	1.0	1	1.0	HiC_scaffold8	47719249	False	A	C	0/0	56	99	56,0	0.0	True
XB2014-144-5A	SM35	CYU	1.0	1	1.0	HiC_scaffold8	47719249	False	A	C	0/0	71	99	71,0	0.0	True
XB2014-144-6A	SM35	CYU	1.0	1	1.0	HiC_scaffold8	47719249	False	A	C	0/0	57	99	57,0	0.0	True
XB2014-144-7A	SM35	CYU	1.0	1	1.0	HiC_scaffold8	47719249	False	A	C	0/0	92	99	92,0	0.0	True
XB2014-144-8A	SM35	CYU	1.0	1	1.0	HiC_scaffold8	47719249	False	A	C	0/0	79	99	79,0	0.0	True
XB2014-144-9A	SM35	CYU	1.0	1	1.0	HiC_scaffold8	47719249	False	A	C	0/0	105	99	105,0	0.0	True
XB2014-38-2A	EY8	CYU	0.0	1	1.0	HiC_scaffold8	47719249	False	A	C	0/1	42	99	25,17	0.40476190476190477	True
XB2014-38-3A	EY8	CYU	0.0	1	1.0	HiC_scaffold8	47719249	False	A	C	0/0	13	36	13,0	0.0	True
XB2014-38-4A	EY8	CYU	0.0	1	1.0	HiC_scaffold8	47719249	False	A	C	0/0	26	75	26,0	0.0	True
XB2014-38-5A	EY8	CYU	0.0	1	1.0	HiC_scaffold8	47719249	False	A	C	0/0	38	99	38,0	0.0	True
XB2014-38-6A	EY9	CPO	0.0	1	1.0	HiC_scaffold8	47719249	False	A	C	0/0	31	90	31,0	0.0	True
XB2014-39-1A	EY9	CPO	1.0	1	1.0	HiC_scaffold8	47719249	False	A	C	0/0	25	72	25,0	0.0	True
XB2014-39-2A	EY9	CPO	1.0	1	1.0	HiC_scaffold8	47719249	False	A	C	0/0	57	99	57,0	0.0	True
XB2014-39-3A	EY9	CPO	1.0	1	1.0	HiC_scaffold8	47719249	False	A	C	0/0	41	99	41,0	0.0	True
XB2014-39-4A	EY9	CPO	1.0	1	1.0	HiC_scaffold8	47719249	False	A	C	0/0	32	90	32,0	0.0	True
XB2014-39-5A	EY9	CPO	1.0	1	1.0	HiC_scaffold8	47719249	False	A	C	0/0	25	72	25,0	0.0	True
XB2014-39-6A	EY9	CPO	1.0	1	1.0	HiC_scaffold8	47719249	False	A	C	0/0	70	99	70,0	0.0	True
XB2014-39-7A	EY9	CPO	1.0	1	1.0	HiC_scaffold8	47719249	False	A	C	0/0	45	99	45,0	0.0	True
XB2014-39-8A	EY9	CPO	1.0	1	1.0	HiC_scaffold8	47719249	False	A	C	0/0	26	72	26,0	0.0	True
XB2014-4-2A	MN4	CYU	0.0	0	1.0	HiC_scaffold8	47719249	False	A	C	0/1	35	99	24,11	0.3142857142857143	True
XB2014-4-3A	MN4	CYU	0.0	0	1.0	HiC_scaffold8	47719249	False	A	C	0/1	39	99	13,26	0.6666666666666666	True
XB2014-4-4A	MN4	CYU	0.0	0	1.0	HiC_scaffold8	47719249	False	A	C	0/1	45	99	14,31	0.6888888888888889	True
XB2014-4-5A	MN4	CYU	0.0	0	1.0	HiC_scaffold8	47719249	False	A	C	0/1	51	99	22,29	0.5686274509803921	True
XB2014-4-6A	MN4	CYU	0.0	0	1.0	HiC_scaffold8	47719249	False	A	C	0/1	36	99	20,16	0.4444444444444444	True
XB2014-4-7A	MN4	CYU	0.0	0	1.0	HiC_scaffold8	47719249	False	A	C	0/1	58	99	13,45	0.7758620689655172	True
XB2014-4-8A	YL9	CYU	0.0	0	1.0	HiC_scaffold8	47719249	False	A	C	0/1	27	99	9,18	0.6666666666666666	True
XB2014-4-9A	YL9	CYU	0.0	0	1.0	HiC_scaffold8	47719249	False	A	C	0/1	42	99	19,23	0.5476190476190477	True
XB2014-48-1A	MN4	CYU	0.0	0	1.0	HiC_scaffold8	47719249	False	A	C	0/1	57	99	39,18	0.3157894736842105	True
XB2014-48-2A	MN4	CYU	0.0	0	1.0	HiC_scaffold8	47719249	False	A	C	0/1	29	99	11,18	0.6206896551724138	True
XB2014-48-3A	YL9	CYU	0.0	0	1.0	HiC_scaffold8	47719249	False	A	C	0/1	45	99	24,21	0.4666666666666667	True
XB2014-48-4A	YL9	CYU	0.0	0	1.0	HiC_scaffold8	47719249	False	A	C	0/1	42	99	21,21	0.5	True
XB2014-48-5A	YL9	CYU	0.0	0	1.0	HiC_scaffold8	47719249	False	A	C	0/1	36	99	19,17	0.4722222222222222	True
XB2014-48-6A	YL9	CYU	0.0	0	1.0	HiC_scaffold8	47719249	False	A	C	0/1	43	99	21,22	0.5116279069767442	True
XB2014-48-7A	YL9	CYU	0.0	0	1.0	HiC_scaffold8	47719249	False	A	C	0/1	44	99	28,16	0.36363636363636365	True
XB2014-48-9A	YL9	CYU	0.0	0	1.0	HiC_scaffold8	47719249	False	A	C	0/1	29	99	21,8	0.27586206896551724	True
XB26-3B	SC37	CPO	1.0	1	1.0	HiC_scaffold8	47719249	False	A	C	0/0	47	99	47,0	0.0	True
XB26-4B	SC37	CPO	1.0	1	1.0	HiC_scaffold8	47719249	False	A	C	0/0	33	90	33,0	0.0	True
XB26-5B	SC37	CPO	1.0	1	1.0	HiC_scaffold8	47719249	False	A	C	0/0	35	99	35,0	0.0	True
XB26-7B	SC37	CPO	1.0	1	1.0	HiC_scaffold8	47719249	False	A	C	0/0	44	99	44,0	0.0	True
XuBo982-1A	XS40	CMA	1.0	1	0.0	HiC_scaffold8	47719249	False	A	C	0/0	23	69	23,0	0.0	True
XuBo982-2A	XS40	CMA	1.0	1	0.0	HiC_scaffold8	47719249	False	A	C	0/0	22	51	22,0	0.0	True
XuBo982-3A	XS40	CMA	1.0	1	0.0	HiC_scaffold8	47719249	False	A	C	0/0	23	66	23,0	0.0	True
XuBo982-4A	XS40	CMA	1.0	1	0.0	HiC_scaffold8	47719249	False	A	C	0/0	20	57	20,0	0.0	True
XuBo982-5A	XS40	CMA	1.0	1	0.0	HiC_scaffold8	47719249	False	A	C	0/0	35	84	35,0	0.0	True
XubBo-1037-1A	LN46	N	1.0	1	0.0	HiC_scaffold8	47719249	False	A	C	0/0	53	99	53,0	0.0	True
XubBo-1037-2A	TB43	CMA	NA	1	NA	HiC_scaffold8	47719249	False	A	C	0/0	70	99	70,0	0.0	True
XubBo-1037-3A	TB43	CMA	NA	1	NA	HiC_scaffold8	47719249	False	A	C	0/0	62	99	62,0	0.0	True
XubBo-1037-4A	TB43	CMA	NA	1	NA	HiC_scaffold8	47719249	False	A	C	0/0	54	99	54,0	0.0	True
XubBo-1037-5A	TB43	CMA	NA	1	NA	HiC_scaffold8	47719249	False	A	C	0/0	75	99	75,0	0.0	True
XubBo-1037-6A	TB43	CMA	NA	1	NA	HiC_scaffold8	47719249	False	A	C	0/0	46	99	46,0	0.0	True
XubBo-1037-7A	TB43	CMA	NA	1	NA	HiC_scaffold8	47719249	False	A	C	0/0	40	99	40,0	0.0	True
XubBo-1037-8A	TB43	CMA	NA	1	NA	HiC_scaffold8	47719249	False	A	C	0/0	46	99	46,0	0.0	True
XubBo1030-10A	LN46	N	1.0	1	0.0	HiC_scaffold8	47719249	False	A	C	0/0	35	99	35,0	0.0	True
XubBo1030-1A	LN46	N	1.0	1	0.0	HiC_scaffold8	47719249	False	A	C	0/0	24	63	24,0	0.0	True
XubBo1030-3A	LN46	N	1.0	1	0.0	HiC_scaffold8	47719249	False	A	C	0/0	18	45	18,0	0.0	True
XubBo1030-5A	LN46	N	1.0	1	0.0	HiC_scaffold8	47719249	False	A	C	0/0	16	48	16,0	0.0	True
XubBo1030-6A	LN46	N	1.0	1	0.0	HiC_scaffold8	47719249	False	A	C	0/0	25	72	25,0	0.0	True
XubBo1030-8A	LN46	N	1.0	1	0.0	HiC_scaffold8	47719249	False	A	C	0/0	27	72	27,0	0.0	True
XubBo1030-9A	LN46	N	1.0	1	0.0	HiC_scaffold8	47719249	False	A	C	0/0	20	54	20,0	0.0	True
XubBo1051-10A	WX48	CMA	1.0	1	0.0	HiC_scaffold8	47719249	False	A	C	0/0	28	78	28,0	0.0	True
XubBo1051-1A	WX48	CMA	1.0	1	0.0	HiC_scaffold8	47719249	False	A	C	0/0	37	99	37,0	0.0	True
XubBo1051-2A	WX48	CMA	1.0	1	0.0	HiC_scaffold8	47719249	False	A	C	0/0	22	57	22,0	0.0	True
XubBo1051-3A	WX48	CMA	1.0	1	0.0	HiC_scaffold8	47719249	False	A	C	0/0	20	60	20,0	0.0	True
XubBo1051-4A	WX48	CMA	1.0	1	0.0	HiC_scaffold8	47719249	False	A	C	0/0	22	60	22,0	0.0	True
XubBo1051-7A	WX48	CMA	1.0	1	0.0	HiC_scaffold8	47719249	False	A	C	0/0	27	75	27,0	0.0	True
XubBo1051-8A	WX48	CMA	1.0	1	0.0	HiC_scaffold8	47719249	False	A	C	0/0	41	99	41,0	0.0	True
XubBo1051-9A	WX48	CMA	1.0	1	0.0	HiC_scaffold8	47719249	False	A	C	0/0	20	54	20,0	0.0	True
Xubo01402-2A	YS26	CYU	1.0	1	1.0	HiC_scaffold8	47719249	False	A	C	0/0	25	72	25,0	0.0	True
Xubo01402-3A	YS26	CYU	1.0	1	1.0	HiC_scaffold8	47719249	False	A	C	0/0	20	60	20,0	0.0	True
Xubo01402-4A	YS26	CYU	1.0	1	1.0	HiC_scaffold8	47719249	False	A	C	0/0	27	78	27,0	0.0	True
Xubo01402-5A	YS26	CYU	1.0	1	1.0	HiC_scaffold8	47719249	False	A	C	0/0	37	99	37,0	0.0	True
Xubo01402-6A	YS26	CYU	1.0	1	1.0	HiC_scaffold8	47719249	False	A	C	0/0	25	72	25,0	0.0	True
Xubo01402-7A	YS26	CYU	1.0	1	1.0	HiC_scaffold8	47719249	False	A	C	0/0	20	60	20,0	0.0	True
Xubo01402-8A	YS26	CYU	1.0	1	1.0	HiC_scaffold8	47719249	False	A	C	0/0	29	84	29,0	0.0	True
Xubo01402-9A	YS26	CYU	1.0	1	1.0	HiC_scaffold8	47719249	False	A	C	0/0	10	30	10,0	0.0	True
YLZB4703-2A	SM3	CYU	0.0	0	1.0	HiC_scaffold8	47719249	False	A	C	0/1	50	99	33,17	0.34	True
YLZB4703-3A	SM3	CYU	0.0	0	1.0	HiC_scaffold8	47719249	False	A	C	0/1	54	99	30,24	0.4444444444444444	True
YLZB4703-5A	SM3	CYU	0.0	0	1.0	HiC_scaffold8	47719249	False	A	C	0/1	40	99	18,22	0.55	True
YLZB4703-7A	SM3	CYU	0.0	0	1.0	HiC_scaffold8	47719249	False	A	C	0/1	137	99	65,72	0.5255474452554745	True
YLZB4703-9A	SM3	CYU	0.0	0	1.0	HiC_scaffold8	47719249	False	A	C	0/1	52	99	20,32	0.6153846153846154	True
YLZB4715-10A	MY1	CYU	0.0	0	1.0	HiC_scaffold8	47719249	False	A	C	0/1	98	99	43,55	0.5612244897959183	True
YLZB4715-1A	MY1	CYU	0.0	0	1.0	HiC_scaffold8	47719249	False	A	C	0/1	42	99	30,12	0.2857142857142857	True
YLZB4715-2A	MY1	CYU	0.0	0	1.0	HiC_scaffold8	47719249	False	A	C	0/1	48	99	29,19	0.3958333333333333	True
YLZB4715-5A	MY1	CYU	0.0	0	1.0	HiC_scaffold8	47719249	False	A	C	0/1	54	99	26,28	0.5185185185185185	True
YLZB4715-6A	MY1	CYU	0.0	0	1.0	HiC_scaffold8	47719249	False	A	C	0/1	55	99	30,25	0.45454545454545453	True
YLZB4715-7A	MY1	CYU	0.0	0	1.0	HiC_scaffold8	47719249	False	A	C	0/1	64	99	28,36	0.5625	True
YLZB4715-8A	MY1	CYU	0.0	0	1.0	HiC_scaffold8	47719249	False	A	C	0/1	69	99	32,37	0.5362318840579711	True
YLZB4715-9A	MY1	CYU	0.0	0	1.0	HiC_scaffold8	47719249	False	A	C	0/1	77	99	31,46	0.5974025974025974	True
YLZB4735-10A	YSXC51	CPO	1.0	1	1.0	HiC_scaffold8	47719249	False	A	C	0/0	66	99	66,0	0.0	True
YLZB4735-1A	YSXC51	CPO	1.0	1	1.0	HiC_scaffold8	47719249	False	A	C	0/0	44	99	44,0	0.0	True
YLZB4735-2A	YSXC51	CPO	1.0	1	1.0	HiC_scaffold8	47719249	False	A	C	0/0	37	99	37,0	0.0	True
YLZB4735-3A	YSXC51	CPO	1.0	1	1.0	HiC_scaffold8	47719249	False	A	C	0/0	31	81	31,0	0.0	True
YLZB4735-5A	YSXC51	CPO	1.0	1	1.0	HiC_scaffold8	47719249	False	A	C	0/0	55	99	55,0	0.0	True
YLZB4735-6A	YSXC51	CPO	1.0	1	1.0	HiC_scaffold8	47719249	False	A	C	0/0	47	99	47,0	0.0	True
YLZB4735-8A	YSXC51	CPO	1.0	1	1.0	HiC_scaffold8	47719249	False	A	C	0/0	42	99	42,0	0.0	True
YLZB4735-9A	YSXC51	CPO	1.0	1	1.0	HiC_scaffold8	47719249	False	A	C	0/0	55	99	55,0	0.0	True
YLZB4816-11A	ASCD52	CPO	1.0	1	1.0	HiC_scaffold8	47719249	False	A	C	0/0	40	93	40,0	0.0	True
YLZB4816-3A	ASCD52	CPO	1.0	1	1.0	HiC_scaffold8	47719249	False	A	C	0/0	34	99	34,0	0.0	True
YLZB4816-4A	ASCD52	CPO	1.0	1	1.0	HiC_scaffold8	47719249	False	A	C	0/0	31	90	31,0	0.0	True
YLZB4816-6A	ASCD52	CPO	1.0	1	1.0	HiC_scaffold8	47719249	False	A	C	0/0	38	99	38,0	0.0	True
YLZB4816-7A	ASCD52	CPO	1.0	1	1.0	HiC_scaffold8	47719249	False	A	C	0/0	11	33	11,0	0.0	True
YLZB4816-8A	ASCD52	CPO	1.0	1	1.0	HiC_scaffold8	47719249	False	A	C	0/0	12	36	12,0	0.0	True
YLZB4816-9A	ASCD52	CPO	1.0	1	1.0	HiC_scaffold8	47719249	False	A	C	0/0	46	99	46,0	0.0	True
ZXL277-1A	YY12	CMA	1.0	1	0.0	HiC_scaffold8	47719249	False	A	C	0/0	38	99	38,0	0.0	True
ZXL277-2A	YY12	CMA	1.0	1	0.0	HiC_scaffold8	47719249	False	A	C	0/0	34	99	34,0	0.0	True
ZXL277-3A	YY12	CMA	1.0	1	0.0	HiC_scaffold8	47719249	False	A	C	0/0	20	51	20,0	0.0	True
ZXL277-4A	YY12	CMA	1.0	1	0.0	HiC_scaffold8	47719249	False	A	C	0/0	29	81	29,0	0.0	True
ZXL277-5A	YY12	CMA	1.0	1	0.0	HiC_scaffold8	47719249	False	A	C	0/0	23	53	23,0	0.0	True
ZXL277-6A	YY12	CMA	1.0	1	0.0	HiC_scaffold8	47719249	False	A	C	0/0	35	99	35,0	0.0	True
ZXL277-7A	YY12	CMA	1.0	1	0.0	HiC_scaffold8	47719249	False	A	C	0/0	26	72	26,0	0.0	True
ZXL277-8A	YY12	CMA	1.0	1	0.0	HiC_scaffold8	47719249	False	A	C	0/0	20	48	20,0	0.0	True
ZXL79-1A	CZ25	CMA	1.0	1	0.0	HiC_scaffold8	47719249	False	A	C	0/0	129	99	129,0	0.0	True
ZXL79-2A	CZ25	CMA	1.0	1	0.0	HiC_scaffold8	47719249	False	A	C	0/0	83	99	83,0	0.0	True
ZXL79-3A	CZ25	CMA	1.0	1	0.0	HiC_scaffold8	47719249	False	A	C	0/0	61	99	61,0	0.0	True
ZXL79-4A	CZ25	CMA	1.0	1	0.0	HiC_scaffold8	47719249	False	A	C	0/0	183	99	183,0	0.0	True
ZXL79-5A	CZ25	CMA	1.0	1	0.0	HiC_scaffold8	47719249	False	A	C	0/0	74	99	74,0	0.0	True
ZXL79-6A	CZ25	CMA	1.0	1	0.0	HiC_scaffold8	47719249	False	A	C	0/0	59	99	59,0	0.0	True
ZXL79-7A	CZ25	CMA	1.0	1	0.0	HiC_scaffold8	47719249	False	A	C	0/0	65	99	65,0	0.0	True
xubo266-2A	XY36	CMA	1.0	1	0.0	HiC_scaffold8	47719249	False	A	C	0/0	48	99	48,0	0.0	True
xubo266-3A	XY36	CMA	1.0	1	0.0	HiC_scaffold8	47719249	False	A	C	0/0	25	72	25,0	0.0	True
xubo266-4A	XY36	CMA	1.0	1	0.0	HiC_scaffold8	47719249	False	A	C	0/0	41	99	41,0	0.0	True
xubo266-5A	XY36	CMA	1.0	1	0.0	HiC_scaffold8	47719249	False	A	C	0/0	16	45	16,0	0.0	True
xubo266-6A	XY36	CMA	1.0	1	0.0	HiC_scaffold8	47719249	False	A	C	0/0	24	69	24,0	0.0	True
xubo266-8A	XY36	CMA	1.0	1	0.0	HiC_scaffold8	47719249	False	A	C	0/0	21	60	21,0	0.0	True
xubo266-9A	XY36	CMA	1.0	1	0.0	HiC_scaffold8	47719249	False	A	C	0/0	21	63	21,0	0.0	True
zhuzm1009-10A	KM42	CPO	1.0	1	1.0	HiC_scaffold8	47719249	False	A	C	0/0	73	99	73,0	0.0	True
zhuzm1009-2A	KM42	CPO	1.0	1	1.0	HiC_scaffold8	47719249	False	A	C	0/0	46	99	46,0	0.0	True
zhuzm1009-3A	KM42	CPO	1.0	1	1.0	HiC_scaffold8	47719249	False	A	C	0/0	22	60	22,0	0.0	True
zhuzm1009-6A	KM42	CPO	1.0	1	1.0	HiC_scaffold8	47719249	False	A	C	0/0	32	96	32,0	0.0	True
zhuzm1009-7A	KM42	CPO	1.0	1	1.0	HiC_scaffold8	47719249	False	A	C	0/0	41	99	41,0	0.0	True
zhuzm1009-8A	KM42	CPO	1.0	1	1.0	HiC_scaffold8	47719249	False	A	C	0/0	40	99	40,0	0.0	True
2014-128-1A	ML50	CPO	1.0	1	1.0	HiC_scaffold8	47719857	False	T	A	0/0	43	99	43,0	0.0	True
2014-128-2A	ML50	CPO	1.0	1	1.0	HiC_scaffold8	47719857	False	T	A	0/0	52	99	52,0	0.0	True
2014-128-3A	ML50	CPO	1.0	1	1.0	HiC_scaffold8	47719857	False	T	A	0/0	52	99	52,0	0.0	True
2014-128-4A	ML50	CPO	1.0	1	1.0	HiC_scaffold8	47719857	False	T	A	0/0	107	99	107,0	0.0	True
2014-128-5A	ML50	CPO	1.0	1	1.0	HiC_scaffold8	47719857	False	T	A	0/0	69	99	69,0	0.0	True
2014-132-2A	ML5	N	1.0	1	1.0	HiC_scaffold8	47719857	False	T	A	0/0	45	99	45,0	0.0	True
2014-132-3A	ML5	N	1.0	1	1.0	HiC_scaffold8	47719857	False	T	A	0/0	69	99	69,0	0.0	True
2014-132-4A	ML5	N	1.0	1	1.0	HiC_scaffold8	47719857	False	T	A	0/0	60	99	60,0	0.0	True
2014-132-5A	ML5	N	1.0	1	1.0	HiC_scaffold8	47719857	False	T	A	0/0	35	99	35,0	0.0	True
2014-132-6A	ML5	N	1.0	1	1.0	HiC_scaffold8	47719857	False	T	A	0/0	53	99	53,0	0.0	True
2014-132-7A	ML5	N	1.0	1	1.0	HiC_scaffold8	47719857	False	T	A	0/0	50	99	50,0	0.0	True
2014-132-8A	ML5	N	1.0	1	1.0	HiC_scaffold8	47719857	False	T	A	0/0	78	99	78,0	0.0	True
2014-132-9A	ML5	N	1.0	1	1.0	HiC_scaffold8	47719857	False	T	A	0/0	54	99	54,0	0.0	True
2014-3-10A	MN34	CPO	1.0	1	1.0	HiC_scaffold8	47719857	False	T	A	0/0	45	99	45,0	0.0	True
2014-3-3A	MN34	CPO	1.0	1	1.0	HiC_scaffold8	47719857	False	T	A	0/0	50	99	50,0	0.0	True
2014-3-4A	MN34	CPO	1.0	1	1.0	HiC_scaffold8	47719857	False	T	A	0/0	72	99	72,0	0.0	True
2014-3-5A	MN34	CPO	1.0	1	1.0	HiC_scaffold8	47719857	False	T	A	0/0	54	99	54,0	0.0	True
2014-3-6A	MN34	CPO	1.0	1	1.0	HiC_scaffold8	47719857	False	T	A	0/0	50	99	50,0	0.0	True
2014-3-7A	MN34	CPO	1.0	1	1.0	HiC_scaffold8	47719857	False	T	A	0/0	21	63	21,0	0.0	True
2014-3-8A	MN34	CPO	1.0	1	1.0	HiC_scaffold8	47719857	False	T	A	0/0	25	72	25,0	0.0	True
2014-3-9A	MN34	CPO	1.0	1	1.0	HiC_scaffold8	47719857	False	T	A	0/0	39	99	39,0	0.0	True
2014-66-1A	YL49	CPO	1.0	1	1.0	HiC_scaffold8	47719857	False	T	A	0/0	22	60	22,0	0.0	True
2014-66-2A	YL49	CPO	1.0	1	1.0	HiC_scaffold8	47719857	False	T	A	0/0	50	99	50,0	0.0	True
2014-66-3A	YL49	CPO	1.0	1	1.0	HiC_scaffold8	47719857	False	T	A	0/0	40	99	40,0	0.0	True
2014-66-4A	YL49	CPO	1.0	1	1.0	HiC_scaffold8	47719857	False	T	A	0/0	16	30	16,0	0.0	True
2014-66-5A	YL49	CPO	1.0	1	1.0	HiC_scaffold8	47719857	False	T	A	0/0	22	45	22,0	0.0	True
2014-66-6A	YL49	CPO	1.0	1	1.0	HiC_scaffold8	47719857	False	T	A	0/0	53	99	53,0	0.0	True
2014-66-7A	YL49	CPO	1.0	1	1.0	HiC_scaffold8	47719857	False	T	A	0/0	42	99	42,0	0.0	True
2014-66-8A	YL49	CPO	1.0	1	1.0	HiC_scaffold8	47719857	False	T	A	0/0	61	99	61,0	0.0	True
DP1709141A	DQS11	CMA	1.0	1	0.0	HiC_scaffold8	47719857	False	T	A	0/0	46	99	46,0	0.0	True
DP1709144A	DQS11	CMA	1.0	1	0.0	HiC_scaffold8	47719857	False	T	A	0/0	39	99	39,0	0.0	True
DP1709148A	DQS11	CMA	1.0	1	0.0	HiC_scaffold8	47719857	False	T	A	0/0	56	99	56,0	0.0	True
Gln2014-15-10A	LD30	CYU	0.0	0	1.0	HiC_scaffold8	47719857	False	T	A	0/1	84	99	34,50	0.5952380952380952	True
Gln2014-15-1A	LD30	CYU	0.0	0	1.0	HiC_scaffold8	47719857	False	T	A	0/1	58	99	46,12	0.20689655172413793	True
Gln2014-15-3A	LD30	CYU	0.0	0	1.0	HiC_scaffold8	47719857	False	T	A	0/1	74	99	53,21	0.28378378378378377	True
Gln2014-15-4A	LD30	CYU	0.0	0	1.0	HiC_scaffold8	47719857	False	T	A	0/1	74	99	33,41	0.5540540540540541	True
Gln2014-15-5A	LD30	CYU	0.0	0	1.0	HiC_scaffold8	47719857	False	T	A	0/1	111	99	62,49	0.44144144144144143	True
Gln2014-15-6A	LD30	CYU	0.0	0	1.0	HiC_scaffold8	47719857	False	T	A	0/1	101	99	50,51	0.504950495049505	True
Gln2014-15-7A	LD30	CYU	0.0	0	1.0	HiC_scaffold8	47719857	False	T	A	0/1	72	99	61,11	0.1527777777777778	True
Gln2014-15-8A	LD30	CYU	0.0	0	1.0	HiC_scaffold8	47719857	False	T	A	0/1	120	99	49,71	0.5916666666666667	True
Gln2014-8-1A	LD06	CPO	1.0	1	1.0	HiC_scaffold8	47719857	False	T	A	0/0	76	99	76,0	0.0	True
Gln2014-8-2A	LD06	CPO	1.0	1	1.0	HiC_scaffold8	47719857	False	T	A	0/0	39	99	39,0	0.0	True
Gln2014-8-4A	LD06	CPO	1.0	1	1.0	HiC_scaffold8	47719857	False	T	A	0/0	46	99	46,0	0.0	True
Gln2014-8-5A	LD06	CPO	1.0	1	1.0	HiC_scaffold8	47719857	False	T	A	0/0	45	99	45,0	0.0	True
Gln2014-8-6A	LD06	CPO	1.0	1	1.0	HiC_scaffold8	47719857	False	T	A	0/0	43	99	43,0	0.0	True
Gln2014-8-7A	LD06	CPO	1.0	1	1.0	HiC_scaffold8	47719857	False	T	A	0/0	36	99	36,0	0.0	True
Gln2014-8-8A	LD06	CPO	1.0	1	1.0	HiC_scaffold8	47719857	False	T	A	0/0	60	99	60,0	0.0	True
JLS-BM001-1A	BM31	N	NA	1	NA	HiC_scaffold8	47719857	False	T	A	0/0	159	99	159,0	0.0	True
JLS-BM001-2A	BM31	N	NA	1	NA	HiC_scaffold8	47719857	False	T	A	0/0	140	99	140,0	0.0	True
JLS-BM001-3A	BM31	N	NA	1	NA	HiC_scaffold8	47719857	False	T	A	0/0	169	99	169,0	0.0	True
JLS-BM001-4A	BM31	N	NA	1	NA	HiC_scaffold8	47719857	False	T	A	0/0	202	99	202,0	0.0	True
JLS-BM001-5A	BM31	N	NA	1	NA	HiC_scaffold8	47719857	False	T	A	0/0	217	99	217,0	0.0	True
JLS-BM001-6A	BM31	N	NA	1	NA	HiC_scaffold8	47719857	False	T	A	0/0	140	99	140,0	0.0	True
JLS-BM001-7A	BM31	N	NA	1	NA	HiC_scaffold8	47719857	False	T	A	0/0	113	99	113,0	0.0	True
JLS-BM001-8A	BM31	N	NA	1	NA	HiC_scaffold8	47719857	False	T	A	0/0	135	99	135,0	0.0	True
JLS-CY022-10A	CY32	CPO	1.0	1	1.0	HiC_scaffold8	47719857	False	T	A	0/0	41	99	41,0	0.0	True
JLS-CY022-11A	CY32	CPO	1.0	1	1.0	HiC_scaffold8	47719857	False	T	A	0/0	37	99	37,0	0.0	True
JLS-CY022-4A	CY32	CPO	1.0	1	1.0	HiC_scaffold8	47719857	False	T	A	0/0	38	99	38,0	0.0	True
JLS-CY022-5A	CY32	CPO	1.0	1	1.0	HiC_scaffold8	47719857	False	T	A	0/0	36	99	36,0	0.0	True
JLS-CY022-6A	CY32	CPO	1.0	1	1.0	HiC_scaffold8	47719857	False	T	A	0/0	43	99	43,0	0.0	True
JLS-CY022-7A	CY32	CPO	1.0	1	1.0	HiC_scaffold8	47719857	False	T	A	0/0	15	42	15,0	0.0	True
Sha-WS-1A	WS14	CMA	1.0	1	0.0	HiC_scaffold8	47719857	False	T	A	0/0	19	54	19,0	0.0	True
Sha-WS-2A	WS14	CMA	1.0	1	0.0	HiC_scaffold8	47719857	False	T	A	0/0	21	60	21,0	0.0	True
Sha-WS-3A	WS14	CMA	1.0	1	0.0	HiC_scaffold8	47719857	False	T	A	0/0	37	99	37,0	0.0	True
Sha-WS-4A	WS14	CMA	1.0	1	0.0	HiC_scaffold8	47719857	False	T	A	0/0	35	99	35,0	0.0	True
Sha-WS-5A	WS14	CMA	1.0	1	0.0	HiC_scaffold8	47719857	False	T	A	0/0	17	48	17,0	0.0	True
Sha-WS-6A	WS14	CMA	1.0	1	0.0	HiC_scaffold8	47719857	False	T	A	0/0	19	51	19,0	0.0	True
Sha-WS-7A	WS14	CMA	1.0	1	0.0	HiC_scaffold8	47719857	False	T	A	0/0	32	60	32,0	0.0	True
Sha-WS-8A	WS14	CMA	1.0	1	0.0	HiC_scaffold8	47719857	False	T	A	0/0	20	60	20,0	0.0	True
THP-SET_1917-1A	MK27	CPO	1.0	1	1.0	HiC_scaffold8	47719857	False	T	A	0/0	62	99	62,0	0.0	True
THP-SET_1917-2A	MK27	CPO	1.0	1	1.0	HiC_scaffold8	47719857	False	T	A	0/0	36	99	36,0	0.0	True
THP-SET_1917-3A	MK27	CPO	1.0	1	1.0	HiC_scaffold8	47719857	False	T	A	0/0	43	99	43,0	0.0	True
THP-SET_1917-4A	MK27	CPO	1.0	1	1.0	HiC_scaffold8	47719857	False	T	A	0/0	39	81	39,0	0.0	True
THP-SET_1917-5A	MK27	CPO	1.0	1	1.0	HiC_scaffold8	47719857	False	T	A	0/0	113	99	113,0	0.0	True
THP-SET_1917-6A	MK27	CPO	1.0	1	1.0	HiC_scaffold8	47719857	False	T	A	0/0	58	99	58,0	0.0	True
THP-SET_1917-7A	MK27	CPO	1.0	1	1.0	HiC_scaffold8	47719857	False	T	A	0/0	42	99	42,0	0.0	True
THP-SET_1917-8A	MK27	CPO	1.0	1	1.0	HiC_scaffold8	47719857	False	T	A	0/0	86	99	86,0	0.0	True
XB2014-144-2A	SM35	CYU	1.0	1	1.0	HiC_scaffold8	47719857	False	T	A	0/0	79	99	79,0	0.0	True
XB2014-144-3A	SM35	CYU	1.0	1	1.0	HiC_scaffold8	47719857	False	T	A	0/0	55	99	55,0	0.0	True
XB2014-144-4A	SM35	CYU	1.0	1	1.0	HiC_scaffold8	47719857	False	T	A	0/0	77	99	77,0	0.0	True
XB2014-144-5A	SM35	CYU	1.0	1	1.0	HiC_scaffold8	47719857	False	T	A	0/0	98	99	98,0	0.0	True
XB2014-144-6A	SM35	CYU	1.0	1	1.0	HiC_scaffold8	47719857	False	T	A	0/0	40	99	40,0	0.0	True
XB2014-144-7A	SM35	CYU	1.0	1	1.0	HiC_scaffold8	47719857	False	T	A	0/0	72	99	72,0	0.0	True
XB2014-144-8A	SM35	CYU	1.0	1	1.0	HiC_scaffold8	47719857	False	T	A	0/0	66	99	66,0	0.0	True
XB2014-144-9A	SM35	CYU	1.0	1	1.0	HiC_scaffold8	47719857	False	T	A	0/0	49	99	49,0	0.0	True
XB2014-38-2A	EY8	CYU	0.0	1	1.0	HiC_scaffold8	47719857	False	T	A	0/1	37	99	27,10	0.2702702702702703	True
XB2014-38-3A	EY8	CYU	0.0	1	1.0	HiC_scaffold8	47719857	False	T	A	0/0	30	81	30,0	0.0	True
XB2014-38-4A	EY8	CYU	0.0	1	1.0	HiC_scaffold8	47719857	False	T	A	0/0	31	81	31,0	0.0	True
XB2014-38-5A	EY8	CYU	0.0	1	1.0	HiC_scaffold8	47719857	False	T	A	0/0	32	90	32,0	0.0	True
XB2014-38-6A	EY9	CPO	0.0	1	1.0	HiC_scaffold8	47719857	False	T	A	0/0	14	36	14,0	0.0	True
XB2014-39-1A	EY9	CPO	1.0	1	1.0	HiC_scaffold8	47719857	False	T	A	0/0	38	99	38,0	0.0	True
XB2014-39-2A	EY9	CPO	1.0	1	1.0	HiC_scaffold8	47719857	False	T	A	0/0	70	99	70,0	0.0	True
XB2014-39-3A	EY9	CPO	1.0	1	1.0	HiC_scaffold8	47719857	False	T	A	0/0	50	99	50,0	0.0	True
XB2014-39-4A	EY9	CPO	1.0	1	1.0	HiC_scaffold8	47719857	False	T	A	0/0	19	54	19,0	0.0	True
XB2014-39-5A	EY9	CPO	1.0	1	1.0	HiC_scaffold8	47719857	False	T	A	0/0	20	60	20,0	0.0	True
XB2014-39-6A	EY9	CPO	1.0	1	1.0	HiC_scaffold8	47719857	False	T	A	0/0	71	99	71,0	0.0	True
XB2014-39-7A	EY9	CPO	1.0	1	1.0	HiC_scaffold8	47719857	False	T	A	0/0	35	99	35,0	0.0	True
XB2014-39-8A	EY9	CPO	1.0	1	1.0	HiC_scaffold8	47719857	False	T	A	0/0	21	60	21,0	0.0	True
XB2014-4-2A	MN4	CYU	0.0	0	1.0	HiC_scaffold8	47719857	False	T	A	0/1	90	99	60,30	0.3333333333333333	True
XB2014-4-3A	MN4	CYU	0.0	0	1.0	HiC_scaffold8	47719857	False	T	A	0/1	50	99	19,31	0.62	True
XB2014-4-4A	MN4	CYU	0.0	0	1.0	HiC_scaffold8	47719857	False	T	A	0/1	52	99	21,31	0.5961538461538461	True
XB2014-4-5A	MN4	CYU	0.0	0	1.0	HiC_scaffold8	47719857	False	T	A	0/1	80	99	47,33	0.4125	True
XB2014-4-6A	MN4	CYU	0.0	0	1.0	HiC_scaffold8	47719857	False	T	A	0/1	54	99	23,31	0.5740740740740741	True
XB2014-4-7A	MN4	CYU	0.0	0	1.0	HiC_scaffold8	47719857	False	T	A	0/1	72	99	44,28	0.3888888888888889	True
XB2014-4-8A	YL9	CYU	0.0	0	1.0	HiC_scaffold8	47719857	False	T	A	0/1	46	99	31,15	0.32608695652173914	True
XB2014-4-9A	YL9	CYU	0.0	0	1.0	HiC_scaffold8	47719857	False	T	A	0/1	55	99	32,23	0.41818181818181815	True
XB2014-48-1A	MN4	CYU	0.0	0	1.0	HiC_scaffold8	47719857	False	T	A	0/1	58	99	49,9	0.15517241379310345	True
XB2014-48-2A	MN4	CYU	0.0	0	1.0	HiC_scaffold8	47719857	False	T	A	0/1	65	99	26,39	0.6	True
XB2014-48-3A	YL9	CYU	0.0	0	1.0	HiC_scaffold8	47719857	False	T	A	0/1	50	99	19,31	0.62	True
XB2014-48-4A	YL9	CYU	0.0	0	1.0	HiC_scaffold8	47719857	False	T	A	0/1	59	99	28,31	0.5254237288135594	True
XB2014-48-5A	YL9	CYU	0.0	0	1.0	HiC_scaffold8	47719857	False	T	A	0/1	79	99	47,32	0.4050632911392405	True
XB2014-48-6A	YL9	CYU	0.0	0	1.0	HiC_scaffold8	47719857	False	T	A	0/1	47	99	18,29	0.6170212765957447	True
XB2014-48-7A	YL9	CYU	0.0	0	1.0	HiC_scaffold8	47719857	False	T	A	0/1	38	99	17,21	0.5526315789473685	True
XB2014-48-9A	YL9	CYU	0.0	0	1.0	HiC_scaffold8	47719857	False	T	A	0/1	53	99	36,17	0.32075471698113206	True
XB26-3B	SC37	CPO	1.0	1	1.0	HiC_scaffold8	47719857	False	T	A	0/0	14	36	14,0	0.0	True
XB26-4B	SC37	CPO	1.0	1	1.0	HiC_scaffold8	47719857	False	T	A	0/0	16	42	16,0	0.0	True
XB26-5B	SC37	CPO	1.0	1	1.0	HiC_scaffold8	47719857	False	T	A	0/0	34	84	34,0	0.0	True
XB26-7B	SC37	CPO	1.0	1	1.0	HiC_scaffold8	47719857	False	T	A	0/0	19	57	19,0	0.0	True
XuBo982-1A	XS40	CMA	1.0	1	0.0	HiC_scaffold8	47719857	False	T	A	0/0	24	60	24,0	0.0	True
XuBo982-2A	XS40	CMA	1.0	1	0.0	HiC_scaffold8	47719857	False	T	A	0/0	17	48	17,0	0.0	True
XuBo982-3A	XS40	CMA	1.0	1	0.0	HiC_scaffold8	47719857	False	T	A	0/0	20	60	20,0	0.0	True
XuBo982-4A	XS40	CMA	1.0	1	0.0	HiC_scaffold8	47719857	False	T	A	0/0	21	60	21,0	0.0	True
XuBo982-5A	XS40	CMA	1.0	1	0.0	HiC_scaffold8	47719857	False	T	A	0/0	24	72	24,0	0.0	True
XubBo-1037-1A	LN46	N	1.0	1	0.0	HiC_scaffold8	47719857	False	T	A	0/0	76	99	76,0	0.0	True
XubBo-1037-2A	TB43	CMA	NA	1	NA	HiC_scaffold8	47719857	False	T	A	0/0	56	99	56,0	0.0	True
XubBo-1037-3A	TB43	CMA	NA	1	NA	HiC_scaffold8	47719857	False	T	A	0/0	98	99	98,0	0.0	True
XubBo-1037-4A	TB43	CMA	NA	1	NA	HiC_scaffold8	47719857	False	T	A	0/0	100	99	100,0	0.0	True
XubBo-1037-5A	TB43	CMA	NA	1	NA	HiC_scaffold8	47719857	False	T	A	0/0	108	99	108,0	0.0	True
XubBo-1037-6A	TB43	CMA	NA	1	NA	HiC_scaffold8	47719857	False	T	A	0/0	88	99	88,0	0.0	True
XubBo-1037-7A	TB43	CMA	NA	1	NA	HiC_scaffold8	47719857	False	T	A	0/0	66	99	66,0	0.0	True
XubBo-1037-8A	TB43	CMA	NA	1	NA	HiC_scaffold8	47719857	False	T	A	0/0	56	99	56,0	0.0	True
XubBo1030-10A	LN46	N	1.0	1	0.0	HiC_scaffold8	47719857	False	T	A	0/0	34	99	34,0	0.0	True
XubBo1030-1A	LN46	N	1.0	1	0.0	HiC_scaffold8	47719857	False	T	A	0/0	25	72	25,0	0.0	True
XubBo1030-3A	LN46	N	1.0	1	0.0	HiC_scaffold8	47719857	False	T	A	0/0	21	60	21,0	0.0	True
XubBo1030-5A	LN46	N	1.0	1	0.0	HiC_scaffold8	47719857	False	T	A	0/0	17	48	17,0	0.0	True
XubBo1030-6A	LN46	N	1.0	1	0.0	HiC_scaffold8	47719857	False	T	A	0/0	26	75	26,0	0.0	True
XubBo1030-8A	LN46	N	1.0	1	0.0	HiC_scaffold8	47719857	False	T	A	0/0	28	72	28,0	0.0	True
XubBo1030-9A	LN46	N	1.0	1	0.0	HiC_scaffold8	47719857	False	T	A	0/0	16	45	16,0	0.0	True
XubBo1051-10A	WX48	CMA	1.0	1	0.0	HiC_scaffold8	47719857	False	T	A	0/0	24	63	24,0	0.0	True
XubBo1051-1A	WX48	CMA	1.0	1	0.0	HiC_scaffold8	47719857	False	T	A	0/0	33	99	33,0	0.0	True
XubBo1051-2A	WX48	CMA	1.0	1	0.0	HiC_scaffold8	47719857	False	T	A	0/0	31	90	31,0	0.0	True
XubBo1051-3A	WX48	CMA	1.0	1	0.0	HiC_scaffold8	47719857	False	T	A	0/0	18	51	18,0	0.0	True
XubBo1051-4A	WX48	CMA	1.0	1	0.0	HiC_scaffold8	47719857	False	T	A	0/0	21	57	21,0	0.0	True
XubBo1051-7A	WX48	CMA	1.0	1	0.0	HiC_scaffold8	47719857	False	T	A	0/0	19	14	19,0	0.0	False
XubBo1051-8A	WX48	CMA	1.0	1	0.0	HiC_scaffold8	47719857	False	T	A	0/0	33	99	33,0	0.0	True
XubBo1051-9A	WX48	CMA	1.0	1	0.0	HiC_scaffold8	47719857	False	T	A	0/0	19	48	19,0	0.0	True
Xubo01402-2A	YS26	CYU	1.0	1	1.0	HiC_scaffold8	47719857	False	T	A	0/0	35	99	35,0	0.0	True
Xubo01402-3A	YS26	CYU	1.0	1	1.0	HiC_scaffold8	47719857	False	T	A	0/0	27	75	27,0	0.0	True
Xubo01402-4A	YS26	CYU	1.0	1	1.0	HiC_scaffold8	47719857	False	T	A	0/0	35	99	35,0	0.0	True
Xubo01402-5A	YS26	CYU	1.0	1	1.0	HiC_scaffold8	47719857	False	T	A	0/0	35	99	35,0	0.0	True
Xubo01402-6A	YS26	CYU	1.0	1	1.0	HiC_scaffold8	47719857	False	T	A	0/0	37	99	37,0	0.0	True
Xubo01402-7A	YS26	CYU	1.0	1	1.0	HiC_scaffold8	47719857	False	T	A	0/0	40	99	40,0	0.0	True
Xubo01402-8A	YS26	CYU	1.0	1	1.0	HiC_scaffold8	47719857	False	T	A	0/0	24	63	24,0	0.0	True
Xubo01402-9A	YS26	CYU	1.0	1	1.0	HiC_scaffold8	47719857	False	T	A	0/0	21	60	21,0	0.0	True
YLZB4703-2A	SM3	CYU	0.0	0	1.0	HiC_scaffold8	47719857	False	T	A	0/1	121	99	95,26	0.21487603305785125	True
YLZB4703-3A	SM3	CYU	0.0	0	1.0	HiC_scaffold8	47719857	False	T	A	0/1	100	99	60,40	0.4	True
YLZB4703-5A	SM3	CYU	0.0	0	1.0	HiC_scaffold8	47719857	False	T	A	0/1	95	99	56,39	0.4105263157894737	True
YLZB4703-7A	SM3	CYU	0.0	0	1.0	HiC_scaffold8	47719857	False	T	A	0/1	223	99	129,94	0.42152466367713004	True
YLZB4703-9A	SM3	CYU	0.0	0	1.0	HiC_scaffold8	47719857	False	T	A	0/1	88	99	56,32	0.36363636363636365	True
YLZB4715-10A	MY1	CYU	0.0	0	1.0	HiC_scaffold8	47719857	False	T	A	0/1	99	99	49,50	0.5050505050505051	True
YLZB4715-1A	MY1	CYU	0.0	0	1.0	HiC_scaffold8	47719857	False	T	A	0/1	94	99	61,33	0.35106382978723405	True
YLZB4715-2A	MY1	CYU	0.0	0	1.0	HiC_scaffold8	47719857	False	T	A	0/1	83	99	53,30	0.3614457831325301	True
YLZB4715-5A	MY1	CYU	0.0	0	1.0	HiC_scaffold8	47719857	False	T	A	0/1	46	99	15,31	0.6739130434782609	True
YLZB4715-6A	MY1	CYU	0.0	0	1.0	HiC_scaffold8	47719857	False	T	A	0/1	58	99	36,22	0.3793103448275862	True
YLZB4715-7A	MY1	CYU	0.0	0	1.0	HiC_scaffold8	47719857	False	T	A	0/1	97	99	42,55	0.5670103092783505	True
YLZB4715-8A	MY1	CYU	0.0	0	1.0	HiC_scaffold8	47719857	False	T	A	0/1	82	99	36,46	0.5609756097560976	True
YLZB4715-9A	MY1	CYU	0.0	0	1.0	HiC_scaffold8	47719857	False	T	A	0/1	134	99	64,70	0.5223880597014925	True
YLZB4735-10A	YSXC51	CPO	1.0	1	1.0	HiC_scaffold8	47719857	False	T	A	0/0	55	99	55,0	0.0	True
YLZB4735-1A	YSXC51	CPO	1.0	1	1.0	HiC_scaffold8	47719857	False	T	A	0/0	47	99	47,0	0.0	True
YLZB4735-2A	YSXC51	CPO	1.0	1	1.0	HiC_scaffold8	47719857	False	T	A	0/0	51	99	51,0	0.0	True
YLZB4735-3A	YSXC51	CPO	1.0	1	1.0	HiC_scaffold8	47719857	False	T	A	0/0	49	99	49,0	0.0	True
YLZB4735-5A	YSXC51	CPO	1.0	1	1.0	HiC_scaffold8	47719857	False	T	A	0/0	66	99	66,0	0.0	True
YLZB4735-6A	YSXC51	CPO	1.0	1	1.0	HiC_scaffold8	47719857	False	T	A	0/0	78	99	78,0	0.0	True
YLZB4735-8A	YSXC51	CPO	1.0	1	1.0	HiC_scaffold8	47719857	False	T	A	0/0	53	99	53,0	0.0	True
YLZB4735-9A	YSXC51	CPO	1.0	1	1.0	HiC_scaffold8	47719857	False	T	A	0/0	63	99	63,0	0.0	True
YLZB4816-11A	ASCD52	CPO	1.0	1	1.0	HiC_scaffold8	47719857	False	T	A	0/0	37	99	37,0	0.0	True
YLZB4816-3A	ASCD52	CPO	1.0	1	1.0	HiC_scaffold8	47719857	False	T	A	0/0	19	48	19,0	0.0	True
YLZB4816-4A	ASCD52	CPO	1.0	1	1.0	HiC_scaffold8	47719857	False	T	A	0/0	23	63	23,0	0.0	True
YLZB4816-6A	ASCD52	CPO	1.0	1	1.0	HiC_scaffold8	47719857	False	T	A	0/0	33	99	33,0	0.0	True
YLZB4816-7A	ASCD52	CPO	1.0	1	1.0	HiC_scaffold8	47719857	False	T	A	0/0	29	78	29,0	0.0	True
YLZB4816-8A	ASCD52	CPO	1.0	1	1.0	HiC_scaffold8	47719857	False	T	A	0/0	7	18	7,0	0.0	False
YLZB4816-9A	ASCD52	CPO	1.0	1	1.0	HiC_scaffold8	47719857	False	T	A	0/0	33	99	33,0	0.0	True
ZXL277-1A	YY12	CMA	1.0	1	0.0	HiC_scaffold8	47719857	False	T	A	0/0	34	99	34,0	0.0	True
ZXL277-2A	YY12	CMA	1.0	1	0.0	HiC_scaffold8	47719857	False	T	A	0/0	32	81	32,0	0.0	True
ZXL277-3A	YY12	CMA	1.0	1	0.0	HiC_scaffold8	47719857	False	T	A	0/0	20	60	20,0	0.0	True
ZXL277-4A	YY12	CMA	1.0	1	0.0	HiC_scaffold8	47719857	False	T	A	0/0	42	99	42,0	0.0	True
ZXL277-5A	YY12	CMA	1.0	1	0.0	HiC_scaffold8	47719857	False	T	A	0/0	28	81	28,0	0.0	True
ZXL277-6A	YY12	CMA	1.0	1	0.0	HiC_scaffold8	47719857	False	T	A	0/0	24	72	24,0	0.0	True
ZXL277-7A	YY12	CMA	1.0	1	0.0	HiC_scaffold8	47719857	False	T	A	0/0	39	99	39,0	0.0	True
ZXL277-8A	YY12	CMA	1.0	1	0.0	HiC_scaffold8	47719857	False	T	A	0/0	20	51	20,0	0.0	True
ZXL79-1A	CZ25	CMA	1.0	1	0.0	HiC_scaffold8	47719857	False	T	A	0/0	105	99	105,0	0.0	True
ZXL79-2A	CZ25	CMA	1.0	1	0.0	HiC_scaffold8	47719857	False	T	A	0/0	82	99	82,0	0.0	True
ZXL79-3A	CZ25	CMA	1.0	1	0.0	HiC_scaffold8	47719857	False	T	A	0/0	36	99	36,0	0.0	True
ZXL79-4A	CZ25	CMA	1.0	1	0.0	HiC_scaffold8	47719857	False	T	A	0/0	120	99	120,0	0.0	True
ZXL79-5A	CZ25	CMA	1.0	1	0.0	HiC_scaffold8	47719857	False	T	A	0/0	44	99	44,0	0.0	True
ZXL79-6A	CZ25	CMA	1.0	1	0.0	HiC_scaffold8	47719857	False	T	A	0/0	35	99	35,0	0.0	True
ZXL79-7A	CZ25	CMA	1.0	1	0.0	HiC_scaffold8	47719857	False	T	A	0/0	38	99	38,0	0.0	True
xubo266-2A	XY36	CMA	1.0	1	0.0	HiC_scaffold8	47719857	False	T	A	0/0	39	99	39,0	0.0	True
xubo266-3A	XY36	CMA	1.0	1	0.0	HiC_scaffold8	47719857	False	T	A	0/0	30	81	30,0	0.0	True
xubo266-4A	XY36	CMA	1.0	1	0.0	HiC_scaffold8	47719857	False	T	A	0/0	39	99	39,0	0.0	True
xubo266-5A	XY36	CMA	1.0	1	0.0	HiC_scaffold8	47719857	False	T	A	0/0	33	93	33,0	0.0	True
xubo266-6A	XY36	CMA	1.0	1	0.0	HiC_scaffold8	47719857	False	T	A	0/0	42	99	42,0	0.0	True
xubo266-8A	XY36	CMA	1.0	1	0.0	HiC_scaffold8	47719857	False	T	A	0/0	31	90	31,0	0.0	True
xubo266-9A	XY36	CMA	1.0	1	0.0	HiC_scaffold8	47719857	False	T	A	0/0	22	60	22,0	0.0	True
zhuzm1009-10A	KM42	CPO	1.0	1	1.0	HiC_scaffold8	47719857	False	T	A	0/0	85	99	85,0	0.0	True
zhuzm1009-2A	KM42	CPO	1.0	1	1.0	HiC_scaffold8	47719857	False	T	A	0/0	59	60	59,0	0.0	True
zhuzm1009-3A	KM42	CPO	1.0	1	1.0	HiC_scaffold8	47719857	False	T	A	0/0	37	84	37,0	0.0	True
zhuzm1009-6A	KM42	CPO	1.0	1	1.0	HiC_scaffold8	47719857	False	T	A	0/0	38	99	38,0	0.0	True
zhuzm1009-7A	KM42	CPO	1.0	1	1.0	HiC_scaffold8	47719857	False	T	A	0/0	34	99	34,0	0.0	True
zhuzm1009-8A	KM42	CPO	1.0	1	1.0	HiC_scaffold8	47719857	False	T	A	0/0	42	99	42,0	0.0	True
