chromosome	start	end	RDA_SNPs	BayPass_SNPs	exact_shared_SNPs
HiC_scaffold1	1260001	1270000	2	1	0
HiC_scaffold1	1280001	1290000	1	1	0
HiC_scaffold1	2460001	2470000	2	1	0
HiC_scaffold1	3390001	3400000	1	1	0
HiC_scaffold1	3650001	3660000	3	2	0
HiC_scaffold1	4340001	4350000	2	1	0
HiC_scaffold1	4350001	4360000	1	2	0
HiC_scaffold1	4760001	4770000	1	1	0
HiC_scaffold1	4780001	4790000	1	1	0
HiC_scaffold1	5330001	5340000	1	1	0
HiC_scaffold1	5960001	5970000	5	1	0
HiC_scaffold1	6210001	6220000	2	1	0
HiC_scaffold1	6220001	6230000	1	1	0
HiC_scaffold1	8240001	8250000	1	1	0
HiC_scaffold1	8390001	8400000	8	1	0
HiC_scaffold1	8490001	8500000	1	2	0
HiC_scaffold1	8660001	8670000	1	1	0
HiC_scaffold1	10230001	10240000	1	1	0
HiC_scaffold1	10440001	10450000	2	1	0
HiC_scaffold1	10460001	10470000	4	1	0
HiC_scaffold1	10470001	10480000	13	4	0
HiC_scaffold1	10500001	10510000	1	2	0
HiC_scaffold1	10650001	10660000	1	1	0
HiC_scaffold1	11120001	11130000	3	1	0
HiC_scaffold1	11180001	11190000	15	2	0
HiC_scaffold1	11190001	11200000	7	1	0
HiC_scaffold1	11250001	11260000	1	1	0
HiC_scaffold1	11770001	11780000	8	1	0
HiC_scaffold1	11860001	11870000	5	1	0
HiC_scaffold1	11960001	11970000	1	1	0
HiC_scaffold1	12130001	12140000	4	2	0
HiC_scaffold1	12180001	12190000	3	1	0
HiC_scaffold1	12210001	12220000	1	2	0
HiC_scaffold1	12510001	12520000	1	1	0
HiC_scaffold1	12560001	12570000	1	1	0
HiC_scaffold1	12590001	12600000	2	1	0
HiC_scaffold1	12710001	12720000	1	1	0
HiC_scaffold1	12720001	12730000	2	2	0
HiC_scaffold1	12730001	12740000	1	1	0
HiC_scaffold1	12790001	12800000	2	1	0
HiC_scaffold1	12870001	12880000	2	1	0
HiC_scaffold1	12890001	12900000	3	1	0
HiC_scaffold1	12910001	12920000	1	1	0
HiC_scaffold1	13030001	13040000	2	1	0
HiC_scaffold1	13050001	13060000	1	1	0
HiC_scaffold1	13080001	13090000	2	1	0
HiC_scaffold1	13400001	13410000	2	1	0
HiC_scaffold1	13430001	13440000	9	1	0
HiC_scaffold1	13620001	13630000	4	1	0
HiC_scaffold1	13640001	13650000	2	1	0
HiC_scaffold1	15140001	15150000	1	1	0
HiC_scaffold1	15170001	15180000	1	1	0
HiC_scaffold1	15200001	15210000	3	1	0
HiC_scaffold1	16030001	16040000	2	1	0
HiC_scaffold1	16480001	16490000	2	1	0
HiC_scaffold1	16600001	16610000	1	1	0
HiC_scaffold1	17030001	17040000	2	1	0
HiC_scaffold1	17250001	17260000	1	1	0
HiC_scaffold1	17290001	17300000	10	1	0
HiC_scaffold1	18360001	18370000	1	1	0
HiC_scaffold1	18480001	18490000	1	2	0
HiC_scaffold1	18530001	18540000	1	1	0
HiC_scaffold1	19100001	19110000	3	1	0
HiC_scaffold1	19170001	19180000	2	2	0
HiC_scaffold1	19190001	19200000	1	1	0
HiC_scaffold1	19250001	19260000	1	1	0
HiC_scaffold1	19410001	19420000	2	1	0
HiC_scaffold1	19550001	19560000	1	1	0
HiC_scaffold1	19690001	19700000	7	1	0
HiC_scaffold1	19750001	19760000	2	1	0
HiC_scaffold1	19770001	19780000	2	1	0
HiC_scaffold1	20020001	20030000	5	1	0
HiC_scaffold1	20490001	20500000	3	1	0
HiC_scaffold1	20610001	20620000	5	1	0
HiC_scaffold1	20880001	20890000	1	1	0
HiC_scaffold1	21860001	21870000	1	1	0
HiC_scaffold1	22030001	22040000	1	1	0
HiC_scaffold1	22190001	22200000	1	1	0
HiC_scaffold1	22760001	22770000	3	1	0
HiC_scaffold1	22880001	22890000	1	1	0
HiC_scaffold1	23020001	23030000	4	1	0
HiC_scaffold1	23040001	23050000	3	1	0
HiC_scaffold1	24110001	24120000	1	1	0
HiC_scaffold1	24440001	24450000	5	1	0
HiC_scaffold1	24970001	24980000	1	1	0
HiC_scaffold1	25580001	25590000	1	1	0
HiC_scaffold1	25920001	25930000	1	1	0
HiC_scaffold1	26290001	26300000	1	1	0
HiC_scaffold1	26490001	26500000	1	1	0
HiC_scaffold1	26790001	26800000	1	1	0
HiC_scaffold1	26840001	26850000	1	2	0
HiC_scaffold1	26900001	26910000	1	1	0
HiC_scaffold1	27160001	27170000	1	1	0
HiC_scaffold1	27220001	27230000	1	1	0
HiC_scaffold1	27230001	27240000	6	1	0
HiC_scaffold1	27280001	27290000	5	1	0
HiC_scaffold1	27430001	27440000	2	1	0
HiC_scaffold1	27520001	27530000	1	2	0
HiC_scaffold1	27560001	27570000	1	1	0
HiC_scaffold1	27730001	27740000	1	1	0
HiC_scaffold1	27930001	27940000	2	1	0
HiC_scaffold1	28470001	28480000	1	1	0
HiC_scaffold1	28930001	28940000	1	1	0
HiC_scaffold1	29650001	29660000	2	1	0
HiC_scaffold1	29790001	29800000	2	1	0
HiC_scaffold1	30140001	30150000	3	1	0
HiC_scaffold1	30230001	30240000	3	1	0
HiC_scaffold1	30320001	30330000	1	1	0
HiC_scaffold1	30390001	30400000	3	1	0
HiC_scaffold1	30470001	30480000	1	1	0
HiC_scaffold1	30480001	30490000	1	1	0
HiC_scaffold1	30520001	30530000	4	1	1
HiC_scaffold1	30530001	30540000	4	1	0
HiC_scaffold1	30740001	30750000	2	1	0
HiC_scaffold1	31350001	31360000	2	2	0
HiC_scaffold1	31560001	31570000	1	1	0
HiC_scaffold1	31790001	31800000	1	1	0
HiC_scaffold1	31980001	31990000	1	1	0
HiC_scaffold1	32120001	32130000	2	1	0
HiC_scaffold1	32440001	32450000	1	1	0
HiC_scaffold1	32450001	32460000	1	1	0
HiC_scaffold1	32610001	32620000	1	1	0
HiC_scaffold1	32650001	32660000	4	1	0
HiC_scaffold1	32970001	32980000	2	1	0
HiC_scaffold1	32990001	33000000	1	1	0
HiC_scaffold1	33030001	33040000	5	1	0
HiC_scaffold1	33570001	33580000	7	1	0
HiC_scaffold1	34210001	34220000	5	1	0
HiC_scaffold1	34500001	34510000	1	1	0
HiC_scaffold1	34540001	34550000	3	1	0
HiC_scaffold1	34550001	34560000	2	1	0
HiC_scaffold1	34680001	34690000	2	1	0
HiC_scaffold1	34700001	34710000	9	1	0
HiC_scaffold1	34940001	34950000	2	1	0
HiC_scaffold1	35070001	35080000	3	1	0
HiC_scaffold1	35610001	35620000	1	1	0
HiC_scaffold1	35740001	35750000	1	2	0
HiC_scaffold1	36200001	36210000	4	2	0
HiC_scaffold1	36360001	36370000	5	2	0
HiC_scaffold1	36420001	36430000	4	1	0
HiC_scaffold1	36580001	36590000	1	1	0
HiC_scaffold1	36630001	36640000	1	2	0
HiC_scaffold1	36850001	36860000	4	1	0
HiC_scaffold1	37100001	37110000	1	1	0
HiC_scaffold1	37430001	37440000	4	1	0
HiC_scaffold1	37550001	37560000	3	1	0
HiC_scaffold1	37640001	37650000	4	1	0
HiC_scaffold1	37690001	37700000	1	1	0
HiC_scaffold1	37800001	37810000	1	1	0
HiC_scaffold1	37860001	37870000	1	2	0
HiC_scaffold1	37870001	37880000	1	1	0
HiC_scaffold1	37940001	37950000	2	1	0
HiC_scaffold1	38910001	38920000	1	1	0
HiC_scaffold1	38960001	38970000	2	1	0
HiC_scaffold1	39200001	39210000	3	1	0
HiC_scaffold1	39360001	39370000	1	1	0
HiC_scaffold1	39840001	39850000	2	1	0
HiC_scaffold1	39850001	39860000	2	1	0
HiC_scaffold1	39940001	39950000	5	1	0
HiC_scaffold1	39950001	39960000	2	1	0
HiC_scaffold1	40080001	40090000	1	1	0
HiC_scaffold1	40210001	40220000	2	1	0
HiC_scaffold1	40290001	40300000	2	1	1
HiC_scaffold1	40560001	40570000	1	1	0
HiC_scaffold1	40610001	40620000	1	1	0
HiC_scaffold1	40890001	40900000	1	1	0
HiC_scaffold1	40940001	40950000	2	1	0
HiC_scaffold1	41050001	41060000	1	1	0
HiC_scaffold1	41790001	41800000	5	1	0
HiC_scaffold1	41820001	41830000	3	1	0
HiC_scaffold1	41940001	41950000	9	1	0
HiC_scaffold1	42040001	42050000	9	1	0
HiC_scaffold1	42460001	42470000	6	1	0
HiC_scaffold1	42520001	42530000	1	1	0
HiC_scaffold1	42590001	42600000	5	1	0
HiC_scaffold1	42620001	42630000	4	1	0
HiC_scaffold1	42650001	42660000	2	1	0
HiC_scaffold1	42790001	42800000	2	1	0
HiC_scaffold1	42890001	42900000	4	1	0
HiC_scaffold1	42970001	42980000	1	1	0
HiC_scaffold1	43110001	43120000	7	2	0
HiC_scaffold1	43210001	43220000	1	1	0
HiC_scaffold1	43420001	43430000	5	2	0
HiC_scaffold1	43580001	43590000	3	1	0
HiC_scaffold1	43640001	43650000	1	1	0
HiC_scaffold1	44110001	44120000	2	1	0
HiC_scaffold1	44330001	44340000	1	1	0
HiC_scaffold1	44530001	44540000	1	1	0
HiC_scaffold1	44780001	44790000	1	1	0
HiC_scaffold1	44870001	44880000	4	1	0
HiC_scaffold1	44910001	44920000	4	1	0
HiC_scaffold1	44920001	44930000	1	1	0
HiC_scaffold1	45020001	45030000	1	1	0
HiC_scaffold1	45850001	45860000	6	2	0
HiC_scaffold1	46160001	46170000	2	2	0
HiC_scaffold1	46210001	46220000	3	1	0
HiC_scaffold1	46220001	46230000	15	1	0
HiC_scaffold1	46430001	46440000	3	1	0
HiC_scaffold1	46450001	46460000	3	1	0
HiC_scaffold1	46580001	46590000	4	1	0
HiC_scaffold1	46670001	46680000	5	2	0
HiC_scaffold1	46690001	46700000	4	1	0
HiC_scaffold1	46740001	46750000	6	1	0
HiC_scaffold1	46800001	46810000	6	1	0
HiC_scaffold1	46860001	46870000	12	1	0
HiC_scaffold1	46960001	46970000	8	1	0
HiC_scaffold1	46980001	46990000	6	1	0
HiC_scaffold1	47000001	47010000	5	1	0
HiC_scaffold1	47030001	47040000	6	1	0
HiC_scaffold1	47060001	47070000	4	1	0
HiC_scaffold1	47090001	47100000	5	1	0
HiC_scaffold1	47100001	47110000	1	1	0
HiC_scaffold1	47120001	47130000	1	1	0
HiC_scaffold1	47290001	47300000	1	1	0
HiC_scaffold1	47650001	47660000	1	1	0
HiC_scaffold1	47700001	47710000	3	1	0
HiC_scaffold1	47710001	47720000	2	2	0
HiC_scaffold1	47790001	47800000	1	1	0
HiC_scaffold1	48120001	48130000	2	1	0
HiC_scaffold1	48310001	48320000	1	1	0
HiC_scaffold1	48470001	48480000	1	1	0
HiC_scaffold1	48500001	48510000	5	1	0
HiC_scaffold1	48840001	48850000	2	1	0
HiC_scaffold1	49220001	49230000	2	2	0
HiC_scaffold1	49300001	49310000	3	1	0
HiC_scaffold1	49350001	49360000	2	1	0
HiC_scaffold1	49360001	49370000	5	1	0
HiC_scaffold1	49380001	49390000	4	1	0
HiC_scaffold1	49390001	49400000	4	1	0
HiC_scaffold1	49400001	49410000	5	1	0
HiC_scaffold1	49590001	49600000	4	1	0
HiC_scaffold1	49640001	49650000	1	1	0
HiC_scaffold1	50090001	50100000	1	3	0
HiC_scaffold1	50110001	50120000	3	2	0
HiC_scaffold1	50130001	50140000	3	1	0
HiC_scaffold1	50180001	50190000	5	1	0
HiC_scaffold1	50190001	50200000	7	1	0
HiC_scaffold1	50580001	50590000	6	1	0
HiC_scaffold1	50650001	50660000	1	2	0
HiC_scaffold1	50820001	50830000	1	1	0
HiC_scaffold1	51600001	51610000	1	1	0
HiC_scaffold1	51660001	51670000	5	1	0
HiC_scaffold1	52020001	52030000	1	1	0
HiC_scaffold1	52050001	52060000	1	1	0
HiC_scaffold1	52090001	52100000	1	1	0
HiC_scaffold1	52240001	52250000	2	1	0
HiC_scaffold1	52260001	52270000	1	1	0
HiC_scaffold1	52300001	52310000	2	1	0
HiC_scaffold1	52500001	52510000	1	1	0
HiC_scaffold1	52630001	52640000	3	1	0
HiC_scaffold1	52860001	52870000	3	1	0
HiC_scaffold1	52920001	52930000	2	1	0
HiC_scaffold1	53200001	53210000	1	1	0
HiC_scaffold1	53870001	53880000	3	1	0
HiC_scaffold1	53900001	53910000	3	1	0
HiC_scaffold1	54000001	54010000	1	1	0
HiC_scaffold1	54030001	54040000	3	1	0
HiC_scaffold1	54290001	54300000	1	1	0
HiC_scaffold1	54850001	54860000	1	1	0
HiC_scaffold1	55080001	55090000	2	1	0
HiC_scaffold1	55580001	55590000	1	1	0
HiC_scaffold1	55600001	55610000	4	1	0
HiC_scaffold1	55640001	55650000	1	1	0
HiC_scaffold1	55710001	55720000	2	1	0
HiC_scaffold1	55920001	55930000	3	1	0
HiC_scaffold1	56030001	56040000	1	1	0
HiC_scaffold1	56050001	56060000	5	1	0
HiC_scaffold1	56200001	56210000	6	1	0
HiC_scaffold1	56340001	56350000	3	1	0
HiC_scaffold1	56350001	56360000	2	1	0
HiC_scaffold1	56600001	56610000	1	1	0
HiC_scaffold1	56620001	56630000	5	1	0
HiC_scaffold1	56630001	56640000	1	1	0
HiC_scaffold1	56840001	56850000	4	1	0
HiC_scaffold1	56930001	56940000	6	1	0
HiC_scaffold1	56970001	56980000	3	1	0
HiC_scaffold1	57440001	57450000	2	1	0
HiC_scaffold1	57600001	57610000	3	1	0
HiC_scaffold1	57720001	57730000	1	1	0
HiC_scaffold1	58070001	58080000	6	1	0
HiC_scaffold1	58170001	58180000	1	2	0
HiC_scaffold1	58280001	58290000	6	1	0
HiC_scaffold1	58340001	58350000	3	1	0
HiC_scaffold1	58630001	58640000	1	2	0
HiC_scaffold1	58640001	58650000	1	2	0
HiC_scaffold1	59140001	59150000	3	1	0
HiC_scaffold1	59550001	59560000	3	1	0
HiC_scaffold1	59880001	59890000	1	1	0
HiC_scaffold1	60030001	60040000	1	1	0
HiC_scaffold1	60620001	60630000	1	1	0
HiC_scaffold1	61920001	61930000	1	1	0
HiC_scaffold1	62570001	62580000	1	1	0
HiC_scaffold1	63040001	63050000	1	1	0
HiC_scaffold1	63750001	63760000	1	1	0
HiC_scaffold1	63930001	63940000	1	1	0
HiC_scaffold1	65170001	65180000	1	1	0
HiC_scaffold1	65350001	65360000	10	1	0
HiC_scaffold1	65370001	65380000	1	1	0
HiC_scaffold1	65530001	65540000	1	2	0
HiC_scaffold1	65650001	65660000	10	1	0
HiC_scaffold1	65730001	65740000	3	1	0
HiC_scaffold1	65830001	65840000	5	1	0
HiC_scaffold1	65960001	65970000	1	1	0
HiC_scaffold1	66050001	66060000	1	1	0
HiC_scaffold1	66120001	66130000	2	1	0
HiC_scaffold1	66230001	66240000	4	1	0
HiC_scaffold1	66280001	66290000	1	1	0
HiC_scaffold1	66470001	66480000	2	1	0
HiC_scaffold1	66660001	66670000	6	1	0
HiC_scaffold1	66690001	66700000	3	1	0
HiC_scaffold1	66720001	66730000	1	1	0
HiC_scaffold1	66850001	66860000	1	1	0
HiC_scaffold1	66910001	66920000	3	1	0
HiC_scaffold1	66970001	66980000	4	1	0
HiC_scaffold1	66990001	67000000	8	2	0
HiC_scaffold1	67100001	67110000	6	1	0
HiC_scaffold1	67170001	67180000	1	1	0
HiC_scaffold1	67220001	67230000	7	1	0
HiC_scaffold1	67250001	67260000	3	1	0
HiC_scaffold1	67280001	67290000	2	1	0
HiC_scaffold1	67660001	67670000	1	1	0
HiC_scaffold1	67670001	67680000	1	2	0
HiC_scaffold1	67760001	67770000	2	1	0
HiC_scaffold1	67890001	67900000	1	1	0
HiC_scaffold1	68240001	68250000	1	1	0
HiC_scaffold1	68470001	68480000	3	1	0
HiC_scaffold1	68720001	68730000	2	1	0
HiC_scaffold1	68940001	68950000	2	1	0
HiC_scaffold1	68960001	68970000	1	1	0
HiC_scaffold1	68970001	68980000	2	1	0
HiC_scaffold1	69140001	69150000	4	1	0
HiC_scaffold1	69230001	69240000	2	1	0
HiC_scaffold1	69340001	69350000	2	1	0
HiC_scaffold1	69350001	69360000	9	1	0
HiC_scaffold1	69390001	69400000	3	1	0
HiC_scaffold1	69400001	69410000	7	1	0
HiC_scaffold1	69410001	69420000	4	1	0
HiC_scaffold1	69420001	69430000	12	2	0
HiC_scaffold1	69490001	69500000	2	1	0
HiC_scaffold1	69930001	69940000	2	2	0
HiC_scaffold1	70530001	70540000	1	1	0
HiC_scaffold1	70630001	70640000	1	1	0
HiC_scaffold1	70910001	70920000	1	1	0
HiC_scaffold1	70980001	70990000	1	1	0
HiC_scaffold1	71110001	71120000	1	1	0
HiC_scaffold1	71280001	71290000	1	1	0
HiC_scaffold1	71610001	71620000	3	1	0
HiC_scaffold1	71780001	71790000	6	1	0
HiC_scaffold1	71810001	71820000	5	1	0
HiC_scaffold1	71990001	72000000	5	2	0
HiC_scaffold1	72170001	72180000	1	1	0
HiC_scaffold1	72620001	72630000	1	1	0
HiC_scaffold1	72650001	72660000	9	2	0
HiC_scaffold1	72990001	73000000	2	1	0
HiC_scaffold1	73110001	73120000	1	1	0
HiC_scaffold1	73150001	73160000	1	2	0
HiC_scaffold1	73430001	73440000	2	1	0
HiC_scaffold1	74010001	74020000	3	1	0
HiC_scaffold1	74090001	74100000	2	1	0
HiC_scaffold1	74860001	74870000	1	1	0
HiC_scaffold1	74990001	75000000	1	1	0
HiC_scaffold1	76080001	76090000	1	1	0
HiC_scaffold1	79730001	79740000	2	1	0
HiC_scaffold1	79950001	79960000	2	1	0
HiC_scaffold1	81200001	81210000	3	2	0
HiC_scaffold1	83330001	83340000	1	1	0
HiC_scaffold1	83370001	83380000	1	1	0
HiC_scaffold1	86860001	86870000	1	1	0
HiC_scaffold1	91020001	91030000	1	1	0
HiC_scaffold1	91370001	91380000	1	1	0
HiC_scaffold1	93710001	93720000	1	1	0
HiC_scaffold1	95160001	95170000	1	1	0
HiC_scaffold1	96520001	96530000	2	1	0
HiC_scaffold1	97240001	97250000	1	2	0
HiC_scaffold1	97330001	97340000	2	2	0
HiC_scaffold1	99450001	99460000	2	1	0
HiC_scaffold1	103100001	103110000	1	3	0
HiC_scaffold1	104350001	104360000	3	1	0
HiC_scaffold1	104560001	104570000	5	1	0
HiC_scaffold1	104600001	104610000	2	1	0
HiC_scaffold1	104730001	104740000	10	1	0
HiC_scaffold1	104820001	104830000	19	1	0
HiC_scaffold1	104870001	104880000	4	1	0
HiC_scaffold1	105040001	105050000	4	1	0
HiC_scaffold1	105250001	105260000	3	1	0
HiC_scaffold1	107260001	107270000	1	1	0
HiC_scaffold1	107380001	107390000	1	1	0
HiC_scaffold1	109020001	109030000	1	1	0
HiC_scaffold1	109460001	109470000	1	1	0
HiC_scaffold1	109570001	109580000	1	1	0
HiC_scaffold1	109600001	109610000	1	1	0
HiC_scaffold1	109650001	109660000	1	1	1
HiC_scaffold1	109720001	109730000	2	1	0
HiC_scaffold1	110850001	110860000	1	2	0
HiC_scaffold1	111350001	111360000	2	1	0
HiC_scaffold1	113240001	113250000	1	1	0
HiC_scaffold1	116170001	116180000	1	1	0
HiC_scaffold2	120001	130000	10	1	0
HiC_scaffold2	300001	310000	2	1	0
HiC_scaffold2	440001	450000	1	1	0
HiC_scaffold2	930001	940000	1	1	0
HiC_scaffold2	1250001	1260000	1	2	0
HiC_scaffold2	1550001	1560000	3	1	0
HiC_scaffold2	1590001	1600000	2	1	0
HiC_scaffold2	1680001	1690000	2	1	0
HiC_scaffold2	1950001	1960000	2	1	0
HiC_scaffold2	2120001	2130000	1	1	0
HiC_scaffold2	2340001	2350000	1	1	0
HiC_scaffold2	2490001	2500000	3	1	0
HiC_scaffold2	2540001	2550000	2	1	0
HiC_scaffold2	2630001	2640000	3	1	0
HiC_scaffold2	2720001	2730000	5	1	0
HiC_scaffold2	2830001	2840000	2	1	0
HiC_scaffold2	3080001	3090000	3	1	0
HiC_scaffold2	3130001	3140000	4	1	0
HiC_scaffold2	3160001	3170000	3	1	0
HiC_scaffold2	3480001	3490000	3	1	0
HiC_scaffold2	3550001	3560000	5	1	0
HiC_scaffold2	3590001	3600000	4	1	0
HiC_scaffold2	3610001	3620000	1	1	0
HiC_scaffold2	3780001	3790000	1	1	0
HiC_scaffold2	4360001	4370000	1	1	0
HiC_scaffold2	4540001	4550000	1	1	0
HiC_scaffold2	4740001	4750000	4	1	0
HiC_scaffold2	5200001	5210000	7	1	0
HiC_scaffold2	5440001	5450000	1	1	0
HiC_scaffold2	5670001	5680000	1	1	0
HiC_scaffold2	5920001	5930000	1	1	0
HiC_scaffold2	6110001	6120000	1	1	0
HiC_scaffold2	6120001	6130000	4	2	0
HiC_scaffold2	6180001	6190000	5	1	0
HiC_scaffold2	6380001	6390000	2	1	0
HiC_scaffold2	6960001	6970000	1	1	0
HiC_scaffold2	7050001	7060000	3	1	0
HiC_scaffold2	7900001	7910000	1	1	0
HiC_scaffold2	8160001	8170000	5	1	0
HiC_scaffold2	8930001	8940000	1	1	0
HiC_scaffold2	8980001	8990000	4	1	0
HiC_scaffold2	9170001	9180000	1	1	0
HiC_scaffold2	9240001	9250000	2	1	0
HiC_scaffold2	9540001	9550000	2	2	0
HiC_scaffold2	9590001	9600000	1	1	0
HiC_scaffold2	9620001	9630000	1	1	0
HiC_scaffold2	9680001	9690000	1	1	0
HiC_scaffold2	10590001	10600000	1	1	0
HiC_scaffold2	10760001	10770000	1	1	0
HiC_scaffold2	10900001	10910000	1	1	0
HiC_scaffold2	11120001	11130000	1	1	0
HiC_scaffold2	11800001	11810000	1	1	0
HiC_scaffold2	11820001	11830000	1	1	0
HiC_scaffold2	13250001	13260000	1	2	0
HiC_scaffold2	13570001	13580000	1	1	0
HiC_scaffold2	13620001	13630000	1	1	0
HiC_scaffold2	13640001	13650000	1	1	0
HiC_scaffold2	13750001	13760000	1	1	0
HiC_scaffold2	13870001	13880000	3	1	0
HiC_scaffold2	15010001	15020000	1	1	0
HiC_scaffold2	15910001	15920000	1	1	0
HiC_scaffold2	16290001	16300000	1	2	0
HiC_scaffold2	17840001	17850000	1	1	0
HiC_scaffold2	18550001	18560000	2	1	0
HiC_scaffold2	18720001	18730000	1	1	0
HiC_scaffold2	19220001	19230000	7	2	0
HiC_scaffold2	20280001	20290000	1	1	0
HiC_scaffold2	20290001	20300000	2	1	0
HiC_scaffold2	20330001	20340000	3	1	0
HiC_scaffold2	20710001	20720000	7	1	0
HiC_scaffold2	21670001	21680000	3	1	0
HiC_scaffold2	21880001	21890000	2	1	0
HiC_scaffold2	22500001	22510000	3	1	0
HiC_scaffold2	22750001	22760000	4	1	0
HiC_scaffold2	22800001	22810000	2	3	0
HiC_scaffold2	22870001	22880000	1	1	0
HiC_scaffold2	23070001	23080000	1	1	0
HiC_scaffold2	23200001	23210000	4	1	0
HiC_scaffold2	23350001	23360000	2	1	0
HiC_scaffold2	23620001	23630000	1	1	0
HiC_scaffold2	25870001	25880000	1	1	0
HiC_scaffold2	26590001	26600000	1	3	0
HiC_scaffold2	26650001	26660000	1	1	0
HiC_scaffold2	27890001	27900000	1	1	0
HiC_scaffold2	27980001	27990000	1	1	0
HiC_scaffold2	28880001	28890000	1	1	0
HiC_scaffold2	28890001	28900000	4	1	0
HiC_scaffold2	29170001	29180000	1	1	0
HiC_scaffold2	29200001	29210000	2	2	0
HiC_scaffold2	30000001	30010000	2	1	0
HiC_scaffold2	30240001	30250000	1	2	0
HiC_scaffold2	30500001	30510000	1	1	0
HiC_scaffold2	31120001	31130000	1	1	0
HiC_scaffold2	31500001	31510000	1	1	0
HiC_scaffold2	32100001	32110000	1	1	0
HiC_scaffold2	32160001	32170000	3	1	0
HiC_scaffold2	32220001	32230000	2	1	0
HiC_scaffold2	32380001	32390000	2	1	0
HiC_scaffold2	32460001	32470000	2	1	0
HiC_scaffold2	32480001	32490000	3	1	0
HiC_scaffold2	32800001	32810000	1	1	0
HiC_scaffold2	33270001	33280000	1	1	0
HiC_scaffold2	33310001	33320000	10	1	0
HiC_scaffold2	33320001	33330000	8	1	0
HiC_scaffold2	33830001	33840000	1	1	0
HiC_scaffold2	34270001	34280000	1	1	0
HiC_scaffold2	34630001	34640000	1	1	0
HiC_scaffold2	34720001	34730000	1	1	0
HiC_scaffold2	34970001	34980000	1	1	0
HiC_scaffold2	35110001	35120000	3	1	0
HiC_scaffold2	35190001	35200000	2	1	0
HiC_scaffold2	35220001	35230000	9	1	0
HiC_scaffold2	35230001	35240000	1	2	0
HiC_scaffold2	35250001	35260000	7	1	0
HiC_scaffold2	35280001	35290000	6	1	0
HiC_scaffold2	35420001	35430000	1	1	0
HiC_scaffold2	35450001	35460000	1	1	0
HiC_scaffold2	35470001	35480000	2	1	0
HiC_scaffold2	35490001	35500000	2	2	0
HiC_scaffold2	35500001	35510000	4	1	0
HiC_scaffold2	35510001	35520000	1	1	0
HiC_scaffold2	35530001	35540000	3	1	0
HiC_scaffold2	35540001	35550000	1	1	0
HiC_scaffold2	35610001	35620000	1	2	0
HiC_scaffold2	35620001	35630000	4	2	0
HiC_scaffold2	35750001	35760000	1	1	0
HiC_scaffold2	36180001	36190000	1	1	0
HiC_scaffold2	36190001	36200000	1	2	0
HiC_scaffold2	36370001	36380000	1	1	0
HiC_scaffold2	36380001	36390000	3	2	0
HiC_scaffold2	37280001	37290000	1	1	0
HiC_scaffold2	37750001	37760000	3	1	0
HiC_scaffold2	38340001	38350000	1	1	0
HiC_scaffold2	38940001	38950000	2	1	0
HiC_scaffold2	38970001	38980000	5	1	0
HiC_scaffold2	40410001	40420000	1	1	0
HiC_scaffold2	41090001	41100000	1	1	0
HiC_scaffold2	41820001	41830000	2	1	0
HiC_scaffold2	42890001	42900000	2	1	0
HiC_scaffold2	43410001	43420000	2	1	0
HiC_scaffold2	45410001	45420000	1	1	0
HiC_scaffold2	47010001	47020000	1	1	0
HiC_scaffold2	47310001	47320000	2	1	0
HiC_scaffold2	47330001	47340000	1	1	0
HiC_scaffold2	47410001	47420000	1	1	0
HiC_scaffold2	47930001	47940000	1	1	0
HiC_scaffold2	48370001	48380000	1	1	0
HiC_scaffold2	48540001	48550000	1	1	0
HiC_scaffold2	48630001	48640000	1	2	0
HiC_scaffold2	48860001	48870000	1	1	0
HiC_scaffold2	50820001	50830000	1	1	0
HiC_scaffold2	51110001	51120000	2	1	0
HiC_scaffold2	52830001	52840000	1	1	0
HiC_scaffold2	52890001	52900000	1	1	0
HiC_scaffold2	53230001	53240000	2	1	0
HiC_scaffold2	53830001	53840000	1	1	0
HiC_scaffold2	54110001	54120000	1	1	0
HiC_scaffold2	54230001	54240000	1	1	0
HiC_scaffold2	54770001	54780000	1	1	0
HiC_scaffold2	54790001	54800000	2	1	0
HiC_scaffold2	55190001	55200000	1	1	0
HiC_scaffold2	55230001	55240000	3	1	0
HiC_scaffold2	55490001	55500000	1	1	0
HiC_scaffold2	55890001	55900000	1	1	0
HiC_scaffold2	56230001	56240000	1	1	0
HiC_scaffold2	56530001	56540000	2	1	0
HiC_scaffold2	57010001	57020000	1	1	0
HiC_scaffold2	57080001	57090000	1	1	0
HiC_scaffold2	57150001	57160000	1	1	0
HiC_scaffold2	57200001	57210000	1	1	0
HiC_scaffold2	58510001	58520000	1	1	0
HiC_scaffold2	58790001	58800000	2	2	0
HiC_scaffold2	58800001	58810000	1	2	0
HiC_scaffold2	60840001	60850000	2	1	0
HiC_scaffold2	64370001	64380000	2	1	0
HiC_scaffold2	64810001	64820000	2	1	0
HiC_scaffold2	64820001	64830000	1	2	0
HiC_scaffold2	65150001	65160000	1	1	0
HiC_scaffold2	66360001	66370000	1	1	0
HiC_scaffold2	66810001	66820000	2	1	0
HiC_scaffold2	66870001	66880000	1	2	0
HiC_scaffold2	66880001	66890000	2	1	0
HiC_scaffold2	67440001	67450000	1	1	0
HiC_scaffold2	67470001	67480000	2	1	0
HiC_scaffold2	67480001	67490000	1	2	1
HiC_scaffold2	68150001	68160000	2	1	0
HiC_scaffold2	69420001	69430000	3	1	0
HiC_scaffold2	69600001	69610000	2	1	0
HiC_scaffold2	70110001	70120000	1	1	0
HiC_scaffold2	70260001	70270000	1	2	0
HiC_scaffold2	70930001	70940000	1	1	0
HiC_scaffold2	71650001	71660000	1	1	0
HiC_scaffold2	71860001	71870000	1	1	0
HiC_scaffold2	71880001	71890000	1	1	0
HiC_scaffold2	72890001	72900000	1	1	0
HiC_scaffold2	73210001	73220000	2	1	0
HiC_scaffold2	73220001	73230000	1	1	0
HiC_scaffold2	73460001	73470000	2	1	0
HiC_scaffold2	73510001	73520000	4	1	0
HiC_scaffold2	73590001	73600000	1	1	0
HiC_scaffold2	74870001	74880000	1	1	0
HiC_scaffold2	75290001	75300000	5	1	0
HiC_scaffold2	75420001	75430000	6	2	0
HiC_scaffold2	75600001	75610000	2	1	0
HiC_scaffold2	75800001	75810000	3	1	0
HiC_scaffold2	76210001	76220000	1	1	0
HiC_scaffold2	76260001	76270000	1	1	0
HiC_scaffold2	76630001	76640000	1	1	0
HiC_scaffold2	76660001	76670000	4	1	0
HiC_scaffold2	76710001	76720000	2	1	0
HiC_scaffold2	76950001	76960000	3	1	0
HiC_scaffold2	77190001	77200000	3	1	0
HiC_scaffold2	78080001	78090000	1	3	0
HiC_scaffold2	78910001	78920000	1	1	0
HiC_scaffold2	79130001	79140000	1	1	0
HiC_scaffold2	79280001	79290000	1	1	0
HiC_scaffold2	79300001	79310000	2	2	0
HiC_scaffold2	79800001	79810000	3	1	0
HiC_scaffold2	80120001	80130000	1	1	0
HiC_scaffold2	81050001	81060000	2	1	0
HiC_scaffold2	82480001	82490000	1	1	0
HiC_scaffold2	82510001	82520000	1	1	0
HiC_scaffold2	82690001	82700000	1	1	0
HiC_scaffold2	83320001	83330000	1	1	0
HiC_scaffold2	83430001	83440000	1	1	0
HiC_scaffold2	83490001	83500000	3	1	0
HiC_scaffold2	83680001	83690000	2	1	0
HiC_scaffold2	83960001	83970000	1	1	0
HiC_scaffold2	84040001	84050000	1	1	0
HiC_scaffold2	84970001	84980000	1	1	0
HiC_scaffold2	85050001	85060000	1	1	0
HiC_scaffold2	85070001	85080000	1	1	0
HiC_scaffold2	85400001	85410000	2	1	0
HiC_scaffold2	85580001	85590000	1	1	0
HiC_scaffold2	85670001	85680000	4	1	0
HiC_scaffold2	85930001	85940000	7	1	1
HiC_scaffold2	86180001	86190000	1	1	0
HiC_scaffold2	86470001	86480000	1	2	0
HiC_scaffold2	86570001	86580000	1	1	0
HiC_scaffold2	87230001	87240000	1	2	0
HiC_scaffold2	88480001	88490000	5	3	0
HiC_scaffold2	89340001	89350000	3	1	0
HiC_scaffold2	89560001	89570000	1	1	0
HiC_scaffold2	89590001	89600000	1	2	0
HiC_scaffold2	90430001	90440000	4	3	0
HiC_scaffold2	90930001	90940000	1	1	0
HiC_scaffold2	91180001	91190000	3	1	0
HiC_scaffold2	91510001	91520000	2	1	0
HiC_scaffold2	91700001	91710000	2	1	0
HiC_scaffold2	92260001	92270000	1	1	0
HiC_scaffold2	92320001	92330000	4	1	0
HiC_scaffold2	92340001	92350000	2	1	0
HiC_scaffold2	92350001	92360000	7	1	0
HiC_scaffold2	92490001	92500000	2	1	0
HiC_scaffold2	92560001	92570000	2	2	0
HiC_scaffold2	92610001	92620000	2	3	0
HiC_scaffold2	92640001	92650000	4	2	0
HiC_scaffold2	93790001	93800000	6	1	0
HiC_scaffold2	93800001	93810000	1	1	0
HiC_scaffold2	93820001	93830000	2	1	0
HiC_scaffold2	93830001	93840000	4	1	0
HiC_scaffold2	94280001	94290000	1	1	0
HiC_scaffold2	94640001	94650000	2	1	0
HiC_scaffold2	94890001	94900000	1	1	0
HiC_scaffold2	94930001	94940000	1	1	0
HiC_scaffold2	94990001	95000000	4	2	0
HiC_scaffold2	95230001	95240000	1	1	0
HiC_scaffold2	95330001	95340000	5	1	1
HiC_scaffold2	95340001	95350000	5	1	0
HiC_scaffold2	95440001	95450000	3	1	0
HiC_scaffold2	95500001	95510000	2	1	0
HiC_scaffold2	95530001	95540000	1	1	0
HiC_scaffold2	95650001	95660000	1	1	0
HiC_scaffold2	95790001	95800000	2	1	0
HiC_scaffold2	96560001	96570000	6	1	0
HiC_scaffold2	97030001	97040000	1	1	0
HiC_scaffold2	97320001	97330000	1	1	0
HiC_scaffold2	97450001	97460000	1	1	0
HiC_scaffold2	97610001	97620000	11	1	0
HiC_scaffold2	97670001	97680000	4	1	0
HiC_scaffold2	97700001	97710000	2	1	0
HiC_scaffold2	97920001	97930000	5	2	0
HiC_scaffold2	97940001	97950000	2	1	0
HiC_scaffold2	97950001	97960000	4	1	0
HiC_scaffold2	98090001	98100000	2	1	0
HiC_scaffold2	98390001	98400000	1	1	0
HiC_scaffold2	98410001	98420000	1	1	0
HiC_scaffold2	99110001	99120000	1	1	0
HiC_scaffold2	99460001	99470000	2	2	0
HiC_scaffold2	99570001	99580000	2	1	0
HiC_scaffold2	100140001	100150000	1	2	0
HiC_scaffold2	100160001	100170000	1	1	0
HiC_scaffold2	100170001	100180000	1	1	0
HiC_scaffold2	100300001	100310000	1	1	0
HiC_scaffold2	100690001	100700000	12	1	0
HiC_scaffold2	101060001	101070000	3	1	0
HiC_scaffold2	101200001	101210000	1	1	0
HiC_scaffold2	101210001	101220000	1	1	0
HiC_scaffold2	101290001	101300000	6	1	1
HiC_scaffold2	101330001	101340000	6	1	0
HiC_scaffold2	101600001	101610000	1	1	0
HiC_scaffold2	101620001	101630000	4	1	0
HiC_scaffold2	101630001	101640000	2	1	0
HiC_scaffold2	101690001	101700000	2	1	0
HiC_scaffold2	101750001	101760000	1	1	0
HiC_scaffold2	102560001	102570000	1	1	0
HiC_scaffold2	102570001	102580000	2	1	0
HiC_scaffold2	102700001	102710000	1	1	0
HiC_scaffold2	102740001	102750000	2	1	0
HiC_scaffold2	103090001	103100000	2	1	0
HiC_scaffold2	103100001	103110000	3	2	0
HiC_scaffold2	103220001	103230000	2	1	0
HiC_scaffold2	103670001	103680000	1	1	0
HiC_scaffold2	103760001	103770000	1	1	0
HiC_scaffold2	104070001	104080000	6	1	0
HiC_scaffold2	104120001	104130000	1	1	0
HiC_scaffold2	104280001	104290000	1	1	0
HiC_scaffold2	104500001	104510000	1	1	0
HiC_scaffold2	104510001	104520000	6	2	0
HiC_scaffold2	104530001	104540000	3	1	0
HiC_scaffold2	104580001	104590000	3	1	0
HiC_scaffold2	104590001	104600000	7	1	0
HiC_scaffold2	104650001	104660000	1	1	0
HiC_scaffold2	104730001	104740000	2	1	0
HiC_scaffold2	104800001	104810000	2	1	0
HiC_scaffold2	104880001	104890000	3	1	0
HiC_scaffold2	104890001	104900000	1	1	0
HiC_scaffold2	105070001	105080000	2	1	0
HiC_scaffold2	105120001	105130000	1	2	0
HiC_scaffold2	105150001	105160000	2	1	0
HiC_scaffold2	105510001	105520000	3	1	0
HiC_scaffold2	105590001	105600000	1	1	0
HiC_scaffold2	106050001	106060000	1	1	0
HiC_scaffold2	106140001	106150000	1	1	0
HiC_scaffold2	106230001	106240000	1	1	0
HiC_scaffold2	106290001	106300000	4	2	0
HiC_scaffold2	106310001	106320000	1	1	0
HiC_scaffold2	106750001	106760000	2	1	0
HiC_scaffold2	107180001	107190000	1	2	0
HiC_scaffold2	107250001	107260000	1	1	0
HiC_scaffold2	107300001	107310000	1	1	0
HiC_scaffold2	107350001	107360000	3	1	0
HiC_scaffold2	107360001	107370000	3	1	0
HiC_scaffold2	107630001	107640000	6	1	0
HiC_scaffold2	107860001	107870000	1	1	0
HiC_scaffold2	107870001	107880000	5	1	0
HiC_scaffold2	107880001	107890000	4	1	0
HiC_scaffold2	108000001	108010000	4	1	0
HiC_scaffold3	1790001	1800000	1	1	0
HiC_scaffold3	1830001	1840000	1	1	0
HiC_scaffold3	5100001	5110000	1	1	0
HiC_scaffold3	5180001	5190000	2	1	0
HiC_scaffold3	5520001	5530000	1	1	0
HiC_scaffold3	6080001	6090000	2	1	0
HiC_scaffold3	6110001	6120000	1	1	0
HiC_scaffold3	6870001	6880000	1	1	0
HiC_scaffold3	6930001	6940000	3	1	0
HiC_scaffold3	7940001	7950000	5	1	0
HiC_scaffold3	8170001	8180000	1	1	0
HiC_scaffold3	8910001	8920000	2	1	0
HiC_scaffold3	9990001	10000000	1	1	0
HiC_scaffold3	10540001	10550000	3	1	0
HiC_scaffold3	10560001	10570000	3	1	0
HiC_scaffold3	10770001	10780000	1	1	0
HiC_scaffold3	11420001	11430000	1	1	0
HiC_scaffold3	11550001	11560000	2	1	0
HiC_scaffold3	11590001	11600000	2	1	0
HiC_scaffold3	12060001	12070000	2	1	0
HiC_scaffold3	12460001	12470000	1	1	0
HiC_scaffold3	12790001	12800000	1	1	0
HiC_scaffold3	12950001	12960000	1	2	0
HiC_scaffold3	12980001	12990000	4	1	0
HiC_scaffold3	13180001	13190000	14	1	0
HiC_scaffold3	13310001	13320000	2	1	0
HiC_scaffold3	13600001	13610000	1	1	0
HiC_scaffold3	13930001	13940000	1	1	0
HiC_scaffold3	14020001	14030000	1	1	0
HiC_scaffold3	14160001	14170000	2	1	0
HiC_scaffold3	15020001	15030000	2	1	0
HiC_scaffold3	15330001	15340000	1	1	0
HiC_scaffold3	15580001	15590000	3	1	0
HiC_scaffold3	15690001	15700000	6	1	0
HiC_scaffold3	15720001	15730000	1	1	0
HiC_scaffold3	16170001	16180000	4	1	0
HiC_scaffold3	16670001	16680000	2	1	0
HiC_scaffold3	16680001	16690000	1	1	0
HiC_scaffold3	16920001	16930000	1	1	0
HiC_scaffold3	17180001	17190000	1	1	0
HiC_scaffold3	17490001	17500000	3	1	0
HiC_scaffold3	17900001	17910000	3	1	0
HiC_scaffold3	18120001	18130000	2	1	0
HiC_scaffold3	18460001	18470000	2	1	0
HiC_scaffold3	18500001	18510000	4	1	0
HiC_scaffold3	18580001	18590000	3	1	0
HiC_scaffold3	18720001	18730000	2	1	0
HiC_scaffold3	19150001	19160000	1	1	0
HiC_scaffold3	19470001	19480000	3	2	0
HiC_scaffold3	19550001	19560000	1	1	0
HiC_scaffold3	19860001	19870000	1	2	0
HiC_scaffold3	20330001	20340000	2	2	0
HiC_scaffold3	20620001	20630000	7	1	0
HiC_scaffold3	20670001	20680000	1	1	0
HiC_scaffold3	20930001	20940000	2	1	0
HiC_scaffold3	21150001	21160000	1	1	0
HiC_scaffold3	21360001	21370000	1	1	0
HiC_scaffold3	21640001	21650000	1	1	0
HiC_scaffold3	21670001	21680000	3	1	0
HiC_scaffold3	21900001	21910000	1	1	0
HiC_scaffold3	21990001	22000000	3	1	0
HiC_scaffold3	22230001	22240000	3	1	0
HiC_scaffold3	22240001	22250000	6	1	0
HiC_scaffold3	22510001	22520000	3	2	0
HiC_scaffold3	22530001	22540000	3	2	0
HiC_scaffold3	22590001	22600000	3	1	0
HiC_scaffold3	22620001	22630000	6	1	0
HiC_scaffold3	22750001	22760000	3	1	0
HiC_scaffold3	22780001	22790000	1	1	0
HiC_scaffold3	23440001	23450000	1	2	0
HiC_scaffold3	23450001	23460000	2	1	0
HiC_scaffold3	23460001	23470000	3	1	0
HiC_scaffold3	23660001	23670000	1	1	0
HiC_scaffold3	23800001	23810000	1	1	0
HiC_scaffold3	24170001	24180000	1	1	0
HiC_scaffold3	25170001	25180000	1	1	0
HiC_scaffold3	25240001	25250000	4	1	0
HiC_scaffold3	25580001	25590000	1	1	0
HiC_scaffold3	25650001	25660000	1	1	0
HiC_scaffold3	26150001	26160000	1	2	0
HiC_scaffold3	26370001	26380000	1	2	0
HiC_scaffold3	26630001	26640000	1	2	0
HiC_scaffold3	26670001	26680000	1	1	0
HiC_scaffold3	26680001	26690000	2	1	0
HiC_scaffold3	27210001	27220000	1	1	0
HiC_scaffold3	27290001	27300000	2	1	0
HiC_scaffold3	27490001	27500000	4	1	0
HiC_scaffold3	27690001	27700000	3	1	0
HiC_scaffold3	29120001	29130000	1	1	0
HiC_scaffold3	29990001	30000000	1	1	0
HiC_scaffold3	30490001	30500000	1	2	0
HiC_scaffold3	31090001	31100000	3	1	0
HiC_scaffold3	31190001	31200000	1	1	0
HiC_scaffold3	31290001	31300000	1	1	0
HiC_scaffold3	31480001	31490000	3	1	0
HiC_scaffold3	31550001	31560000	3	1	0
HiC_scaffold3	31690001	31700000	1	1	0
HiC_scaffold3	31730001	31740000	8	2	0
HiC_scaffold3	31790001	31800000	1	1	0
HiC_scaffold3	31940001	31950000	4	1	0
HiC_scaffold3	32180001	32190000	2	1	0
HiC_scaffold3	32210001	32220000	3	2	1
HiC_scaffold3	32260001	32270000	2	1	0
HiC_scaffold3	32350001	32360000	1	1	0
HiC_scaffold3	33220001	33230000	3	1	0
HiC_scaffold3	33320001	33330000	1	1	0
HiC_scaffold3	33960001	33970000	1	1	0
HiC_scaffold3	35250001	35260000	5	1	0
HiC_scaffold3	35400001	35410000	5	1	1
HiC_scaffold3	35500001	35510000	1	3	0
HiC_scaffold3	35830001	35840000	1	2	0
HiC_scaffold3	36200001	36210000	1	1	0
HiC_scaffold3	36260001	36270000	2	1	0
HiC_scaffold3	36320001	36330000	1	1	0
HiC_scaffold3	36500001	36510000	1	1	0
HiC_scaffold3	36860001	36870000	1	1	0
HiC_scaffold3	37060001	37070000	2	1	0
HiC_scaffold3	37120001	37130000	9	1	0
HiC_scaffold3	37160001	37170000	1	1	0
HiC_scaffold3	37190001	37200000	2	1	0
HiC_scaffold3	37840001	37850000	1	2	0
HiC_scaffold3	37890001	37900000	1	1	0
HiC_scaffold3	38220001	38230000	2	1	0
HiC_scaffold3	38550001	38560000	2	1	0
HiC_scaffold3	38960001	38970000	1	1	0
HiC_scaffold3	39140001	39150000	5	1	0
HiC_scaffold3	39170001	39180000	1	1	0
HiC_scaffold3	39190001	39200000	1	1	0
HiC_scaffold3	39230001	39240000	1	1	0
HiC_scaffold3	39440001	39450000	1	1	0
HiC_scaffold3	39480001	39490000	4	1	0
HiC_scaffold3	39490001	39500000	2	1	0
HiC_scaffold3	39610001	39620000	3	3	0
HiC_scaffold3	39690001	39700000	3	1	0
HiC_scaffold3	39830001	39840000	7	1	0
HiC_scaffold3	39940001	39950000	5	1	0
HiC_scaffold3	40090001	40100000	10	1	1
HiC_scaffold3	40190001	40200000	2	2	0
HiC_scaffold3	40280001	40290000	6	1	0
HiC_scaffold3	40300001	40310000	2	1	0
HiC_scaffold3	40310001	40320000	3	2	0
HiC_scaffold3	40440001	40450000	2	1	0
HiC_scaffold3	40520001	40530000	2	1	0
HiC_scaffold3	40640001	40650000	4	1	0
HiC_scaffold3	40680001	40690000	6	2	0
HiC_scaffold3	40720001	40730000	2	1	0
HiC_scaffold3	41050001	41060000	1	1	0
HiC_scaffold3	41140001	41150000	1	2	0
HiC_scaffold3	41270001	41280000	2	1	0
HiC_scaffold3	41380001	41390000	2	1	0
HiC_scaffold3	41400001	41410000	4	1	0
HiC_scaffold3	41420001	41430000	3	1	0
HiC_scaffold3	41760001	41770000	5	1	0
HiC_scaffold3	41970001	41980000	1	1	0
HiC_scaffold3	42050001	42060000	2	1	0
HiC_scaffold3	42060001	42070000	1	2	0
HiC_scaffold3	42110001	42120000	5	1	0
HiC_scaffold3	42170001	42180000	5	1	0
HiC_scaffold3	42250001	42260000	2	1	0
HiC_scaffold3	42260001	42270000	1	1	0
HiC_scaffold3	42360001	42370000	4	1	0
HiC_scaffold3	42650001	42660000	3	1	0
HiC_scaffold3	42660001	42670000	1	1	0
HiC_scaffold3	42750001	42760000	2	1	0
HiC_scaffold3	42780001	42790000	1	1	0
HiC_scaffold3	42800001	42810000	2	2	0
HiC_scaffold3	43440001	43450000	6	1	0
HiC_scaffold3	43450001	43460000	12	1	0
HiC_scaffold3	43490001	43500000	4	1	0
HiC_scaffold3	43510001	43520000	3	1	0
HiC_scaffold3	43550001	43560000	8	1	0
HiC_scaffold3	43560001	43570000	6	2	0
HiC_scaffold3	43640001	43650000	5	1	0
HiC_scaffold3	43680001	43690000	6	1	0
HiC_scaffold3	43900001	43910000	1	1	0
HiC_scaffold3	43950001	43960000	1	1	0
HiC_scaffold3	44020001	44030000	1	2	0
HiC_scaffold3	44030001	44040000	2	1	0
HiC_scaffold3	44190001	44200000	1	2	0
HiC_scaffold3	44230001	44240000	3	1	0
HiC_scaffold3	44240001	44250000	2	1	0
HiC_scaffold3	44390001	44400000	3	1	0
HiC_scaffold3	44400001	44410000	1	1	1
HiC_scaffold3	44670001	44680000	1	1	0
HiC_scaffold3	44800001	44810000	2	1	0
HiC_scaffold3	45090001	45100000	3	1	0
HiC_scaffold3	45120001	45130000	1	1	0
HiC_scaffold3	45200001	45210000	5	2	0
HiC_scaffold3	45450001	45460000	2	1	0
HiC_scaffold3	45490001	45500000	9	1	0
HiC_scaffold3	45540001	45550000	3	1	0
HiC_scaffold3	45690001	45700000	1	2	0
HiC_scaffold3	45740001	45750000	1	1	0
HiC_scaffold3	46140001	46150000	1	1	0
HiC_scaffold3	46340001	46350000	4	1	0
HiC_scaffold3	46400001	46410000	3	2	0
HiC_scaffold3	46550001	46560000	1	1	0
HiC_scaffold3	46580001	46590000	1	1	0
HiC_scaffold3	46620001	46630000	1	1	0
HiC_scaffold3	47230001	47240000	3	2	0
HiC_scaffold3	47240001	47250000	2	1	0
HiC_scaffold3	47270001	47280000	1	1	0
HiC_scaffold3	47600001	47610000	7	1	0
HiC_scaffold3	47800001	47810000	1	1	1
HiC_scaffold3	47970001	47980000	1	2	0
HiC_scaffold3	48060001	48070000	4	1	0
HiC_scaffold3	48290001	48300000	2	3	0
HiC_scaffold3	48550001	48560000	1	1	0
HiC_scaffold3	48790001	48800000	1	1	0
HiC_scaffold3	49270001	49280000	1	1	0
HiC_scaffold3	49430001	49440000	2	2	0
HiC_scaffold3	49580001	49590000	1	1	0
HiC_scaffold3	49700001	49710000	1	2	0
HiC_scaffold3	49760001	49770000	1	1	0
HiC_scaffold3	49800001	49810000	3	1	0
HiC_scaffold3	49940001	49950000	1	1	0
HiC_scaffold3	50000001	50010000	2	1	0
HiC_scaffold3	50140001	50150000	2	1	0
HiC_scaffold3	50160001	50170000	1	1	0
HiC_scaffold3	50190001	50200000	2	1	0
HiC_scaffold3	50740001	50750000	1	1	0
HiC_scaffold3	50930001	50940000	1	1	0
HiC_scaffold3	51070001	51080000	2	1	0
HiC_scaffold3	51200001	51210000	1	1	0
HiC_scaffold3	51250001	51260000	1	1	0
HiC_scaffold3	51260001	51270000	1	1	0
HiC_scaffold3	51590001	51600000	3	1	0
HiC_scaffold3	51960001	51970000	1	1	0
HiC_scaffold3	52040001	52050000	1	1	0
HiC_scaffold3	52430001	52440000	3	1	0
HiC_scaffold3	52490001	52500000	3	1	0
HiC_scaffold3	53040001	53050000	1	1	0
HiC_scaffold3	53570001	53580000	4	1	0
HiC_scaffold3	54050001	54060000	1	1	0
HiC_scaffold3	54080001	54090000	2	1	0
HiC_scaffold3	55080001	55090000	1	1	0
HiC_scaffold3	55190001	55200000	1	2	0
HiC_scaffold3	55430001	55440000	2	1	0
HiC_scaffold3	55700001	55710000	7	1	0
HiC_scaffold3	55780001	55790000	11	1	0
HiC_scaffold3	56020001	56030000	1	1	0
HiC_scaffold3	56110001	56120000	1	1	0
HiC_scaffold3	56320001	56330000	1	1	0
HiC_scaffold3	56400001	56410000	1	1	0
HiC_scaffold3	56450001	56460000	1	1	0
HiC_scaffold3	56700001	56710000	1	1	0
HiC_scaffold3	56870001	56880000	1	1	0
HiC_scaffold3	56920001	56930000	2	1	0
HiC_scaffold3	57890001	57900000	1	1	0
HiC_scaffold3	57920001	57930000	1	1	0
HiC_scaffold3	57970001	57980000	1	1	0
HiC_scaffold3	58100001	58110000	1	1	0
HiC_scaffold3	58720001	58730000	1	1	0
HiC_scaffold3	59120001	59130000	1	1	0
HiC_scaffold3	59200001	59210000	2	1	0
HiC_scaffold3	59280001	59290000	1	2	0
HiC_scaffold3	59290001	59300000	1	1	0
HiC_scaffold3	59460001	59470000	1	1	0
HiC_scaffold3	59710001	59720000	3	1	0
HiC_scaffold3	59870001	59880000	1	1	0
HiC_scaffold3	59980001	59990000	4	1	0
HiC_scaffold3	60030001	60040000	1	2	0
HiC_scaffold3	60120001	60130000	2	1	0
HiC_scaffold3	60350001	60360000	1	1	0
HiC_scaffold3	60780001	60790000	1	1	0
HiC_scaffold3	61280001	61290000	7	1	0
HiC_scaffold3	61320001	61330000	1	1	0
HiC_scaffold3	61350001	61360000	5	1	1
HiC_scaffold3	61360001	61370000	8	1	0
HiC_scaffold3	61390001	61400000	4	1	0
HiC_scaffold3	61490001	61500000	1	1	0
HiC_scaffold3	62230001	62240000	1	1	0
HiC_scaffold3	62930001	62940000	1	1	0
HiC_scaffold3	63680001	63690000	1	1	0
HiC_scaffold3	63690001	63700000	1	1	0
HiC_scaffold3	63750001	63760000	3	1	0
HiC_scaffold3	63890001	63900000	1	1	0
HiC_scaffold3	64010001	64020000	2	2	0
HiC_scaffold3	64240001	64250000	2	1	0
HiC_scaffold3	64450001	64460000	1	1	0
HiC_scaffold3	64780001	64790000	4	1	0
HiC_scaffold3	64960001	64970000	2	1	0
HiC_scaffold3	64980001	64990000	4	1	0
HiC_scaffold3	65030001	65040000	14	1	0
HiC_scaffold3	65360001	65370000	5	1	0
HiC_scaffold3	66250001	66260000	3	1	0
HiC_scaffold3	66390001	66400000	1	1	0
HiC_scaffold3	66710001	66720000	1	1	0
HiC_scaffold3	66780001	66790000	1	1	0
HiC_scaffold3	67180001	67190000	1	1	0
HiC_scaffold3	67470001	67480000	1	2	0
HiC_scaffold3	67970001	67980000	3	1	0
HiC_scaffold3	68320001	68330000	1	1	0
HiC_scaffold3	68430001	68440000	1	1	0
HiC_scaffold3	68750001	68760000	5	1	0
HiC_scaffold3	68790001	68800000	5	1	0
HiC_scaffold3	70000001	70010000	2	1	0
HiC_scaffold3	70540001	70550000	1	1	0
HiC_scaffold3	71800001	71810000	1	1	0
HiC_scaffold3	72340001	72350000	1	1	0
HiC_scaffold3	72350001	72360000	1	1	0
HiC_scaffold3	72930001	72940000	8	3	0
HiC_scaffold3	72980001	72990000	1	1	0
HiC_scaffold3	73040001	73050000	2	1	0
HiC_scaffold3	73070001	73080000	1	1	0
HiC_scaffold3	73110001	73120000	1	1	0
HiC_scaffold3	73140001	73150000	3	1	0
HiC_scaffold3	73210001	73220000	3	1	0
HiC_scaffold3	73880001	73890000	3	1	0
HiC_scaffold3	73920001	73930000	2	1	0
HiC_scaffold3	73950001	73960000	3	1	0
HiC_scaffold3	75400001	75410000	3	1	0
HiC_scaffold3	75540001	75550000	1	2	0
HiC_scaffold3	76180001	76190000	3	1	0
HiC_scaffold3	76870001	76880000	2	2	0
HiC_scaffold3	78010001	78020000	3	1	0
HiC_scaffold3	78140001	78150000	1	1	0
HiC_scaffold3	78300001	78310000	1	1	0
HiC_scaffold3	78550001	78560000	2	1	0
HiC_scaffold3	78560001	78570000	2	1	0
HiC_scaffold3	78730001	78740000	1	1	0
HiC_scaffold3	78760001	78770000	5	1	0
HiC_scaffold3	79220001	79230000	4	1	0
HiC_scaffold3	79230001	79240000	2	1	0
HiC_scaffold3	79420001	79430000	2	1	0
HiC_scaffold3	79580001	79590000	1	1	0
HiC_scaffold3	79590001	79600000	1	1	0
HiC_scaffold3	79610001	79620000	2	1	0
HiC_scaffold3	80180001	80190000	3	2	0
HiC_scaffold3	80200001	80210000	1	1	0
HiC_scaffold3	80210001	80220000	5	1	0
HiC_scaffold3	80230001	80240000	2	1	0
HiC_scaffold3	80240001	80250000	5	1	0
HiC_scaffold3	80370001	80380000	1	1	0
HiC_scaffold3	80440001	80450000	1	2	0
HiC_scaffold3	81150001	81160000	1	1	0
HiC_scaffold3	81780001	81790000	2	2	0
HiC_scaffold3	81790001	81800000	7	1	0
HiC_scaffold3	81950001	81960000	3	1	0
HiC_scaffold3	84300001	84310000	1	1	0
HiC_scaffold3	84700001	84710000	1	1	0
HiC_scaffold3	84800001	84810000	2	1	0
HiC_scaffold3	84820001	84830000	2	1	0
HiC_scaffold3	85750001	85760000	1	1	0
HiC_scaffold3	85860001	85870000	1	1	0
HiC_scaffold3	85890001	85900000	1	1	0
HiC_scaffold3	86310001	86320000	2	1	0
HiC_scaffold3	87440001	87450000	1	1	0
HiC_scaffold3	87890001	87900000	2	1	0
HiC_scaffold3	88500001	88510000	2	1	0
HiC_scaffold3	88780001	88790000	1	2	0
HiC_scaffold3	89020001	89030000	2	1	0
HiC_scaffold3	89340001	89350000	4	1	0
HiC_scaffold3	89910001	89920000	10	1	0
HiC_scaffold3	90120001	90130000	2	1	0
HiC_scaffold3	90430001	90440000	5	2	0
HiC_scaffold3	90740001	90750000	1	1	0
HiC_scaffold3	91100001	91110000	1	1	0
HiC_scaffold3	91220001	91230000	1	1	0
HiC_scaffold3	91690001	91700000	3	1	0
HiC_scaffold3	91740001	91750000	1	1	0
HiC_scaffold3	92310001	92320000	1	1	0
HiC_scaffold3	92460001	92470000	1	1	0
HiC_scaffold3	92750001	92760000	1	1	0
HiC_scaffold3	93230001	93240000	1	1	0
HiC_scaffold3	93290001	93300000	1	1	0
HiC_scaffold3	93340001	93350000	2	1	0
HiC_scaffold3	94070001	94080000	1	1	0
HiC_scaffold3	94770001	94780000	2	1	0
HiC_scaffold3	94850001	94860000	1	2	0
HiC_scaffold3	95160001	95170000	3	1	0
HiC_scaffold3	95670001	95680000	2	1	0
HiC_scaffold3	97290001	97300000	1	1	0
HiC_scaffold4	40001	50000	5	1	0
HiC_scaffold4	60001	70000	2	1	0
HiC_scaffold4	70001	80000	2	1	0
HiC_scaffold4	230001	240000	2	2	0
HiC_scaffold4	480001	490000	6	1	1
HiC_scaffold4	810001	820000	2	1	0
HiC_scaffold4	820001	830000	4	1	0
HiC_scaffold4	930001	940000	5	1	0
HiC_scaffold4	940001	950000	6	1	0
HiC_scaffold4	970001	980000	12	1	0
HiC_scaffold4	990001	1000000	4	1	0
HiC_scaffold4	1000001	1010000	3	1	0
HiC_scaffold4	1120001	1130000	5	1	0
HiC_scaffold4	1410001	1420000	2	1	0
HiC_scaffold4	1440001	1450000	2	1	0
HiC_scaffold4	1450001	1460000	5	1	0
HiC_scaffold4	1750001	1760000	4	1	0
HiC_scaffold4	1770001	1780000	1	1	0
HiC_scaffold4	1780001	1790000	4	1	0
HiC_scaffold4	1790001	1800000	4	1	0
HiC_scaffold4	1900001	1910000	7	1	0
HiC_scaffold4	1940001	1950000	8	1	0
HiC_scaffold4	1960001	1970000	2	1	0
HiC_scaffold4	1970001	1980000	4	1	0
HiC_scaffold4	2000001	2010000	2	1	0
HiC_scaffold4	2740001	2750000	7	1	0
HiC_scaffold4	2930001	2940000	7	1	0
HiC_scaffold4	3150001	3160000	1	1	0
HiC_scaffold4	3360001	3370000	4	1	0
HiC_scaffold4	3650001	3660000	1	2	0
HiC_scaffold4	4320001	4330000	2	1	0
HiC_scaffold4	4340001	4350000	1	1	0
HiC_scaffold4	4610001	4620000	6	1	0
HiC_scaffold4	4630001	4640000	3	1	0
HiC_scaffold4	4650001	4660000	10	1	0
HiC_scaffold4	4720001	4730000	2	1	0
HiC_scaffold4	4790001	4800000	4	1	0
HiC_scaffold4	4800001	4810000	3	2	0
HiC_scaffold4	4870001	4880000	4	1	0
HiC_scaffold4	4990001	5000000	2	1	0
HiC_scaffold4	5050001	5060000	7	1	0
HiC_scaffold4	5060001	5070000	4	1	0
HiC_scaffold4	5150001	5160000	4	1	0
HiC_scaffold4	5160001	5170000	4	1	0
HiC_scaffold4	5170001	5180000	7	1	0
HiC_scaffold4	5190001	5200000	2	1	0
HiC_scaffold4	5460001	5470000	1	1	0
HiC_scaffold4	6000001	6010000	1	1	0
HiC_scaffold4	6020001	6030000	1	1	0
HiC_scaffold4	6070001	6080000	2	1	0
HiC_scaffold4	6330001	6340000	4	2	0
HiC_scaffold4	6580001	6590000	2	1	0
HiC_scaffold4	6810001	6820000	1	1	0
HiC_scaffold4	6850001	6860000	1	1	0
HiC_scaffold4	6970001	6980000	1	1	0
HiC_scaffold4	7110001	7120000	2	1	0
HiC_scaffold4	7130001	7140000	1	1	0
HiC_scaffold4	7240001	7250000	3	1	0
HiC_scaffold4	7310001	7320000	1	1	0
HiC_scaffold4	7420001	7430000	1	1	0
HiC_scaffold4	7490001	7500000	1	1	0
HiC_scaffold4	7760001	7770000	2	2	0
HiC_scaffold4	8040001	8050000	3	2	0
HiC_scaffold4	8480001	8490000	2	1	0
HiC_scaffold4	8530001	8540000	2	1	0
HiC_scaffold4	8620001	8630000	4	1	0
HiC_scaffold4	8860001	8870000	1	1	0
HiC_scaffold4	9010001	9020000	1	1	0
HiC_scaffold4	9040001	9050000	2	1	0
HiC_scaffold4	9130001	9140000	3	1	0
HiC_scaffold4	9160001	9170000	1	1	0
HiC_scaffold4	9480001	9490000	6	1	0
HiC_scaffold4	10150001	10160000	1	1	0
HiC_scaffold4	10470001	10480000	1	1	0
HiC_scaffold4	10530001	10540000	1	1	0
HiC_scaffold4	10870001	10880000	1	1	0
HiC_scaffold4	10920001	10930000	1	1	0
HiC_scaffold4	10980001	10990000	1	1	0
HiC_scaffold4	11210001	11220000	1	1	0
HiC_scaffold4	11330001	11340000	1	1	0
HiC_scaffold4	11390001	11400000	2	1	0
HiC_scaffold4	11400001	11410000	2	1	0
HiC_scaffold4	11540001	11550000	8	1	0
HiC_scaffold4	11550001	11560000	4	1	0
HiC_scaffold4	11830001	11840000	2	1	0
HiC_scaffold4	11870001	11880000	2	1	0
HiC_scaffold4	12660001	12670000	6	1	0
HiC_scaffold4	13350001	13360000	1	1	0
HiC_scaffold4	13630001	13640000	1	1	0
HiC_scaffold4	14580001	14590000	1	1	0
HiC_scaffold4	15240001	15250000	1	1	0
HiC_scaffold4	16140001	16150000	1	1	0
HiC_scaffold4	16470001	16480000	1	1	0
HiC_scaffold4	16760001	16770000	1	2	0
HiC_scaffold4	17110001	17120000	1	1	0
HiC_scaffold4	18730001	18740000	1	1	0
HiC_scaffold4	22020001	22030000	1	1	0
HiC_scaffold4	23220001	23230000	1	3	0
HiC_scaffold4	23250001	23260000	1	1	0
HiC_scaffold4	24560001	24570000	1	1	0
HiC_scaffold4	24850001	24860000	1	1	0
HiC_scaffold4	25220001	25230000	2	1	0
HiC_scaffold4	26900001	26910000	1	1	0
HiC_scaffold4	27520001	27530000	1	1	0
HiC_scaffold4	28350001	28360000	1	1	0
HiC_scaffold4	31620001	31630000	2	1	0
HiC_scaffold4	31960001	31970000	1	1	0
HiC_scaffold4	32630001	32640000	2	1	0
HiC_scaffold4	33970001	33980000	1	3	0
HiC_scaffold4	34190001	34200000	3	1	0
HiC_scaffold4	36800001	36810000	1	1	0
HiC_scaffold4	36810001	36820000	1	2	0
HiC_scaffold4	37230001	37240000	1	2	0
HiC_scaffold4	37300001	37310000	1	2	0
HiC_scaffold4	38110001	38120000	1	1	0
HiC_scaffold4	39720001	39730000	1	1	0
HiC_scaffold4	45630001	45640000	1	2	0
HiC_scaffold4	47280001	47290000	1	2	0
HiC_scaffold4	50930001	50940000	1	1	0
HiC_scaffold4	53440001	53450000	1	1	0
HiC_scaffold4	53530001	53540000	1	1	0
HiC_scaffold4	55910001	55920000	1	1	0
HiC_scaffold4	56830001	56840000	1	1	0
HiC_scaffold4	58900001	58910000	1	1	0
HiC_scaffold4	60390001	60400000	1	1	0
HiC_scaffold4	62900001	62910000	1	2	0
HiC_scaffold4	63760001	63770000	1	1	0
HiC_scaffold4	65070001	65080000	1	1	0
HiC_scaffold4	65290001	65300000	2	1	0
HiC_scaffold4	65930001	65940000	1	1	0
HiC_scaffold4	66600001	66610000	1	1	0
HiC_scaffold4	68540001	68550000	1	1	0
HiC_scaffold4	68890001	68900000	1	1	0
HiC_scaffold4	69160001	69170000	1	1	0
HiC_scaffold4	69510001	69520000	1	1	0
HiC_scaffold4	69770001	69780000	3	1	0
HiC_scaffold4	69780001	69790000	5	1	0
HiC_scaffold4	69790001	69800000	5	2	0
HiC_scaffold4	69870001	69880000	2	1	0
HiC_scaffold4	69940001	69950000	3	1	0
HiC_scaffold4	69970001	69980000	1	1	0
HiC_scaffold4	70010001	70020000	6	3	0
HiC_scaffold4	70030001	70040000	4	1	0
HiC_scaffold4	70090001	70100000	2	1	0
HiC_scaffold4	70200001	70210000	1	1	0
HiC_scaffold4	70250001	70260000	1	1	0
HiC_scaffold4	70670001	70680000	10	2	0
HiC_scaffold4	70680001	70690000	5	1	0
HiC_scaffold4	70720001	70730000	10	1	0
HiC_scaffold4	70830001	70840000	11	4	0
HiC_scaffold4	71080001	71090000	3	1	0
HiC_scaffold4	71340001	71350000	1	2	0
HiC_scaffold4	71690001	71700000	1	1	0
HiC_scaffold4	71840001	71850000	1	1	0
HiC_scaffold4	72490001	72500000	2	1	0
HiC_scaffold4	72500001	72510000	2	1	0
HiC_scaffold4	72610001	72620000	3	1	0
HiC_scaffold4	72620001	72630000	6	1	0
HiC_scaffold4	72890001	72900000	1	1	0
HiC_scaffold4	73180001	73190000	1	1	0
HiC_scaffold4	73220001	73230000	1	2	0
HiC_scaffold4	73550001	73560000	8	1	0
HiC_scaffold4	75080001	75090000	3	1	0
HiC_scaffold4	75600001	75610000	3	1	0
HiC_scaffold4	76160001	76170000	1	1	0
HiC_scaffold4	76400001	76410000	1	1	0
HiC_scaffold4	76960001	76970000	1	1	0
HiC_scaffold4	77590001	77600000	1	1	0
HiC_scaffold4	77680001	77690000	3	1	0
HiC_scaffold4	78240001	78250000	2	1	0
HiC_scaffold4	78660001	78670000	1	1	0
HiC_scaffold4	78900001	78910000	1	1	0
HiC_scaffold4	79270001	79280000	1	1	0
HiC_scaffold4	79330001	79340000	1	1	0
HiC_scaffold4	79570001	79580000	1	1	0
HiC_scaffold4	79970001	79980000	1	1	0
HiC_scaffold4	80420001	80430000	6	1	0
HiC_scaffold4	80560001	80570000	2	1	0
HiC_scaffold4	80570001	80580000	2	1	0
HiC_scaffold4	80670001	80680000	2	1	0
HiC_scaffold4	80700001	80710000	2	1	0
HiC_scaffold4	80910001	80920000	1	1	0
HiC_scaffold4	81330001	81340000	1	1	0
HiC_scaffold4	82450001	82460000	1	1	0
HiC_scaffold4	82720001	82730000	1	1	0
HiC_scaffold4	82890001	82900000	1	1	0
HiC_scaffold4	83050001	83060000	1	1	0
HiC_scaffold4	83370001	83380000	2	1	0
HiC_scaffold4	84500001	84510000	1	1	0
HiC_scaffold4	85480001	85490000	2	1	0
HiC_scaffold4	85540001	85550000	3	1	0
HiC_scaffold4	85960001	85970000	1	1	0
HiC_scaffold4	85990001	86000000	1	1	0
HiC_scaffold4	86090001	86100000	1	1	0
HiC_scaffold4	86130001	86140000	7	1	0
HiC_scaffold4	86400001	86410000	2	2	0
HiC_scaffold4	86490001	86500000	1	1	0
HiC_scaffold4	87450001	87460000	7	1	0
HiC_scaffold4	87580001	87590000	1	1	0
HiC_scaffold4	87920001	87930000	4	1	0
HiC_scaffold4	88140001	88150000	1	1	0
HiC_scaffold4	88180001	88190000	2	1	0
HiC_scaffold4	88260001	88270000	2	1	0
HiC_scaffold4	88390001	88400000	1	1	0
HiC_scaffold4	88440001	88450000	3	1	0
HiC_scaffold4	88480001	88490000	1	1	0
HiC_scaffold4	88700001	88710000	1	2	0
HiC_scaffold4	88800001	88810000	10	1	0
HiC_scaffold4	89090001	89100000	1	1	0
HiC_scaffold4	89180001	89190000	6	1	0
HiC_scaffold4	89490001	89500000	1	3	0
HiC_scaffold4	89620001	89630000	2	1	0
HiC_scaffold4	90030001	90040000	1	1	0
HiC_scaffold4	90040001	90050000	2	1	0
HiC_scaffold4	90050001	90060000	1	1	0
HiC_scaffold4	90060001	90070000	2	1	0
HiC_scaffold4	90220001	90230000	1	1	0
HiC_scaffold4	90660001	90670000	1	2	0
HiC_scaffold4	90720001	90730000	1	1	0
HiC_scaffold4	90860001	90870000	3	1	0
HiC_scaffold4	90880001	90890000	3	1	0
HiC_scaffold4	90940001	90950000	14	1	0
HiC_scaffold4	90960001	90970000	7	1	0
HiC_scaffold4	91090001	91100000	1	1	0
HiC_scaffold4	91970001	91980000	6	1	0
HiC_scaffold4	92050001	92060000	2	1	0
HiC_scaffold4	92070001	92080000	2	1	0
HiC_scaffold4	92210001	92220000	1	1	0
HiC_scaffold4	92230001	92240000	1	1	0
HiC_scaffold4	92260001	92270000	5	1	0
HiC_scaffold4	92320001	92330000	2	2	1
HiC_scaffold4	92410001	92420000	4	1	0
HiC_scaffold4	92490001	92500000	1	1	0
HiC_scaffold4	92570001	92580000	4	1	0
HiC_scaffold4	92680001	92690000	1	1	0
HiC_scaffold4	92690001	92700000	1	2	0
HiC_scaffold4	92750001	92760000	5	1	0
HiC_scaffold4	92820001	92830000	5	2	1
HiC_scaffold4	92840001	92850000	2	1	0
HiC_scaffold4	93130001	93140000	1	1	0
HiC_scaffold4	93360001	93370000	6	1	0
HiC_scaffold4	93680001	93690000	1	1	0
HiC_scaffold5	130001	140000	1	2	0
HiC_scaffold5	490001	500000	3	4	0
HiC_scaffold5	620001	630000	2	1	0
HiC_scaffold5	650001	660000	1	1	0
HiC_scaffold5	910001	920000	2	1	0
HiC_scaffold5	940001	950000	5	1	0
HiC_scaffold5	1020001	1030000	4	1	0
HiC_scaffold5	1040001	1050000	2	1	0
HiC_scaffold5	1050001	1060000	4	5	0
HiC_scaffold5	1250001	1260000	2	1	0
HiC_scaffold5	1450001	1460000	8	1	0
HiC_scaffold5	1470001	1480000	1	1	0
HiC_scaffold5	1810001	1820000	1	2	0
HiC_scaffold5	1820001	1830000	3	1	0
HiC_scaffold5	1850001	1860000	3	1	0
HiC_scaffold5	2430001	2440000	1	1	0
HiC_scaffold5	2440001	2450000	1	1	0
HiC_scaffold5	2730001	2740000	7	1	0
HiC_scaffold5	2760001	2770000	6	1	0
HiC_scaffold5	3060001	3070000	3	1	0
HiC_scaffold5	3270001	3280000	2	1	0
HiC_scaffold5	3350001	3360000	2	1	0
HiC_scaffold5	3560001	3570000	2	1	0
HiC_scaffold5	3630001	3640000	2	1	0
HiC_scaffold5	3640001	3650000	3	2	0
HiC_scaffold5	3700001	3710000	3	1	0
HiC_scaffold5	3710001	3720000	3	1	0
HiC_scaffold5	4260001	4270000	2	1	0
HiC_scaffold5	4340001	4350000	1	1	0
HiC_scaffold5	4360001	4370000	4	1	0
HiC_scaffold5	4470001	4480000	5	1	0
HiC_scaffold5	4490001	4500000	5	1	0
HiC_scaffold5	4570001	4580000	4	1	0
HiC_scaffold5	4730001	4740000	2	2	0
HiC_scaffold5	5670001	5680000	1	1	0
HiC_scaffold5	5980001	5990000	11	1	0
HiC_scaffold5	6770001	6780000	1	1	0
HiC_scaffold5	6920001	6930000	3	1	0
HiC_scaffold5	7260001	7270000	1	1	0
HiC_scaffold5	7340001	7350000	3	1	0
HiC_scaffold5	7580001	7590000	1	1	0
HiC_scaffold5	7980001	7990000	1	1	0
HiC_scaffold5	8570001	8580000	1	1	0
HiC_scaffold5	9220001	9230000	4	1	0
HiC_scaffold5	10020001	10030000	1	2	0
HiC_scaffold5	10090001	10100000	1	1	0
HiC_scaffold5	10890001	10900000	1	1	0
HiC_scaffold5	11820001	11830000	1	2	0
HiC_scaffold5	13910001	13920000	1	1	0
HiC_scaffold5	15910001	15920000	1	1	0
HiC_scaffold5	16640001	16650000	1	1	0
HiC_scaffold5	17120001	17130000	1	1	0
HiC_scaffold5	17280001	17290000	3	1	0
HiC_scaffold5	18640001	18650000	2	1	0
HiC_scaffold5	18660001	18670000	1	1	0
HiC_scaffold5	19430001	19440000	2	1	0
HiC_scaffold5	19800001	19810000	1	1	0
HiC_scaffold5	21000001	21010000	1	1	0
HiC_scaffold5	23490001	23500000	1	1	0
HiC_scaffold5	24700001	24710000	1	1	0
HiC_scaffold5	25530001	25540000	1	1	0
HiC_scaffold5	27470001	27480000	1	1	0
HiC_scaffold5	27480001	27490000	3	1	0
HiC_scaffold5	29670001	29680000	1	1	0
HiC_scaffold5	30470001	30480000	1	1	0
HiC_scaffold5	35080001	35090000	1	1	0
HiC_scaffold5	35790001	35800000	1	1	0
HiC_scaffold5	40330001	40340000	2	1	0
HiC_scaffold5	41680001	41690000	1	1	0
HiC_scaffold5	43540001	43550000	1	2	0
HiC_scaffold5	44670001	44680000	1	1	0
HiC_scaffold5	44740001	44750000	1	1	0
HiC_scaffold5	45910001	45920000	1	1	0
HiC_scaffold5	45930001	45940000	8	1	0
HiC_scaffold5	46270001	46280000	2	1	0
HiC_scaffold5	46310001	46320000	2	1	0
HiC_scaffold5	46320001	46330000	2	1	0
HiC_scaffold5	46330001	46340000	3	1	0
HiC_scaffold5	46490001	46500000	10	1	0
HiC_scaffold5	46500001	46510000	8	1	0
HiC_scaffold5	46660001	46670000	2	1	0
HiC_scaffold5	46760001	46770000	2	1	0
HiC_scaffold5	47090001	47100000	1	1	0
HiC_scaffold5	47870001	47880000	1	2	0
HiC_scaffold5	49410001	49420000	3	1	0
HiC_scaffold5	51130001	51140000	1	1	0
HiC_scaffold5	51630001	51640000	1	1	0
HiC_scaffold5	52210001	52220000	5	1	0
HiC_scaffold5	52410001	52420000	2	1	0
HiC_scaffold5	52730001	52740000	1	1	0
HiC_scaffold5	52990001	53000000	4	3	0
HiC_scaffold5	54040001	54050000	3	1	0
HiC_scaffold5	54050001	54060000	1	1	0
HiC_scaffold5	54290001	54300000	1	1	0
HiC_scaffold5	55300001	55310000	1	1	0
HiC_scaffold5	56010001	56020000	2	2	0
HiC_scaffold5	56900001	56910000	1	1	0
HiC_scaffold5	57160001	57170000	1	1	0
HiC_scaffold5	57170001	57180000	1	1	0
HiC_scaffold5	57400001	57410000	1	1	0
HiC_scaffold5	57810001	57820000	1	1	0
HiC_scaffold5	60000001	60010000	2	2	0
HiC_scaffold5	60630001	60640000	1	1	0
HiC_scaffold5	60690001	60700000	1	1	0
HiC_scaffold5	60770001	60780000	1	1	0
HiC_scaffold5	60880001	60890000	1	2	0
HiC_scaffold5	61090001	61100000	3	1	0
HiC_scaffold5	61160001	61170000	1	1	0
HiC_scaffold5	61550001	61560000	1	1	0
HiC_scaffold5	61630001	61640000	5	1	0
HiC_scaffold5	62820001	62830000	1	1	0
HiC_scaffold5	62830001	62840000	1	1	0
HiC_scaffold5	63150001	63160000	1	1	0
HiC_scaffold5	63160001	63170000	2	1	1
HiC_scaffold5	63220001	63230000	1	1	0
HiC_scaffold5	63700001	63710000	9	1	0
HiC_scaffold5	64730001	64740000	1	2	0
HiC_scaffold5	64890001	64900000	1	1	0
HiC_scaffold5	65100001	65110000	1	1	0
HiC_scaffold5	65820001	65830000	3	1	0
HiC_scaffold5	65880001	65890000	2	2	0
HiC_scaffold5	66230001	66240000	2	1	0
HiC_scaffold5	66510001	66520000	1	1	0
HiC_scaffold5	67170001	67180000	1	1	0
HiC_scaffold5	67310001	67320000	2	1	0
HiC_scaffold5	67470001	67480000	1	1	0
HiC_scaffold5	67490001	67500000	1	2	0
HiC_scaffold5	67620001	67630000	2	1	0
HiC_scaffold5	67640001	67650000	1	1	0
HiC_scaffold5	67920001	67930000	3	1	0
HiC_scaffold5	67960001	67970000	3	1	0
HiC_scaffold5	69630001	69640000	1	1	0
HiC_scaffold5	69700001	69710000	1	1	0
HiC_scaffold5	69740001	69750000	5	1	0
HiC_scaffold5	69750001	69760000	2	1	0
HiC_scaffold5	69960001	69970000	2	1	0
HiC_scaffold5	70040001	70050000	1	1	0
HiC_scaffold5	70110001	70120000	1	1	0
HiC_scaffold5	71210001	71220000	2	1	0
HiC_scaffold5	71380001	71390000	2	1	0
HiC_scaffold5	71420001	71430000	1	1	0
HiC_scaffold5	72160001	72170000	1	1	0
HiC_scaffold5	72230001	72240000	1	1	0
HiC_scaffold5	72830001	72840000	1	1	0
HiC_scaffold5	72870001	72880000	1	1	0
HiC_scaffold5	72890001	72900000	1	1	0
HiC_scaffold5	72900001	72910000	1	1	0
HiC_scaffold5	72930001	72940000	1	1	0
HiC_scaffold5	73000001	73010000	2	1	0
HiC_scaffold5	73080001	73090000	1	1	0
HiC_scaffold5	73410001	73420000	1	1	0
HiC_scaffold5	73440001	73450000	2	1	0
HiC_scaffold5	73550001	73560000	1	1	0
HiC_scaffold5	74090001	74100000	1	1	0
HiC_scaffold5	74220001	74230000	1	2	0
HiC_scaffold5	74340001	74350000	1	1	0
HiC_scaffold5	74370001	74380000	2	2	0
HiC_scaffold5	74390001	74400000	1	3	0
HiC_scaffold5	74400001	74410000	1	1	0
HiC_scaffold5	74680001	74690000	1	4	0
HiC_scaffold5	75020001	75030000	2	1	0
HiC_scaffold5	75050001	75060000	2	3	0
HiC_scaffold5	75100001	75110000	1	1	0
HiC_scaffold5	75590001	75600000	1	1	0
HiC_scaffold6	230001	240000	1	1	0
HiC_scaffold6	380001	390000	2	1	0
HiC_scaffold6	700001	710000	3	2	0
HiC_scaffold6	770001	780000	5	1	0
HiC_scaffold6	780001	790000	2	1	0
HiC_scaffold6	880001	890000	1	1	0
HiC_scaffold6	910001	920000	1	1	0
HiC_scaffold6	940001	950000	5	1	0
HiC_scaffold6	1030001	1040000	3	1	0
HiC_scaffold6	1230001	1240000	1	1	0
HiC_scaffold6	1280001	1290000	1	1	0
HiC_scaffold6	1360001	1370000	1	1	0
HiC_scaffold6	1440001	1450000	2	1	0
HiC_scaffold6	1460001	1470000	1	1	0
HiC_scaffold6	1470001	1480000	3	1	0
HiC_scaffold6	1540001	1550000	1	2	0
HiC_scaffold6	1690001	1700000	1	3	0
HiC_scaffold6	2020001	2030000	1	2	0
HiC_scaffold6	2030001	2040000	3	1	0
HiC_scaffold6	2180001	2190000	2	1	0
HiC_scaffold6	2530001	2540000	1	2	0
HiC_scaffold6	2730001	2740000	3	1	0
HiC_scaffold6	3020001	3030000	1	1	0
HiC_scaffold6	3190001	3200000	1	1	0
HiC_scaffold6	3570001	3580000	1	1	0
HiC_scaffold6	3730001	3740000	1	1	0
HiC_scaffold6	3770001	3780000	5	1	0
HiC_scaffold6	3810001	3820000	2	2	0
HiC_scaffold6	3930001	3940000	1	2	0
HiC_scaffold6	4700001	4710000	1	2	0
HiC_scaffold6	5100001	5110000	6	1	0
HiC_scaffold6	5150001	5160000	1	1	0
HiC_scaffold6	5310001	5320000	5	1	0
HiC_scaffold6	5360001	5370000	1	1	0
HiC_scaffold6	5610001	5620000	1	1	0
HiC_scaffold6	5700001	5710000	4	1	0
HiC_scaffold6	5810001	5820000	3	1	0
HiC_scaffold6	6090001	6100000	1	1	0
HiC_scaffold6	6120001	6130000	1	1	0
HiC_scaffold6	6630001	6640000	2	2	0
HiC_scaffold6	6740001	6750000	3	1	0
HiC_scaffold6	6860001	6870000	1	1	0
HiC_scaffold6	6900001	6910000	4	2	0
HiC_scaffold6	6980001	6990000	1	2	0
HiC_scaffold6	6990001	7000000	2	1	0
HiC_scaffold6	7040001	7050000	1	1	0
HiC_scaffold6	7070001	7080000	2	2	0
HiC_scaffold6	7090001	7100000	2	1	0
HiC_scaffold6	7100001	7110000	3	1	0
HiC_scaffold6	7160001	7170000	2	1	0
HiC_scaffold6	7310001	7320000	3	1	0
HiC_scaffold6	7380001	7390000	1	1	0
HiC_scaffold6	7520001	7530000	1	1	0
HiC_scaffold6	7540001	7550000	8	1	0
HiC_scaffold6	7550001	7560000	6	1	0
HiC_scaffold6	8240001	8250000	7	1	0
HiC_scaffold6	8300001	8310000	11	1	0
HiC_scaffold6	8310001	8320000	2	1	0
HiC_scaffold6	9290001	9300000	6	1	0
HiC_scaffold6	9400001	9410000	2	1	0
HiC_scaffold6	9650001	9660000	2	1	0
HiC_scaffold6	10160001	10170000	1	1	0
HiC_scaffold6	10780001	10790000	2	1	0
HiC_scaffold6	10880001	10890000	1	1	0
HiC_scaffold6	11440001	11450000	3	3	0
HiC_scaffold6	11750001	11760000	4	1	0
HiC_scaffold6	11850001	11860000	2	1	0
HiC_scaffold6	11890001	11900000	4	1	0
HiC_scaffold6	12070001	12080000	1	1	0
HiC_scaffold6	12570001	12580000	1	1	0
HiC_scaffold6	13560001	13570000	1	1	0
HiC_scaffold6	13770001	13780000	1	1	0
HiC_scaffold6	13810001	13820000	2	1	0
HiC_scaffold6	14720001	14730000	2	1	0
HiC_scaffold6	15770001	15780000	2	1	0
HiC_scaffold6	17440001	17450000	1	1	0
HiC_scaffold6	18620001	18630000	2	1	0
HiC_scaffold6	19020001	19030000	1	1	0
HiC_scaffold6	19060001	19070000	1	1	0
HiC_scaffold6	20780001	20790000	1	1	0
HiC_scaffold6	21130001	21140000	1	1	0
HiC_scaffold6	22310001	22320000	1	1	0
HiC_scaffold6	22550001	22560000	1	1	0
HiC_scaffold6	22710001	22720000	2	1	0
HiC_scaffold6	23590001	23600000	1	1	0
HiC_scaffold6	24120001	24130000	1	1	0
HiC_scaffold6	24460001	24470000	1	1	0
HiC_scaffold6	25650001	25660000	1	1	0
HiC_scaffold6	25670001	25680000	3	1	0
HiC_scaffold6	25700001	25710000	2	1	0
HiC_scaffold6	25730001	25740000	2	1	0
HiC_scaffold6	25740001	25750000	1	1	0
HiC_scaffold6	26640001	26650000	1	1	0
HiC_scaffold6	27190001	27200000	1	1	0
HiC_scaffold6	30570001	30580000	1	1	0
HiC_scaffold6	32970001	32980000	6	1	1
HiC_scaffold6	34620001	34630000	1	1	0
HiC_scaffold6	34640001	34650000	1	1	0
HiC_scaffold6	34840001	34850000	1	1	0
HiC_scaffold6	34860001	34870000	1	1	0
HiC_scaffold6	35040001	35050000	1	1	1
HiC_scaffold6	35050001	35060000	1	1	0
HiC_scaffold6	35240001	35250000	1	2	0
HiC_scaffold6	35400001	35410000	1	1	0
HiC_scaffold6	36020001	36030000	2	1	0
HiC_scaffold6	36200001	36210000	2	1	0
HiC_scaffold6	37130001	37140000	3	1	0
HiC_scaffold6	38570001	38580000	1	2	0
HiC_scaffold6	38770001	38780000	1	1	0
HiC_scaffold6	38970001	38980000	1	1	0
HiC_scaffold6	39070001	39080000	1	1	0
HiC_scaffold6	39440001	39450000	1	1	0
HiC_scaffold6	39880001	39890000	1	1	0
HiC_scaffold6	39970001	39980000	6	2	0
HiC_scaffold6	40100001	40110000	1	1	0
HiC_scaffold6	40160001	40170000	1	1	0
HiC_scaffold6	41330001	41340000	1	1	0
HiC_scaffold6	41870001	41880000	1	1	0
HiC_scaffold6	41880001	41890000	1	1	0
HiC_scaffold6	42730001	42740000	1	1	0
HiC_scaffold6	42780001	42790000	1	1	0
HiC_scaffold6	43680001	43690000	1	1	0
HiC_scaffold6	43770001	43780000	8	1	0
HiC_scaffold6	44100001	44110000	1	1	0
HiC_scaffold6	44370001	44380000	2	1	0
HiC_scaffold6	44620001	44630000	1	1	0
HiC_scaffold6	44750001	44760000	1	1	0
HiC_scaffold6	45090001	45100000	1	1	0
HiC_scaffold6	46180001	46190000	1	1	0
HiC_scaffold6	47520001	47530000	1	1	0
HiC_scaffold6	48740001	48750000	2	1	0
HiC_scaffold6	52030001	52040000	3	1	0
HiC_scaffold6	52220001	52230000	1	1	0
HiC_scaffold6	52470001	52480000	1	1	0
HiC_scaffold6	53780001	53790000	1	1	0
HiC_scaffold6	54660001	54670000	1	1	0
HiC_scaffold6	54830001	54840000	2	1	0
HiC_scaffold6	54960001	54970000	2	1	0
HiC_scaffold6	55020001	55030000	2	1	0
HiC_scaffold6	55080001	55090000	2	1	0
HiC_scaffold6	55570001	55580000	1	2	0
HiC_scaffold6	55620001	55630000	1	1	0
HiC_scaffold6	56070001	56080000	1	1	0
HiC_scaffold6	56830001	56840000	2	1	0
HiC_scaffold6	56840001	56850000	1	1	0
HiC_scaffold6	57110001	57120000	1	1	0
HiC_scaffold6	57170001	57180000	3	1	0
HiC_scaffold6	57180001	57190000	1	1	0
HiC_scaffold6	57210001	57220000	1	1	0
HiC_scaffold6	57490001	57500000	6	2	0
HiC_scaffold6	57500001	57510000	7	1	0
HiC_scaffold6	57620001	57630000	1	2	0
HiC_scaffold6	58040001	58050000	3	1	0
HiC_scaffold6	58050001	58060000	3	1	0
HiC_scaffold6	60210001	60220000	2	1	0
HiC_scaffold6	60680001	60690000	1	2	0
HiC_scaffold6	63030001	63040000	1	2	0
HiC_scaffold6	64550001	64560000	1	1	0
HiC_scaffold6	64860001	64870000	1	1	0
HiC_scaffold6	64990001	65000000	6	1	0
HiC_scaffold6	65090001	65100000	2	1	0
HiC_scaffold6	65610001	65620000	2	2	0
HiC_scaffold6	68040001	68050000	4	1	0
HiC_scaffold6	68110001	68120000	2	1	0
HiC_scaffold6	68520001	68530000	1	3	0
HiC_scaffold7	230001	240000	2	1	0
HiC_scaffold7	260001	270000	4	1	0
HiC_scaffold7	330001	340000	4	1	0
HiC_scaffold7	360001	370000	2	1	0
HiC_scaffold7	420001	430000	3	1	0
HiC_scaffold7	610001	620000	2	1	0
HiC_scaffold7	690001	700000	2	1	0
HiC_scaffold7	900001	910000	1	1	0
HiC_scaffold7	1160001	1170000	1	1	0
HiC_scaffold7	1170001	1180000	2	2	0
HiC_scaffold7	1280001	1290000	1	2	0
HiC_scaffold7	1410001	1420000	2	2	0
HiC_scaffold7	1600001	1610000	2	1	0
HiC_scaffold7	1770001	1780000	1	1	0
HiC_scaffold7	2120001	2130000	1	1	0
HiC_scaffold7	2160001	2170000	3	1	0
HiC_scaffold7	2190001	2200000	1	1	0
HiC_scaffold7	2370001	2380000	3	1	0
HiC_scaffold7	2470001	2480000	1	2	0
HiC_scaffold7	3340001	3350000	1	1	0
HiC_scaffold7	3670001	3680000	1	1	0
HiC_scaffold7	3680001	3690000	1	1	0
HiC_scaffold7	3920001	3930000	1	1	0
HiC_scaffold7	4310001	4320000	5	1	0
HiC_scaffold7	4560001	4570000	1	1	0
HiC_scaffold7	4720001	4730000	1	1	0
HiC_scaffold7	4880001	4890000	1	1	0
HiC_scaffold7	4890001	4900000	2	1	0
HiC_scaffold7	5020001	5030000	2	1	0
HiC_scaffold7	5040001	5050000	4	1	0
HiC_scaffold7	5100001	5110000	3	1	0
HiC_scaffold7	5120001	5130000	2	1	0
HiC_scaffold7	5130001	5140000	1	2	0
HiC_scaffold7	5170001	5180000	1	1	0
HiC_scaffold7	5240001	5250000	2	1	0
HiC_scaffold7	5610001	5620000	2	1	0
HiC_scaffold7	5730001	5740000	1	1	0
HiC_scaffold7	5760001	5770000	4	1	0
HiC_scaffold7	5880001	5890000	4	2	0
HiC_scaffold7	6000001	6010000	1	4	0
HiC_scaffold7	7110001	7120000	6	1	0
HiC_scaffold7	7250001	7260000	4	1	0
HiC_scaffold7	7260001	7270000	1	1	0
HiC_scaffold7	7480001	7490000	3	1	0
HiC_scaffold7	7490001	7500000	2	1	1
HiC_scaffold7	7520001	7530000	8	1	0
HiC_scaffold7	7530001	7540000	3	1	0
HiC_scaffold7	7910001	7920000	3	2	0
HiC_scaffold7	7930001	7940000	8	1	0
HiC_scaffold7	8360001	8370000	1	1	0
HiC_scaffold7	8410001	8420000	4	1	0
HiC_scaffold7	9020001	9030000	2	1	0
HiC_scaffold7	9700001	9710000	4	1	0
HiC_scaffold7	9920001	9930000	1	1	0
HiC_scaffold7	10110001	10120000	2	1	0
HiC_scaffold7	11420001	11430000	2	1	0
HiC_scaffold7	11430001	11440000	2	1	0
HiC_scaffold7	11500001	11510000	6	1	0
HiC_scaffold7	11570001	11580000	2	1	0
HiC_scaffold7	11580001	11590000	1	1	0
HiC_scaffold7	11590001	11600000	1	1	0
HiC_scaffold7	11970001	11980000	1	1	0
HiC_scaffold7	12130001	12140000	4	1	0
HiC_scaffold7	12140001	12150000	2	1	0
HiC_scaffold7	12700001	12710000	1	1	0
HiC_scaffold7	15030001	15040000	1	1	0
HiC_scaffold7	15090001	15100000	1	1	0
HiC_scaffold7	15370001	15380000	1	1	0
HiC_scaffold7	17420001	17430000	1	1	0
HiC_scaffold7	18280001	18290000	1	2	0
HiC_scaffold7	18420001	18430000	1	1	0
HiC_scaffold7	20930001	20940000	3	1	0
HiC_scaffold7	21750001	21760000	7	1	0
HiC_scaffold7	22100001	22110000	1	1	0
HiC_scaffold7	22810001	22820000	2	1	0
HiC_scaffold7	23360001	23370000	1	1	0
HiC_scaffold7	27490001	27500000	1	1	0
HiC_scaffold7	28000001	28010000	1	1	0
HiC_scaffold7	28650001	28660000	1	1	0
HiC_scaffold7	29340001	29350000	3	1	0
HiC_scaffold7	29680001	29690000	1	2	0
HiC_scaffold7	30080001	30090000	1	1	0
HiC_scaffold7	30600001	30610000	2	1	0
HiC_scaffold7	30610001	30620000	1	1	0
HiC_scaffold7	30640001	30650000	2	1	0
HiC_scaffold7	30780001	30790000	4	1	0
HiC_scaffold7	32290001	32300000	1	1	0
HiC_scaffold7	34560001	34570000	1	1	0
HiC_scaffold7	34760001	34770000	2	1	0
HiC_scaffold7	35040001	35050000	1	1	0
HiC_scaffold7	39710001	39720000	2	1	0
HiC_scaffold7	41360001	41370000	1	1	0
HiC_scaffold7	41710001	41720000	3	1	0
HiC_scaffold7	41740001	41750000	3	2	0
HiC_scaffold7	42020001	42030000	3	1	0
HiC_scaffold7	42450001	42460000	1	1	0
HiC_scaffold7	46210001	46220000	1	1	0
HiC_scaffold7	50600001	50610000	1	3	0
HiC_scaffold7	50730001	50740000	1	1	0
HiC_scaffold7	51780001	51790000	1	1	0
HiC_scaffold7	53750001	53760000	1	2	0
HiC_scaffold7	54020001	54030000	1	1	0
HiC_scaffold7	54050001	54060000	2	1	0
HiC_scaffold7	54880001	54890000	4	1	0
HiC_scaffold7	54930001	54940000	4	2	0
HiC_scaffold7	54940001	54950000	3	1	0
HiC_scaffold7	55000001	55010000	2	1	0
HiC_scaffold7	55040001	55050000	4	2	0
HiC_scaffold7	55050001	55060000	5	3	0
HiC_scaffold7	55060001	55070000	2	1	0
HiC_scaffold7	55120001	55130000	1	1	0
HiC_scaffold7	55240001	55250000	2	1	0
HiC_scaffold7	55370001	55380000	1	1	0
HiC_scaffold7	55450001	55460000	4	2	0
HiC_scaffold7	55510001	55520000	1	1	0
HiC_scaffold7	55990001	56000000	1	1	0
HiC_scaffold7	56200001	56210000	9	3	0
HiC_scaffold7	57410001	57420000	1	1	0
HiC_scaffold7	57620001	57630000	3	2	0
HiC_scaffold7	57950001	57960000	1	1	0
HiC_scaffold7	58460001	58470000	2	1	0
HiC_scaffold7	58670001	58680000	1	1	0
HiC_scaffold7	59020001	59030000	7	1	0
HiC_scaffold7	59300001	59310000	1	2	0
HiC_scaffold7	59460001	59470000	1	1	0
HiC_scaffold7	59530001	59540000	8	1	0
HiC_scaffold7	59620001	59630000	3	1	0
HiC_scaffold7	59740001	59750000	1	1	0
HiC_scaffold7	59780001	59790000	9	1	0
HiC_scaffold7	59870001	59880000	3	1	0
HiC_scaffold7	60930001	60940000	4	1	0
HiC_scaffold7	61190001	61200000	1	1	0
HiC_scaffold7	61200001	61210000	3	1	0
HiC_scaffold7	61250001	61260000	1	1	0
HiC_scaffold7	61760001	61770000	2	1	0
HiC_scaffold7	62480001	62490000	1	1	0
HiC_scaffold7	62540001	62550000	1	1	0
HiC_scaffold7	62680001	62690000	2	1	0
HiC_scaffold7	63420001	63430000	1	2	0
HiC_scaffold7	63760001	63770000	3	1	0
HiC_scaffold7	63910001	63920000	1	1	0
HiC_scaffold7	63940001	63950000	2	1	0
HiC_scaffold7	63950001	63960000	2	1	0
HiC_scaffold7	64020001	64030000	1	1	0
HiC_scaffold8	750001	760000	1	1	0
HiC_scaffold8	760001	770000	1	1	0
HiC_scaffold8	1090001	1100000	2	1	0
HiC_scaffold8	1490001	1500000	1	1	0
HiC_scaffold8	1750001	1760000	2	1	0
HiC_scaffold8	2160001	2170000	4	1	0
HiC_scaffold8	2480001	2490000	2	1	0
HiC_scaffold8	2610001	2620000	3	1	0
HiC_scaffold8	2810001	2820000	1	1	0
HiC_scaffold8	2960001	2970000	2	1	0
HiC_scaffold8	3020001	3030000	2	1	0
HiC_scaffold8	3030001	3040000	3	1	0
HiC_scaffold8	3040001	3050000	5	1	0
HiC_scaffold8	3050001	3060000	4	1	0
HiC_scaffold8	3090001	3100000	2	1	0
HiC_scaffold8	3270001	3280000	4	1	0
HiC_scaffold8	3280001	3290000	1	1	0
HiC_scaffold8	3320001	3330000	4	2	0
HiC_scaffold8	3530001	3540000	4	1	0
HiC_scaffold8	3540001	3550000	3	1	0
HiC_scaffold8	3980001	3990000	1	1	0
HiC_scaffold8	4170001	4180000	6	1	0
HiC_scaffold8	4190001	4200000	8	1	0
HiC_scaffold8	4200001	4210000	2	1	0
HiC_scaffold8	4210001	4220000	4	1	0
HiC_scaffold8	4260001	4270000	2	1	0
HiC_scaffold8	4520001	4530000	5	1	1
HiC_scaffold8	4590001	4600000	6	1	0
HiC_scaffold8	4620001	4630000	1	1	0
HiC_scaffold8	4650001	4660000	5	1	0
HiC_scaffold8	4680001	4690000	3	1	0
HiC_scaffold8	4820001	4830000	1	1	0
HiC_scaffold8	4870001	4880000	4	1	0
HiC_scaffold8	5180001	5190000	2	1	0
HiC_scaffold8	5280001	5290000	9	1	0
HiC_scaffold8	5440001	5450000	2	1	0
HiC_scaffold8	5710001	5720000	1	2	0
HiC_scaffold8	6050001	6060000	4	1	0
HiC_scaffold8	6380001	6390000	6	1	0
HiC_scaffold8	6470001	6480000	1	1	0
HiC_scaffold8	6700001	6710000	2	1	0
HiC_scaffold8	7330001	7340000	2	2	0
HiC_scaffold8	7340001	7350000	1	1	0
HiC_scaffold8	7390001	7400000	1	1	1
HiC_scaffold8	8000001	8010000	1	1	0
HiC_scaffold8	8440001	8450000	3	1	0
HiC_scaffold8	8650001	8660000	1	1	0
HiC_scaffold8	8660001	8670000	4	1	0
HiC_scaffold8	8800001	8810000	1	1	0
HiC_scaffold8	8850001	8860000	1	1	0
HiC_scaffold8	9180001	9190000	1	1	0
HiC_scaffold8	9790001	9800000	1	1	0
HiC_scaffold8	9950001	9960000	8	1	0
HiC_scaffold8	9980001	9990000	2	1	0
HiC_scaffold8	10060001	10070000	1	1	0
HiC_scaffold8	10130001	10140000	2	1	0
HiC_scaffold8	10610001	10620000	1	1	0
HiC_scaffold8	10980001	10990000	1	1	0
HiC_scaffold8	11500001	11510000	4	1	0
HiC_scaffold8	11610001	11620000	2	1	0
HiC_scaffold8	11690001	11700000	7	1	0
HiC_scaffold8	12010001	12020000	1	1	0
HiC_scaffold8	12120001	12130000	1	1	0
HiC_scaffold8	13040001	13050000	5	1	0
HiC_scaffold8	13320001	13330000	11	1	0
HiC_scaffold8	13510001	13520000	1	2	0
HiC_scaffold8	13820001	13830000	1	1	0
HiC_scaffold8	14190001	14200000	1	2	0
HiC_scaffold8	14220001	14230000	1	1	0
HiC_scaffold8	14290001	14300000	1	1	0
HiC_scaffold8	16780001	16790000	1	1	0
HiC_scaffold8	16990001	17000000	1	1	0
HiC_scaffold8	17310001	17320000	1	1	0
HiC_scaffold8	17840001	17850000	2	2	0
HiC_scaffold8	17960001	17970000	1	1	0
HiC_scaffold8	19270001	19280000	1	1	0
HiC_scaffold8	19350001	19360000	1	1	0
HiC_scaffold8	19390001	19400000	2	1	0
HiC_scaffold8	20220001	20230000	1	1	0
HiC_scaffold8	21010001	21020000	1	2	0
HiC_scaffold8	21080001	21090000	1	1	0
HiC_scaffold8	21640001	21650000	1	1	0
HiC_scaffold8	22420001	22430000	2	1	0
HiC_scaffold8	23620001	23630000	1	1	0
HiC_scaffold8	23830001	23840000	1	1	0
HiC_scaffold8	24500001	24510000	2	1	0
HiC_scaffold8	24530001	24540000	1	1	0
HiC_scaffold8	25550001	25560000	1	1	0
HiC_scaffold8	26820001	26830000	1	1	0
HiC_scaffold8	27230001	27240000	1	1	0
HiC_scaffold8	27550001	27560000	1	1	0
HiC_scaffold8	27940001	27950000	1	1	0
HiC_scaffold8	27950001	27960000	1	1	0
HiC_scaffold8	28060001	28070000	1	1	0
HiC_scaffold8	28110001	28120000	1	1	0
HiC_scaffold8	29140001	29150000	1	1	0
HiC_scaffold8	30320001	30330000	1	1	0
HiC_scaffold8	31600001	31610000	1	1	0
HiC_scaffold8	31740001	31750000	2	1	0
HiC_scaffold8	32210001	32220000	2	1	0
HiC_scaffold8	32410001	32420000	3	1	0
HiC_scaffold8	34270001	34280000	1	1	0
HiC_scaffold8	34550001	34560000	2	1	0
HiC_scaffold8	34600001	34610000	7	2	0
HiC_scaffold8	34790001	34800000	7	1	0
HiC_scaffold8	34810001	34820000	6	1	0
HiC_scaffold8	34850001	34860000	1	1	0
HiC_scaffold8	34870001	34880000	2	1	0
HiC_scaffold8	35680001	35690000	1	1	0
HiC_scaffold8	35900001	35910000	10	1	0
HiC_scaffold8	36010001	36020000	16	1	0
HiC_scaffold8	36040001	36050000	8	1	0
HiC_scaffold8	36080001	36090000	10	1	0
HiC_scaffold8	36090001	36100000	12	3	0
HiC_scaffold8	36100001	36110000	7	1	0
HiC_scaffold8	36140001	36150000	3	1	0
HiC_scaffold8	36190001	36200000	1	1	0
HiC_scaffold8	36270001	36280000	1	1	0
HiC_scaffold8	37490001	37500000	1	1	0
HiC_scaffold8	37640001	37650000	4	1	0
HiC_scaffold8	37680001	37690000	3	3	0
HiC_scaffold8	37920001	37930000	1	1	0
HiC_scaffold8	38140001	38150000	1	1	0
HiC_scaffold8	38280001	38290000	1	1	0
HiC_scaffold8	38500001	38510000	3	1	0
HiC_scaffold8	39780001	39790000	1	1	0
HiC_scaffold8	39790001	39800000	7	1	0
HiC_scaffold8	40800001	40810000	1	1	0
HiC_scaffold8	41150001	41160000	2	1	0
HiC_scaffold8	41190001	41200000	1	1	0
HiC_scaffold8	41250001	41260000	1	1	0
HiC_scaffold8	41330001	41340000	5	3	0
HiC_scaffold8	41360001	41370000	1	1	0
HiC_scaffold8	41370001	41380000	2	1	0
HiC_scaffold8	41480001	41490000	1	1	0
HiC_scaffold8	41580001	41590000	2	1	0
HiC_scaffold8	41680001	41690000	1	1	0
HiC_scaffold8	41710001	41720000	4	2	1
HiC_scaffold8	41850001	41860000	1	2	0
HiC_scaffold8	41990001	42000000	1	1	0
HiC_scaffold8	42060001	42070000	1	1	0
HiC_scaffold8	42290001	42300000	4	1	0
HiC_scaffold8	42450001	42460000	2	1	0
HiC_scaffold8	42710001	42720000	4	1	0
HiC_scaffold8	43080001	43090000	1	1	0
HiC_scaffold8	43250001	43260000	4	1	0
HiC_scaffold8	43310001	43320000	3	1	0
HiC_scaffold8	43320001	43330000	1	1	0
HiC_scaffold8	43790001	43800000	1	1	0
HiC_scaffold8	43900001	43910000	1	1	0
HiC_scaffold8	43950001	43960000	3	4	0
HiC_scaffold8	44370001	44380000	2	1	0
HiC_scaffold8	44440001	44450000	1	1	0
HiC_scaffold8	44450001	44460000	8	1	0
HiC_scaffold8	44650001	44660000	1	1	0
HiC_scaffold8	45000001	45010000	1	1	0
HiC_scaffold8	45310001	45320000	6	1	0
HiC_scaffold8	45370001	45380000	1	1	0
HiC_scaffold8	45410001	45420000	3	1	0
HiC_scaffold8	45440001	45450000	13	2	0
HiC_scaffold8	45490001	45500000	1	1	0
HiC_scaffold8	45500001	45510000	1	2	0
HiC_scaffold8	45650001	45660000	1	2	0
HiC_scaffold8	46610001	46620000	1	1	0
HiC_scaffold8	46630001	46640000	3	1	0
HiC_scaffold8	46670001	46680000	1	2	0
HiC_scaffold8	46720001	46730000	1	1	0
HiC_scaffold8	47160001	47170000	1	1	0
HiC_scaffold8	47510001	47520000	1	1	0
HiC_scaffold8	47530001	47540000	1	1	0
HiC_scaffold8	47760001	47770000	1	1	0
HiC_scaffold8	48070001	48080000	1	2	0
HiC_scaffold8	48280001	48290000	2	3	0
HiC_scaffold8	48310001	48320000	1	1	0
HiC_scaffold8	48690001	48700000	2	1	0
HiC_scaffold8	48930001	48940000	1	1	0
HiC_scaffold8	48990001	49000000	5	2	0
HiC_scaffold8	49050001	49060000	4	1	0
HiC_scaffold8	49090001	49100000	1	1	0
HiC_scaffold8	49300001	49310000	2	1	0
HiC_scaffold8	49480001	49490000	5	1	0
HiC_scaffold8	49500001	49510000	7	1	0
HiC_scaffold8	49510001	49520000	6	1	0
HiC_scaffold8	49580001	49590000	6	1	0
HiC_scaffold8	49630001	49640000	3	1	0
HiC_scaffold8	49680001	49690000	1	1	0
HiC_scaffold8	49750001	49760000	8	1	0
HiC_scaffold8	49800001	49810000	3	1	0
HiC_scaffold8	49850001	49860000	5	1	0
HiC_scaffold8	49880001	49890000	4	1	0
HiC_scaffold8	49990001	50000000	2	1	0
HiC_scaffold8	50000001	50010000	9	1	0
HiC_scaffold8	50030001	50040000	3	1	0
HiC_scaffold8	50060001	50070000	4	1	0
HiC_scaffold8	51300001	51310000	1	1	0
HiC_scaffold8	51360001	51370000	1	1	0
HiC_scaffold8	51710001	51720000	1	1	0
HiC_scaffold8	52010001	52020000	2	1	0
HiC_scaffold8	52260001	52270000	2	1	0
HiC_scaffold8	52280001	52290000	4	1	0
HiC_scaffold8	52290001	52300000	10	1	0
HiC_scaffold8	52640001	52650000	1	2	0
HiC_scaffold8	52960001	52970000	1	1	0
HiC_scaffold8	53130001	53140000	2	1	0
HiC_scaffold8	53240001	53250000	1	1	0
HiC_scaffold8	53580001	53590000	1	1	0
HiC_scaffold8	54040001	54050000	1	1	0
HiC_scaffold8	54100001	54110000	1	1	0
HiC_scaffold8	54110001	54120000	5	1	0
HiC_scaffold8	54130001	54140000	3	1	0
HiC_scaffold8	54150001	54160000	3	1	0
HiC_scaffold8	54240001	54250000	3	1	0
HiC_scaffold8	55940001	55950000	1	1	0
HiC_scaffold8	56010001	56020000	1	1	0
HiC_scaffold8	56610001	56620000	1	1	0
HiC_scaffold8	56720001	56730000	2	2	0
HiC_scaffold8	56820001	56830000	9	2	0
HiC_scaffold8	56840001	56850000	2	1	0
HiC_scaffold8	56910001	56920000	6	1	0
HiC_scaffold8	56940001	56950000	3	1	0
HiC_scaffold8	57120001	57130000	4	1	0
HiC_scaffold8	57660001	57670000	1	1	0
HiC_scaffold8	57840001	57850000	1	1	0
HiC_scaffold8	57860001	57870000	1	1	0
HiC_scaffold8	58030001	58040000	1	1	0
HiC_scaffold8	58150001	58160000	5	1	0
HiC_scaffold8	58400001	58410000	1	2	0
HiC_scaffold8	58460001	58470000	1	1	0
HiC_scaffold8	58700001	58710000	3	1	0
HiC_scaffold8	58820001	58830000	1	2	0
HiC_scaffold8	58870001	58880000	10	1	0
HiC_scaffold8	58880001	58890000	2	1	0
HiC_scaffold8	58900001	58910000	4	1	0
HiC_scaffold8	59050001	59060000	2	1	0
HiC_scaffold8	59130001	59140000	1	1	0
HiC_scaffold8	59410001	59420000	1	1	0
HiC_scaffold8	59560001	59570000	2	1	0
HiC_scaffold8	59690001	59700000	1	1	0
HiC_scaffold8	59810001	59820000	1	1	0
HiC_scaffold8	60260001	60270000	3	1	0
HiC_scaffold8	60390001	60400000	1	1	0
HiC_scaffold8	60410001	60420000	1	1	0
HiC_scaffold8	60530001	60540000	2	1	0
HiC_scaffold8	60570001	60580000	4	1	0
HiC_scaffold8	60670001	60680000	2	1	0
HiC_scaffold8	60720001	60730000	1	1	0
HiC_scaffold8	61270001	61280000	2	1	0
HiC_scaffold8	61280001	61290000	1	1	0
HiC_scaffold8	61500001	61510000	1	1	0
HiC_scaffold8	61700001	61710000	1	1	0
HiC_scaffold8	61790001	61800000	1	1	0
HiC_scaffold8	61860001	61870000	9	1	0
HiC_scaffold8	61870001	61880000	3	1	0
HiC_scaffold8	62060001	62070000	1	1	0
HiC_scaffold8	62190001	62200000	2	1	0
HiC_scaffold8	62720001	62730000	2	1	0
HiC_scaffold8	62740001	62750000	1	1	0
HiC_scaffold8	62780001	62790000	3	1	0
HiC_scaffold8	62870001	62880000	1	1	0
HiC_scaffold8	62970001	62980000	4	1	0
HiC_scaffold8	62990001	63000000	3	1	0
HiC_scaffold8	63250001	63260000	1	1	0
HiC_scaffold8	63380001	63390000	4	1	0
HiC_scaffold8	63430001	63440000	1	1	0
HiC_scaffold8	63470001	63480000	21	1	0
HiC_scaffold8	63530001	63540000	4	1	0
HiC_scaffold8	63730001	63740000	9	1	0
HiC_scaffold8	63740001	63750000	4	1	0
HiC_scaffold8	63750001	63760000	6	1	0
HiC_scaffold8	64300001	64310000	5	1	0
HiC_scaffold9	310001	320000	4	1	0
HiC_scaffold9	410001	420000	8	1	0
HiC_scaffold9	430001	440000	3	1	0
HiC_scaffold9	490001	500000	1	1	0
HiC_scaffold9	560001	570000	1	1	0
HiC_scaffold9	790001	800000	4	1	0
HiC_scaffold9	830001	840000	3	1	0
HiC_scaffold9	870001	880000	3	1	0
HiC_scaffold9	930001	940000	5	1	0
HiC_scaffold9	970001	980000	5	1	0
HiC_scaffold9	1070001	1080000	5	1	0
HiC_scaffold9	1680001	1690000	1	1	0
HiC_scaffold9	2720001	2730000	1	1	0
HiC_scaffold9	2950001	2960000	6	1	0
HiC_scaffold9	3380001	3390000	2	1	0
HiC_scaffold9	3620001	3630000	2	1	0
HiC_scaffold9	3790001	3800000	4	2	0
HiC_scaffold9	3820001	3830000	4	1	0
HiC_scaffold9	3830001	3840000	1	2	0
HiC_scaffold9	3890001	3900000	1	1	0
HiC_scaffold9	4770001	4780000	1	1	0
HiC_scaffold9	4810001	4820000	2	1	0
HiC_scaffold9	4860001	4870000	1	1	0
HiC_scaffold9	5060001	5070000	6	1	0
HiC_scaffold9	5070001	5080000	4	1	0
HiC_scaffold9	5180001	5190000	1	1	0
HiC_scaffold9	5220001	5230000	1	2	0
HiC_scaffold9	5320001	5330000	1	1	0
HiC_scaffold9	5360001	5370000	1	1	0
HiC_scaffold9	5450001	5460000	1	1	0
HiC_scaffold9	5500001	5510000	2	1	1
HiC_scaffold9	5540001	5550000	6	1	0
HiC_scaffold9	5570001	5580000	6	2	0
HiC_scaffold9	5600001	5610000	1	1	0
HiC_scaffold9	5950001	5960000	4	1	0
HiC_scaffold9	5990001	6000000	2	1	0
HiC_scaffold9	6230001	6240000	1	1	0
HiC_scaffold9	6320001	6330000	1	1	0
HiC_scaffold9	7550001	7560000	1	1	0
HiC_scaffold9	7760001	7770000	1	1	0
HiC_scaffold9	7790001	7800000	1	1	0
HiC_scaffold9	8580001	8590000	1	1	0
HiC_scaffold9	8600001	8610000	1	1	0
HiC_scaffold9	8940001	8950000	2	1	0
HiC_scaffold9	9330001	9340000	3	1	0
HiC_scaffold9	9540001	9550000	2	1	0
HiC_scaffold9	9550001	9560000	1	1	0
HiC_scaffold9	9580001	9590000	4	1	0
HiC_scaffold9	9810001	9820000	1	1	0
HiC_scaffold9	9820001	9830000	2	1	0
HiC_scaffold9	10060001	10070000	3	1	0
HiC_scaffold9	10130001	10140000	4	1	0
HiC_scaffold9	10140001	10150000	5	1	0
HiC_scaffold9	10180001	10190000	2	1	0
HiC_scaffold9	10190001	10200000	1	1	0
HiC_scaffold9	10250001	10260000	5	1	0
HiC_scaffold9	10340001	10350000	1	1	0
HiC_scaffold9	10420001	10430000	1	1	0
HiC_scaffold9	10480001	10490000	1	1	0
HiC_scaffold9	10910001	10920000	1	1	0
HiC_scaffold9	11090001	11100000	2	1	1
HiC_scaffold9	11230001	11240000	1	1	0
HiC_scaffold9	11310001	11320000	1	1	0
HiC_scaffold9	11320001	11330000	1	1	0
HiC_scaffold9	11330001	11340000	3	1	0
HiC_scaffold9	11340001	11350000	2	1	0
HiC_scaffold9	11410001	11420000	1	1	0
HiC_scaffold9	11530001	11540000	4	1	0
HiC_scaffold9	11710001	11720000	1	1	0
HiC_scaffold9	12120001	12130000	1	2	0
HiC_scaffold9	12170001	12180000	5	1	0
HiC_scaffold9	12240001	12250000	2	1	0
HiC_scaffold9	12480001	12490000	3	2	0
HiC_scaffold9	12680001	12690000	3	1	0
HiC_scaffold9	12700001	12710000	8	1	0
HiC_scaffold9	12930001	12940000	3	2	0
HiC_scaffold9	13020001	13030000	2	1	0
HiC_scaffold9	13030001	13040000	3	1	0
HiC_scaffold9	13160001	13170000	3	1	0
HiC_scaffold9	13330001	13340000	3	1	0
HiC_scaffold9	13450001	13460000	3	1	0
HiC_scaffold9	13590001	13600000	6	1	0
HiC_scaffold9	13620001	13630000	2	1	1
HiC_scaffold9	13680001	13690000	1	2	0
HiC_scaffold9	14030001	14040000	3	1	0
HiC_scaffold9	14180001	14190000	1	1	0
HiC_scaffold9	14240001	14250000	2	1	0
HiC_scaffold9	14310001	14320000	3	1	0
HiC_scaffold9	14520001	14530000	2	1	0
HiC_scaffold9	14640001	14650000	7	1	0
HiC_scaffold9	14910001	14920000	3	1	0
HiC_scaffold9	14980001	14990000	1	1	0
HiC_scaffold9	15380001	15390000	2	1	0
HiC_scaffold9	15560001	15570000	4	1	0
HiC_scaffold9	15690001	15700000	1	1	0
HiC_scaffold9	15750001	15760000	2	1	0
HiC_scaffold9	15850001	15860000	1	1	0
HiC_scaffold9	16750001	16760000	2	1	0
HiC_scaffold9	17230001	17240000	6	2	0
HiC_scaffold9	17280001	17290000	1	1	0
HiC_scaffold9	17370001	17380000	2	1	0
HiC_scaffold9	20050001	20060000	1	1	0
HiC_scaffold9	20240001	20250000	1	2	0
HiC_scaffold9	20260001	20270000	8	1	0
HiC_scaffold9	20350001	20360000	6	1	0
HiC_scaffold9	20660001	20670000	1	1	0
HiC_scaffold9	21040001	21050000	1	1	0
HiC_scaffold9	21320001	21330000	2	1	0
HiC_scaffold9	21530001	21540000	7	1	0
HiC_scaffold9	22410001	22420000	1	1	0
HiC_scaffold9	22720001	22730000	1	1	0
HiC_scaffold9	23090001	23100000	3	1	0
HiC_scaffold9	23600001	23610000	1	1	0
HiC_scaffold9	23910001	23920000	2	1	0
HiC_scaffold9	25710001	25720000	1	1	0
HiC_scaffold9	25900001	25910000	1	1	0
HiC_scaffold9	26480001	26490000	2	1	0
HiC_scaffold9	27140001	27150000	1	1	0
HiC_scaffold9	27360001	27370000	2	2	0
HiC_scaffold9	27660001	27670000	3	2	0
HiC_scaffold9	27870001	27880000	1	1	0
HiC_scaffold9	27890001	27900000	4	1	0
HiC_scaffold9	27930001	27940000	1	1	0
HiC_scaffold9	28630001	28640000	1	1	0
HiC_scaffold9	29090001	29100000	2	1	0
HiC_scaffold9	29140001	29150000	3	1	0
HiC_scaffold9	29160001	29170000	1	1	0
HiC_scaffold9	29240001	29250000	4	1	0
HiC_scaffold9	29250001	29260000	10	1	0
HiC_scaffold9	29320001	29330000	7	1	0
HiC_scaffold9	29790001	29800000	7	1	0
HiC_scaffold9	29950001	29960000	2	1	0
HiC_scaffold9	30030001	30040000	2	1	0
HiC_scaffold9	30570001	30580000	1	1	0
HiC_scaffold9	31260001	31270000	1	1	0
HiC_scaffold9	31810001	31820000	1	1	0
HiC_scaffold9	31820001	31830000	2	1	0
HiC_scaffold9	32250001	32260000	2	2	0
HiC_scaffold9	32430001	32440000	2	1	0
HiC_scaffold9	32840001	32850000	1	1	0
HiC_scaffold9	32890001	32900000	1	1	0
HiC_scaffold9	32900001	32910000	1	1	0
HiC_scaffold9	33000001	33010000	2	1	0
HiC_scaffold9	33050001	33060000	1	2	0
HiC_scaffold9	33090001	33100000	3	1	0
HiC_scaffold9	33140001	33150000	2	1	0
HiC_scaffold9	33200001	33210000	1	1	0
HiC_scaffold9	33470001	33480000	2	1	0
HiC_scaffold9	33680001	33690000	3	1	0
HiC_scaffold9	33980001	33990000	1	1	0
HiC_scaffold9	34030001	34040000	12	1	0
HiC_scaffold9	34040001	34050000	19	2	0
HiC_scaffold9	34070001	34080000	1	1	0
HiC_scaffold9	34220001	34230000	1	1	0
HiC_scaffold9	34340001	34350000	1	1	0
HiC_scaffold9	34410001	34420000	1	1	0
HiC_scaffold9	34950001	34960000	3	1	0
HiC_scaffold9	35370001	35380000	1	1	0
HiC_scaffold9	35600001	35610000	4	1	0
HiC_scaffold9	35930001	35940000	1	1	0
HiC_scaffold9	35960001	35970000	9	1	0
HiC_scaffold9	36210001	36220000	5	1	0
HiC_scaffold9	36260001	36270000	4	1	0
HiC_scaffold9	36390001	36400000	3	2	0
HiC_scaffold9	36400001	36410000	3	1	0
HiC_scaffold9	36950001	36960000	2	1	0
HiC_scaffold9	36960001	36970000	2	1	0
HiC_scaffold9	37010001	37020000	3	1	0
HiC_scaffold9	37060001	37070000	2	2	0
HiC_scaffold9	37140001	37150000	8	1	0
HiC_scaffold9	37210001	37220000	6	1	0
HiC_scaffold9	37380001	37390000	1	1	0
HiC_scaffold9	37460001	37470000	1	1	0
HiC_scaffold9	37470001	37480000	1	1	0
HiC_scaffold9	37480001	37490000	1	1	0
HiC_scaffold9	37910001	37920000	2	1	0
HiC_scaffold9	39200001	39210000	1	1	0
HiC_scaffold9	39300001	39310000	1	1	0
HiC_scaffold9	39550001	39560000	1	2	0
HiC_scaffold9	39650001	39660000	2	1	0
HiC_scaffold9	40320001	40330000	3	1	0
HiC_scaffold9	40570001	40580000	1	1	0
HiC_scaffold9	42070001	42080000	1	3	0
HiC_scaffold9	43110001	43120000	1	1	0
HiC_scaffold9	43620001	43630000	1	2	0
HiC_scaffold9	44590001	44600000	2	1	0
HiC_scaffold9	44630001	44640000	1	1	0
HiC_scaffold9	44900001	44910000	2	1	0
HiC_scaffold9	44910001	44920000	2	2	0
HiC_scaffold9	46180001	46190000	1	2	0
HiC_scaffold9	46220001	46230000	1	1	0
HiC_scaffold9	46310001	46320000	1	1	0
HiC_scaffold9	46860001	46870000	1	1	0
HiC_scaffold9	49520001	49530000	3	2	0
HiC_scaffold9	49530001	49540000	6	1	0
HiC_scaffold9	49710001	49720000	6	1	0
HiC_scaffold9	49810001	49820000	1	1	0
HiC_scaffold9	49880001	49890000	2	1	0
HiC_scaffold9	49890001	49900000	8	1	0
HiC_scaffold9	50130001	50140000	2	1	0
HiC_scaffold9	50150001	50160000	1	1	0
HiC_scaffold9	50240001	50250000	2	1	0
HiC_scaffold9	50390001	50400000	4	2	0
HiC_scaffold9	50420001	50430000	3	1	0
HiC_scaffold9	50520001	50530000	1	1	0
HiC_scaffold9	50580001	50590000	4	2	0
HiC_scaffold9	50650001	50660000	4	1	0
HiC_scaffold9	50970001	50980000	3	1	0
HiC_scaffold9	51040001	51050000	2	1	0
HiC_scaffold9	51060001	51070000	1	1	0
HiC_scaffold9	51190001	51200000	1	1	0
HiC_scaffold9	51210001	51220000	1	1	0
HiC_scaffold9	51230001	51240000	7	1	0
HiC_scaffold9	51260001	51270000	5	1	0
HiC_scaffold9	51290001	51300000	2	1	0
HiC_scaffold9	51380001	51390000	7	1	0
HiC_scaffold9	51460001	51470000	1	1	0
HiC_scaffold9	51540001	51550000	8	2	0
HiC_scaffold9	51640001	51650000	1	2	0
HiC_scaffold9	51650001	51660000	1	1	0
HiC_scaffold9	51660001	51670000	1	2	0
HiC_scaffold9	51670001	51680000	1	1	0
HiC_scaffold9	52060001	52070000	2	1	0
HiC_scaffold9	52170001	52180000	1	1	0
HiC_scaffold9	52220001	52230000	3	1	0
HiC_scaffold9	52630001	52640000	2	1	0
HiC_scaffold9	52680001	52690000	2	1	0
HiC_scaffold9	52850001	52860000	4	1	0
HiC_scaffold9	52920001	52930000	9	1	0
HiC_scaffold9	52970001	52980000	3	1	0
HiC_scaffold9	53330001	53340000	1	1	0
HiC_scaffold9	53560001	53570000	4	1	0
HiC_scaffold9	53700001	53710000	1	1	0
HiC_scaffold9	53760001	53770000	1	1	0
HiC_scaffold9	53770001	53780000	1	1	0
HiC_scaffold9	54050001	54060000	4	2	0
HiC_scaffold9	54110001	54120000	1	1	0
HiC_scaffold9	55040001	55050000	1	1	0
HiC_scaffold9	55700001	55710000	1	1	0
HiC_scaffold9	58140001	58150000	1	2	0
HiC_scaffold9	59700001	59710000	2	1	0
HiC_scaffold9	60400001	60410000	1	1	0
HiC_scaffold10	560001	570000	1	1	0
HiC_scaffold10	650001	660000	1	1	0
HiC_scaffold10	1030001	1040000	9	1	0
HiC_scaffold10	1110001	1120000	4	2	0
HiC_scaffold10	1640001	1650000	1	1	0
HiC_scaffold10	1710001	1720000	1	1	0
HiC_scaffold10	1890001	1900000	1	1	0
HiC_scaffold10	2810001	2820000	1	1	0
HiC_scaffold10	3680001	3690000	2	1	0
HiC_scaffold10	3750001	3760000	1	1	1
HiC_scaffold10	3790001	3800000	2	1	0
HiC_scaffold10	3980001	3990000	1	1	0
HiC_scaffold10	4170001	4180000	1	1	0
HiC_scaffold10	4180001	4190000	2	1	0
HiC_scaffold10	4870001	4880000	3	2	0
HiC_scaffold10	6220001	6230000	1	1	0
HiC_scaffold10	6620001	6630000	3	2	0
HiC_scaffold10	6630001	6640000	2	1	0
HiC_scaffold10	7260001	7270000	1	1	0
HiC_scaffold10	7380001	7390000	1	2	0
HiC_scaffold10	8160001	8170000	1	1	0
HiC_scaffold10	8600001	8610000	1	1	0
HiC_scaffold10	9890001	9900000	1	1	0
HiC_scaffold10	10920001	10930000	2	1	0
HiC_scaffold10	11510001	11520000	2	1	0
HiC_scaffold10	12090001	12100000	3	1	0
HiC_scaffold10	13980001	13990000	1	1	0
HiC_scaffold10	14090001	14100000	1	1	0
HiC_scaffold10	15000001	15010000	1	2	0
HiC_scaffold10	17300001	17310000	5	1	0
HiC_scaffold10	17340001	17350000	9	1	0
HiC_scaffold10	17350001	17360000	3	1	0
HiC_scaffold10	17380001	17390000	1	1	0
HiC_scaffold10	17630001	17640000	2	1	0
HiC_scaffold10	17660001	17670000	5	2	0
HiC_scaffold10	17670001	17680000	1	1	0
HiC_scaffold10	17710001	17720000	2	1	0
HiC_scaffold10	17770001	17780000	8	1	0
HiC_scaffold10	17800001	17810000	2	2	0
HiC_scaffold10	17830001	17840000	4	1	0
HiC_scaffold10	17890001	17900000	4	1	0
HiC_scaffold10	17950001	17960000	3	1	0
HiC_scaffold10	17980001	17990000	1	1	0
HiC_scaffold10	17990001	18000000	2	1	0
HiC_scaffold10	18060001	18070000	5	2	0
HiC_scaffold10	18210001	18220000	2	1	0
HiC_scaffold10	18610001	18620000	2	1	0
HiC_scaffold10	18920001	18930000	4	1	0
HiC_scaffold10	18930001	18940000	1	2	0
HiC_scaffold10	19060001	19070000	2	1	0
HiC_scaffold10	19650001	19660000	1	1	0
HiC_scaffold10	19890001	19900000	8	1	1
HiC_scaffold10	20200001	20210000	6	1	0
HiC_scaffold10	20580001	20590000	6	1	0
HiC_scaffold10	20650001	20660000	3	2	0
HiC_scaffold10	20660001	20670000	5	1	0
HiC_scaffold10	20690001	20700000	2	1	0
HiC_scaffold10	20710001	20720000	5	1	0
HiC_scaffold10	20860001	20870000	1	1	0
HiC_scaffold10	20910001	20920000	5	1	0
HiC_scaffold10	20920001	20930000	3	1	0
HiC_scaffold10	20990001	21000000	4	1	0
HiC_scaffold10	21450001	21460000	2	3	0
HiC_scaffold10	22080001	22090000	1	3	0
HiC_scaffold10	23840001	23850000	1	1	0
HiC_scaffold10	25130001	25140000	6	1	0
HiC_scaffold10	25140001	25150000	1	1	0
HiC_scaffold10	25870001	25880000	1	1	0
HiC_scaffold10	27020001	27030000	2	1	0
HiC_scaffold10	27390001	27400000	4	1	1
HiC_scaffold10	28810001	28820000	7	1	0
HiC_scaffold10	29200001	29210000	1	1	0
HiC_scaffold10	29470001	29480000	1	1	0
HiC_scaffold10	30740001	30750000	1	2	0
HiC_scaffold10	32900001	32910000	1	1	0
HiC_scaffold10	33380001	33390000	1	2	0
HiC_scaffold10	33760001	33770000	1	1	0
HiC_scaffold10	34040001	34050000	1	1	0
HiC_scaffold10	34570001	34580000	1	1	0
HiC_scaffold10	34730001	34740000	3	2	0
HiC_scaffold10	34880001	34890000	4	1	0
HiC_scaffold10	35220001	35230000	1	1	0
HiC_scaffold10	36140001	36150000	2	1	0
HiC_scaffold10	36740001	36750000	5	1	0
HiC_scaffold10	37050001	37060000	2	1	0
HiC_scaffold10	37310001	37320000	1	1	0
HiC_scaffold10	37520001	37530000	1	1	0
HiC_scaffold10	37810001	37820000	2	1	0
HiC_scaffold10	37870001	37880000	1	1	0
HiC_scaffold10	37970001	37980000	3	1	0
HiC_scaffold10	38520001	38530000	1	1	0
HiC_scaffold10	39000001	39010000	1	1	0
HiC_scaffold10	39520001	39530000	2	1	0
HiC_scaffold10	40220001	40230000	1	1	0
HiC_scaffold10	40780001	40790000	1	1	0
HiC_scaffold10	41950001	41960000	1	1	0
HiC_scaffold10	44300001	44310000	1	1	0
HiC_scaffold10	44690001	44700000	1	1	0
HiC_scaffold10	44860001	44870000	2	1	0
HiC_scaffold10	45690001	45700000	1	1	0
HiC_scaffold10	46610001	46620000	5	2	0
HiC_scaffold10	48260001	48270000	2	2	0
HiC_scaffold10	50010001	50020000	1	1	0
HiC_scaffold10	50490001	50500000	1	1	0
HiC_scaffold10	50630001	50640000	1	1	0
HiC_scaffold10	51660001	51670000	1	1	0
HiC_scaffold10	52420001	52430000	1	1	0
HiC_scaffold10	52930001	52940000	1	2	0
HiC_scaffold10	53120001	53130000	2	1	0
HiC_scaffold10	53450001	53460000	1	2	0
HiC_scaffold10	53580001	53590000	2	1	0
HiC_scaffold10	53610001	53620000	4	1	0
HiC_scaffold10	54780001	54790000	3	1	0
HiC_scaffold11	220001	230000	2	1	0
HiC_scaffold11	560001	570000	3	2	0
HiC_scaffold11	590001	600000	2	1	0
HiC_scaffold11	650001	660000	1	1	0
HiC_scaffold11	1010001	1020000	1	1	0
HiC_scaffold11	1150001	1160000	1	1	0
HiC_scaffold11	1160001	1170000	1	1	0
HiC_scaffold11	1340001	1350000	1	1	0
HiC_scaffold11	1380001	1390000	5	1	0
HiC_scaffold11	1450001	1460000	2	1	0
HiC_scaffold11	1460001	1470000	1	1	0
HiC_scaffold11	2180001	2190000	1	1	0
HiC_scaffold11	2310001	2320000	2	1	0
HiC_scaffold11	3140001	3150000	1	1	0
HiC_scaffold11	3180001	3190000	1	1	0
HiC_scaffold11	3440001	3450000	1	1	0
HiC_scaffold11	3460001	3470000	2	1	0
HiC_scaffold11	3770001	3780000	2	1	0
HiC_scaffold11	3890001	3900000	1	1	0
HiC_scaffold11	4190001	4200000	2	1	0
HiC_scaffold11	4390001	4400000	1	1	0
HiC_scaffold11	4450001	4460000	2	1	0
HiC_scaffold11	4530001	4540000	1	1	0
HiC_scaffold11	4660001	4670000	1	1	0
HiC_scaffold11	4910001	4920000	1	2	0
HiC_scaffold11	5100001	5110000	1	1	0
HiC_scaffold11	5710001	5720000	3	1	0
HiC_scaffold11	5790001	5800000	6	1	0
HiC_scaffold11	5850001	5860000	1	2	0
HiC_scaffold11	5860001	5870000	2	1	0
HiC_scaffold11	5880001	5890000	2	1	0
HiC_scaffold11	6130001	6140000	2	2	0
HiC_scaffold11	6160001	6170000	5	2	0
HiC_scaffold11	6340001	6350000	2	1	0
HiC_scaffold11	6490001	6500000	1	1	0
HiC_scaffold11	6610001	6620000	3	2	0
HiC_scaffold11	7090001	7100000	1	1	0
HiC_scaffold11	7320001	7330000	2	1	0
HiC_scaffold11	7340001	7350000	2	1	0
HiC_scaffold11	7630001	7640000	2	1	0
HiC_scaffold11	7800001	7810000	1	1	0
HiC_scaffold11	8020001	8030000	1	1	0
HiC_scaffold11	8210001	8220000	3	1	0
HiC_scaffold11	8280001	8290000	1	1	0
HiC_scaffold11	8490001	8500000	2	1	0
HiC_scaffold11	8540001	8550000	2	1	0
HiC_scaffold11	8830001	8840000	1	1	0
HiC_scaffold11	8870001	8880000	4	2	0
HiC_scaffold11	9110001	9120000	3	1	0
HiC_scaffold11	9300001	9310000	1	2	0
HiC_scaffold11	9310001	9320000	1	1	0
HiC_scaffold11	9660001	9670000	1	1	0
HiC_scaffold11	9780001	9790000	1	2	0
HiC_scaffold11	9810001	9820000	3	1	0
HiC_scaffold11	9820001	9830000	2	2	0
HiC_scaffold11	9900001	9910000	1	1	0
HiC_scaffold11	10040001	10050000	1	1	0
HiC_scaffold11	10160001	10170000	1	1	0
HiC_scaffold11	10450001	10460000	2	1	0
HiC_scaffold11	10670001	10680000	1	1	0
HiC_scaffold11	10790001	10800000	1	1	0
HiC_scaffold11	10820001	10830000	4	1	0
HiC_scaffold11	11020001	11030000	3	1	0
HiC_scaffold11	11070001	11080000	2	1	0
HiC_scaffold11	11090001	11100000	1	2	0
HiC_scaffold11	11170001	11180000	1	1	0
HiC_scaffold11	11450001	11460000	1	1	0
HiC_scaffold11	11480001	11490000	5	1	0
HiC_scaffold11	11590001	11600000	1	2	0
HiC_scaffold11	11640001	11650000	2	1	0
HiC_scaffold11	11680001	11690000	2	1	0
HiC_scaffold11	12050001	12060000	3	2	0
HiC_scaffold11	12060001	12070000	1	1	0
HiC_scaffold11	12500001	12510000	1	1	0
HiC_scaffold11	12960001	12970000	2	1	0
HiC_scaffold11	13090001	13100000	1	1	0
HiC_scaffold11	14390001	14400000	1	1	0
HiC_scaffold11	14710001	14720000	1	1	0
HiC_scaffold11	14740001	14750000	2	1	0
HiC_scaffold11	14760001	14770000	3	1	0
HiC_scaffold11	14860001	14870000	4	1	0
HiC_scaffold11	15360001	15370000	1	2	0
HiC_scaffold11	15590001	15600000	1	2	0
HiC_scaffold11	16200001	16210000	1	2	0
HiC_scaffold11	16220001	16230000	1	1	0
HiC_scaffold11	16450001	16460000	2	1	0
HiC_scaffold11	16480001	16490000	2	1	0
HiC_scaffold11	16600001	16610000	5	1	0
HiC_scaffold11	16630001	16640000	2	1	0
HiC_scaffold11	16760001	16770000	4	1	0
HiC_scaffold11	16840001	16850000	1	1	0
HiC_scaffold11	16860001	16870000	5	1	0
HiC_scaffold11	16920001	16930000	1	1	0
HiC_scaffold11	16970001	16980000	2	2	0
HiC_scaffold11	17020001	17030000	4	1	0
HiC_scaffold11	17030001	17040000	1	1	0
HiC_scaffold11	17070001	17080000	1	1	0
HiC_scaffold11	17080001	17090000	3	1	0
HiC_scaffold11	17270001	17280000	1	1	0
HiC_scaffold11	17410001	17420000	3	2	0
HiC_scaffold11	17590001	17600000	2	2	0
HiC_scaffold11	17760001	17770000	2	1	0
HiC_scaffold11	18010001	18020000	1	1	0
HiC_scaffold11	18540001	18550000	1	1	0
HiC_scaffold11	18730001	18740000	1	1	0
HiC_scaffold11	18740001	18750000	1	1	0
HiC_scaffold11	18780001	18790000	2	1	0
HiC_scaffold11	18800001	18810000	2	1	0
HiC_scaffold11	18860001	18870000	5	1	0
HiC_scaffold11	18880001	18890000	2	1	0
HiC_scaffold11	18900001	18910000	2	1	0
HiC_scaffold11	18920001	18930000	2	1	0
HiC_scaffold11	18970001	18980000	5	1	0
HiC_scaffold11	18980001	18990000	2	1	0
HiC_scaffold11	19010001	19020000	2	1	0
HiC_scaffold11	19020001	19030000	2	1	0
HiC_scaffold11	19070001	19080000	2	2	0
HiC_scaffold11	19120001	19130000	4	1	0
HiC_scaffold11	19160001	19170000	3	2	0
HiC_scaffold11	19170001	19180000	4	1	0
HiC_scaffold11	19180001	19190000	2	1	0
HiC_scaffold11	19320001	19330000	3	1	0
HiC_scaffold11	19430001	19440000	9	1	0
HiC_scaffold11	19540001	19550000	1	1	0
HiC_scaffold11	19730001	19740000	1	2	0
HiC_scaffold11	20090001	20100000	3	2	0
HiC_scaffold11	20230001	20240000	1	1	0
HiC_scaffold11	20250001	20260000	4	1	1
HiC_scaffold11	20460001	20470000	3	1	0
HiC_scaffold11	20480001	20490000	4	1	0
HiC_scaffold11	20550001	20560000	3	1	0
HiC_scaffold11	20560001	20570000	6	1	0
HiC_scaffold11	20610001	20620000	4	1	0
HiC_scaffold11	20680001	20690000	1	1	0
HiC_scaffold11	20700001	20710000	3	1	0
HiC_scaffold11	20930001	20940000	7	1	0
HiC_scaffold11	20990001	21000000	2	1	0
HiC_scaffold11	21030001	21040000	5	1	0
HiC_scaffold11	21080001	21090000	3	1	0
HiC_scaffold11	21090001	21100000	1	1	0
HiC_scaffold11	21100001	21110000	2	2	0
HiC_scaffold11	21130001	21140000	3	1	0
HiC_scaffold11	21280001	21290000	1	2	0
HiC_scaffold11	21310001	21320000	5	1	0
HiC_scaffold11	21660001	21670000	3	1	0
HiC_scaffold11	21690001	21700000	2	1	0
HiC_scaffold11	21820001	21830000	3	1	0
HiC_scaffold11	21990001	22000000	1	1	0
HiC_scaffold11	22010001	22020000	3	1	0
HiC_scaffold11	22180001	22190000	5	1	0
HiC_scaffold11	22240001	22250000	2	1	0
HiC_scaffold11	22770001	22780000	3	1	0
HiC_scaffold11	22810001	22820000	3	1	0
HiC_scaffold11	22850001	22860000	1	1	0
HiC_scaffold11	22920001	22930000	1	1	0
HiC_scaffold11	22960001	22970000	2	1	0
HiC_scaffold11	22980001	22990000	2	1	0
HiC_scaffold11	23070001	23080000	1	1	0
HiC_scaffold11	23130001	23140000	6	2	0
HiC_scaffold11	23140001	23150000	3	1	0
HiC_scaffold11	23160001	23170000	1	1	0
HiC_scaffold11	23190001	23200000	1	1	0
HiC_scaffold11	23600001	23610000	2	1	0
HiC_scaffold11	23610001	23620000	7	1	0
HiC_scaffold11	23670001	23680000	8	2	0
HiC_scaffold11	23820001	23830000	2	1	0
HiC_scaffold11	23880001	23890000	3	1	0
HiC_scaffold11	23960001	23970000	5	2	0
HiC_scaffold11	24160001	24170000	7	1	0
HiC_scaffold11	24390001	24400000	8	1	0
HiC_scaffold11	24430001	24440000	5	1	0
HiC_scaffold11	24510001	24520000	2	1	0
HiC_scaffold11	24630001	24640000	4	2	0
HiC_scaffold11	24980001	24990000	3	1	0
HiC_scaffold11	25100001	25110000	2	1	0
HiC_scaffold11	25180001	25190000	5	1	0
HiC_scaffold11	25240001	25250000	3	1	0
HiC_scaffold11	25380001	25390000	1	1	0
HiC_scaffold11	25410001	25420000	1	1	0
HiC_scaffold11	25570001	25580000	1	1	0
HiC_scaffold11	26040001	26050000	1	2	0
HiC_scaffold11	26500001	26510000	1	1	0
HiC_scaffold11	27160001	27170000	3	1	0
HiC_scaffold11	27560001	27570000	5	1	0
HiC_scaffold11	27880001	27890000	7	1	0
HiC_scaffold11	27910001	27920000	3	1	0
HiC_scaffold11	27960001	27970000	3	1	0
HiC_scaffold11	28030001	28040000	1	1	0
HiC_scaffold11	28120001	28130000	1	1	0
HiC_scaffold11	28140001	28150000	1	2	0
HiC_scaffold11	28360001	28370000	5	1	0
HiC_scaffold11	28600001	28610000	1	1	0
HiC_scaffold11	28630001	28640000	5	1	0
HiC_scaffold11	28910001	28920000	1	1	0
HiC_scaffold11	28980001	28990000	2	1	0
HiC_scaffold11	29330001	29340000	3	1	0
HiC_scaffold11	29410001	29420000	6	1	0
HiC_scaffold11	29680001	29690000	1	1	0
HiC_scaffold11	29830001	29840000	3	1	0
HiC_scaffold11	29870001	29880000	3	1	0
HiC_scaffold11	29950001	29960000	2	1	0
HiC_scaffold11	30100001	30110000	1	1	0
HiC_scaffold11	30160001	30170000	1	1	0
HiC_scaffold11	30280001	30290000	4	1	0
HiC_scaffold11	30760001	30770000	1	1	0
HiC_scaffold11	31510001	31520000	1	1	0
HiC_scaffold11	31710001	31720000	7	1	0
HiC_scaffold11	31760001	31770000	3	1	0
HiC_scaffold11	31800001	31810000	2	1	0
HiC_scaffold11	32330001	32340000	5	1	0
HiC_scaffold11	32340001	32350000	6	1	0
HiC_scaffold11	32530001	32540000	2	1	0
HiC_scaffold11	32730001	32740000	3	1	0
HiC_scaffold11	32790001	32800000	11	1	0
HiC_scaffold11	33340001	33350000	1	1	0
HiC_scaffold11	33400001	33410000	1	1	0
HiC_scaffold11	35060001	35070000	1	1	0
HiC_scaffold11	35340001	35350000	6	1	0
HiC_scaffold11	37210001	37220000	1	1	0
HiC_scaffold11	37360001	37370000	3	1	0
HiC_scaffold11	37370001	37380000	1	1	0
HiC_scaffold11	39210001	39220000	1	1	0
HiC_scaffold11	39230001	39240000	1	1	0
HiC_scaffold11	39290001	39300000	1	1	0
HiC_scaffold11	40960001	40970000	2	1	0
HiC_scaffold11	41390001	41400000	3	1	0
HiC_scaffold11	41470001	41480000	1	1	0
HiC_scaffold11	41750001	41760000	2	1	0
HiC_scaffold11	41880001	41890000	2	1	0
HiC_scaffold11	42060001	42070000	3	1	0
HiC_scaffold11	42180001	42190000	1	1	0
HiC_scaffold11	42530001	42540000	1	1	0
HiC_scaffold11	43680001	43690000	2	1	0
HiC_scaffold11	43940001	43950000	3	1	0
HiC_scaffold11	43950001	43960000	1	1	0
HiC_scaffold11	44530001	44540000	1	1	0
HiC_scaffold11	44920001	44930000	1	1	0
HiC_scaffold11	45380001	45390000	1	1	0
HiC_scaffold11	45430001	45440000	4	1	1
HiC_scaffold11	45470001	45480000	3	1	0
HiC_scaffold11	45490001	45500000	2	1	0
HiC_scaffold11	45520001	45530000	2	1	0
HiC_scaffold11	45680001	45690000	3	1	0
HiC_scaffold11	45930001	45940000	1	1	0
HiC_scaffold11	45960001	45970000	1	1	0
HiC_scaffold11	46180001	46190000	3	2	0
HiC_scaffold11	46610001	46620000	1	1	0
HiC_scaffold11	46970001	46980000	2	1	0
HiC_scaffold11	47000001	47010000	3	1	0
HiC_scaffold11	47300001	47310000	1	1	0
HiC_scaffold11	47470001	47480000	1	1	0
HiC_scaffold11	47920001	47930000	1	1	0
HiC_scaffold11	48190001	48200000	1	1	0
HiC_scaffold11	49410001	49420000	1	3	0
HiC_scaffold11	49420001	49430000	1	3	0
HiC_scaffold11	49660001	49670000	1	1	0
HiC_scaffold11	50120001	50130000	1	1	0
HiC_scaffold11	50370001	50380000	2	1	0
HiC_scaffold11	50710001	50720000	1	1	0
HiC_scaffold11	51600001	51610000	1	1	0
HiC_scaffold11	51610001	51620000	1	1	0
HiC_scaffold11	51640001	51650000	8	1	0
HiC_scaffold11	51730001	51740000	1	1	0
HiC_scaffold11	51970001	51980000	8	1	0
HiC_scaffold11	51980001	51990000	12	1	0
HiC_scaffold11	52080001	52090000	1	1	0
HiC_scaffold11	52220001	52230000	3	1	0
HiC_scaffold11	52250001	52260000	1	1	0
HiC_scaffold11	52640001	52650000	2	2	0
HiC_scaffold11	52660001	52670000	2	1	0
HiC_scaffold11	52740001	52750000	2	1	0
HiC_scaffold11	52910001	52920000	2	1	0
HiC_scaffold11	53170001	53180000	1	1	0
HiC_scaffold11	53430001	53440000	1	2	0
HiC_scaffold11	53760001	53770000	1	1	0
HiC_scaffold11	53780001	53790000	3	1	0
HiC_scaffold11	53860001	53870000	2	1	0
HiC_scaffold11	53890001	53900000	2	1	0
HiC_scaffold11	53900001	53910000	1	1	0
HiC_scaffold11	53920001	53930000	1	1	0
HiC_scaffold11	53930001	53940000	8	1	0
