sample	col	code	sp1	group	sp2	Longitude	Latitude	PC1	PC2	bio1	bio2	bio3	bio4	bio5	bio6	bio7	bio8	bio9	bio10	bio11	bio12	bio13	bio14	bio15	bio16	bio17	bio18	bio19	wc2.1_2.5m_srad_01	wc2.1_2.5m_srad_02	wc2.1_2.5m_srad_03	wc2.1_2.5m_srad_04	wc2.1_2.5m_srad_05	wc2.1_2.5m_srad_06	wc2.1_2.5m_srad_07	wc2.1_2.5m_srad_08	wc2.1_2.5m_srad_09	wc2.1_2.5m_srad_10	wc2.1_2.5m_srad_11	wc2.1_2.5m_srad_12	wc2.1_2.5m_wind_01	wc2.1_2.5m_wind_02	wc2.1_2.5m_wind_03	wc2.1_2.5m_wind_04	wc2.1_2.5m_wind_05	wc2.1_2.5m_wind_06	wc2.1_2.5m_wind_07	wc2.1_2.5m_wind_08	wc2.1_2.5m_wind_09	wc2.1_2.5m_wind_10	wc2.1_2.5m_wind_11	wc2.1_2.5m_wind_12	wc2.1_2.5m_vapr_01	wc2.1_2.5m_vapr_02	wc2.1_2.5m_vapr_03	wc2.1_2.5m_vapr_04	wc2.1_2.5m_vapr_05	wc2.1_2.5m_vapr_06	wc2.1_2.5m_vapr_07	wc2.1_2.5m_vapr_08	wc2.1_2.5m_vapr_09	wc2.1_2.5m_vapr_10	wc2.1_2.5m_vapr_11	wc2.1_2.5m_vapr_12	PC3
2014-128-1A	orange	ML50	C. polyantha	CPO	C. polyantha var. polyantha	100.852	28.234	0.0428225	-0.0181151	-0.2512338418578339	1.4797364440420784	1.1947984082440193	-0.6959384127561119	-0.7046422514606487	-0.3325707650951225	-0.24556420615351496	-0.6373299359956008	0.21394798797046696	-0.7010852470761587	0.2320205690719567	-0.44863456871736135	0.0018048722734467948	-0.7849956298004646	0.8212530346987121	0.03229420069885274	-0.783728813031681	0.11128168485240582	-0.7967008648916296	0.669573385012411	0.5881199958246185	0.4211810243582856	0.20494353478736393	-0.2773570144907237	-0.5968573461491116	-0.8318280047842549	-0.8745049701431479	-0.5259350222783384	0.11764316713785627	0.7529131239184664	0.7290942848452928	0.09090442360318098	0.8953353252303652	1.048608078086663	0.642089328710932	0.5876082542094648	0.3628335948955246	-0.24053908979369623	0.18775192564374668	-0.05424689939036577	0.07406743476741774	-0.17545229134968207	-0.12203542502233389	-0.8395139709926851	-0.8947734100914999	-1.0608142745725235	-1.1449696403256033	-1.0826918945109019	-1.0021824676302908	-0.819661509340862	-0.8906472525234553	-0.8342810624453022	-0.7351626707167501	-0.8524682708363898	-0.7814122366453555	-0.0178908
2014-128-2A	orange	ML50	C. polyantha	CPO	C. polyantha var. polyantha	100.852	28.234	0.040914	-0.016122	-0.2512338418578339	1.4797364440420784	1.1947984082440193	-0.6959384127561119	-0.7046422514606487	-0.3325707650951225	-0.24556420615351496	-0.6373299359956008	0.21394798797046696	-0.7010852470761587	0.2320205690719567	-0.44863456871736135	0.0018048722734467948	-0.7849956298004646	0.8212530346987121	0.03229420069885274	-0.783728813031681	0.11128168485240582	-0.7967008648916296	0.669573385012411	0.5881199958246185	0.4211810243582856	0.20494353478736393	-0.2773570144907237	-0.5968573461491116	-0.8318280047842549	-0.8745049701431479	-0.5259350222783384	0.11764316713785627	0.7529131239184664	0.7290942848452928	0.09090442360318098	0.8953353252303652	1.048608078086663	0.642089328710932	0.5876082542094648	0.3628335948955246	-0.24053908979369623	0.18775192564374668	-0.05424689939036577	0.07406743476741774	-0.17545229134968207	-0.12203542502233389	-0.8395139709926851	-0.8947734100914999	-1.0608142745725235	-1.1449696403256033	-1.0826918945109019	-1.0021824676302908	-0.819661509340862	-0.8906472525234553	-0.8342810624453022	-0.7351626707167501	-0.8524682708363898	-0.7814122366453555	-0.0162818
2014-128-3A	orange	ML50	C. polyantha	CPO	C. polyantha var. polyantha	100.852	28.234	0.042016	-0.0168058	-0.2512338418578339	1.4797364440420784	1.1947984082440193	-0.6959384127561119	-0.7046422514606487	-0.3325707650951225	-0.24556420615351496	-0.6373299359956008	0.21394798797046696	-0.7010852470761587	0.2320205690719567	-0.44863456871736135	0.0018048722734467948	-0.7849956298004646	0.8212530346987121	0.03229420069885274	-0.783728813031681	0.11128168485240582	-0.7967008648916296	0.669573385012411	0.5881199958246185	0.4211810243582856	0.20494353478736393	-0.2773570144907237	-0.5968573461491116	-0.8318280047842549	-0.8745049701431479	-0.5259350222783384	0.11764316713785627	0.7529131239184664	0.7290942848452928	0.09090442360318098	0.8953353252303652	1.048608078086663	0.642089328710932	0.5876082542094648	0.3628335948955246	-0.24053908979369623	0.18775192564374668	-0.05424689939036577	0.07406743476741774	-0.17545229134968207	-0.12203542502233389	-0.8395139709926851	-0.8947734100914999	-1.0608142745725235	-1.1449696403256033	-1.0826918945109019	-1.0021824676302908	-0.819661509340862	-0.8906472525234553	-0.8342810624453022	-0.7351626707167501	-0.8524682708363898	-0.7814122366453555	-0.0165594
2014-128-4A	orange	ML50	C. polyantha	CPO	C. polyantha var. polyantha	100.852	28.234	0.039506	-0.0144033	-0.2512338418578339	1.4797364440420784	1.1947984082440193	-0.6959384127561119	-0.7046422514606487	-0.3325707650951225	-0.24556420615351496	-0.6373299359956008	0.21394798797046696	-0.7010852470761587	0.2320205690719567	-0.44863456871736135	0.0018048722734467948	-0.7849956298004646	0.8212530346987121	0.03229420069885274	-0.783728813031681	0.11128168485240582	-0.7967008648916296	0.669573385012411	0.5881199958246185	0.4211810243582856	0.20494353478736393	-0.2773570144907237	-0.5968573461491116	-0.8318280047842549	-0.8745049701431479	-0.5259350222783384	0.11764316713785627	0.7529131239184664	0.7290942848452928	0.09090442360318098	0.8953353252303652	1.048608078086663	0.642089328710932	0.5876082542094648	0.3628335948955246	-0.24053908979369623	0.18775192564374668	-0.05424689939036577	0.07406743476741774	-0.17545229134968207	-0.12203542502233389	-0.8395139709926851	-0.8947734100914999	-1.0608142745725235	-1.1449696403256033	-1.0826918945109019	-1.0021824676302908	-0.819661509340862	-0.8906472525234553	-0.8342810624453022	-0.7351626707167501	-0.8524682708363898	-0.7814122366453555	-0.0136842
2014-128-5A	orange	ML50	C. polyantha	CPO	C. polyantha var. polyantha	100.852	28.234	0.0414019	-0.016403	-0.2512338418578339	1.4797364440420784	1.1947984082440193	-0.6959384127561119	-0.7046422514606487	-0.3325707650951225	-0.24556420615351496	-0.6373299359956008	0.21394798797046696	-0.7010852470761587	0.2320205690719567	-0.44863456871736135	0.0018048722734467948	-0.7849956298004646	0.8212530346987121	0.03229420069885274	-0.783728813031681	0.11128168485240582	-0.7967008648916296	0.669573385012411	0.5881199958246185	0.4211810243582856	0.20494353478736393	-0.2773570144907237	-0.5968573461491116	-0.8318280047842549	-0.8745049701431479	-0.5259350222783384	0.11764316713785627	0.7529131239184664	0.7290942848452928	0.09090442360318098	0.8953353252303652	1.048608078086663	0.642089328710932	0.5876082542094648	0.3628335948955246	-0.24053908979369623	0.18775192564374668	-0.05424689939036577	0.07406743476741774	-0.17545229134968207	-0.12203542502233389	-0.8395139709926851	-0.8947734100914999	-1.0608142745725235	-1.1449696403256033	-1.0826918945109019	-1.0021824676302908	-0.819661509340862	-0.8906472525234553	-0.8342810624453022	-0.7351626707167501	-0.8524682708363898	-0.7814122366453555	-0.0162297
2014-128-6A	orange	ML50	C. polyantha	CPO	C. polyantha var. polyantha	100.852	28.234	0.0418727	-0.0166809	-0.2512338418578339	1.4797364440420784	1.1947984082440193	-0.6959384127561119	-0.7046422514606487	-0.3325707650951225	-0.24556420615351496	-0.6373299359956008	0.21394798797046696	-0.7010852470761587	0.2320205690719567	-0.44863456871736135	0.0018048722734467948	-0.7849956298004646	0.8212530346987121	0.03229420069885274	-0.783728813031681	0.11128168485240582	-0.7967008648916296	0.669573385012411	0.5881199958246185	0.4211810243582856	0.20494353478736393	-0.2773570144907237	-0.5968573461491116	-0.8318280047842549	-0.8745049701431479	-0.5259350222783384	0.11764316713785627	0.7529131239184664	0.7290942848452928	0.09090442360318098	0.8953353252303652	1.048608078086663	0.642089328710932	0.5876082542094648	0.3628335948955246	-0.24053908979369623	0.18775192564374668	-0.05424689939036577	0.07406743476741774	-0.17545229134968207	-0.12203542502233389	-0.8395139709926851	-0.8947734100914999	-1.0608142745725235	-1.1449696403256033	-1.0826918945109019	-1.0021824676302908	-0.819661509340862	-0.8906472525234553	-0.8342810624453022	-0.7351626707167501	-0.8524682708363898	-0.7814122366453555	-0.0164613
2014-128-8A	orange	ML50	C. polyantha	CPO	C. polyantha var. polyantha	100.852	28.234	0.0432495	-0.0170866	-0.2512338418578339	1.4797364440420784	1.1947984082440193	-0.6959384127561119	-0.7046422514606487	-0.3325707650951225	-0.24556420615351496	-0.6373299359956008	0.21394798797046696	-0.7010852470761587	0.2320205690719567	-0.44863456871736135	0.0018048722734467948	-0.7849956298004646	0.8212530346987121	0.03229420069885274	-0.783728813031681	0.11128168485240582	-0.7967008648916296	0.669573385012411	0.5881199958246185	0.4211810243582856	0.20494353478736393	-0.2773570144907237	-0.5968573461491116	-0.8318280047842549	-0.8745049701431479	-0.5259350222783384	0.11764316713785627	0.7529131239184664	0.7290942848452928	0.09090442360318098	0.8953353252303652	1.048608078086663	0.642089328710932	0.5876082542094648	0.3628335948955246	-0.24053908979369623	0.18775192564374668	-0.05424689939036577	0.07406743476741774	-0.17545229134968207	-0.12203542502233389	-0.8395139709926851	-0.8947734100914999	-1.0608142745725235	-1.1449696403256033	-1.0826918945109019	-1.0021824676302908	-0.819661509340862	-0.8906472525234553	-0.8342810624453022	-0.7351626707167501	-0.8524682708363898	-0.7814122366453555	-0.0179807
2014-132-2A	orange	ML5	C. polyantha	N	C. polyantha var. polyantha	100.869	28.173	0.0404245	-0.0140345	-0.5408658691524546	1.4797364440420784	1.1947984082440193	-0.698773297417761	-0.9377569812671791	-0.5606851236014767	-0.22336251080264924	-0.8907261756083096	-0.0024591722755226792	-0.9377687575980335	0.019335047422663044	-0.43132559665850756	0.12092644232093187	-0.7849956298004646	0.7579321231448395	0.1025607033183347	-0.783728813031681	0.1780506957638493	-0.7967008648916296	0.6133125981661639	0.5314453811255123	0.4026803936880166	0.19344045094387108	-0.2992637644771359	-0.6414263829839648	-0.8735620314107603	-0.9137205168870663	-0.560854664344649	0.06167024436283928	0.6952055506045067	0.7074399205077738	1.0399491027902845	1.1159598694259523	1.1066822472529525	0.4990418066282359	0.4336289820294851	0.7896360770872042	0.28943204028774444	0.4672622972703277	0.555729440762336	0.7706704349843496	0.09499016560270654	0.42256402100507967	-0.9267400441039577	-0.9929367408814225	-1.1673929645667451	-1.2406979969117213	-1.1960414031535298	-1.1265585252517243	-0.948942359948089	-1.022084995979801	-0.9882588574107148	-0.8869375863403377	-0.9729020567204753	-0.8826173460234302	-0.0106947
2014-132-3A	orange	ML5	C. polyantha	N	C. polyantha var. polyantha	100.869	28.173	0.0408989	-0.015692	-0.5408658691524546	1.4797364440420784	1.1947984082440193	-0.698773297417761	-0.9377569812671791	-0.5606851236014767	-0.22336251080264924	-0.8907261756083096	-0.0024591722755226792	-0.9377687575980335	0.019335047422663044	-0.43132559665850756	0.12092644232093187	-0.7849956298004646	0.7579321231448395	0.1025607033183347	-0.783728813031681	0.1780506957638493	-0.7967008648916296	0.6133125981661639	0.5314453811255123	0.4026803936880166	0.19344045094387108	-0.2992637644771359	-0.6414263829839648	-0.8735620314107603	-0.9137205168870663	-0.560854664344649	0.06167024436283928	0.6952055506045067	0.7074399205077738	1.0399491027902845	1.1159598694259523	1.1066822472529525	0.4990418066282359	0.4336289820294851	0.7896360770872042	0.28943204028774444	0.4672622972703277	0.555729440762336	0.7706704349843496	0.09499016560270654	0.42256402100507967	-0.9267400441039577	-0.9929367408814225	-1.1673929645667451	-1.2406979969117213	-1.1960414031535298	-1.1265585252517243	-0.948942359948089	-1.022084995979801	-0.9882588574107148	-0.8869375863403377	-0.9729020567204753	-0.8826173460234302	-0.0163893
2014-132-4A	orange	ML5	C. polyantha	N	C. polyantha var. polyantha	100.869	28.173	0.0424565	-0.0167104	-0.5408658691524546	1.4797364440420784	1.1947984082440193	-0.698773297417761	-0.9377569812671791	-0.5606851236014767	-0.22336251080264924	-0.8907261756083096	-0.0024591722755226792	-0.9377687575980335	0.019335047422663044	-0.43132559665850756	0.12092644232093187	-0.7849956298004646	0.7579321231448395	0.1025607033183347	-0.783728813031681	0.1780506957638493	-0.7967008648916296	0.6133125981661639	0.5314453811255123	0.4026803936880166	0.19344045094387108	-0.2992637644771359	-0.6414263829839648	-0.8735620314107603	-0.9137205168870663	-0.560854664344649	0.06167024436283928	0.6952055506045067	0.7074399205077738	1.0399491027902845	1.1159598694259523	1.1066822472529525	0.4990418066282359	0.4336289820294851	0.7896360770872042	0.28943204028774444	0.4672622972703277	0.555729440762336	0.7706704349843496	0.09499016560270654	0.42256402100507967	-0.9267400441039577	-0.9929367408814225	-1.1673929645667451	-1.2406979969117213	-1.1960414031535298	-1.1265585252517243	-0.948942359948089	-1.022084995979801	-0.9882588574107148	-0.8869375863403377	-0.9729020567204753	-0.8826173460234302	-0.0157888
2014-132-5A	orange	ML5	C. polyantha	N	C. polyantha var. polyantha	100.869	28.173	0.0407916	-0.0144824	-0.5408658691524546	1.4797364440420784	1.1947984082440193	-0.698773297417761	-0.9377569812671791	-0.5606851236014767	-0.22336251080264924	-0.8907261756083096	-0.0024591722755226792	-0.9377687575980335	0.019335047422663044	-0.43132559665850756	0.12092644232093187	-0.7849956298004646	0.7579321231448395	0.1025607033183347	-0.783728813031681	0.1780506957638493	-0.7967008648916296	0.6133125981661639	0.5314453811255123	0.4026803936880166	0.19344045094387108	-0.2992637644771359	-0.6414263829839648	-0.8735620314107603	-0.9137205168870663	-0.560854664344649	0.06167024436283928	0.6952055506045067	0.7074399205077738	1.0399491027902845	1.1159598694259523	1.1066822472529525	0.4990418066282359	0.4336289820294851	0.7896360770872042	0.28943204028774444	0.4672622972703277	0.555729440762336	0.7706704349843496	0.09499016560270654	0.42256402100507967	-0.9267400441039577	-0.9929367408814225	-1.1673929645667451	-1.2406979969117213	-1.1960414031535298	-1.1265585252517243	-0.948942359948089	-1.022084995979801	-0.9882588574107148	-0.8869375863403377	-0.9729020567204753	-0.8826173460234302	-0.0110876
2014-132-6A	orange	ML5	C. polyantha	N	C. polyantha var. polyantha	100.869	28.173	0.0404437	-0.0138841	-0.5408658691524546	1.4797364440420784	1.1947984082440193	-0.698773297417761	-0.9377569812671791	-0.5606851236014767	-0.22336251080264924	-0.8907261756083096	-0.0024591722755226792	-0.9377687575980335	0.019335047422663044	-0.43132559665850756	0.12092644232093187	-0.7849956298004646	0.7579321231448395	0.1025607033183347	-0.783728813031681	0.1780506957638493	-0.7967008648916296	0.6133125981661639	0.5314453811255123	0.4026803936880166	0.19344045094387108	-0.2992637644771359	-0.6414263829839648	-0.8735620314107603	-0.9137205168870663	-0.560854664344649	0.06167024436283928	0.6952055506045067	0.7074399205077738	1.0399491027902845	1.1159598694259523	1.1066822472529525	0.4990418066282359	0.4336289820294851	0.7896360770872042	0.28943204028774444	0.4672622972703277	0.555729440762336	0.7706704349843496	0.09499016560270654	0.42256402100507967	-0.9267400441039577	-0.9929367408814225	-1.1673929645667451	-1.2406979969117213	-1.1960414031535298	-1.1265585252517243	-0.948942359948089	-1.022084995979801	-0.9882588574107148	-0.8869375863403377	-0.9729020567204753	-0.8826173460234302	-0.0114181
2014-132-7A	orange	ML5	C. polyantha	N	C. polyantha var. polyantha	100.869	28.173	0.0420705	-0.014577	-0.5408658691524546	1.4797364440420784	1.1947984082440193	-0.698773297417761	-0.9377569812671791	-0.5606851236014767	-0.22336251080264924	-0.8907261756083096	-0.0024591722755226792	-0.9377687575980335	0.019335047422663044	-0.43132559665850756	0.12092644232093187	-0.7849956298004646	0.7579321231448395	0.1025607033183347	-0.783728813031681	0.1780506957638493	-0.7967008648916296	0.6133125981661639	0.5314453811255123	0.4026803936880166	0.19344045094387108	-0.2992637644771359	-0.6414263829839648	-0.8735620314107603	-0.9137205168870663	-0.560854664344649	0.06167024436283928	0.6952055506045067	0.7074399205077738	1.0399491027902845	1.1159598694259523	1.1066822472529525	0.4990418066282359	0.4336289820294851	0.7896360770872042	0.28943204028774444	0.4672622972703277	0.555729440762336	0.7706704349843496	0.09499016560270654	0.42256402100507967	-0.9267400441039577	-0.9929367408814225	-1.1673929645667451	-1.2406979969117213	-1.1960414031535298	-1.1265585252517243	-0.948942359948089	-1.022084995979801	-0.9882588574107148	-0.8869375863403377	-0.9729020567204753	-0.8826173460234302	-0.0114111
2014-132-8A	orange	ML5	C. polyantha	N	C. polyantha var. polyantha	100.869	28.173	0.0417169	-0.015904	-0.5408658691524546	1.4797364440420784	1.1947984082440193	-0.698773297417761	-0.9377569812671791	-0.5606851236014767	-0.22336251080264924	-0.8907261756083096	-0.0024591722755226792	-0.9377687575980335	0.019335047422663044	-0.43132559665850756	0.12092644232093187	-0.7849956298004646	0.7579321231448395	0.1025607033183347	-0.783728813031681	0.1780506957638493	-0.7967008648916296	0.6133125981661639	0.5314453811255123	0.4026803936880166	0.19344045094387108	-0.2992637644771359	-0.6414263829839648	-0.8735620314107603	-0.9137205168870663	-0.560854664344649	0.06167024436283928	0.6952055506045067	0.7074399205077738	1.0399491027902845	1.1159598694259523	1.1066822472529525	0.4990418066282359	0.4336289820294851	0.7896360770872042	0.28943204028774444	0.4672622972703277	0.555729440762336	0.7706704349843496	0.09499016560270654	0.42256402100507967	-0.9267400441039577	-0.9929367408814225	-1.1673929645667451	-1.2406979969117213	-1.1960414031535298	-1.1265585252517243	-0.948942359948089	-1.022084995979801	-0.9882588574107148	-0.8869375863403377	-0.9729020567204753	-0.8826173460234302	-0.014454
2014-132-9A	orange	ML5	C. polyantha	N	C. polyantha var. polyantha	100.869	28.173	0.041542	-0.0147043	-0.5408658691524546	1.4797364440420784	1.1947984082440193	-0.698773297417761	-0.9377569812671791	-0.5606851236014767	-0.22336251080264924	-0.8907261756083096	-0.0024591722755226792	-0.9377687575980335	0.019335047422663044	-0.43132559665850756	0.12092644232093187	-0.7849956298004646	0.7579321231448395	0.1025607033183347	-0.783728813031681	0.1780506957638493	-0.7967008648916296	0.6133125981661639	0.5314453811255123	0.4026803936880166	0.19344045094387108	-0.2992637644771359	-0.6414263829839648	-0.8735620314107603	-0.9137205168870663	-0.560854664344649	0.06167024436283928	0.6952055506045067	0.7074399205077738	1.0399491027902845	1.1159598694259523	1.1066822472529525	0.4990418066282359	0.4336289820294851	0.7896360770872042	0.28943204028774444	0.4672622972703277	0.555729440762336	0.7706704349843496	0.09499016560270654	0.42256402100507967	-0.9267400441039577	-0.9929367408814225	-1.1673929645667451	-1.2406979969117213	-1.1960414031535298	-1.1265585252517243	-0.948942359948089	-1.022084995979801	-0.9882588574107148	-0.8869375863403377	-0.9729020567204753	-0.8826173460234302	-0.0119312
2014-3-10A	tan1	MN34	C. polyantha	CPO	C. polyantha var. tomentosa	101.876	28.303	0.0405373	-0.0172429	0.9434982707324767	0.523363004978016	0.7480182669176437	-0.7169165592523152	0.1986773265396564	0.8333470672706879	-0.578589636416501	0.37625502245523407	1.1066275239851742	0.24564879501133985	1.109348345875293	0.12833116657776436	0.24004801236841694	-0.6507735791091934	0.4413275653754761	0.44218213264583084	-0.6720897447005494	0.5007675818358261	-0.6848237221621667	0.1094771588198618	0.18139629033691518	0.01666723483808045	-0.16044854024123276	-0.583344844946094	-0.7364711964751578	-0.674629837824418	-0.7267362432820057	-0.7846578248605489	-0.5360918668113808	0.032942447334779856	0.12435654907799222	-0.37816322144185693	-0.022463409835752974	0.24386248749130512	0.3559937516511091	0.12567166138314176	-0.6061213755063449	-0.6645162746477401	-0.5110240034227455	-0.9559508310307869	-0.3170081254688309	-0.7040448825301345	-0.8099508519364387	-0.05205668744659588	-0.19781396261079606	-0.33394684014839204	-0.4509388767682275	-0.30637946614684397	-0.2498870760901913	-0.17507814392780469	-0.27946154959401226	-0.12304919222252032	0.06081205143381639	0.018359984104749417	0.06733076046020724	-0.0168543
2014-3-3A	tan1	MN34	C. polyantha	CPO	C. polyantha var. tomentosa	101.876	28.303	0.0400547	-0.0170041	0.9434982707324767	0.523363004978016	0.7480182669176437	-0.7169165592523152	0.1986773265396564	0.8333470672706879	-0.578589636416501	0.37625502245523407	1.1066275239851742	0.24564879501133985	1.109348345875293	0.12833116657776436	0.24004801236841694	-0.6507735791091934	0.4413275653754761	0.44218213264583084	-0.6720897447005494	0.5007675818358261	-0.6848237221621667	0.1094771588198618	0.18139629033691518	0.01666723483808045	-0.16044854024123276	-0.583344844946094	-0.7364711964751578	-0.674629837824418	-0.7267362432820057	-0.7846578248605489	-0.5360918668113808	0.032942447334779856	0.12435654907799222	-0.37816322144185693	-0.022463409835752974	0.24386248749130512	0.3559937516511091	0.12567166138314176	-0.6061213755063449	-0.6645162746477401	-0.5110240034227455	-0.9559508310307869	-0.3170081254688309	-0.7040448825301345	-0.8099508519364387	-0.05205668744659588	-0.19781396261079606	-0.33394684014839204	-0.4509388767682275	-0.30637946614684397	-0.2498870760901913	-0.17507814392780469	-0.27946154959401226	-0.12304919222252032	0.06081205143381639	0.018359984104749417	0.06733076046020724	-0.0165768
2014-3-4A	tan1	MN34	C. polyantha	CPO	C. polyantha var. tomentosa	101.876	28.303	0.0395604	-0.016839	0.9434982707324767	0.523363004978016	0.7480182669176437	-0.7169165592523152	0.1986773265396564	0.8333470672706879	-0.578589636416501	0.37625502245523407	1.1066275239851742	0.24564879501133985	1.109348345875293	0.12833116657776436	0.24004801236841694	-0.6507735791091934	0.4413275653754761	0.44218213264583084	-0.6720897447005494	0.5007675818358261	-0.6848237221621667	0.1094771588198618	0.18139629033691518	0.01666723483808045	-0.16044854024123276	-0.583344844946094	-0.7364711964751578	-0.674629837824418	-0.7267362432820057	-0.7846578248605489	-0.5360918668113808	0.032942447334779856	0.12435654907799222	-0.37816322144185693	-0.022463409835752974	0.24386248749130512	0.3559937516511091	0.12567166138314176	-0.6061213755063449	-0.6645162746477401	-0.5110240034227455	-0.9559508310307869	-0.3170081254688309	-0.7040448825301345	-0.8099508519364387	-0.05205668744659588	-0.19781396261079606	-0.33394684014839204	-0.4509388767682275	-0.30637946614684397	-0.2498870760901913	-0.17507814392780469	-0.27946154959401226	-0.12304919222252032	0.06081205143381639	0.018359984104749417	0.06733076046020724	-0.0166433
2014-3-5A	tan1	MN34	C. polyantha	CPO	C. polyantha var. tomentosa	101.876	28.303	0.0400054	-0.0166504	0.9434982707324767	0.523363004978016	0.7480182669176437	-0.7169165592523152	0.1986773265396564	0.8333470672706879	-0.578589636416501	0.37625502245523407	1.1066275239851742	0.24564879501133985	1.109348345875293	0.12833116657776436	0.24004801236841694	-0.6507735791091934	0.4413275653754761	0.44218213264583084	-0.6720897447005494	0.5007675818358261	-0.6848237221621667	0.1094771588198618	0.18139629033691518	0.01666723483808045	-0.16044854024123276	-0.583344844946094	-0.7364711964751578	-0.674629837824418	-0.7267362432820057	-0.7846578248605489	-0.5360918668113808	0.032942447334779856	0.12435654907799222	-0.37816322144185693	-0.022463409835752974	0.24386248749130512	0.3559937516511091	0.12567166138314176	-0.6061213755063449	-0.6645162746477401	-0.5110240034227455	-0.9559508310307869	-0.3170081254688309	-0.7040448825301345	-0.8099508519364387	-0.05205668744659588	-0.19781396261079606	-0.33394684014839204	-0.4509388767682275	-0.30637946614684397	-0.2498870760901913	-0.17507814392780469	-0.27946154959401226	-0.12304919222252032	0.06081205143381639	0.018359984104749417	0.06733076046020724	-0.0167182
2014-3-6A	tan1	MN34	C. polyantha	CPO	C. polyantha var. tomentosa	101.876	28.303	0.0402719	-0.016709	0.9434982707324767	0.523363004978016	0.7480182669176437	-0.7169165592523152	0.1986773265396564	0.8333470672706879	-0.578589636416501	0.37625502245523407	1.1066275239851742	0.24564879501133985	1.109348345875293	0.12833116657776436	0.24004801236841694	-0.6507735791091934	0.4413275653754761	0.44218213264583084	-0.6720897447005494	0.5007675818358261	-0.6848237221621667	0.1094771588198618	0.18139629033691518	0.01666723483808045	-0.16044854024123276	-0.583344844946094	-0.7364711964751578	-0.674629837824418	-0.7267362432820057	-0.7846578248605489	-0.5360918668113808	0.032942447334779856	0.12435654907799222	-0.37816322144185693	-0.022463409835752974	0.24386248749130512	0.3559937516511091	0.12567166138314176	-0.6061213755063449	-0.6645162746477401	-0.5110240034227455	-0.9559508310307869	-0.3170081254688309	-0.7040448825301345	-0.8099508519364387	-0.05205668744659588	-0.19781396261079606	-0.33394684014839204	-0.4509388767682275	-0.30637946614684397	-0.2498870760901913	-0.17507814392780469	-0.27946154959401226	-0.12304919222252032	0.06081205143381639	0.018359984104749417	0.06733076046020724	-0.0167132
2014-3-7A	tan1	MN34	C. polyantha	CPO	C. polyantha var. tomentosa	101.876	28.303	0.0401424	-0.0163449	0.9434982707324767	0.523363004978016	0.7480182669176437	-0.7169165592523152	0.1986773265396564	0.8333470672706879	-0.578589636416501	0.37625502245523407	1.1066275239851742	0.24564879501133985	1.109348345875293	0.12833116657776436	0.24004801236841694	-0.6507735791091934	0.4413275653754761	0.44218213264583084	-0.6720897447005494	0.5007675818358261	-0.6848237221621667	0.1094771588198618	0.18139629033691518	0.01666723483808045	-0.16044854024123276	-0.583344844946094	-0.7364711964751578	-0.674629837824418	-0.7267362432820057	-0.7846578248605489	-0.5360918668113808	0.032942447334779856	0.12435654907799222	-0.37816322144185693	-0.022463409835752974	0.24386248749130512	0.3559937516511091	0.12567166138314176	-0.6061213755063449	-0.6645162746477401	-0.5110240034227455	-0.9559508310307869	-0.3170081254688309	-0.7040448825301345	-0.8099508519364387	-0.05205668744659588	-0.19781396261079606	-0.33394684014839204	-0.4509388767682275	-0.30637946614684397	-0.2498870760901913	-0.17507814392780469	-0.27946154959401226	-0.12304919222252032	0.06081205143381639	0.018359984104749417	0.06733076046020724	-0.0167547
2014-3-8A	tan1	MN34	C. polyantha	CPO	C. polyantha var. tomentosa	101.876	28.303	0.0398745	-0.0160905	0.9434982707324767	0.523363004978016	0.7480182669176437	-0.7169165592523152	0.1986773265396564	0.8333470672706879	-0.578589636416501	0.37625502245523407	1.1066275239851742	0.24564879501133985	1.109348345875293	0.12833116657776436	0.24004801236841694	-0.6507735791091934	0.4413275653754761	0.44218213264583084	-0.6720897447005494	0.5007675818358261	-0.6848237221621667	0.1094771588198618	0.18139629033691518	0.01666723483808045	-0.16044854024123276	-0.583344844946094	-0.7364711964751578	-0.674629837824418	-0.7267362432820057	-0.7846578248605489	-0.5360918668113808	0.032942447334779856	0.12435654907799222	-0.37816322144185693	-0.022463409835752974	0.24386248749130512	0.3559937516511091	0.12567166138314176	-0.6061213755063449	-0.6645162746477401	-0.5110240034227455	-0.9559508310307869	-0.3170081254688309	-0.7040448825301345	-0.8099508519364387	-0.05205668744659588	-0.19781396261079606	-0.33394684014839204	-0.4509388767682275	-0.30637946614684397	-0.2498870760901913	-0.17507814392780469	-0.27946154959401226	-0.12304919222252032	0.06081205143381639	0.018359984104749417	0.06733076046020724	-0.0166386
2014-3-9A	tan1	MN34	C. polyantha	CPO	C. polyantha var. tomentosa	101.876	28.303	0.0397505	-0.0159548	0.9434982707324767	0.523363004978016	0.7480182669176437	-0.7169165592523152	0.1986773265396564	0.8333470672706879	-0.578589636416501	0.37625502245523407	1.1066275239851742	0.24564879501133985	1.109348345875293	0.12833116657776436	0.24004801236841694	-0.6507735791091934	0.4413275653754761	0.44218213264583084	-0.6720897447005494	0.5007675818358261	-0.6848237221621667	0.1094771588198618	0.18139629033691518	0.01666723483808045	-0.16044854024123276	-0.583344844946094	-0.7364711964751578	-0.674629837824418	-0.7267362432820057	-0.7846578248605489	-0.5360918668113808	0.032942447334779856	0.12435654907799222	-0.37816322144185693	-0.022463409835752974	0.24386248749130512	0.3559937516511091	0.12567166138314176	-0.6061213755063449	-0.6645162746477401	-0.5110240034227455	-0.9559508310307869	-0.3170081254688309	-0.7040448825301345	-0.8099508519364387	-0.05205668744659588	-0.19781396261079606	-0.33394684014839204	-0.4509388767682275	-0.30637946614684397	-0.2498870760901913	-0.17507814392780469	-0.27946154959401226	-0.12304919222252032	0.06081205143381639	0.018359984104749417	0.06733076046020724	-0.0155465
2014-66-1A	orange	YL49	C. polyantha	CPO	C. polyantha var. polyantha	100.416	27.116	0.0451529	-0.0186296	-0.7580898896234202	0.6921347883422624	1.0831033729124253	-0.9346357012669663	-1.3748470996544235	-0.2565326455930044	-0.822808285276024	-1.239146005075784	0.024591722755226024	-1.2632085845656111	0.04592073762882475	0.1225615092248131	1.1632401802364263	-0.7849956298004646	1.01121576936033	1.062869572451255	-0.6720897447005494	1.090560511553577	-0.6848237221621667	1.1236783074142627	1.0286579672252338	1.0062009671748986	0.8213734984004224	-0.023662716260982552	-0.7123072608418036	-1.1044903120774232	-0.9995400467179604	-0.22118178242690023	0.3580396944408139	1.0299094758254725	1.1384145863471775	1.192668846539883	0.5776355607804038	0.4263817287288528	0.00731505020959711	0.3617725186213865	0.4551152498315796	0.7605175282474922	0.21880868502233558	0.7281138008994006	0.47736394691589784	0.267090010851138	0.6948637440187506	-0.45426560176690095	-0.5119365845698731	-0.6920516069792686	-0.886503101317497	-0.8797172112578227	-0.7329016991917963	-0.8087361836024705	-0.8286838088475327	-0.6113792575270212	-0.5091869644452823	-0.5986312507960424	-0.4593960106918551	-0.0193213
2014-66-2A	orange	YL49	C. polyantha	CPO	C. polyantha var. polyantha	100.416	27.116	0.043566	-0.0180466	-0.7580898896234202	0.6921347883422624	1.0831033729124253	-0.9346357012669663	-1.3748470996544235	-0.2565326455930044	-0.822808285276024	-1.239146005075784	0.024591722755226024	-1.2632085845656111	0.04592073762882475	0.1225615092248131	1.1632401802364263	-0.7849956298004646	1.01121576936033	1.062869572451255	-0.6720897447005494	1.090560511553577	-0.6848237221621667	1.1236783074142627	1.0286579672252338	1.0062009671748986	0.8213734984004224	-0.023662716260982552	-0.7123072608418036	-1.1044903120774232	-0.9995400467179604	-0.22118178242690023	0.3580396944408139	1.0299094758254725	1.1384145863471775	1.192668846539883	0.5776355607804038	0.4263817287288528	0.00731505020959711	0.3617725186213865	0.4551152498315796	0.7605175282474922	0.21880868502233558	0.7281138008994006	0.47736394691589784	0.267090010851138	0.6948637440187506	-0.45426560176690095	-0.5119365845698731	-0.6920516069792686	-0.886503101317497	-0.8797172112578227	-0.7329016991917963	-0.8087361836024705	-0.8286838088475327	-0.6113792575270212	-0.5091869644452823	-0.5986312507960424	-0.4593960106918551	-0.018075
2014-66-3A	orange	YL49	C. polyantha	CPO	C. polyantha var. polyantha	100.416	27.116	0.0453213	-0.0185608	-0.7580898896234202	0.6921347883422624	1.0831033729124253	-0.9346357012669663	-1.3748470996544235	-0.2565326455930044	-0.822808285276024	-1.239146005075784	0.024591722755226024	-1.2632085845656111	0.04592073762882475	0.1225615092248131	1.1632401802364263	-0.7849956298004646	1.01121576936033	1.062869572451255	-0.6720897447005494	1.090560511553577	-0.6848237221621667	1.1236783074142627	1.0286579672252338	1.0062009671748986	0.8213734984004224	-0.023662716260982552	-0.7123072608418036	-1.1044903120774232	-0.9995400467179604	-0.22118178242690023	0.3580396944408139	1.0299094758254725	1.1384145863471775	1.192668846539883	0.5776355607804038	0.4263817287288528	0.00731505020959711	0.3617725186213865	0.4551152498315796	0.7605175282474922	0.21880868502233558	0.7281138008994006	0.47736394691589784	0.267090010851138	0.6948637440187506	-0.45426560176690095	-0.5119365845698731	-0.6920516069792686	-0.886503101317497	-0.8797172112578227	-0.7329016991917963	-0.8087361836024705	-0.8286838088475327	-0.6113792575270212	-0.5091869644452823	-0.5986312507960424	-0.4593960106918551	-0.0190307
2014-66-4A	orange	YL49	C. polyantha	CPO	C. polyantha var. polyantha	100.416	27.116	0.0449392	-0.0186168	-0.7580898896234202	0.6921347883422624	1.0831033729124253	-0.9346357012669663	-1.3748470996544235	-0.2565326455930044	-0.822808285276024	-1.239146005075784	0.024591722755226024	-1.2632085845656111	0.04592073762882475	0.1225615092248131	1.1632401802364263	-0.7849956298004646	1.01121576936033	1.062869572451255	-0.6720897447005494	1.090560511553577	-0.6848237221621667	1.1236783074142627	1.0286579672252338	1.0062009671748986	0.8213734984004224	-0.023662716260982552	-0.7123072608418036	-1.1044903120774232	-0.9995400467179604	-0.22118178242690023	0.3580396944408139	1.0299094758254725	1.1384145863471775	1.192668846539883	0.5776355607804038	0.4263817287288528	0.00731505020959711	0.3617725186213865	0.4551152498315796	0.7605175282474922	0.21880868502233558	0.7281138008994006	0.47736394691589784	0.267090010851138	0.6948637440187506	-0.45426560176690095	-0.5119365845698731	-0.6920516069792686	-0.886503101317497	-0.8797172112578227	-0.7329016991917963	-0.8087361836024705	-0.8286838088475327	-0.6113792575270212	-0.5091869644452823	-0.5986312507960424	-0.4593960106918551	-0.0191418
2014-66-5A	orange	YL49	C. polyantha	CPO	C. polyantha var. polyantha	100.416	27.116	0.0450001	-0.0187989	-0.7580898896234202	0.6921347883422624	1.0831033729124253	-0.9346357012669663	-1.3748470996544235	-0.2565326455930044	-0.822808285276024	-1.239146005075784	0.024591722755226024	-1.2632085845656111	0.04592073762882475	0.1225615092248131	1.1632401802364263	-0.7849956298004646	1.01121576936033	1.062869572451255	-0.6720897447005494	1.090560511553577	-0.6848237221621667	1.1236783074142627	1.0286579672252338	1.0062009671748986	0.8213734984004224	-0.023662716260982552	-0.7123072608418036	-1.1044903120774232	-0.9995400467179604	-0.22118178242690023	0.3580396944408139	1.0299094758254725	1.1384145863471775	1.192668846539883	0.5776355607804038	0.4263817287288528	0.00731505020959711	0.3617725186213865	0.4551152498315796	0.7605175282474922	0.21880868502233558	0.7281138008994006	0.47736394691589784	0.267090010851138	0.6948637440187506	-0.45426560176690095	-0.5119365845698731	-0.6920516069792686	-0.886503101317497	-0.8797172112578227	-0.7329016991917963	-0.8087361836024705	-0.8286838088475327	-0.6113792575270212	-0.5091869644452823	-0.5986312507960424	-0.4593960106918551	-0.0197119
2014-66-6A	orange	YL49	C. polyantha	CPO	C. polyantha var. polyantha	100.416	27.116	0.0461067	-0.0196998	-0.7580898896234202	0.6921347883422624	1.0831033729124253	-0.9346357012669663	-1.3748470996544235	-0.2565326455930044	-0.822808285276024	-1.239146005075784	0.024591722755226024	-1.2632085845656111	0.04592073762882475	0.1225615092248131	1.1632401802364263	-0.7849956298004646	1.01121576936033	1.062869572451255	-0.6720897447005494	1.090560511553577	-0.6848237221621667	1.1236783074142627	1.0286579672252338	1.0062009671748986	0.8213734984004224	-0.023662716260982552	-0.7123072608418036	-1.1044903120774232	-0.9995400467179604	-0.22118178242690023	0.3580396944408139	1.0299094758254725	1.1384145863471775	1.192668846539883	0.5776355607804038	0.4263817287288528	0.00731505020959711	0.3617725186213865	0.4551152498315796	0.7605175282474922	0.21880868502233558	0.7281138008994006	0.47736394691589784	0.267090010851138	0.6948637440187506	-0.45426560176690095	-0.5119365845698731	-0.6920516069792686	-0.886503101317497	-0.8797172112578227	-0.7329016991917963	-0.8087361836024705	-0.8286838088475327	-0.6113792575270212	-0.5091869644452823	-0.5986312507960424	-0.4593960106918551	-0.0204216
2014-66-7A	orange	YL49	C. polyantha	CPO	C. polyantha var. polyantha	100.416	27.116	0.0448791	-0.019032	-0.7580898896234202	0.6921347883422624	1.0831033729124253	-0.9346357012669663	-1.3748470996544235	-0.2565326455930044	-0.822808285276024	-1.239146005075784	0.024591722755226024	-1.2632085845656111	0.04592073762882475	0.1225615092248131	1.1632401802364263	-0.7849956298004646	1.01121576936033	1.062869572451255	-0.6720897447005494	1.090560511553577	-0.6848237221621667	1.1236783074142627	1.0286579672252338	1.0062009671748986	0.8213734984004224	-0.023662716260982552	-0.7123072608418036	-1.1044903120774232	-0.9995400467179604	-0.22118178242690023	0.3580396944408139	1.0299094758254725	1.1384145863471775	1.192668846539883	0.5776355607804038	0.4263817287288528	0.00731505020959711	0.3617725186213865	0.4551152498315796	0.7605175282474922	0.21880868502233558	0.7281138008994006	0.47736394691589784	0.267090010851138	0.6948637440187506	-0.45426560176690095	-0.5119365845698731	-0.6920516069792686	-0.886503101317497	-0.8797172112578227	-0.7329016991917963	-0.8087361836024705	-0.8286838088475327	-0.6113792575270212	-0.5091869644452823	-0.5986312507960424	-0.4593960106918551	-0.0189708
2014-66-8A	orange	YL49	C. polyantha	CPO	C. polyantha var. polyantha	100.416	27.116	0.045286	-0.0188941	-0.7580898896234202	0.6921347883422624	1.0831033729124253	-0.9346357012669663	-1.3748470996544235	-0.2565326455930044	-0.822808285276024	-1.239146005075784	0.024591722755226024	-1.2632085845656111	0.04592073762882475	0.1225615092248131	1.1632401802364263	-0.7849956298004646	1.01121576936033	1.062869572451255	-0.6720897447005494	1.090560511553577	-0.6848237221621667	1.1236783074142627	1.0286579672252338	1.0062009671748986	0.8213734984004224	-0.023662716260982552	-0.7123072608418036	-1.1044903120774232	-0.9995400467179604	-0.22118178242690023	0.3580396944408139	1.0299094758254725	1.1384145863471775	1.192668846539883	0.5776355607804038	0.4263817287288528	0.00731505020959711	0.3617725186213865	0.4551152498315796	0.7605175282474922	0.21880868502233558	0.7281138008994006	0.47736394691589784	0.267090010851138	0.6948637440187506	-0.45426560176690095	-0.5119365845698731	-0.6920516069792686	-0.886503101317497	-0.8797172112578227	-0.7329016991917963	-0.8087361836024705	-0.8286838088475327	-0.6113792575270212	-0.5091869644452823	-0.5986312507960424	-0.4593960106918551	-0.0194529
DP1709141A	green	DQS11	C. macrocarpa	CMA	C. macrocarpa var. macrocarpa	128.511	35.81	-0.0451037	0.162478	0.0021941820249593105	0.07330491600669253	-1.0391022983878584	1.6887665646231123	1.335111634346492	-0.9155296812780278	1.8191934614769982	1.3898399809060689	-1.0303931834439735	1.1923828370988385	-0.9909211804114818	0.861077650402574	1.1930205727482976	1.2283351305686028	-0.5718070194864866	0.7700924782034133	1.4490525535909495	0.8123562994225625	1.4408419896976277	-0.5269729923783084	-0.3196263538938387	-0.24384164568111222	0.42079551985055347	1.0455280169468124	0.4137321396724999	-0.215555544932859	-0.08337394017887899	-0.16007240881085663	0.7677901932168999	-0.6315190396802407	-0.6240394086357763	-1.0763108072115155	-1.152062338542116	-1.1416275145210701	-0.2787805268502258	-0.5826309103316176	-0.5830509617723388	-0.028550497366674314	-0.029644927225655652	-0.46531811741812246	-1.441350270093617	-0.9744877058379249	-1.0535873787728143	-0.6432553064923158	-0.6665438625616015	-0.4426571420580462	-0.18449483602724764	0.0508037811153696	0.5760684080459927	1.1459537133087463	1.4339235403018298	0.8990716694593165	-0.0066430757235535105	-0.27068104679855154	-0.5214989979889408	-0.0597097
DP1709142A	green	DQS11	C. macrocarpa	CMA	C. macrocarpa var. macrocarpa	128.511	35.81	-0.0460172	0.165124	0.0021941820249593105	0.07330491600669253	-1.0391022983878584	1.6887665646231123	1.335111634346492	-0.9155296812780278	1.8191934614769982	1.3898399809060689	-1.0303931834439735	1.1923828370988385	-0.9909211804114818	0.861077650402574	1.1930205727482976	1.2283351305686028	-0.5718070194864866	0.7700924782034133	1.4490525535909495	0.8123562994225625	1.4408419896976277	-0.5269729923783084	-0.3196263538938387	-0.24384164568111222	0.42079551985055347	1.0455280169468124	0.4137321396724999	-0.215555544932859	-0.08337394017887899	-0.16007240881085663	0.7677901932168999	-0.6315190396802407	-0.6240394086357763	-1.0763108072115155	-1.152062338542116	-1.1416275145210701	-0.2787805268502258	-0.5826309103316176	-0.5830509617723388	-0.028550497366674314	-0.029644927225655652	-0.46531811741812246	-1.441350270093617	-0.9744877058379249	-1.0535873787728143	-0.6432553064923158	-0.6665438625616015	-0.4426571420580462	-0.18449483602724764	0.0508037811153696	0.5760684080459927	1.1459537133087463	1.4339235403018298	0.8990716694593165	-0.0066430757235535105	-0.27068104679855154	-0.5214989979889408	-0.0599992
DP1709143A	green	DQS11	C. macrocarpa	CMA	C. macrocarpa var. macrocarpa	128.511	35.81	-0.0468616	0.167358	0.0021941820249593105	0.07330491600669253	-1.0391022983878584	1.6887665646231123	1.335111634346492	-0.9155296812780278	1.8191934614769982	1.3898399809060689	-1.0303931834439735	1.1923828370988385	-0.9909211804114818	0.861077650402574	1.1930205727482976	1.2283351305686028	-0.5718070194864866	0.7700924782034133	1.4490525535909495	0.8123562994225625	1.4408419896976277	-0.5269729923783084	-0.3196263538938387	-0.24384164568111222	0.42079551985055347	1.0455280169468124	0.4137321396724999	-0.215555544932859	-0.08337394017887899	-0.16007240881085663	0.7677901932168999	-0.6315190396802407	-0.6240394086357763	-1.0763108072115155	-1.152062338542116	-1.1416275145210701	-0.2787805268502258	-0.5826309103316176	-0.5830509617723388	-0.028550497366674314	-0.029644927225655652	-0.46531811741812246	-1.441350270093617	-0.9744877058379249	-1.0535873787728143	-0.6432553064923158	-0.6665438625616015	-0.4426571420580462	-0.18449483602724764	0.0508037811153696	0.5760684080459927	1.1459537133087463	1.4339235403018298	0.8990716694593165	-0.0066430757235535105	-0.27068104679855154	-0.5214989979889408	-0.0613039
DP1709144A	green	DQS11	C. macrocarpa	CMA	C. macrocarpa var. macrocarpa	128.511	35.81	-0.0440298	0.161278	0.0021941820249593105	0.07330491600669253	-1.0391022983878584	1.6887665646231123	1.335111634346492	-0.9155296812780278	1.8191934614769982	1.3898399809060689	-1.0303931834439735	1.1923828370988385	-0.9909211804114818	0.861077650402574	1.1930205727482976	1.2283351305686028	-0.5718070194864866	0.7700924782034133	1.4490525535909495	0.8123562994225625	1.4408419896976277	-0.5269729923783084	-0.3196263538938387	-0.24384164568111222	0.42079551985055347	1.0455280169468124	0.4137321396724999	-0.215555544932859	-0.08337394017887899	-0.16007240881085663	0.7677901932168999	-0.6315190396802407	-0.6240394086357763	-1.0763108072115155	-1.152062338542116	-1.1416275145210701	-0.2787805268502258	-0.5826309103316176	-0.5830509617723388	-0.028550497366674314	-0.029644927225655652	-0.46531811741812246	-1.441350270093617	-0.9744877058379249	-1.0535873787728143	-0.6432553064923158	-0.6665438625616015	-0.4426571420580462	-0.18449483602724764	0.0508037811153696	0.5760684080459927	1.1459537133087463	1.4339235403018298	0.8990716694593165	-0.0066430757235535105	-0.27068104679855154	-0.5214989979889408	-0.0592725
DP1709145A	green	DQS11	C. macrocarpa	CMA	C. macrocarpa var. macrocarpa	128.511	35.81	-0.0469994	0.167943	0.0021941820249593105	0.07330491600669253	-1.0391022983878584	1.6887665646231123	1.335111634346492	-0.9155296812780278	1.8191934614769982	1.3898399809060689	-1.0303931834439735	1.1923828370988385	-0.9909211804114818	0.861077650402574	1.1930205727482976	1.2283351305686028	-0.5718070194864866	0.7700924782034133	1.4490525535909495	0.8123562994225625	1.4408419896976277	-0.5269729923783084	-0.3196263538938387	-0.24384164568111222	0.42079551985055347	1.0455280169468124	0.4137321396724999	-0.215555544932859	-0.08337394017887899	-0.16007240881085663	0.7677901932168999	-0.6315190396802407	-0.6240394086357763	-1.0763108072115155	-1.152062338542116	-1.1416275145210701	-0.2787805268502258	-0.5826309103316176	-0.5830509617723388	-0.028550497366674314	-0.029644927225655652	-0.46531811741812246	-1.441350270093617	-0.9744877058379249	-1.0535873787728143	-0.6432553064923158	-0.6665438625616015	-0.4426571420580462	-0.18449483602724764	0.0508037811153696	0.5760684080459927	1.1459537133087463	1.4339235403018298	0.8990716694593165	-0.0066430757235535105	-0.27068104679855154	-0.5214989979889408	-0.06087
DP1709146A	green	DQS11	C. macrocarpa	CMA	C. macrocarpa var. macrocarpa	128.511	35.81	-0.0438573	0.161004	0.0021941820249593105	0.07330491600669253	-1.0391022983878584	1.6887665646231123	1.335111634346492	-0.9155296812780278	1.8191934614769982	1.3898399809060689	-1.0303931834439735	1.1923828370988385	-0.9909211804114818	0.861077650402574	1.1930205727482976	1.2283351305686028	-0.5718070194864866	0.7700924782034133	1.4490525535909495	0.8123562994225625	1.4408419896976277	-0.5269729923783084	-0.3196263538938387	-0.24384164568111222	0.42079551985055347	1.0455280169468124	0.4137321396724999	-0.215555544932859	-0.08337394017887899	-0.16007240881085663	0.7677901932168999	-0.6315190396802407	-0.6240394086357763	-1.0763108072115155	-1.152062338542116	-1.1416275145210701	-0.2787805268502258	-0.5826309103316176	-0.5830509617723388	-0.028550497366674314	-0.029644927225655652	-0.46531811741812246	-1.441350270093617	-0.9744877058379249	-1.0535873787728143	-0.6432553064923158	-0.6665438625616015	-0.4426571420580462	-0.18449483602724764	0.0508037811153696	0.5760684080459927	1.1459537133087463	1.4339235403018298	0.8990716694593165	-0.0066430757235535105	-0.27068104679855154	-0.5214989979889408	-0.0585171
DP1709147A	green	DQS11	C. macrocarpa	CMA	C. macrocarpa var. macrocarpa	128.511	35.81	-0.0464039	0.16658	0.0021941820249593105	0.07330491600669253	-1.0391022983878584	1.6887665646231123	1.335111634346492	-0.9155296812780278	1.8191934614769982	1.3898399809060689	-1.0303931834439735	1.1923828370988385	-0.9909211804114818	0.861077650402574	1.1930205727482976	1.2283351305686028	-0.5718070194864866	0.7700924782034133	1.4490525535909495	0.8123562994225625	1.4408419896976277	-0.5269729923783084	-0.3196263538938387	-0.24384164568111222	0.42079551985055347	1.0455280169468124	0.4137321396724999	-0.215555544932859	-0.08337394017887899	-0.16007240881085663	0.7677901932168999	-0.6315190396802407	-0.6240394086357763	-1.0763108072115155	-1.152062338542116	-1.1416275145210701	-0.2787805268502258	-0.5826309103316176	-0.5830509617723388	-0.028550497366674314	-0.029644927225655652	-0.46531811741812246	-1.441350270093617	-0.9744877058379249	-1.0535873787728143	-0.6432553064923158	-0.6665438625616015	-0.4426571420580462	-0.18449483602724764	0.0508037811153696	0.5760684080459927	1.1459537133087463	1.4339235403018298	0.8990716694593165	-0.0066430757235535105	-0.27068104679855154	-0.5214989979889408	-0.0608715
DP1709148A	green	DQS11	C. macrocarpa	CMA	C. macrocarpa var. macrocarpa	128.511	35.81	-0.0491926	0.172494	0.0021941820249593105	0.07330491600669253	-1.0391022983878584	1.6887665646231123	1.335111634346492	-0.9155296812780278	1.8191934614769982	1.3898399809060689	-1.0303931834439735	1.1923828370988385	-0.9909211804114818	0.861077650402574	1.1930205727482976	1.2283351305686028	-0.5718070194864866	0.7700924782034133	1.4490525535909495	0.8123562994225625	1.4408419896976277	-0.5269729923783084	-0.3196263538938387	-0.24384164568111222	0.42079551985055347	1.0455280169468124	0.4137321396724999	-0.215555544932859	-0.08337394017887899	-0.16007240881085663	0.7677901932168999	-0.6315190396802407	-0.6240394086357763	-1.0763108072115155	-1.152062338542116	-1.1416275145210701	-0.2787805268502258	-0.5826309103316176	-0.5830509617723388	-0.028550497366674314	-0.029644927225655652	-0.46531811741812246	-1.441350270093617	-0.9744877058379249	-1.0535873787728143	-0.6432553064923158	-0.6665438625616015	-0.4426571420580462	-0.18449483602724764	0.0508037811153696	0.5760684080459927	1.1459537133087463	1.4339235403018298	0.8990716694593165	-0.0066430757235535105	-0.27068104679855154	-0.5214989979889408	-0.0636667
Gln2014-15-1A	royalblue	LD30	C. yunnanensis	CYU	C. yunnanensis subsp. filipes	102.215	29.982	0.0288922	-0.00799554	-0.5408658691524546	-0.8268112619359544	-0.480627121729889	-0.11308612632105665	-0.5006668628799347	0.02227379258142853	-0.4009760736095751	-0.4472827562860693	-0.38117170270600453	-0.5235726141847528	-0.3528646154636009	-0.16592135842274974	-0.9213872955945626	-0.38232947772665105	-0.3185233732709959	-0.6235264904163123	-0.3743855624841987	-0.5118957503210667	-0.3864846748835991	-0.9434032807313338	-0.9659074643702009	-1.1093711508226143	-1.142270578882888	-0.9296128286022867	-0.6349826668150703	-0.5475729123170573	-0.7693618375688736	-1.354482893124436	-1.2759390896452592	-0.8469606467190233	-0.918221870489389	-0.8799567580762703	-0.9490875474780048	-1.0835530981044001	-1.1996506488586098	-0.6544876796681202	-0.6407268242197401	-0.48785899729651727	-0.29362715055334315	-0.2929333620917411	-0.5492091255411211	-0.17545229134968207	-0.5233193172770629	-0.4494196285836039	-0.3916864997811265	-0.43626262394130577	-0.3903108145745955	-0.5133080741386207	-0.7956935965962677	-0.8569890272916972	-0.8239896636804604	-0.9471982286301875	-0.6727662885946876	-0.48190317932832605	-0.48009689220954743	0.000317979
Gln2014-15-10A	royalblue	LD30	C. yunnanensis	CYU	C. yunnanensis subsp. filipes	102.215	29.982	0.0304371	-0.00821376	-0.5408658691524546	-0.8268112619359544	-0.480627121729889	-0.11308612632105665	-0.5006668628799347	0.02227379258142853	-0.4009760736095751	-0.4472827562860693	-0.38117170270600453	-0.5235726141847528	-0.3528646154636009	-0.16592135842274974	-0.9213872955945626	-0.38232947772665105	-0.3185233732709959	-0.6235264904163123	-0.3743855624841987	-0.5118957503210667	-0.3864846748835991	-0.9434032807313338	-0.9659074643702009	-1.1093711508226143	-1.142270578882888	-0.9296128286022867	-0.6349826668150703	-0.5475729123170573	-0.7693618375688736	-1.354482893124436	-1.2759390896452592	-0.8469606467190233	-0.918221870489389	-0.8799567580762703	-0.9490875474780048	-1.0835530981044001	-1.1996506488586098	-0.6544876796681202	-0.6407268242197401	-0.48785899729651727	-0.29362715055334315	-0.2929333620917411	-0.5492091255411211	-0.17545229134968207	-0.5233193172770629	-0.4494196285836039	-0.3916864997811265	-0.43626262394130577	-0.3903108145745955	-0.5133080741386207	-0.7956935965962677	-0.8569890272916972	-0.8239896636804604	-0.9471982286301875	-0.6727662885946876	-0.48190317932832605	-0.48009689220954743	-9.73E-05
Gln2014-15-3A	royalblue	LD30	C. yunnanensis	CYU	C. yunnanensis subsp. filipes	102.215	29.982	0.0298005	-0.00778355	-0.5408658691524546	-0.8268112619359544	-0.480627121729889	-0.11308612632105665	-0.5006668628799347	0.02227379258142853	-0.4009760736095751	-0.4472827562860693	-0.38117170270600453	-0.5235726141847528	-0.3528646154636009	-0.16592135842274974	-0.9213872955945626	-0.38232947772665105	-0.3185233732709959	-0.6235264904163123	-0.3743855624841987	-0.5118957503210667	-0.3864846748835991	-0.9434032807313338	-0.9659074643702009	-1.1093711508226143	-1.142270578882888	-0.9296128286022867	-0.6349826668150703	-0.5475729123170573	-0.7693618375688736	-1.354482893124436	-1.2759390896452592	-0.8469606467190233	-0.918221870489389	-0.8799567580762703	-0.9490875474780048	-1.0835530981044001	-1.1996506488586098	-0.6544876796681202	-0.6407268242197401	-0.48785899729651727	-0.29362715055334315	-0.2929333620917411	-0.5492091255411211	-0.17545229134968207	-0.5233193172770629	-0.4494196285836039	-0.3916864997811265	-0.43626262394130577	-0.3903108145745955	-0.5133080741386207	-0.7956935965962677	-0.8569890272916972	-0.8239896636804604	-0.9471982286301875	-0.6727662885946876	-0.48190317932832605	-0.48009689220954743	-3.71E-05
Gln2014-15-4A	royalblue	LD30	C. yunnanensis	CYU	C. yunnanensis subsp. filipes	102.215	29.982	0.0277022	-0.00684823	-0.5408658691524546	-0.8268112619359544	-0.480627121729889	-0.11308612632105665	-0.5006668628799347	0.02227379258142853	-0.4009760736095751	-0.4472827562860693	-0.38117170270600453	-0.5235726141847528	-0.3528646154636009	-0.16592135842274974	-0.9213872955945626	-0.38232947772665105	-0.3185233732709959	-0.6235264904163123	-0.3743855624841987	-0.5118957503210667	-0.3864846748835991	-0.9434032807313338	-0.9659074643702009	-1.1093711508226143	-1.142270578882888	-0.9296128286022867	-0.6349826668150703	-0.5475729123170573	-0.7693618375688736	-1.354482893124436	-1.2759390896452592	-0.8469606467190233	-0.918221870489389	-0.8799567580762703	-0.9490875474780048	-1.0835530981044001	-1.1996506488586098	-0.6544876796681202	-0.6407268242197401	-0.48785899729651727	-0.29362715055334315	-0.2929333620917411	-0.5492091255411211	-0.17545229134968207	-0.5233193172770629	-0.4494196285836039	-0.3916864997811265	-0.43626262394130577	-0.3903108145745955	-0.5133080741386207	-0.7956935965962677	-0.8569890272916972	-0.8239896636804604	-0.9471982286301875	-0.6727662885946876	-0.48190317932832605	-0.48009689220954743	0.000422527
Gln2014-15-5A	royalblue	LD30	C. yunnanensis	CYU	C. yunnanensis subsp. filipes	102.215	29.982	0.0295971	-0.00739971	-0.5408658691524546	-0.8268112619359544	-0.480627121729889	-0.11308612632105665	-0.5006668628799347	0.02227379258142853	-0.4009760736095751	-0.4472827562860693	-0.38117170270600453	-0.5235726141847528	-0.3528646154636009	-0.16592135842274974	-0.9213872955945626	-0.38232947772665105	-0.3185233732709959	-0.6235264904163123	-0.3743855624841987	-0.5118957503210667	-0.3864846748835991	-0.9434032807313338	-0.9659074643702009	-1.1093711508226143	-1.142270578882888	-0.9296128286022867	-0.6349826668150703	-0.5475729123170573	-0.7693618375688736	-1.354482893124436	-1.2759390896452592	-0.8469606467190233	-0.918221870489389	-0.8799567580762703	-0.9490875474780048	-1.0835530981044001	-1.1996506488586098	-0.6544876796681202	-0.6407268242197401	-0.48785899729651727	-0.29362715055334315	-0.2929333620917411	-0.5492091255411211	-0.17545229134968207	-0.5233193172770629	-0.4494196285836039	-0.3916864997811265	-0.43626262394130577	-0.3903108145745955	-0.5133080741386207	-0.7956935965962677	-0.8569890272916972	-0.8239896636804604	-0.9471982286301875	-0.6727662885946876	-0.48190317932832605	-0.48009689220954743	-0.000257236
Gln2014-15-6A	royalblue	LD30	C. yunnanensis	CYU	C. yunnanensis subsp. filipes	102.215	29.982	0.0289665	-0.00728575	-0.5408658691524546	-0.8268112619359544	-0.480627121729889	-0.11308612632105665	-0.5006668628799347	0.02227379258142853	-0.4009760736095751	-0.4472827562860693	-0.38117170270600453	-0.5235726141847528	-0.3528646154636009	-0.16592135842274974	-0.9213872955945626	-0.38232947772665105	-0.3185233732709959	-0.6235264904163123	-0.3743855624841987	-0.5118957503210667	-0.3864846748835991	-0.9434032807313338	-0.9659074643702009	-1.1093711508226143	-1.142270578882888	-0.9296128286022867	-0.6349826668150703	-0.5475729123170573	-0.7693618375688736	-1.354482893124436	-1.2759390896452592	-0.8469606467190233	-0.918221870489389	-0.8799567580762703	-0.9490875474780048	-1.0835530981044001	-1.1996506488586098	-0.6544876796681202	-0.6407268242197401	-0.48785899729651727	-0.29362715055334315	-0.2929333620917411	-0.5492091255411211	-0.17545229134968207	-0.5233193172770629	-0.4494196285836039	-0.3916864997811265	-0.43626262394130577	-0.3903108145745955	-0.5133080741386207	-0.7956935965962677	-0.8569890272916972	-0.8239896636804604	-0.9471982286301875	-0.6727662885946876	-0.48190317932832605	-0.48009689220954743	4.00E-05
Gln2014-15-7A	royalblue	LD30	C. yunnanensis	CYU	C. yunnanensis subsp. filipes	102.215	29.982	0.0248171	-0.00615781	-0.5408658691524546	-0.8268112619359544	-0.480627121729889	-0.11308612632105665	-0.5006668628799347	0.02227379258142853	-0.4009760736095751	-0.4472827562860693	-0.38117170270600453	-0.5235726141847528	-0.3528646154636009	-0.16592135842274974	-0.9213872955945626	-0.38232947772665105	-0.3185233732709959	-0.6235264904163123	-0.3743855624841987	-0.5118957503210667	-0.3864846748835991	-0.9434032807313338	-0.9659074643702009	-1.1093711508226143	-1.142270578882888	-0.9296128286022867	-0.6349826668150703	-0.5475729123170573	-0.7693618375688736	-1.354482893124436	-1.2759390896452592	-0.8469606467190233	-0.918221870489389	-0.8799567580762703	-0.9490875474780048	-1.0835530981044001	-1.1996506488586098	-0.6544876796681202	-0.6407268242197401	-0.48785899729651727	-0.29362715055334315	-0.2929333620917411	-0.5492091255411211	-0.17545229134968207	-0.5233193172770629	-0.4494196285836039	-0.3916864997811265	-0.43626262394130577	-0.3903108145745955	-0.5133080741386207	-0.7956935965962677	-0.8569890272916972	-0.8239896636804604	-0.9471982286301875	-0.6727662885946876	-0.48190317932832605	-0.48009689220954743	0.000938006
Gln2014-15-8A	royalblue	LD30	C. yunnanensis	CYU	C. yunnanensis subsp. filipes	102.215	29.982	0.0293951	-0.00776809	-0.5408658691524546	-0.8268112619359544	-0.480627121729889	-0.11308612632105665	-0.5006668628799347	0.02227379258142853	-0.4009760736095751	-0.4472827562860693	-0.38117170270600453	-0.5235726141847528	-0.3528646154636009	-0.16592135842274974	-0.9213872955945626	-0.38232947772665105	-0.3185233732709959	-0.6235264904163123	-0.3743855624841987	-0.5118957503210667	-0.3864846748835991	-0.9434032807313338	-0.9659074643702009	-1.1093711508226143	-1.142270578882888	-0.9296128286022867	-0.6349826668150703	-0.5475729123170573	-0.7693618375688736	-1.354482893124436	-1.2759390896452592	-0.8469606467190233	-0.918221870489389	-0.8799567580762703	-0.9490875474780048	-1.0835530981044001	-1.1996506488586098	-0.6544876796681202	-0.6407268242197401	-0.48785899729651727	-0.29362715055334315	-0.2929333620917411	-0.5492091255411211	-0.17545229134968207	-0.5233193172770629	-0.4494196285836039	-0.3916864997811265	-0.43626262394130577	-0.3903108145745955	-0.5133080741386207	-0.7956935965962677	-0.8569890272916972	-0.8239896636804604	-0.9471982286301875	-0.6727662885946876	-0.48190317932832605	-0.48009689220954743	-0.000226723
Gln2014-8-1A	orange	LD06	C. polyantha	CPO	C. polyantha var. polyantha	102.221	29.971	0.0465442	-0.0194341	-0.5408658691524546	-0.8268112619359544	-0.480627121729889	-0.11308612632105665	-0.5006668628799347	0.02227379258142853	-0.4009760736095751	-0.4472827562860693	-0.38117170270600453	-0.5235726141847528	-0.3528646154636009	-0.16592135842274974	-0.9213872955945626	-0.38232947772665105	-0.3185233732709959	-0.6235264904163123	-0.3743855624841987	-0.5118957503210667	-0.3864846748835991	-0.9434032807313338	-0.9659074643702009	-1.1093711508226143	-1.142270578882888	-0.9296128286022867	-0.6349826668150703	-0.5475729123170573	-0.7693618375688736	-1.354482893124436	-1.2759390896452592	-0.8469606467190233	-0.918221870489389	-0.8799567580762703	-0.9490875474780048	-1.0835530981044001	-1.1996506488586098	-0.6544876796681202	-0.6407268242197401	-0.48785899729651727	-0.29362715055334315	-0.2929333620917411	-0.5492091255411211	-0.17545229134968207	-0.5233193172770629	-0.4494196285836039	-0.3916864997811265	-0.43626262394130577	-0.3903108145745955	-0.5133080741386207	-0.7956935965962677	-0.8569890272916972	-0.8239896636804604	-0.9471982286301875	-0.6727662885946876	-0.48190317932832605	-0.48009689220954743	-0.0199088
Gln2014-8-2A	orange	LD06	C. polyantha	CPO	C. polyantha var. polyantha	102.221	29.971	0.0470068	-0.0199125	-0.5408658691524546	-0.8268112619359544	-0.480627121729889	-0.11308612632105665	-0.5006668628799347	0.02227379258142853	-0.4009760736095751	-0.4472827562860693	-0.38117170270600453	-0.5235726141847528	-0.3528646154636009	-0.16592135842274974	-0.9213872955945626	-0.38232947772665105	-0.3185233732709959	-0.6235264904163123	-0.3743855624841987	-0.5118957503210667	-0.3864846748835991	-0.9434032807313338	-0.9659074643702009	-1.1093711508226143	-1.142270578882888	-0.9296128286022867	-0.6349826668150703	-0.5475729123170573	-0.7693618375688736	-1.354482893124436	-1.2759390896452592	-0.8469606467190233	-0.918221870489389	-0.8799567580762703	-0.9490875474780048	-1.0835530981044001	-1.1996506488586098	-0.6544876796681202	-0.6407268242197401	-0.48785899729651727	-0.29362715055334315	-0.2929333620917411	-0.5492091255411211	-0.17545229134968207	-0.5233193172770629	-0.4494196285836039	-0.3916864997811265	-0.43626262394130577	-0.3903108145745955	-0.5133080741386207	-0.7956935965962677	-0.8569890272916972	-0.8239896636804604	-0.9471982286301875	-0.6727662885946876	-0.48190317932832605	-0.48009689220954743	-0.0202908
Gln2014-8-4A	orange	LD06	C. polyantha	CPO	C. polyantha var. polyantha	102.221	29.971	0.0453715	-0.0185311	-0.5408658691524546	-0.8268112619359544	-0.480627121729889	-0.11308612632105665	-0.5006668628799347	0.02227379258142853	-0.4009760736095751	-0.4472827562860693	-0.38117170270600453	-0.5235726141847528	-0.3528646154636009	-0.16592135842274974	-0.9213872955945626	-0.38232947772665105	-0.3185233732709959	-0.6235264904163123	-0.3743855624841987	-0.5118957503210667	-0.3864846748835991	-0.9434032807313338	-0.9659074643702009	-1.1093711508226143	-1.142270578882888	-0.9296128286022867	-0.6349826668150703	-0.5475729123170573	-0.7693618375688736	-1.354482893124436	-1.2759390896452592	-0.8469606467190233	-0.918221870489389	-0.8799567580762703	-0.9490875474780048	-1.0835530981044001	-1.1996506488586098	-0.6544876796681202	-0.6407268242197401	-0.48785899729651727	-0.29362715055334315	-0.2929333620917411	-0.5492091255411211	-0.17545229134968207	-0.5233193172770629	-0.4494196285836039	-0.3916864997811265	-0.43626262394130577	-0.3903108145745955	-0.5133080741386207	-0.7956935965962677	-0.8569890272916972	-0.8239896636804604	-0.9471982286301875	-0.6727662885946876	-0.48190317932832605	-0.48009689220954743	-0.019137
Gln2014-8-5A	orange	LD06	C. polyantha	CPO	C. polyantha var. polyantha	102.221	29.971	0.0465848	-0.0190797	-0.5408658691524546	-0.8268112619359544	-0.480627121729889	-0.11308612632105665	-0.5006668628799347	0.02227379258142853	-0.4009760736095751	-0.4472827562860693	-0.38117170270600453	-0.5235726141847528	-0.3528646154636009	-0.16592135842274974	-0.9213872955945626	-0.38232947772665105	-0.3185233732709959	-0.6235264904163123	-0.3743855624841987	-0.5118957503210667	-0.3864846748835991	-0.9434032807313338	-0.9659074643702009	-1.1093711508226143	-1.142270578882888	-0.9296128286022867	-0.6349826668150703	-0.5475729123170573	-0.7693618375688736	-1.354482893124436	-1.2759390896452592	-0.8469606467190233	-0.918221870489389	-0.8799567580762703	-0.9490875474780048	-1.0835530981044001	-1.1996506488586098	-0.6544876796681202	-0.6407268242197401	-0.48785899729651727	-0.29362715055334315	-0.2929333620917411	-0.5492091255411211	-0.17545229134968207	-0.5233193172770629	-0.4494196285836039	-0.3916864997811265	-0.43626262394130577	-0.3903108145745955	-0.5133080741386207	-0.7956935965962677	-0.8569890272916972	-0.8239896636804604	-0.9471982286301875	-0.6727662885946876	-0.48190317932832605	-0.48009689220954743	-0.0193417
Gln2014-8-6A	orange	LD06	C. polyantha	CPO	C. polyantha var. polyantha	102.221	29.971	0.0473018	-0.0200774	-0.5408658691524546	-0.8268112619359544	-0.480627121729889	-0.11308612632105665	-0.5006668628799347	0.02227379258142853	-0.4009760736095751	-0.4472827562860693	-0.38117170270600453	-0.5235726141847528	-0.3528646154636009	-0.16592135842274974	-0.9213872955945626	-0.38232947772665105	-0.3185233732709959	-0.6235264904163123	-0.3743855624841987	-0.5118957503210667	-0.3864846748835991	-0.9434032807313338	-0.9659074643702009	-1.1093711508226143	-1.142270578882888	-0.9296128286022867	-0.6349826668150703	-0.5475729123170573	-0.7693618375688736	-1.354482893124436	-1.2759390896452592	-0.8469606467190233	-0.918221870489389	-0.8799567580762703	-0.9490875474780048	-1.0835530981044001	-1.1996506488586098	-0.6544876796681202	-0.6407268242197401	-0.48785899729651727	-0.29362715055334315	-0.2929333620917411	-0.5492091255411211	-0.17545229134968207	-0.5233193172770629	-0.4494196285836039	-0.3916864997811265	-0.43626262394130577	-0.3903108145745955	-0.5133080741386207	-0.7956935965962677	-0.8569890272916972	-0.8239896636804604	-0.9471982286301875	-0.6727662885946876	-0.48190317932832605	-0.48009689220954743	-0.0208995
Gln2014-8-7A	orange	LD06	C. polyantha	CPO	C. polyantha var. polyantha	102.221	29.971	0.04502	-0.0183894	-0.5408658691524546	-0.8268112619359544	-0.480627121729889	-0.11308612632105665	-0.5006668628799347	0.02227379258142853	-0.4009760736095751	-0.4472827562860693	-0.38117170270600453	-0.5235726141847528	-0.3528646154636009	-0.16592135842274974	-0.9213872955945626	-0.38232947772665105	-0.3185233732709959	-0.6235264904163123	-0.3743855624841987	-0.5118957503210667	-0.3864846748835991	-0.9434032807313338	-0.9659074643702009	-1.1093711508226143	-1.142270578882888	-0.9296128286022867	-0.6349826668150703	-0.5475729123170573	-0.7693618375688736	-1.354482893124436	-1.2759390896452592	-0.8469606467190233	-0.918221870489389	-0.8799567580762703	-0.9490875474780048	-1.0835530981044001	-1.1996506488586098	-0.6544876796681202	-0.6407268242197401	-0.48785899729651727	-0.29362715055334315	-0.2929333620917411	-0.5492091255411211	-0.17545229134968207	-0.5233193172770629	-0.4494196285836039	-0.3916864997811265	-0.43626262394130577	-0.3903108145745955	-0.5133080741386207	-0.7956935965962677	-0.8569890272916972	-0.8239896636804604	-0.9471982286301875	-0.6727662885946876	-0.48190317932832605	-0.48009689220954743	-0.0191735
Gln2014-8-8A	orange	LD06	C. polyantha	CPO	C. polyantha var. polyantha	102.221	29.971	0.044751	-0.0183806	-0.5408658691524546	-0.8268112619359544	-0.480627121729889	-0.11308612632105665	-0.5006668628799347	0.02227379258142853	-0.4009760736095751	-0.4472827562860693	-0.38117170270600453	-0.5235726141847528	-0.3528646154636009	-0.16592135842274974	-0.9213872955945626	-0.38232947772665105	-0.3185233732709959	-0.6235264904163123	-0.3743855624841987	-0.5118957503210667	-0.3864846748835991	-0.9434032807313338	-0.9659074643702009	-1.1093711508226143	-1.142270578882888	-0.9296128286022867	-0.6349826668150703	-0.5475729123170573	-0.7693618375688736	-1.354482893124436	-1.2759390896452592	-0.8469606467190233	-0.918221870489389	-0.8799567580762703	-0.9490875474780048	-1.0835530981044001	-1.1996506488586098	-0.6544876796681202	-0.6407268242197401	-0.48785899729651727	-0.29362715055334315	-0.2929333620917411	-0.5492091255411211	-0.17545229134968207	-0.5233193172770629	-0.4494196285836039	-0.3916864997811265	-0.43626262394130577	-0.3903108145745955	-0.5133080741386207	-0.7956935965962677	-0.8569890272916972	-0.8239896636804604	-0.9471982286301875	-0.6727662885946876	-0.48190317932832605	-0.48009689220954743	-0.018958
JLS-BM001-1A	coral	BM31	C. polyantha	N	C. polyantha f. leiocarpa	95.217	30.048	0.0212004	-0.00283597	-2.0614340124492134	1.3109646606778322	0.6363232315860499	-0.21967778959906287	-1.4914044645576887	-1.6505648364651693	0.30947817761812835	-1.8092875442043788	-1.1385967635669683	-1.795746483239829	-1.336535153091584	-1.112145164306756	-1.2191912207132751	-0.7849956298004646	0.3780066538216035	-0.9982811710535493	-0.7093027674775932	-0.8679971418487653	-0.6848237221621667	0.573126321847416	0.419048666260058	0.5411851151924626	1.023692443647738	1.5133431295598727	0.5914713106645049	0.2769059692599043	0.21898360862930422	1.2541730948747236	1.8621325936258861	1.0244135164622383	0.8875408531686031	0.3745267584094977	-0.22543820089984262	1.314090700705056	0.311291367694351	-0.11042919585512807	0.5012560772996224	-0.32297905896131285	0.06352488812931004	0.7015934341009038	0.8928814109766413	0.7219253684870861	0.5945427709550954	-1.2417228853129842	-1.226074720073775	-1.1759194122284697	-1.3061125601450743	-1.5677225053909791	-1.7218743532176828	-1.6954935329511913	-1.6614358497080648	-1.8608011523426335	-1.8431190521863368	-1.5732175767476027	-1.4369452925324122	0.0027659
JLS-BM001-2A	coral	BM31	C. polyantha	N	C. polyantha f. leiocarpa	95.217	30.048	0.021421	-0.00249531	-2.0614340124492134	1.3109646606778322	0.6363232315860499	-0.21967778959906287	-1.4914044645576887	-1.6505648364651693	0.30947817761812835	-1.8092875442043788	-1.1385967635669683	-1.795746483239829	-1.336535153091584	-1.112145164306756	-1.2191912207132751	-0.7849956298004646	0.3780066538216035	-0.9982811710535493	-0.7093027674775932	-0.8679971418487653	-0.6848237221621667	0.573126321847416	0.419048666260058	0.5411851151924626	1.023692443647738	1.5133431295598727	0.5914713106645049	0.2769059692599043	0.21898360862930422	1.2541730948747236	1.8621325936258861	1.0244135164622383	0.8875408531686031	0.3745267584094977	-0.22543820089984262	1.314090700705056	0.311291367694351	-0.11042919585512807	0.5012560772996224	-0.32297905896131285	0.06352488812931004	0.7015934341009038	0.8928814109766413	0.7219253684870861	0.5945427709550954	-1.2417228853129842	-1.226074720073775	-1.1759194122284697	-1.3061125601450743	-1.5677225053909791	-1.7218743532176828	-1.6954935329511913	-1.6614358497080648	-1.8608011523426335	-1.8431190521863368	-1.5732175767476027	-1.4369452925324122	0.00284799
JLS-BM001-3A	coral	BM31	C. polyantha	N	C. polyantha f. leiocarpa	95.217	30.048	0.021018	-0.00315989	-2.0614340124492134	1.3109646606778322	0.6363232315860499	-0.21967778959906287	-1.4914044645576887	-1.6505648364651693	0.30947817761812835	-1.8092875442043788	-1.1385967635669683	-1.795746483239829	-1.336535153091584	-1.112145164306756	-1.2191912207132751	-0.7849956298004646	0.3780066538216035	-0.9982811710535493	-0.7093027674775932	-0.8679971418487653	-0.6848237221621667	0.573126321847416	0.419048666260058	0.5411851151924626	1.023692443647738	1.5133431295598727	0.5914713106645049	0.2769059692599043	0.21898360862930422	1.2541730948747236	1.8621325936258861	1.0244135164622383	0.8875408531686031	0.3745267584094977	-0.22543820089984262	1.314090700705056	0.311291367694351	-0.11042919585512807	0.5012560772996224	-0.32297905896131285	0.06352488812931004	0.7015934341009038	0.8928814109766413	0.7219253684870861	0.5945427709550954	-1.2417228853129842	-1.226074720073775	-1.1759194122284697	-1.3061125601450743	-1.5677225053909791	-1.7218743532176828	-1.6954935329511913	-1.6614358497080648	-1.8608011523426335	-1.8431190521863368	-1.5732175767476027	-1.4369452925324122	0.00258128
JLS-BM001-4A	coral	BM31	C. polyantha	N	C. polyantha f. leiocarpa	95.217	30.048	0.0207897	-0.00225561	-2.0614340124492134	1.3109646606778322	0.6363232315860499	-0.21967778959906287	-1.4914044645576887	-1.6505648364651693	0.30947817761812835	-1.8092875442043788	-1.1385967635669683	-1.795746483239829	-1.336535153091584	-1.112145164306756	-1.2191912207132751	-0.7849956298004646	0.3780066538216035	-0.9982811710535493	-0.7093027674775932	-0.8679971418487653	-0.6848237221621667	0.573126321847416	0.419048666260058	0.5411851151924626	1.023692443647738	1.5133431295598727	0.5914713106645049	0.2769059692599043	0.21898360862930422	1.2541730948747236	1.8621325936258861	1.0244135164622383	0.8875408531686031	0.3745267584094977	-0.22543820089984262	1.314090700705056	0.311291367694351	-0.11042919585512807	0.5012560772996224	-0.32297905896131285	0.06352488812931004	0.7015934341009038	0.8928814109766413	0.7219253684870861	0.5945427709550954	-1.2417228853129842	-1.226074720073775	-1.1759194122284697	-1.3061125601450743	-1.5677225053909791	-1.7218743532176828	-1.6954935329511913	-1.6614358497080648	-1.8608011523426335	-1.8431190521863368	-1.5732175767476027	-1.4369452925324122	0.00236527
JLS-BM001-5A	coral	BM31	C. polyantha	N	C. polyantha f. leiocarpa	95.217	30.048	0.0212569	-0.00231378	-2.0614340124492134	1.3109646606778322	0.6363232315860499	-0.21967778959906287	-1.4914044645576887	-1.6505648364651693	0.30947817761812835	-1.8092875442043788	-1.1385967635669683	-1.795746483239829	-1.336535153091584	-1.112145164306756	-1.2191912207132751	-0.7849956298004646	0.3780066538216035	-0.9982811710535493	-0.7093027674775932	-0.8679971418487653	-0.6848237221621667	0.573126321847416	0.419048666260058	0.5411851151924626	1.023692443647738	1.5133431295598727	0.5914713106645049	0.2769059692599043	0.21898360862930422	1.2541730948747236	1.8621325936258861	1.0244135164622383	0.8875408531686031	0.3745267584094977	-0.22543820089984262	1.314090700705056	0.311291367694351	-0.11042919585512807	0.5012560772996224	-0.32297905896131285	0.06352488812931004	0.7015934341009038	0.8928814109766413	0.7219253684870861	0.5945427709550954	-1.2417228853129842	-1.226074720073775	-1.1759194122284697	-1.3061125601450743	-1.5677225053909791	-1.7218743532176828	-1.6954935329511913	-1.6614358497080648	-1.8608011523426335	-1.8431190521863368	-1.5732175767476027	-1.4369452925324122	0.00285067
JLS-BM001-6A	coral	BM31	C. polyantha	N	C. polyantha f. leiocarpa	95.217	30.048	0.0212039	-0.00239742	-2.0614340124492134	1.3109646606778322	0.6363232315860499	-0.21967778959906287	-1.4914044645576887	-1.6505648364651693	0.30947817761812835	-1.8092875442043788	-1.1385967635669683	-1.795746483239829	-1.336535153091584	-1.112145164306756	-1.2191912207132751	-0.7849956298004646	0.3780066538216035	-0.9982811710535493	-0.7093027674775932	-0.8679971418487653	-0.6848237221621667	0.573126321847416	0.419048666260058	0.5411851151924626	1.023692443647738	1.5133431295598727	0.5914713106645049	0.2769059692599043	0.21898360862930422	1.2541730948747236	1.8621325936258861	1.0244135164622383	0.8875408531686031	0.3745267584094977	-0.22543820089984262	1.314090700705056	0.311291367694351	-0.11042919585512807	0.5012560772996224	-0.32297905896131285	0.06352488812931004	0.7015934341009038	0.8928814109766413	0.7219253684870861	0.5945427709550954	-1.2417228853129842	-1.226074720073775	-1.1759194122284697	-1.3061125601450743	-1.5677225053909791	-1.7218743532176828	-1.6954935329511913	-1.6614358497080648	-1.8608011523426335	-1.8431190521863368	-1.5732175767476027	-1.4369452925324122	0.00185247
JLS-BM001-7A	coral	BM31	C. polyantha	N	C. polyantha f. leiocarpa	95.217	30.048	0.0197988	-0.00216856	-2.0614340124492134	1.3109646606778322	0.6363232315860499	-0.21967778959906287	-1.4914044645576887	-1.6505648364651693	0.30947817761812835	-1.8092875442043788	-1.1385967635669683	-1.795746483239829	-1.336535153091584	-1.112145164306756	-1.2191912207132751	-0.7849956298004646	0.3780066538216035	-0.9982811710535493	-0.7093027674775932	-0.8679971418487653	-0.6848237221621667	0.573126321847416	0.419048666260058	0.5411851151924626	1.023692443647738	1.5133431295598727	0.5914713106645049	0.2769059692599043	0.21898360862930422	1.2541730948747236	1.8621325936258861	1.0244135164622383	0.8875408531686031	0.3745267584094977	-0.22543820089984262	1.314090700705056	0.311291367694351	-0.11042919585512807	0.5012560772996224	-0.32297905896131285	0.06352488812931004	0.7015934341009038	0.8928814109766413	0.7219253684870861	0.5945427709550954	-1.2417228853129842	-1.226074720073775	-1.1759194122284697	-1.3061125601450743	-1.5677225053909791	-1.7218743532176828	-1.6954935329511913	-1.6614358497080648	-1.8608011523426335	-1.8431190521863368	-1.5732175767476027	-1.4369452925324122	0.00265195
JLS-BM001-8A	coral	BM31	C. polyantha	N	C. polyantha f. leiocarpa	95.217	30.048	0.020962	-0.00318665	-2.0614340124492134	1.3109646606778322	0.6363232315860499	-0.21967778959906287	-1.4914044645576887	-1.6505648364651693	0.30947817761812835	-1.8092875442043788	-1.1385967635669683	-1.795746483239829	-1.336535153091584	-1.112145164306756	-1.2191912207132751	-0.7849956298004646	0.3780066538216035	-0.9982811710535493	-0.7093027674775932	-0.8679971418487653	-0.6848237221621667	0.573126321847416	0.419048666260058	0.5411851151924626	1.023692443647738	1.5133431295598727	0.5914713106645049	0.2769059692599043	0.21898360862930422	1.2541730948747236	1.8621325936258861	1.0244135164622383	0.8875408531686031	0.3745267584094977	-0.22543820089984262	1.314090700705056	0.311291367694351	-0.11042919585512807	0.5012560772996224	-0.32297905896131285	0.06352488812931004	0.7015934341009038	0.8928814109766413	0.7219253684870861	0.5945427709550954	-1.2417228853129842	-1.226074720073775	-1.1759194122284697	-1.3061125601450743	-1.5677225053909791	-1.7218743532176828	-1.6954935329511913	-1.6614358497080648	-1.8608011523426335	-1.8431190521863368	-1.5732175767476027	-1.4369452925324122	0.00254621
JLS-CY022-10A	orange	CY32	C. polyantha	CPO	C. polyantha var. polyantha	98.394	28.505	0.0389537	-0.0158384	-0.6132738759761098	0.3545912216137697	0.6363232315860499	-0.5904807033427654	-0.9377569812671791	-0.1298024464228076	-0.6007913317673667	-0.8273771157051324	0.21394798797046696	-0.8785978799675648	-0.03383633298966037	0.6533699856963288	0.9845578251651986	-0.2481074270353799	-0.0019188155016325596	0.9808919860618592	-0.15110742582193565	1.012663332156893	0.13560865785389425	1.1568319853772295	0.9519805473382078	0.745692086655706	0.6637135845454909	0.4081122592776577	-0.2880959463895863	-0.6143473549194658	-0.6835423077379795	0.3907055819623155	1.3425890540218821	1.5261946063255252	1.3702747313269548	-0.4108887879309809	-0.5519631049207562	-0.5111051731757015	-0.5201737199533124	-0.7982012183411253	-0.3638825469620633	-0.6880706016936344	-0.5110240034227455	-0.14706936875317328	-1.074716977899333	-0.6917518270950371	-0.9246032095317561	-0.4591113944266874	-0.24444159501795265	-0.26360491745738657	-0.5067804379221305	-0.8085442091612907	-0.9200700140916852	-1.024507975325713	-0.9441611229801258	-0.8386802906608334	-0.8818783387224536	-0.8487625564200155	-0.7308096819563213	-0.0151854
JLS-CY022-11A	orange	CY32	C. polyantha	CPO	C. polyantha var. polyantha	98.394	28.505	0.0402758	-0.0161389	-0.6132738759761098	0.3545912216137697	0.6363232315860499	-0.5904807033427654	-0.9377569812671791	-0.1298024464228076	-0.6007913317673667	-0.8273771157051324	0.21394798797046696	-0.8785978799675648	-0.03383633298966037	0.6533699856963288	0.9845578251651986	-0.2481074270353799	-0.0019188155016325596	0.9808919860618592	-0.15110742582193565	1.012663332156893	0.13560865785389425	1.1568319853772295	0.9519805473382078	0.745692086655706	0.6637135845454909	0.4081122592776577	-0.2880959463895863	-0.6143473549194658	-0.6835423077379795	0.3907055819623155	1.3425890540218821	1.5261946063255252	1.3702747313269548	-0.4108887879309809	-0.5519631049207562	-0.5111051731757015	-0.5201737199533124	-0.7982012183411253	-0.3638825469620633	-0.6880706016936344	-0.5110240034227455	-0.14706936875317328	-1.074716977899333	-0.6917518270950371	-0.9246032095317561	-0.4591113944266874	-0.24444159501795265	-0.26360491745738657	-0.5067804379221305	-0.8085442091612907	-0.9200700140916852	-1.024507975325713	-0.9441611229801258	-0.8386802906608334	-0.8818783387224536	-0.8487625564200155	-0.7308096819563213	-0.0158575
JLS-CY022-12A	orange	CY32	C. polyantha	CPO	C. polyantha var. polyantha	98.394	28.505	0.039978	-0.0159751	-0.6132738759761098	0.3545912216137697	0.6363232315860499	-0.5904807033427654	-0.9377569812671791	-0.1298024464228076	-0.6007913317673667	-0.8273771157051324	0.21394798797046696	-0.8785978799675648	-0.03383633298966037	0.6533699856963288	0.9845578251651986	-0.2481074270353799	-0.0019188155016325596	0.9808919860618592	-0.15110742582193565	1.012663332156893	0.13560865785389425	1.1568319853772295	0.9519805473382078	0.745692086655706	0.6637135845454909	0.4081122592776577	-0.2880959463895863	-0.6143473549194658	-0.6835423077379795	0.3907055819623155	1.3425890540218821	1.5261946063255252	1.3702747313269548	-0.4108887879309809	-0.5519631049207562	-0.5111051731757015	-0.5201737199533124	-0.7982012183411253	-0.3638825469620633	-0.6880706016936344	-0.5110240034227455	-0.14706936875317328	-1.074716977899333	-0.6917518270950371	-0.9246032095317561	-0.4591113944266874	-0.24444159501795265	-0.26360491745738657	-0.5067804379221305	-0.8085442091612907	-0.9200700140916852	-1.024507975325713	-0.9441611229801258	-0.8386802906608334	-0.8818783387224536	-0.8487625564200155	-0.7308096819563213	-0.0156325
JLS-CY022-13A	orange	CY32	C. polyantha	CPO	C. polyantha var. polyantha	98.394	28.505	0.0401661	-0.0153851	-0.6132738759761098	0.3545912216137697	0.6363232315860499	-0.5904807033427654	-0.9377569812671791	-0.1298024464228076	-0.6007913317673667	-0.8273771157051324	0.21394798797046696	-0.8785978799675648	-0.03383633298966037	0.6533699856963288	0.9845578251651986	-0.2481074270353799	-0.0019188155016325596	0.9808919860618592	-0.15110742582193565	1.012663332156893	0.13560865785389425	1.1568319853772295	0.9519805473382078	0.745692086655706	0.6637135845454909	0.4081122592776577	-0.2880959463895863	-0.6143473549194658	-0.6835423077379795	0.3907055819623155	1.3425890540218821	1.5261946063255252	1.3702747313269548	-0.4108887879309809	-0.5519631049207562	-0.5111051731757015	-0.5201737199533124	-0.7982012183411253	-0.3638825469620633	-0.6880706016936344	-0.5110240034227455	-0.14706936875317328	-1.074716977899333	-0.6917518270950371	-0.9246032095317561	-0.4591113944266874	-0.24444159501795265	-0.26360491745738657	-0.5067804379221305	-0.8085442091612907	-0.9200700140916852	-1.024507975325713	-0.9441611229801258	-0.8386802906608334	-0.8818783387224536	-0.8487625564200155	-0.7308096819563213	-0.0155448
JLS-CY022-4A	orange	CY32	C. polyantha	CPO	C. polyantha var. polyantha	98.394	28.505	0.0386014	-0.0155567	-0.6132738759761098	0.3545912216137697	0.6363232315860499	-0.5904807033427654	-0.9377569812671791	-0.1298024464228076	-0.6007913317673667	-0.8273771157051324	0.21394798797046696	-0.8785978799675648	-0.03383633298966037	0.6533699856963288	0.9845578251651986	-0.2481074270353799	-0.0019188155016325596	0.9808919860618592	-0.15110742582193565	1.012663332156893	0.13560865785389425	1.1568319853772295	0.9519805473382078	0.745692086655706	0.6637135845454909	0.4081122592776577	-0.2880959463895863	-0.6143473549194658	-0.6835423077379795	0.3907055819623155	1.3425890540218821	1.5261946063255252	1.3702747313269548	-0.4108887879309809	-0.5519631049207562	-0.5111051731757015	-0.5201737199533124	-0.7982012183411253	-0.3638825469620633	-0.6880706016936344	-0.5110240034227455	-0.14706936875317328	-1.074716977899333	-0.6917518270950371	-0.9246032095317561	-0.4591113944266874	-0.24444159501795265	-0.26360491745738657	-0.5067804379221305	-0.8085442091612907	-0.9200700140916852	-1.024507975325713	-0.9441611229801258	-0.8386802906608334	-0.8818783387224536	-0.8487625564200155	-0.7308096819563213	-0.015212
JLS-CY022-5A	orange	CY32	C. polyantha	CPO	C. polyantha var. polyantha	98.394	28.505	0.038495	-0.0153482	-0.6132738759761098	0.3545912216137697	0.6363232315860499	-0.5904807033427654	-0.9377569812671791	-0.1298024464228076	-0.6007913317673667	-0.8273771157051324	0.21394798797046696	-0.8785978799675648	-0.03383633298966037	0.6533699856963288	0.9845578251651986	-0.2481074270353799	-0.0019188155016325596	0.9808919860618592	-0.15110742582193565	1.012663332156893	0.13560865785389425	1.1568319853772295	0.9519805473382078	0.745692086655706	0.6637135845454909	0.4081122592776577	-0.2880959463895863	-0.6143473549194658	-0.6835423077379795	0.3907055819623155	1.3425890540218821	1.5261946063255252	1.3702747313269548	-0.4108887879309809	-0.5519631049207562	-0.5111051731757015	-0.5201737199533124	-0.7982012183411253	-0.3638825469620633	-0.6880706016936344	-0.5110240034227455	-0.14706936875317328	-1.074716977899333	-0.6917518270950371	-0.9246032095317561	-0.4591113944266874	-0.24444159501795265	-0.26360491745738657	-0.5067804379221305	-0.8085442091612907	-0.9200700140916852	-1.024507975325713	-0.9441611229801258	-0.8386802906608334	-0.8818783387224536	-0.8487625564200155	-0.7308096819563213	-0.0149461
JLS-CY022-6A	orange	CY32	C. polyantha	CPO	C. polyantha var. polyantha	98.394	28.505	0.0395233	-0.015234	-0.6132738759761098	0.3545912216137697	0.6363232315860499	-0.5904807033427654	-0.9377569812671791	-0.1298024464228076	-0.6007913317673667	-0.8273771157051324	0.21394798797046696	-0.8785978799675648	-0.03383633298966037	0.6533699856963288	0.9845578251651986	-0.2481074270353799	-0.0019188155016325596	0.9808919860618592	-0.15110742582193565	1.012663332156893	0.13560865785389425	1.1568319853772295	0.9519805473382078	0.745692086655706	0.6637135845454909	0.4081122592776577	-0.2880959463895863	-0.6143473549194658	-0.6835423077379795	0.3907055819623155	1.3425890540218821	1.5261946063255252	1.3702747313269548	-0.4108887879309809	-0.5519631049207562	-0.5111051731757015	-0.5201737199533124	-0.7982012183411253	-0.3638825469620633	-0.6880706016936344	-0.5110240034227455	-0.14706936875317328	-1.074716977899333	-0.6917518270950371	-0.9246032095317561	-0.4591113944266874	-0.24444159501795265	-0.26360491745738657	-0.5067804379221305	-0.8085442091612907	-0.9200700140916852	-1.024507975325713	-0.9441611229801258	-0.8386802906608334	-0.8818783387224536	-0.8487625564200155	-0.7308096819563213	-0.0149469
JLS-CY022-7A	orange	CY32	C. polyantha	CPO	C. polyantha var. polyantha	98.394	28.505	0.0372311	-0.0142439	-0.6132738759761098	0.3545912216137697	0.6363232315860499	-0.5904807033427654	-0.9377569812671791	-0.1298024464228076	-0.6007913317673667	-0.8273771157051324	0.21394798797046696	-0.8785978799675648	-0.03383633298966037	0.6533699856963288	0.9845578251651986	-0.2481074270353799	-0.0019188155016325596	0.9808919860618592	-0.15110742582193565	1.012663332156893	0.13560865785389425	1.1568319853772295	0.9519805473382078	0.745692086655706	0.6637135845454909	0.4081122592776577	-0.2880959463895863	-0.6143473549194658	-0.6835423077379795	0.3907055819623155	1.3425890540218821	1.5261946063255252	1.3702747313269548	-0.4108887879309809	-0.5519631049207562	-0.5111051731757015	-0.5201737199533124	-0.7982012183411253	-0.3638825469620633	-0.6880706016936344	-0.5110240034227455	-0.14706936875317328	-1.074716977899333	-0.6917518270950371	-0.9246032095317561	-0.4591113944266874	-0.24444159501795265	-0.26360491745738657	-0.5067804379221305	-0.8085442091612907	-0.9200700140916852	-1.024507975325713	-0.9441611229801258	-0.8386802906608334	-0.8818783387224536	-0.8487625564200155	-0.7308096819563213	-0.0140842
Sha-WS-1A	green	WS14	C. macrocarpa	CMA	C. macrocarpa var. macrocarpa	110.013	31.037	-0.101567	-0.0376365	0.7986822570851664	-1.389383873150109	-1.37418740438264	0.8955658362936936	1.4225296580239408	0.6305787485983732	0.5314951311267857	0.8830475016806515	0.05164261778597473	1.3698954699902444	0.07250642783498645	0.6649093004022313	-0.6831441554995924	1.362557181259874	-1.7115834274561945	-0.974859003513722	1.3374134852598178	-0.8679971418487653	1.3289648469681647	-1.1222322103497622	-1.0668740048425582	-1.0878704178814909	-1.216025645879401	-0.6335183691085219	0.6371143001941738	1.4125352049078115	1.925144062618338	0.8256138513336387	-0.22465278367859384	-1.0404184163048689	-1.0676897999410448	0.3527099308169257	-0.12836350665587543	-0.34517841041403097	-0.08208971770387542	-0.5210395685737105	-0.2831362707806546	-0.19343043570187812	-0.029644927225655652	0.06509633196032152	0.09850970280935119	0.10728322103780395	0.43689583265074866	0.7741678399953377	0.8206304800575341	1.0366564345162765	1.3343960552982763	1.3424613562894971	1.3464769784067327	1.259757154784328	1.1175336233395967	1.1513022451989428	0.9411065620505922	0.9651537280260942	0.8815719456256093	0.0435483
Sha-WS-2A	green	WS14	C. macrocarpa	CMA	C. macrocarpa var. macrocarpa	110.013	31.037	-0.0998703	-0.0339525	0.7986822570851664	-1.389383873150109	-1.37418740438264	0.8955658362936936	1.4225296580239408	0.6305787485983732	0.5314951311267857	0.8830475016806515	0.05164261778597473	1.3698954699902444	0.07250642783498645	0.6649093004022313	-0.6831441554995924	1.362557181259874	-1.7115834274561945	-0.974859003513722	1.3374134852598178	-0.8679971418487653	1.3289648469681647	-1.1222322103497622	-1.0668740048425582	-1.0878704178814909	-1.216025645879401	-0.6335183691085219	0.6371143001941738	1.4125352049078115	1.925144062618338	0.8256138513336387	-0.22465278367859384	-1.0404184163048689	-1.0676897999410448	0.3527099308169257	-0.12836350665587543	-0.34517841041403097	-0.08208971770387542	-0.5210395685737105	-0.2831362707806546	-0.19343043570187812	-0.029644927225655652	0.06509633196032152	0.09850970280935119	0.10728322103780395	0.43689583265074866	0.7741678399953377	0.8206304800575341	1.0366564345162765	1.3343960552982763	1.3424613562894971	1.3464769784067327	1.259757154784328	1.1175336233395967	1.1513022451989428	0.9411065620505922	0.9651537280260942	0.8815719456256093	0.054019
Sha-WS-3A	green	WS14	C. macrocarpa	CMA	C. macrocarpa var. macrocarpa	110.013	31.037	-0.0970703	-0.0305845	0.7986822570851664	-1.389383873150109	-1.37418740438264	0.8955658362936936	1.4225296580239408	0.6305787485983732	0.5314951311267857	0.8830475016806515	0.05164261778597473	1.3698954699902444	0.07250642783498645	0.6649093004022313	-0.6831441554995924	1.362557181259874	-1.7115834274561945	-0.974859003513722	1.3374134852598178	-0.8679971418487653	1.3289648469681647	-1.1222322103497622	-1.0668740048425582	-1.0878704178814909	-1.216025645879401	-0.6335183691085219	0.6371143001941738	1.4125352049078115	1.925144062618338	0.8256138513336387	-0.22465278367859384	-1.0404184163048689	-1.0676897999410448	0.3527099308169257	-0.12836350665587543	-0.34517841041403097	-0.08208971770387542	-0.5210395685737105	-0.2831362707806546	-0.19343043570187812	-0.029644927225655652	0.06509633196032152	0.09850970280935119	0.10728322103780395	0.43689583265074866	0.7741678399953377	0.8206304800575341	1.0366564345162765	1.3343960552982763	1.3424613562894971	1.3464769784067327	1.259757154784328	1.1175336233395967	1.1513022451989428	0.9411065620505922	0.9651537280260942	0.8815719456256093	0.0524669
Sha-WS-4A	green	WS14	C. macrocarpa	CMA	C. macrocarpa var. macrocarpa	110.013	31.037	-0.101788	-0.0377711	0.7986822570851664	-1.389383873150109	-1.37418740438264	0.8955658362936936	1.4225296580239408	0.6305787485983732	0.5314951311267857	0.8830475016806515	0.05164261778597473	1.3698954699902444	0.07250642783498645	0.6649093004022313	-0.6831441554995924	1.362557181259874	-1.7115834274561945	-0.974859003513722	1.3374134852598178	-0.8679971418487653	1.3289648469681647	-1.1222322103497622	-1.0668740048425582	-1.0878704178814909	-1.216025645879401	-0.6335183691085219	0.6371143001941738	1.4125352049078115	1.925144062618338	0.8256138513336387	-0.22465278367859384	-1.0404184163048689	-1.0676897999410448	0.3527099308169257	-0.12836350665587543	-0.34517841041403097	-0.08208971770387542	-0.5210395685737105	-0.2831362707806546	-0.19343043570187812	-0.029644927225655652	0.06509633196032152	0.09850970280935119	0.10728322103780395	0.43689583265074866	0.7741678399953377	0.8206304800575341	1.0366564345162765	1.3343960552982763	1.3424613562894971	1.3464769784067327	1.259757154784328	1.1175336233395967	1.1513022451989428	0.9411065620505922	0.9651537280260942	0.8815719456256093	0.0376585
Sha-WS-5A	green	WS14	C. macrocarpa	CMA	C. macrocarpa var. macrocarpa	110.013	31.037	-0.10149	-0.0352524	0.7986822570851664	-1.389383873150109	-1.37418740438264	0.8955658362936936	1.4225296580239408	0.6305787485983732	0.5314951311267857	0.8830475016806515	0.05164261778597473	1.3698954699902444	0.07250642783498645	0.6649093004022313	-0.6831441554995924	1.362557181259874	-1.7115834274561945	-0.974859003513722	1.3374134852598178	-0.8679971418487653	1.3289648469681647	-1.1222322103497622	-1.0668740048425582	-1.0878704178814909	-1.216025645879401	-0.6335183691085219	0.6371143001941738	1.4125352049078115	1.925144062618338	0.8256138513336387	-0.22465278367859384	-1.0404184163048689	-1.0676897999410448	0.3527099308169257	-0.12836350665587543	-0.34517841041403097	-0.08208971770387542	-0.5210395685737105	-0.2831362707806546	-0.19343043570187812	-0.029644927225655652	0.06509633196032152	0.09850970280935119	0.10728322103780395	0.43689583265074866	0.7741678399953377	0.8206304800575341	1.0366564345162765	1.3343960552982763	1.3424613562894971	1.3464769784067327	1.259757154784328	1.1175336233395967	1.1513022451989428	0.9411065620505922	0.9651537280260942	0.8815719456256093	0.0492672
Sha-WS-6A	green	WS14	C. macrocarpa	CMA	C. macrocarpa var. macrocarpa	110.013	31.037	-0.0983275	-0.0357799	0.7986822570851664	-1.389383873150109	-1.37418740438264	0.8955658362936936	1.4225296580239408	0.6305787485983732	0.5314951311267857	0.8830475016806515	0.05164261778597473	1.3698954699902444	0.07250642783498645	0.6649093004022313	-0.6831441554995924	1.362557181259874	-1.7115834274561945	-0.974859003513722	1.3374134852598178	-0.8679971418487653	1.3289648469681647	-1.1222322103497622	-1.0668740048425582	-1.0878704178814909	-1.216025645879401	-0.6335183691085219	0.6371143001941738	1.4125352049078115	1.925144062618338	0.8256138513336387	-0.22465278367859384	-1.0404184163048689	-1.0676897999410448	0.3527099308169257	-0.12836350665587543	-0.34517841041403097	-0.08208971770387542	-0.5210395685737105	-0.2831362707806546	-0.19343043570187812	-0.029644927225655652	0.06509633196032152	0.09850970280935119	0.10728322103780395	0.43689583265074866	0.7741678399953377	0.8206304800575341	1.0366564345162765	1.3343960552982763	1.3424613562894971	1.3464769784067327	1.259757154784328	1.1175336233395967	1.1513022451989428	0.9411065620505922	0.9651537280260942	0.8815719456256093	0.0422595
Sha-WS-7A	green	WS14	C. macrocarpa	CMA	C. macrocarpa var. macrocarpa	110.013	31.037	-0.109443	-0.0404135	0.7986822570851664	-1.389383873150109	-1.37418740438264	0.8955658362936936	1.4225296580239408	0.6305787485983732	0.5314951311267857	0.8830475016806515	0.05164261778597473	1.3698954699902444	0.07250642783498645	0.6649093004022313	-0.6831441554995924	1.362557181259874	-1.7115834274561945	-0.974859003513722	1.3374134852598178	-0.8679971418487653	1.3289648469681647	-1.1222322103497622	-1.0668740048425582	-1.0878704178814909	-1.216025645879401	-0.6335183691085219	0.6371143001941738	1.4125352049078115	1.925144062618338	0.8256138513336387	-0.22465278367859384	-1.0404184163048689	-1.0676897999410448	0.3527099308169257	-0.12836350665587543	-0.34517841041403097	-0.08208971770387542	-0.5210395685737105	-0.2831362707806546	-0.19343043570187812	-0.029644927225655652	0.06509633196032152	0.09850970280935119	0.10728322103780395	0.43689583265074866	0.7741678399953377	0.8206304800575341	1.0366564345162765	1.3343960552982763	1.3424613562894971	1.3464769784067327	1.259757154784328	1.1175336233395967	1.1513022451989428	0.9411065620505922	0.9651537280260942	0.8815719456256093	0.0416884
Sha-WS-8A	green	WS14	C. macrocarpa	CMA	C. macrocarpa var. macrocarpa	110.013	31.037	-0.0967366	-0.0335607	0.7986822570851664	-1.389383873150109	-1.37418740438264	0.8955658362936936	1.4225296580239408	0.6305787485983732	0.5314951311267857	0.8830475016806515	0.05164261778597473	1.3698954699902444	0.07250642783498645	0.6649093004022313	-0.6831441554995924	1.362557181259874	-1.7115834274561945	-0.974859003513722	1.3374134852598178	-0.8679971418487653	1.3289648469681647	-1.1222322103497622	-1.0668740048425582	-1.0878704178814909	-1.216025645879401	-0.6335183691085219	0.6371143001941738	1.4125352049078115	1.925144062618338	0.8256138513336387	-0.22465278367859384	-1.0404184163048689	-1.0676897999410448	0.3527099308169257	-0.12836350665587543	-0.34517841041403097	-0.08208971770387542	-0.5210395685737105	-0.2831362707806546	-0.19343043570187812	-0.029644927225655652	0.06509633196032152	0.09850970280935119	0.10728322103780395	0.43689583265074866	0.7741678399953377	0.8206304800575341	1.0366564345162765	1.3343960552982763	1.3424613562894971	1.3464769784067327	1.259757154784328	1.1175336233395967	1.1513022451989428	0.9411065620505922	0.9651537280260942	0.8815719456256093	0.0435889
THP-SET_1917-1A	orange3	MK27	C. polyantha	CPO	C. polyantha f. souliei	98.923	29.746	0.0404418	-0.0157965	-2.1700460226846965	1.9860517941348175	0.9714083375808314	-0.23952198223060656	-1.5788224882351376	-1.8786791949715234	0.44268834972332277	-1.935985664010733	-1.2197494486592144	-1.9140882385007663	-1.3897065335039074	-2.4795539569562037	-2.3508461361643835	-1.0534397311830068	0.8845739462525848	-2.4153223072131023	-1.0814329952480317	-2.2145055285628756	-1.0577475312603761	0.647973261491084	0.45714924757038145	0.2286744619784599	0.19682371089783957	0.3360319851288176	0.0781219225425811	-0.18495059207342174	-0.26467480121235726	0.515305213880742	1.1531422384756707	1.0458477579788519	0.8764495933859714	1.0072232112009096	1.2659848750852063	0.40978925025297563	0.24870824331270658	0.8750353315554502	0.4435802148522205	0.30120937930376335	1.0728674854201314	0.11813785593604872	1.112861823354138	0.47606865604952137	1.3254527785781938	-1.7408496385876453	-1.7880597019954683	-1.828181541315958	-1.8102821108767941	-2.133152401024546	-2.1952286982521994	-1.9631594009521747	-1.9515377703046854	-2.3022048784061675	-2.3743310055775924	-2.1105370560666894	-1.8946683541181455	-0.016019
THP-SET_1917-2A	orange3	MK27	C. polyantha	CPO	C. polyantha f. souliei	98.923	29.746	0.0397293	-0.0157522	-2.1700460226846965	1.9860517941348175	0.9714083375808314	-0.23952198223060656	-1.5788224882351376	-1.8786791949715234	0.44268834972332277	-1.935985664010733	-1.2197494486592144	-1.9140882385007663	-1.3897065335039074	-2.4795539569562037	-2.3508461361643835	-1.0534397311830068	0.8845739462525848	-2.4153223072131023	-1.0814329952480317	-2.2145055285628756	-1.0577475312603761	0.647973261491084	0.45714924757038145	0.2286744619784599	0.19682371089783957	0.3360319851288176	0.0781219225425811	-0.18495059207342174	-0.26467480121235726	0.515305213880742	1.1531422384756707	1.0458477579788519	0.8764495933859714	1.0072232112009096	1.2659848750852063	0.40978925025297563	0.24870824331270658	0.8750353315554502	0.4435802148522205	0.30120937930376335	1.0728674854201314	0.11813785593604872	1.112861823354138	0.47606865604952137	1.3254527785781938	-1.7408496385876453	-1.7880597019954683	-1.828181541315958	-1.8102821108767941	-2.133152401024546	-2.1952286982521994	-1.9631594009521747	-1.9515377703046854	-2.3022048784061675	-2.3743310055775924	-2.1105370560666894	-1.8946683541181455	-0.0157286
THP-SET_1917-3A	orange3	MK27	C. polyantha	CPO	C. polyantha f. souliei	98.923	29.746	0.0384511	-0.0155678	-2.1700460226846965	1.9860517941348175	0.9714083375808314	-0.23952198223060656	-1.5788224882351376	-1.8786791949715234	0.44268834972332277	-1.935985664010733	-1.2197494486592144	-1.9140882385007663	-1.3897065335039074	-2.4795539569562037	-2.3508461361643835	-1.0534397311830068	0.8845739462525848	-2.4153223072131023	-1.0814329952480317	-2.2145055285628756	-1.0577475312603761	0.647973261491084	0.45714924757038145	0.2286744619784599	0.19682371089783957	0.3360319851288176	0.0781219225425811	-0.18495059207342174	-0.26467480121235726	0.515305213880742	1.1531422384756707	1.0458477579788519	0.8764495933859714	1.0072232112009096	1.2659848750852063	0.40978925025297563	0.24870824331270658	0.8750353315554502	0.4435802148522205	0.30120937930376335	1.0728674854201314	0.11813785593604872	1.112861823354138	0.47606865604952137	1.3254527785781938	-1.7408496385876453	-1.7880597019954683	-1.828181541315958	-1.8102821108767941	-2.133152401024546	-2.1952286982521994	-1.9631594009521747	-1.9515377703046854	-2.3022048784061675	-2.3743310055775924	-2.1105370560666894	-1.8946683541181455	-0.0156088
THP-SET_1917-4A	orange3	MK27	C. polyantha	CPO	C. polyantha f. souliei	98.923	29.746	0.0369205	-0.0137123	-2.1700460226846965	1.9860517941348175	0.9714083375808314	-0.23952198223060656	-1.5788224882351376	-1.8786791949715234	0.44268834972332277	-1.935985664010733	-1.2197494486592144	-1.9140882385007663	-1.3897065335039074	-2.4795539569562037	-2.3508461361643835	-1.0534397311830068	0.8845739462525848	-2.4153223072131023	-1.0814329952480317	-2.2145055285628756	-1.0577475312603761	0.647973261491084	0.45714924757038145	0.2286744619784599	0.19682371089783957	0.3360319851288176	0.0781219225425811	-0.18495059207342174	-0.26467480121235726	0.515305213880742	1.1531422384756707	1.0458477579788519	0.8764495933859714	1.0072232112009096	1.2659848750852063	0.40978925025297563	0.24870824331270658	0.8750353315554502	0.4435802148522205	0.30120937930376335	1.0728674854201314	0.11813785593604872	1.112861823354138	0.47606865604952137	1.3254527785781938	-1.7408496385876453	-1.7880597019954683	-1.828181541315958	-1.8102821108767941	-2.133152401024546	-2.1952286982521994	-1.9631594009521747	-1.9515377703046854	-2.3022048784061675	-2.3743310055775924	-2.1105370560666894	-1.8946683541181455	-0.0143582
THP-SET_1917-5A	orange3	MK27	C. polyantha	CPO	C. polyantha f. souliei	98.923	29.746	0.0396717	-0.0152544	-2.1700460226846965	1.9860517941348175	0.9714083375808314	-0.23952198223060656	-1.5788224882351376	-1.8786791949715234	0.44268834972332277	-1.935985664010733	-1.2197494486592144	-1.9140882385007663	-1.3897065335039074	-2.4795539569562037	-2.3508461361643835	-1.0534397311830068	0.8845739462525848	-2.4153223072131023	-1.0814329952480317	-2.2145055285628756	-1.0577475312603761	0.647973261491084	0.45714924757038145	0.2286744619784599	0.19682371089783957	0.3360319851288176	0.0781219225425811	-0.18495059207342174	-0.26467480121235726	0.515305213880742	1.1531422384756707	1.0458477579788519	0.8764495933859714	1.0072232112009096	1.2659848750852063	0.40978925025297563	0.24870824331270658	0.8750353315554502	0.4435802148522205	0.30120937930376335	1.0728674854201314	0.11813785593604872	1.112861823354138	0.47606865604952137	1.3254527785781938	-1.7408496385876453	-1.7880597019954683	-1.828181541315958	-1.8102821108767941	-2.133152401024546	-2.1952286982521994	-1.9631594009521747	-1.9515377703046854	-2.3022048784061675	-2.3743310055775924	-2.1105370560666894	-1.8946683541181455	-0.0164634
THP-SET_1917-6A	orange3	MK27	C. polyantha	CPO	C. polyantha f. souliei	98.923	29.746	0.0386558	-0.0155699	-2.1700460226846965	1.9860517941348175	0.9714083375808314	-0.23952198223060656	-1.5788224882351376	-1.8786791949715234	0.44268834972332277	-1.935985664010733	-1.2197494486592144	-1.9140882385007663	-1.3897065335039074	-2.4795539569562037	-2.3508461361643835	-1.0534397311830068	0.8845739462525848	-2.4153223072131023	-1.0814329952480317	-2.2145055285628756	-1.0577475312603761	0.647973261491084	0.45714924757038145	0.2286744619784599	0.19682371089783957	0.3360319851288176	0.0781219225425811	-0.18495059207342174	-0.26467480121235726	0.515305213880742	1.1531422384756707	1.0458477579788519	0.8764495933859714	1.0072232112009096	1.2659848750852063	0.40978925025297563	0.24870824331270658	0.8750353315554502	0.4435802148522205	0.30120937930376335	1.0728674854201314	0.11813785593604872	1.112861823354138	0.47606865604952137	1.3254527785781938	-1.7408496385876453	-1.7880597019954683	-1.828181541315958	-1.8102821108767941	-2.133152401024546	-2.1952286982521994	-1.9631594009521747	-1.9515377703046854	-2.3022048784061675	-2.3743310055775924	-2.1105370560666894	-1.8946683541181455	-0.0154502
THP-SET_1917-7A	orange3	MK27	C. polyantha	CPO	C. polyantha f. souliei	98.923	29.746	0.0388542	-0.0156288	-2.1700460226846965	1.9860517941348175	0.9714083375808314	-0.23952198223060656	-1.5788224882351376	-1.8786791949715234	0.44268834972332277	-1.935985664010733	-1.2197494486592144	-1.9140882385007663	-1.3897065335039074	-2.4795539569562037	-2.3508461361643835	-1.0534397311830068	0.8845739462525848	-2.4153223072131023	-1.0814329952480317	-2.2145055285628756	-1.0577475312603761	0.647973261491084	0.45714924757038145	0.2286744619784599	0.19682371089783957	0.3360319851288176	0.0781219225425811	-0.18495059207342174	-0.26467480121235726	0.515305213880742	1.1531422384756707	1.0458477579788519	0.8764495933859714	1.0072232112009096	1.2659848750852063	0.40978925025297563	0.24870824331270658	0.8750353315554502	0.4435802148522205	0.30120937930376335	1.0728674854201314	0.11813785593604872	1.112861823354138	0.47606865604952137	1.3254527785781938	-1.7408496385876453	-1.7880597019954683	-1.828181541315958	-1.8102821108767941	-2.133152401024546	-2.1952286982521994	-1.9631594009521747	-1.9515377703046854	-2.3022048784061675	-2.3743310055775924	-2.1105370560666894	-1.8946683541181455	-0.0157753
THP-SET_1917-8A	orange3	MK27	C. polyantha	CPO	C. polyantha f. souliei	98.923	29.746	0.0400204	-0.0160487	-2.1700460226846965	1.9860517941348175	0.9714083375808314	-0.23952198223060656	-1.5788224882351376	-1.8786791949715234	0.44268834972332277	-1.935985664010733	-1.2197494486592144	-1.9140882385007663	-1.3897065335039074	-2.4795539569562037	-2.3508461361643835	-1.0534397311830068	0.8845739462525848	-2.4153223072131023	-1.0814329952480317	-2.2145055285628756	-1.0577475312603761	0.647973261491084	0.45714924757038145	0.2286744619784599	0.19682371089783957	0.3360319851288176	0.0781219225425811	-0.18495059207342174	-0.26467480121235726	0.515305213880742	1.1531422384756707	1.0458477579788519	0.8764495933859714	1.0072232112009096	1.2659848750852063	0.40978925025297563	0.24870824331270658	0.8750353315554502	0.4435802148522205	0.30120937930376335	1.0728674854201314	0.11813785593604872	1.112861823354138	0.47606865604952137	1.3254527785781938	-1.7408496385876453	-1.7880597019954683	-1.828181541315958	-1.8102821108767941	-2.133152401024546	-2.1952286982521994	-1.9631594009521747	-1.9515377703046854	-2.3022048784061675	-2.3743310055775924	-2.1105370560666894	-1.8946683541181455	-0.0158907
XB2014-144-2A	tan1	SM35	C. polyantha	CYU	C. polyantha var. tomentosa	102.326	29.247	0.0315867	-0.00902511	1.4141503150862356	-0.48926769520746183	-0.25723705106670125	-0.21457499720809448	0.9854395396366964	1.264229744449357	-0.3565726829078436	1.0414201514385943	1.1336784190159228	0.9852847653921981	1.1359340360814547	-0.2986234775406286	-0.23643826782152336	-0.6507735791091934	0.18804391915998545	-0.16679422338967947	-0.6720897447005494	-0.27820421213101454	-0.6848237221621667	-0.936370682375553	-0.8958976462124816	-0.9838668724918707	-0.9534846734514464	-0.9345595140830893	-0.7498956051603545	-0.5406172412126397	-0.6369383246510039	-1.2751200702464573	-1.410848185564531	-0.9491854908751803	-1.0053674830672097	-1.0981279599043396	-2.034561304340056	-1.9131876536639538	-1.6913771388300218	-1.5167689117060763	-1.552006619724726	-1.1827104166993059	-1.9862166030500403	-1.738311926509904	-1.6979935382079017	-2.06855095543797	-1.4978658517365009	0.2483885952595613	0.3298140089513298	0.25436820199437754	0.20001432840784353	0.08507204538407542	-0.11585020059066904	-0.294344248272571	-0.22594767913734132	-0.19197276513701791	0.10634452612088355	0.22587640221815425	0.3065427748549215	-0.00148312
XB2014-144-3A	tan1	SM35	C. polyantha	CYU	C. polyantha var. tomentosa	102.326	29.247	0.0313249	-0.009236	1.4141503150862356	-0.48926769520746183	-0.25723705106670125	-0.21457499720809448	0.9854395396366964	1.264229744449357	-0.3565726829078436	1.0414201514385943	1.1336784190159228	0.9852847653921981	1.1359340360814547	-0.2986234775406286	-0.23643826782152336	-0.6507735791091934	0.18804391915998545	-0.16679422338967947	-0.6720897447005494	-0.27820421213101454	-0.6848237221621667	-0.936370682375553	-0.8958976462124816	-0.9838668724918707	-0.9534846734514464	-0.9345595140830893	-0.7498956051603545	-0.5406172412126397	-0.6369383246510039	-1.2751200702464573	-1.410848185564531	-0.9491854908751803	-1.0053674830672097	-1.0981279599043396	-2.034561304340056	-1.9131876536639538	-1.6913771388300218	-1.5167689117060763	-1.552006619724726	-1.1827104166993059	-1.9862166030500403	-1.738311926509904	-1.6979935382079017	-2.06855095543797	-1.4978658517365009	0.2483885952595613	0.3298140089513298	0.25436820199437754	0.20001432840784353	0.08507204538407542	-0.11585020059066904	-0.294344248272571	-0.22594767913734132	-0.19197276513701791	0.10634452612088355	0.22587640221815425	0.3065427748549215	-0.00166667
XB2014-144-4A	tan1	SM35	C. polyantha	CYU	C. polyantha var. tomentosa	102.326	29.247	0.0315063	-0.00924409	1.4141503150862356	-0.48926769520746183	-0.25723705106670125	-0.21457499720809448	0.9854395396366964	1.264229744449357	-0.3565726829078436	1.0414201514385943	1.1336784190159228	0.9852847653921981	1.1359340360814547	-0.2986234775406286	-0.23643826782152336	-0.6507735791091934	0.18804391915998545	-0.16679422338967947	-0.6720897447005494	-0.27820421213101454	-0.6848237221621667	-0.936370682375553	-0.8958976462124816	-0.9838668724918707	-0.9534846734514464	-0.9345595140830893	-0.7498956051603545	-0.5406172412126397	-0.6369383246510039	-1.2751200702464573	-1.410848185564531	-0.9491854908751803	-1.0053674830672097	-1.0981279599043396	-2.034561304340056	-1.9131876536639538	-1.6913771388300218	-1.5167689117060763	-1.552006619724726	-1.1827104166993059	-1.9862166030500403	-1.738311926509904	-1.6979935382079017	-2.06855095543797	-1.4978658517365009	0.2483885952595613	0.3298140089513298	0.25436820199437754	0.20001432840784353	0.08507204538407542	-0.11585020059066904	-0.294344248272571	-0.22594767913734132	-0.19197276513701791	0.10634452612088355	0.22587640221815425	0.3065427748549215	-0.00104443
XB2014-144-5A	tan1	SM35	C. polyantha	CYU	C. polyantha var. tomentosa	102.326	29.247	0.0313158	-0.00857558	1.4141503150862356	-0.48926769520746183	-0.25723705106670125	-0.21457499720809448	0.9854395396366964	1.264229744449357	-0.3565726829078436	1.0414201514385943	1.1336784190159228	0.9852847653921981	1.1359340360814547	-0.2986234775406286	-0.23643826782152336	-0.6507735791091934	0.18804391915998545	-0.16679422338967947	-0.6720897447005494	-0.27820421213101454	-0.6848237221621667	-0.936370682375553	-0.8958976462124816	-0.9838668724918707	-0.9534846734514464	-0.9345595140830893	-0.7498956051603545	-0.5406172412126397	-0.6369383246510039	-1.2751200702464573	-1.410848185564531	-0.9491854908751803	-1.0053674830672097	-1.0981279599043396	-2.034561304340056	-1.9131876536639538	-1.6913771388300218	-1.5167689117060763	-1.552006619724726	-1.1827104166993059	-1.9862166030500403	-1.738311926509904	-1.6979935382079017	-2.06855095543797	-1.4978658517365009	0.2483885952595613	0.3298140089513298	0.25436820199437754	0.20001432840784353	0.08507204538407542	-0.11585020059066904	-0.294344248272571	-0.22594767913734132	-0.19197276513701791	0.10634452612088355	0.22587640221815425	0.3065427748549215	-0.0018209
XB2014-144-6A	tan1	SM35	C. polyantha	CYU	C. polyantha var. tomentosa	102.326	29.247	0.0299126	-0.00881802	1.4141503150862356	-0.48926769520746183	-0.25723705106670125	-0.21457499720809448	0.9854395396366964	1.264229744449357	-0.3565726829078436	1.0414201514385943	1.1336784190159228	0.9852847653921981	1.1359340360814547	-0.2986234775406286	-0.23643826782152336	-0.6507735791091934	0.18804391915998545	-0.16679422338967947	-0.6720897447005494	-0.27820421213101454	-0.6848237221621667	-0.936370682375553	-0.8958976462124816	-0.9838668724918707	-0.9534846734514464	-0.9345595140830893	-0.7498956051603545	-0.5406172412126397	-0.6369383246510039	-1.2751200702464573	-1.410848185564531	-0.9491854908751803	-1.0053674830672097	-1.0981279599043396	-2.034561304340056	-1.9131876536639538	-1.6913771388300218	-1.5167689117060763	-1.552006619724726	-1.1827104166993059	-1.9862166030500403	-1.738311926509904	-1.6979935382079017	-2.06855095543797	-1.4978658517365009	0.2483885952595613	0.3298140089513298	0.25436820199437754	0.20001432840784353	0.08507204538407542	-0.11585020059066904	-0.294344248272571	-0.22594767913734132	-0.19197276513701791	0.10634452612088355	0.22587640221815425	0.3065427748549215	-0.000485048
XB2014-144-7A	tan1	SM35	C. polyantha	CYU	C. polyantha var. tomentosa	102.326	29.247	0.0321491	-0.00984802	1.4141503150862356	-0.48926769520746183	-0.25723705106670125	-0.21457499720809448	0.9854395396366964	1.264229744449357	-0.3565726829078436	1.0414201514385943	1.1336784190159228	0.9852847653921981	1.1359340360814547	-0.2986234775406286	-0.23643826782152336	-0.6507735791091934	0.18804391915998545	-0.16679422338967947	-0.6720897447005494	-0.27820421213101454	-0.6848237221621667	-0.936370682375553	-0.8958976462124816	-0.9838668724918707	-0.9534846734514464	-0.9345595140830893	-0.7498956051603545	-0.5406172412126397	-0.6369383246510039	-1.2751200702464573	-1.410848185564531	-0.9491854908751803	-1.0053674830672097	-1.0981279599043396	-2.034561304340056	-1.9131876536639538	-1.6913771388300218	-1.5167689117060763	-1.552006619724726	-1.1827104166993059	-1.9862166030500403	-1.738311926509904	-1.6979935382079017	-2.06855095543797	-1.4978658517365009	0.2483885952595613	0.3298140089513298	0.25436820199437754	0.20001432840784353	0.08507204538407542	-0.11585020059066904	-0.294344248272571	-0.22594767913734132	-0.19197276513701791	0.10634452612088355	0.22587640221815425	0.3065427748549215	-0.0021694
XB2014-144-8A	tan1	SM35	C. polyantha	CYU	C. polyantha var. tomentosa	102.326	29.247	0.0316527	-0.00967876	1.4141503150862356	-0.48926769520746183	-0.25723705106670125	-0.21457499720809448	0.9854395396366964	1.264229744449357	-0.3565726829078436	1.0414201514385943	1.1336784190159228	0.9852847653921981	1.1359340360814547	-0.2986234775406286	-0.23643826782152336	-0.6507735791091934	0.18804391915998545	-0.16679422338967947	-0.6720897447005494	-0.27820421213101454	-0.6848237221621667	-0.936370682375553	-0.8958976462124816	-0.9838668724918707	-0.9534846734514464	-0.9345595140830893	-0.7498956051603545	-0.5406172412126397	-0.6369383246510039	-1.2751200702464573	-1.410848185564531	-0.9491854908751803	-1.0053674830672097	-1.0981279599043396	-2.034561304340056	-1.9131876536639538	-1.6913771388300218	-1.5167689117060763	-1.552006619724726	-1.1827104166993059	-1.9862166030500403	-1.738311926509904	-1.6979935382079017	-2.06855095543797	-1.4978658517365009	0.2483885952595613	0.3298140089513298	0.25436820199437754	0.20001432840784353	0.08507204538407542	-0.11585020059066904	-0.294344248272571	-0.22594767913734132	-0.19197276513701791	0.10634452612088355	0.22587640221815425	0.3065427748549215	-0.00154507
XB2014-144-9A	tan1	SM35	C. polyantha	CYU	C. polyantha var. tomentosa	102.326	29.247	0.0321312	-0.00971664	1.4141503150862356	-0.48926769520746183	-0.25723705106670125	-0.21457499720809448	0.9854395396366964	1.264229744449357	-0.3565726829078436	1.0414201514385943	1.1336784190159228	0.9852847653921981	1.1359340360814547	-0.2986234775406286	-0.23643826782152336	-0.6507735791091934	0.18804391915998545	-0.16679422338967947	-0.6720897447005494	-0.27820421213101454	-0.6848237221621667	-0.936370682375553	-0.8958976462124816	-0.9838668724918707	-0.9534846734514464	-0.9345595140830893	-0.7498956051603545	-0.5406172412126397	-0.6369383246510039	-1.2751200702464573	-1.410848185564531	-0.9491854908751803	-1.0053674830672097	-1.0981279599043396	-2.034561304340056	-1.9131876536639538	-1.6913771388300218	-1.5167689117060763	-1.552006619724726	-1.1827104166993059	-1.9862166030500403	-1.738311926509904	-1.6979935382079017	-2.06855095543797	-1.4978658517365009	0.2483885952595613	0.3298140089513298	0.25436820199437754	0.20001432840784353	0.08507204538407542	-0.11585020059066904	-0.294344248272571	-0.22594767913734132	-0.19197276513701791	0.10634452612088355	0.22587640221815425	0.3065427748549215	-0.00206218
XB2014-38-2A	blue	EY8	C. yunnanensis	CYU	C. yunnanensis subsp. yunanensis	100.19	26.116	0.0307646	-0.00820404	0.40043821955506287	0.41084848273518515	1.1947984082440193	-1.0690092342291335	-0.6172242277831999	0.7319629079345306	-1.1114303248372785	-0.3205846364797149	0.9713730488314306	-0.40523085892381544	0.9764198948444845	0.503358894519596	0.41873036743964454	0.15455872503843354	0.06140209605224011	0.7583813944334996	0.29544884750259043	0.8012281309373218	0.2847781814931781	1.8319614275321947	1.8101961413532444	1.8697304041358311	1.5677206442458709	0.41235227540406005	-0.640352430289149	-1.1156193858444914	-0.8614331212285083	0.46689389192517505	0.9392969694121442	1.661944802597411	1.6887523336568084	-0.14908360581748764	0.1981611343598351	0.30193665665759484	0.18612458603658585	-0.2746735896852743	-0.35234751198270353	-0.6527389356317211	-0.6973640969135192	-0.849868178268715	-0.3292294415985023	-0.1262811686754347	-0.4229983442133719	0.7305548034397015	0.6488446968860216	0.38013108159792863	0.11226323581054809	0.18392330625148193	0.3695795370119393	0.03067863020414603	0.10076896547737502	0.7069657731647929	0.94616555837719	0.7872824730585203	0.858570737665499	-0.00137266
XB2014-38-3A	blue	EY8	C. yunnanensis	CYU	C. yunnanensis subsp. yunanensis	100.19	26.116	0.0290942	-0.00795713	0.40043821955506287	0.41084848273518515	1.1947984082440193	-1.0690092342291335	-0.6172242277831999	0.7319629079345306	-1.1114303248372785	-0.3205846364797149	0.9713730488314306	-0.40523085892381544	0.9764198948444845	0.503358894519596	0.41873036743964454	0.15455872503843354	0.06140209605224011	0.7583813944334996	0.29544884750259043	0.8012281309373218	0.2847781814931781	1.8319614275321947	1.8101961413532444	1.8697304041358311	1.5677206442458709	0.41235227540406005	-0.640352430289149	-1.1156193858444914	-0.8614331212285083	0.46689389192517505	0.9392969694121442	1.661944802597411	1.6887523336568084	-0.14908360581748764	0.1981611343598351	0.30193665665759484	0.18612458603658585	-0.2746735896852743	-0.35234751198270353	-0.6527389356317211	-0.6973640969135192	-0.849868178268715	-0.3292294415985023	-0.1262811686754347	-0.4229983442133719	0.7305548034397015	0.6488446968860216	0.38013108159792863	0.11226323581054809	0.18392330625148193	0.3695795370119393	0.03067863020414603	0.10076896547737502	0.7069657731647929	0.94616555837719	0.7872824730585203	0.858570737665499	8.81E-05
XB2014-38-4A	blue	EY8	C. yunnanensis	CYU	C. yunnanensis subsp. yunanensis	100.19	26.116	0.0295565	-0.00771356	0.40043821955506287	0.41084848273518515	1.1947984082440193	-1.0690092342291335	-0.6172242277831999	0.7319629079345306	-1.1114303248372785	-0.3205846364797149	0.9713730488314306	-0.40523085892381544	0.9764198948444845	0.503358894519596	0.41873036743964454	0.15455872503843354	0.06140209605224011	0.7583813944334996	0.29544884750259043	0.8012281309373218	0.2847781814931781	1.8319614275321947	1.8101961413532444	1.8697304041358311	1.5677206442458709	0.41235227540406005	-0.640352430289149	-1.1156193858444914	-0.8614331212285083	0.46689389192517505	0.9392969694121442	1.661944802597411	1.6887523336568084	-0.14908360581748764	0.1981611343598351	0.30193665665759484	0.18612458603658585	-0.2746735896852743	-0.35234751198270353	-0.6527389356317211	-0.6973640969135192	-0.849868178268715	-0.3292294415985023	-0.1262811686754347	-0.4229983442133719	0.7305548034397015	0.6488446968860216	0.38013108159792863	0.11226323581054809	0.18392330625148193	0.3695795370119393	0.03067863020414603	0.10076896547737502	0.7069657731647929	0.94616555837719	0.7872824730585203	0.858570737665499	-0.000519843
XB2014-38-6A	blue	EY8	C. yunnanensis	CYU	C. yunnanensis subsp. yunanensis	100.19	26.116	0.0463953	-0.0194536	0.40043821955506287	0.41084848273518515	1.1947984082440193	-1.0690092342291335	-0.6172242277831999	0.7319629079345306	-1.1114303248372785	-0.3205846364797149	0.9713730488314306	-0.40523085892381544	0.9764198948444845	0.503358894519596	0.41873036743964454	0.15455872503843354	0.06140209605224011	0.7583813944334996	0.29544884750259043	0.8012281309373218	0.2847781814931781	1.8319614275321947	1.8101961413532444	1.8697304041358311	1.5677206442458709	0.41235227540406005	-0.640352430289149	-1.1156193858444914	-0.8614331212285083	0.46689389192517505	0.9392969694121442	1.661944802597411	1.6887523336568084	-0.14908360581748764	0.1981611343598351	0.30193665665759484	0.18612458603658585	-0.2746735896852743	-0.35234751198270353	-0.6527389356317211	-0.6973640969135192	-0.849868178268715	-0.3292294415985023	-0.1262811686754347	-0.4229983442133719	0.7305548034397015	0.6488446968860216	0.38013108159792863	0.11226323581054809	0.18392330625148193	0.3695795370119393	0.03067863020414603	0.10076896547737502	0.7069657731647929	0.94616555837719	0.7872824730585203	0.858570737665499	-0.0200667
XB2014-38-5A	orange	EY9	C. polyantha	CPO	C. polyantha var. polyantha	100.19	26.116	0.0300484	-0.00740869	0.40043821955506287	0.41084848273518515	1.1947984082440193	-1.0690092342291335	-0.6172242277831999	0.7319629079345306	-1.1114303248372785	-0.3205846364797149	0.9713730488314306	-0.40523085892381544	0.9764198948444845	0.503358894519596	0.41873036743964454	0.15455872503843354	0.06140209605224011	0.7583813944334996	0.29544884750259043	0.8012281309373218	0.2847781814931781	1.8319614275321947	1.8101961413532444	1.8697304041358311	1.5677206442458709	0.41235227540406005	-0.640352430289149	-1.1156193858444914	-0.8614331212285083	0.46689389192517505	0.9392969694121442	1.661944802597411	1.6887523336568084	-0.14908360581748764	0.1981611343598351	0.30193665665759484	0.18612458603658585	-0.2746735896852743	-0.35234751198270353	-0.6527389356317211	-0.6973640969135192	-0.849868178268715	-0.3292294415985023	-0.1262811686754347	-0.4229983442133719	0.7305548034397015	0.6488446968860216	0.38013108159792863	0.11226323581054809	0.18392330625148193	0.3695795370119393	0.03067863020414603	0.10076896547737502	0.7069657731647929	0.94616555837719	0.7872824730585203	0.858570737665499	-0.000363418
XB2014-39-1A	orange	EY9	C. polyantha	CPO	C. polyantha var. polyantha	100.19	26.116	0.0467968	-0.0196865	0.40043821955506287	0.41084848273518515	1.1947984082440193	-1.0690092342291335	-0.6172242277831999	0.7319629079345306	-1.1114303248372785	-0.3205846364797149	0.9713730488314306	-0.40523085892381544	0.9764198948444845	0.503358894519596	0.41873036743964454	0.15455872503843354	0.06140209605224011	0.7583813944334996	0.29544884750259043	0.8012281309373218	0.2847781814931781	1.8319614275321947	1.8101961413532444	1.8697304041358311	1.5677206442458709	0.41235227540406005	-0.640352430289149	-1.1156193858444914	-0.8614331212285083	0.46689389192517505	0.9392969694121442	1.661944802597411	1.6887523336568084	-0.14908360581748764	0.1981611343598351	0.30193665665759484	0.18612458603658585	-0.2746735896852743	-0.35234751198270353	-0.6527389356317211	-0.6973640969135192	-0.849868178268715	-0.3292294415985023	-0.1262811686754347	-0.4229983442133719	0.7305548034397015	0.6488446968860216	0.38013108159792863	0.11226323581054809	0.18392330625148193	0.3695795370119393	0.03067863020414603	0.10076896547737502	0.7069657731647929	0.94616555837719	0.7872824730585203	0.858570737665499	-0.0203316
XB2014-39-2A	orange	EY9	C. polyantha	CPO	C. polyantha var. polyantha	100.19	26.116	0.0492324	-0.021224	0.40043821955506287	0.41084848273518515	1.1947984082440193	-1.0690092342291335	-0.6172242277831999	0.7319629079345306	-1.1114303248372785	-0.3205846364797149	0.9713730488314306	-0.40523085892381544	0.9764198948444845	0.503358894519596	0.41873036743964454	0.15455872503843354	0.06140209605224011	0.7583813944334996	0.29544884750259043	0.8012281309373218	0.2847781814931781	1.8319614275321947	1.8101961413532444	1.8697304041358311	1.5677206442458709	0.41235227540406005	-0.640352430289149	-1.1156193858444914	-0.8614331212285083	0.46689389192517505	0.9392969694121442	1.661944802597411	1.6887523336568084	-0.14908360581748764	0.1981611343598351	0.30193665665759484	0.18612458603658585	-0.2746735896852743	-0.35234751198270353	-0.6527389356317211	-0.6973640969135192	-0.849868178268715	-0.3292294415985023	-0.1262811686754347	-0.4229983442133719	0.7305548034397015	0.6488446968860216	0.38013108159792863	0.11226323581054809	0.18392330625148193	0.3695795370119393	0.03067863020414603	0.10076896547737502	0.7069657731647929	0.94616555837719	0.7872824730585203	0.858570737665499	-0.0224069
XB2014-39-3A	orange	EY9	C. polyantha	CPO	C. polyantha var. polyantha	100.19	26.116	0.0473066	-0.0195867	0.40043821955506287	0.41084848273518515	1.1947984082440193	-1.0690092342291335	-0.6172242277831999	0.7319629079345306	-1.1114303248372785	-0.3205846364797149	0.9713730488314306	-0.40523085892381544	0.9764198948444845	0.503358894519596	0.41873036743964454	0.15455872503843354	0.06140209605224011	0.7583813944334996	0.29544884750259043	0.8012281309373218	0.2847781814931781	1.8319614275321947	1.8101961413532444	1.8697304041358311	1.5677206442458709	0.41235227540406005	-0.640352430289149	-1.1156193858444914	-0.8614331212285083	0.46689389192517505	0.9392969694121442	1.661944802597411	1.6887523336568084	-0.14908360581748764	0.1981611343598351	0.30193665665759484	0.18612458603658585	-0.2746735896852743	-0.35234751198270353	-0.6527389356317211	-0.6973640969135192	-0.849868178268715	-0.3292294415985023	-0.1262811686754347	-0.4229983442133719	0.7305548034397015	0.6488446968860216	0.38013108159792863	0.11226323581054809	0.18392330625148193	0.3695795370119393	0.03067863020414603	0.10076896547737502	0.7069657731647929	0.94616555837719	0.7872824730585203	0.858570737665499	-0.0208955
XB2014-39-4A	orange	EY9	C. polyantha	CPO	C. polyantha var. polyantha	100.19	26.116	0.0475397	-0.020004	0.40043821955506287	0.41084848273518515	1.1947984082440193	-1.0690092342291335	-0.6172242277831999	0.7319629079345306	-1.1114303248372785	-0.3205846364797149	0.9713730488314306	-0.40523085892381544	0.9764198948444845	0.503358894519596	0.41873036743964454	0.15455872503843354	0.06140209605224011	0.7583813944334996	0.29544884750259043	0.8012281309373218	0.2847781814931781	1.8319614275321947	1.8101961413532444	1.8697304041358311	1.5677206442458709	0.41235227540406005	-0.640352430289149	-1.1156193858444914	-0.8614331212285083	0.46689389192517505	0.9392969694121442	1.661944802597411	1.6887523336568084	-0.14908360581748764	0.1981611343598351	0.30193665665759484	0.18612458603658585	-0.2746735896852743	-0.35234751198270353	-0.6527389356317211	-0.6973640969135192	-0.849868178268715	-0.3292294415985023	-0.1262811686754347	-0.4229983442133719	0.7305548034397015	0.6488446968860216	0.38013108159792863	0.11226323581054809	0.18392330625148193	0.3695795370119393	0.03067863020414603	0.10076896547737502	0.7069657731647929	0.94616555837719	0.7872824730585203	0.858570737665499	-0.0203372
XB2014-39-5A	orange	EY9	C. polyantha	CPO	C. polyantha var. polyantha	100.19	26.116	0.0485386	-0.0203271	0.40043821955506287	0.41084848273518515	1.1947984082440193	-1.0690092342291335	-0.6172242277831999	0.7319629079345306	-1.1114303248372785	-0.3205846364797149	0.9713730488314306	-0.40523085892381544	0.9764198948444845	0.503358894519596	0.41873036743964454	0.15455872503843354	0.06140209605224011	0.7583813944334996	0.29544884750259043	0.8012281309373218	0.2847781814931781	1.8319614275321947	1.8101961413532444	1.8697304041358311	1.5677206442458709	0.41235227540406005	-0.640352430289149	-1.1156193858444914	-0.8614331212285083	0.46689389192517505	0.9392969694121442	1.661944802597411	1.6887523336568084	-0.14908360581748764	0.1981611343598351	0.30193665665759484	0.18612458603658585	-0.2746735896852743	-0.35234751198270353	-0.6527389356317211	-0.6973640969135192	-0.849868178268715	-0.3292294415985023	-0.1262811686754347	-0.4229983442133719	0.7305548034397015	0.6488446968860216	0.38013108159792863	0.11226323581054809	0.18392330625148193	0.3695795370119393	0.03067863020414603	0.10076896547737502	0.7069657731647929	0.94616555837719	0.7872824730585203	0.858570737665499	-0.021422
XB2014-39-6A	orange	EY9	C. polyantha	CPO	C. polyantha var. polyantha	100.19	26.116	0.0458206	-0.019856	0.40043821955506287	0.41084848273518515	1.1947984082440193	-1.0690092342291335	-0.6172242277831999	0.7319629079345306	-1.1114303248372785	-0.3205846364797149	0.9713730488314306	-0.40523085892381544	0.9764198948444845	0.503358894519596	0.41873036743964454	0.15455872503843354	0.06140209605224011	0.7583813944334996	0.29544884750259043	0.8012281309373218	0.2847781814931781	1.8319614275321947	1.8101961413532444	1.8697304041358311	1.5677206442458709	0.41235227540406005	-0.640352430289149	-1.1156193858444914	-0.8614331212285083	0.46689389192517505	0.9392969694121442	1.661944802597411	1.6887523336568084	-0.14908360581748764	0.1981611343598351	0.30193665665759484	0.18612458603658585	-0.2746735896852743	-0.35234751198270353	-0.6527389356317211	-0.6973640969135192	-0.849868178268715	-0.3292294415985023	-0.1262811686754347	-0.4229983442133719	0.7305548034397015	0.6488446968860216	0.38013108159792863	0.11226323581054809	0.18392330625148193	0.3695795370119393	0.03067863020414603	0.10076896547737502	0.7069657731647929	0.94616555837719	0.7872824730585203	0.858570737665499	-0.0202041
XB2014-39-7A	orange	EY9	C. polyantha	CPO	C. polyantha var. polyantha	100.19	26.116	0.0458177	-0.019521	0.40043821955506287	0.41084848273518515	1.1947984082440193	-1.0690092342291335	-0.6172242277831999	0.7319629079345306	-1.1114303248372785	-0.3205846364797149	0.9713730488314306	-0.40523085892381544	0.9764198948444845	0.503358894519596	0.41873036743964454	0.15455872503843354	0.06140209605224011	0.7583813944334996	0.29544884750259043	0.8012281309373218	0.2847781814931781	1.8319614275321947	1.8101961413532444	1.8697304041358311	1.5677206442458709	0.41235227540406005	-0.640352430289149	-1.1156193858444914	-0.8614331212285083	0.46689389192517505	0.9392969694121442	1.661944802597411	1.6887523336568084	-0.14908360581748764	0.1981611343598351	0.30193665665759484	0.18612458603658585	-0.2746735896852743	-0.35234751198270353	-0.6527389356317211	-0.6973640969135192	-0.849868178268715	-0.3292294415985023	-0.1262811686754347	-0.4229983442133719	0.7305548034397015	0.6488446968860216	0.38013108159792863	0.11226323581054809	0.18392330625148193	0.3695795370119393	0.03067863020414603	0.10076896547737502	0.7069657731647929	0.94616555837719	0.7872824730585203	0.858570737665499	-0.0202124
XB2014-39-8A	orange	EY9	C. polyantha	CPO	C. polyantha var. polyantha	100.19	26.116	0.0454403	-0.0187554	0.40043821955506287	0.41084848273518515	1.1947984082440193	-1.0690092342291335	-0.6172242277831999	0.7319629079345306	-1.1114303248372785	-0.3205846364797149	0.9713730488314306	-0.40523085892381544	0.9764198948444845	0.503358894519596	0.41873036743964454	0.15455872503843354	0.06140209605224011	0.7583813944334996	0.29544884750259043	0.8012281309373218	0.2847781814931781	1.8319614275321947	1.8101961413532444	1.8697304041358311	1.5677206442458709	0.41235227540406005	-0.640352430289149	-1.1156193858444914	-0.8614331212285083	0.46689389192517505	0.9392969694121442	1.661944802597411	1.6887523336568084	-0.14908360581748764	0.1981611343598351	0.30193665665759484	0.18612458603658585	-0.2746735896852743	-0.35234751198270353	-0.6527389356317211	-0.6973640969135192	-0.849868178268715	-0.3292294415985023	-0.1262811686754347	-0.4229983442133719	0.7305548034397015	0.6488446968860216	0.38013108159792863	0.11226323581054809	0.18392330625148193	0.3695795370119393	0.03067863020414603	0.10076896547737502	0.7069657731647929	0.94616555837719	0.7872824730585203	0.858570737665499	-0.019271
XB2014-4-2A	royalblue	MN4	C. yunnanensis	CYU	C. yunnanensis subsp. filipes	101.876	28.303	0.0300589	-0.00826467	0.9434982707324767	0.523363004978016	0.7480182669176437	-0.7169165592523152	0.1986773265396564	0.8333470672706879	-0.578589636416501	0.37625502245523407	1.1066275239851742	0.24564879501133985	1.109348345875293	0.12833116657776436	0.24004801236841694	-0.6507735791091934	0.4413275653754761	0.44218213264583084	-0.6720897447005494	0.5007675818358261	-0.6848237221621667	0.1094771588198618	0.18139629033691518	0.01666723483808045	-0.16044854024123276	-0.583344844946094	-0.7364711964751578	-0.674629837824418	-0.7267362432820057	-0.7846578248605489	-0.5360918668113808	0.032942447334779856	0.12435654907799222	-0.37816322144185693	-0.022463409835752974	0.24386248749130512	0.3559937516511091	0.12567166138314176	-0.6061213755063449	-0.6645162746477401	-0.5110240034227455	-0.9559508310307869	-0.3170081254688309	-0.7040448825301345	-0.8099508519364387	-0.05205668744659588	-0.19781396261079606	-0.33394684014839204	-0.4509388767682275	-0.30637946614684397	-0.2498870760901913	-0.17507814392780469	-0.27946154959401226	-0.12304919222252032	0.06081205143381639	0.018359984104749417	0.06733076046020724	-0.00307165
XB2014-4-3A	royalblue	MN4	C. yunnanensis	CYU	C. yunnanensis subsp. filipes	101.876	28.303	0.0313544	-0.00859581	0.9434982707324767	0.523363004978016	0.7480182669176437	-0.7169165592523152	0.1986773265396564	0.8333470672706879	-0.578589636416501	0.37625502245523407	1.1066275239851742	0.24564879501133985	1.109348345875293	0.12833116657776436	0.24004801236841694	-0.6507735791091934	0.4413275653754761	0.44218213264583084	-0.6720897447005494	0.5007675818358261	-0.6848237221621667	0.1094771588198618	0.18139629033691518	0.01666723483808045	-0.16044854024123276	-0.583344844946094	-0.7364711964751578	-0.674629837824418	-0.7267362432820057	-0.7846578248605489	-0.5360918668113808	0.032942447334779856	0.12435654907799222	-0.37816322144185693	-0.022463409835752974	0.24386248749130512	0.3559937516511091	0.12567166138314176	-0.6061213755063449	-0.6645162746477401	-0.5110240034227455	-0.9559508310307869	-0.3170081254688309	-0.7040448825301345	-0.8099508519364387	-0.05205668744659588	-0.19781396261079606	-0.33394684014839204	-0.4509388767682275	-0.30637946614684397	-0.2498870760901913	-0.17507814392780469	-0.27946154959401226	-0.12304919222252032	0.06081205143381639	0.018359984104749417	0.06733076046020724	-0.00281276
XB2014-4-4A	royalblue	MN4	C. yunnanensis	CYU	C. yunnanensis subsp. filipes	101.876	28.303	0.0305093	-0.00853204	0.9434982707324767	0.523363004978016	0.7480182669176437	-0.7169165592523152	0.1986773265396564	0.8333470672706879	-0.578589636416501	0.37625502245523407	1.1066275239851742	0.24564879501133985	1.109348345875293	0.12833116657776436	0.24004801236841694	-0.6507735791091934	0.4413275653754761	0.44218213264583084	-0.6720897447005494	0.5007675818358261	-0.6848237221621667	0.1094771588198618	0.18139629033691518	0.01666723483808045	-0.16044854024123276	-0.583344844946094	-0.7364711964751578	-0.674629837824418	-0.7267362432820057	-0.7846578248605489	-0.5360918668113808	0.032942447334779856	0.12435654907799222	-0.37816322144185693	-0.022463409835752974	0.24386248749130512	0.3559937516511091	0.12567166138314176	-0.6061213755063449	-0.6645162746477401	-0.5110240034227455	-0.9559508310307869	-0.3170081254688309	-0.7040448825301345	-0.8099508519364387	-0.05205668744659588	-0.19781396261079606	-0.33394684014839204	-0.4509388767682275	-0.30637946614684397	-0.2498870760901913	-0.17507814392780469	-0.27946154959401226	-0.12304919222252032	0.06081205143381639	0.018359984104749417	0.06733076046020724	-0.00218946
XB2014-4-5A	royalblue	MN4	C. yunnanensis	CYU	C. yunnanensis subsp. filipes	101.876	28.303	0.0306563	-0.00817608	0.9434982707324767	0.523363004978016	0.7480182669176437	-0.7169165592523152	0.1986773265396564	0.8333470672706879	-0.578589636416501	0.37625502245523407	1.1066275239851742	0.24564879501133985	1.109348345875293	0.12833116657776436	0.24004801236841694	-0.6507735791091934	0.4413275653754761	0.44218213264583084	-0.6720897447005494	0.5007675818358261	-0.6848237221621667	0.1094771588198618	0.18139629033691518	0.01666723483808045	-0.16044854024123276	-0.583344844946094	-0.7364711964751578	-0.674629837824418	-0.7267362432820057	-0.7846578248605489	-0.5360918668113808	0.032942447334779856	0.12435654907799222	-0.37816322144185693	-0.022463409835752974	0.24386248749130512	0.3559937516511091	0.12567166138314176	-0.6061213755063449	-0.6645162746477401	-0.5110240034227455	-0.9559508310307869	-0.3170081254688309	-0.7040448825301345	-0.8099508519364387	-0.05205668744659588	-0.19781396261079606	-0.33394684014839204	-0.4509388767682275	-0.30637946614684397	-0.2498870760901913	-0.17507814392780469	-0.27946154959401226	-0.12304919222252032	0.06081205143381639	0.018359984104749417	0.06733076046020724	-0.00348766
XB2014-4-6A	royalblue	MN4	C. yunnanensis	CYU	C. yunnanensis subsp. filipes	101.876	28.303	0.0303752	-0.00863698	0.9434982707324767	0.523363004978016	0.7480182669176437	-0.7169165592523152	0.1986773265396564	0.8333470672706879	-0.578589636416501	0.37625502245523407	1.1066275239851742	0.24564879501133985	1.109348345875293	0.12833116657776436	0.24004801236841694	-0.6507735791091934	0.4413275653754761	0.44218213264583084	-0.6720897447005494	0.5007675818358261	-0.6848237221621667	0.1094771588198618	0.18139629033691518	0.01666723483808045	-0.16044854024123276	-0.583344844946094	-0.7364711964751578	-0.674629837824418	-0.7267362432820057	-0.7846578248605489	-0.5360918668113808	0.032942447334779856	0.12435654907799222	-0.37816322144185693	-0.022463409835752974	0.24386248749130512	0.3559937516511091	0.12567166138314176	-0.6061213755063449	-0.6645162746477401	-0.5110240034227455	-0.9559508310307869	-0.3170081254688309	-0.7040448825301345	-0.8099508519364387	-0.05205668744659588	-0.19781396261079606	-0.33394684014839204	-0.4509388767682275	-0.30637946614684397	-0.2498870760901913	-0.17507814392780469	-0.27946154959401226	-0.12304919222252032	0.06081205143381639	0.018359984104749417	0.06733076046020724	-0.00276151
XB2014-4-7A	royalblue	MN4	C. yunnanensis	CYU	C. yunnanensis subsp. filipes	101.876	28.303	0.0321009	-0.0086683	0.9434982707324767	0.523363004978016	0.7480182669176437	-0.7169165592523152	0.1986773265396564	0.8333470672706879	-0.578589636416501	0.37625502245523407	1.1066275239851742	0.24564879501133985	1.109348345875293	0.12833116657776436	0.24004801236841694	-0.6507735791091934	0.4413275653754761	0.44218213264583084	-0.6720897447005494	0.5007675818358261	-0.6848237221621667	0.1094771588198618	0.18139629033691518	0.01666723483808045	-0.16044854024123276	-0.583344844946094	-0.7364711964751578	-0.674629837824418	-0.7267362432820057	-0.7846578248605489	-0.5360918668113808	0.032942447334779856	0.12435654907799222	-0.37816322144185693	-0.022463409835752974	0.24386248749130512	0.3559937516511091	0.12567166138314176	-0.6061213755063449	-0.6645162746477401	-0.5110240034227455	-0.9559508310307869	-0.3170081254688309	-0.7040448825301345	-0.8099508519364387	-0.05205668744659588	-0.19781396261079606	-0.33394684014839204	-0.4509388767682275	-0.30637946614684397	-0.2498870760901913	-0.17507814392780469	-0.27946154959401226	-0.12304919222252032	0.06081205143381639	0.018359984104749417	0.06733076046020724	-0.00394606
XB2014-4-8A	royalblue	MN4	C. yunnanensis	CYU	C. yunnanensis subsp. filipes	101.876	28.303	0.0305883	-0.00805149	0.9434982707324767	0.523363004978016	0.7480182669176437	-0.7169165592523152	0.1986773265396564	0.8333470672706879	-0.578589636416501	0.37625502245523407	1.1066275239851742	0.24564879501133985	1.109348345875293	0.12833116657776436	0.24004801236841694	-0.6507735791091934	0.4413275653754761	0.44218213264583084	-0.6720897447005494	0.5007675818358261	-0.6848237221621667	0.1094771588198618	0.18139629033691518	0.01666723483808045	-0.16044854024123276	-0.583344844946094	-0.7364711964751578	-0.674629837824418	-0.7267362432820057	-0.7846578248605489	-0.5360918668113808	0.032942447334779856	0.12435654907799222	-0.37816322144185693	-0.022463409835752974	0.24386248749130512	0.3559937516511091	0.12567166138314176	-0.6061213755063449	-0.6645162746477401	-0.5110240034227455	-0.9559508310307869	-0.3170081254688309	-0.7040448825301345	-0.8099508519364387	-0.05205668744659588	-0.19781396261079606	-0.33394684014839204	-0.4509388767682275	-0.30637946614684397	-0.2498870760901913	-0.17507814392780469	-0.27946154959401226	-0.12304919222252032	0.06081205143381639	0.018359984104749417	0.06733076046020724	-0.00306382
XB2014-4-9A	royalblue	MN4	C. yunnanensis	CYU	C. yunnanensis subsp. filipes	101.876	28.303	0.0312244	-0.00844766	0.9434982707324767	0.523363004978016	0.7480182669176437	-0.7169165592523152	0.1986773265396564	0.8333470672706879	-0.578589636416501	0.37625502245523407	1.1066275239851742	0.24564879501133985	1.109348345875293	0.12833116657776436	0.24004801236841694	-0.6507735791091934	0.4413275653754761	0.44218213264583084	-0.6720897447005494	0.5007675818358261	-0.6848237221621667	0.1094771588198618	0.18139629033691518	0.01666723483808045	-0.16044854024123276	-0.583344844946094	-0.7364711964751578	-0.674629837824418	-0.7267362432820057	-0.7846578248605489	-0.5360918668113808	0.032942447334779856	0.12435654907799222	-0.37816322144185693	-0.022463409835752974	0.24386248749130512	0.3559937516511091	0.12567166138314176	-0.6061213755063449	-0.6645162746477401	-0.5110240034227455	-0.9559508310307869	-0.3170081254688309	-0.7040448825301345	-0.8099508519364387	-0.05205668744659588	-0.19781396261079606	-0.33394684014839204	-0.4509388767682275	-0.30637946614684397	-0.2498870760901913	-0.17507814392780469	-0.27946154959401226	-0.12304919222252032	0.06081205143381639	0.018359984104749417	0.06733076046020724	-0.0027972
XB2014-48-1A	blue	YL9	C. yunnanensis	CYU	C. yunnanensis subsp. yunanensis	100.389	27.178	0.0308278	-0.00824897	0.2556222059077525	0.7483920494636778	1.0831033729124253	-0.9198943010263909	-0.5589455453315673	0.4278104299260583	-0.8006065899251583	-0.3839336963828921	0.754965888585441	-0.46440173655428413	0.7637343731951909	0.07640425040120305	0.686753900046486	-0.6507735791091934	0.6946112115909668	0.7349592268936723	-0.5232376535923741	0.7789717939668407	-0.5356541985228829	1.2472511070944123	1.1686776035406727	1.1127045977902308	0.9194880370655086	0.07385765464627171	-0.6322977850780309	-0.9700140040586838	-0.8318793758562799	-0.0346791486636503	0.5869545965591526	1.1953378526588234	1.258305823045149	0.7563264428837163	0.6129355930537852	0.5923089859912835	0.00731505020959711	-0.04883785409719595	0.10906007514711283	-0.45252768222071815	-0.6041938187777112	-0.7703058923051403	-0.2559026374726701	-0.42130937014264785	-0.3800037635043784	-0.027827182577132133	-0.08001800223156925	-0.246552339763489	-0.4972074358426847	-0.4487250775399193	-0.24867933890268246	-0.35261156689545	-0.3517525603117937	0.02066388258615834	0.13332667750033236	-0.068722924217132	0.03972924235927379	-0.000548095
XB2014-48-2A	blue	YL9	C. yunnanensis	CYU	C. yunnanensis subsp. yunanensis	100.389	27.178	0.031742	-0.00798919	0.2556222059077525	0.7483920494636778	1.0831033729124253	-0.9198943010263909	-0.5589455453315673	0.4278104299260583	-0.8006065899251583	-0.3839336963828921	0.754965888585441	-0.46440173655428413	0.7637343731951909	0.07640425040120305	0.686753900046486	-0.6507735791091934	0.6946112115909668	0.7349592268936723	-0.5232376535923741	0.7789717939668407	-0.5356541985228829	1.2472511070944123	1.1686776035406727	1.1127045977902308	0.9194880370655086	0.07385765464627171	-0.6322977850780309	-0.9700140040586838	-0.8318793758562799	-0.0346791486636503	0.5869545965591526	1.1953378526588234	1.258305823045149	0.7563264428837163	0.6129355930537852	0.5923089859912835	0.00731505020959711	-0.04883785409719595	0.10906007514711283	-0.45252768222071815	-0.6041938187777112	-0.7703058923051403	-0.2559026374726701	-0.42130937014264785	-0.3800037635043784	-0.027827182577132133	-0.08001800223156925	-0.246552339763489	-0.4972074358426847	-0.4487250775399193	-0.24867933890268246	-0.35261156689545	-0.3517525603117937	0.02066388258615834	0.13332667750033236	-0.068722924217132	0.03972924235927379	-0.000252484
XB2014-48-3A	blue	YL9	C. yunnanensis	CYU	C. yunnanensis subsp. yunanensis	100.389	27.178	0.0308971	-0.00725595	0.2556222059077525	0.7483920494636778	1.0831033729124253	-0.9198943010263909	-0.5589455453315673	0.4278104299260583	-0.8006065899251583	-0.3839336963828921	0.754965888585441	-0.46440173655428413	0.7637343731951909	0.07640425040120305	0.686753900046486	-0.6507735791091934	0.6946112115909668	0.7349592268936723	-0.5232376535923741	0.7789717939668407	-0.5356541985228829	1.2472511070944123	1.1686776035406727	1.1127045977902308	0.9194880370655086	0.07385765464627171	-0.6322977850780309	-0.9700140040586838	-0.8318793758562799	-0.0346791486636503	0.5869545965591526	1.1953378526588234	1.258305823045149	0.7563264428837163	0.6129355930537852	0.5923089859912835	0.00731505020959711	-0.04883785409719595	0.10906007514711283	-0.45252768222071815	-0.6041938187777112	-0.7703058923051403	-0.2559026374726701	-0.42130937014264785	-0.3800037635043784	-0.027827182577132133	-0.08001800223156925	-0.246552339763489	-0.4972074358426847	-0.4487250775399193	-0.24867933890268246	-0.35261156689545	-0.3517525603117937	0.02066388258615834	0.13332667750033236	-0.068722924217132	0.03972924235927379	-0.000202044
XB2014-48-4A	blue	YL9	C. yunnanensis	CYU	C. yunnanensis subsp. yunanensis	100.389	27.178	0.0308835	-0.00816203	0.2556222059077525	0.7483920494636778	1.0831033729124253	-0.9198943010263909	-0.5589455453315673	0.4278104299260583	-0.8006065899251583	-0.3839336963828921	0.754965888585441	-0.46440173655428413	0.7637343731951909	0.07640425040120305	0.686753900046486	-0.6507735791091934	0.6946112115909668	0.7349592268936723	-0.5232376535923741	0.7789717939668407	-0.5356541985228829	1.2472511070944123	1.1686776035406727	1.1127045977902308	0.9194880370655086	0.07385765464627171	-0.6322977850780309	-0.9700140040586838	-0.8318793758562799	-0.0346791486636503	0.5869545965591526	1.1953378526588234	1.258305823045149	0.7563264428837163	0.6129355930537852	0.5923089859912835	0.00731505020959711	-0.04883785409719595	0.10906007514711283	-0.45252768222071815	-0.6041938187777112	-0.7703058923051403	-0.2559026374726701	-0.42130937014264785	-0.3800037635043784	-0.027827182577132133	-0.08001800223156925	-0.246552339763489	-0.4972074358426847	-0.4487250775399193	-0.24867933890268246	-0.35261156689545	-0.3517525603117937	0.02066388258615834	0.13332667750033236	-0.068722924217132	0.03972924235927379	-0.000705449
XB2014-48-5A	blue	YL9	C. yunnanensis	CYU	C. yunnanensis subsp. yunanensis	100.389	27.178	0.0298184	-0.00841068	0.2556222059077525	0.7483920494636778	1.0831033729124253	-0.9198943010263909	-0.5589455453315673	0.4278104299260583	-0.8006065899251583	-0.3839336963828921	0.754965888585441	-0.46440173655428413	0.7637343731951909	0.07640425040120305	0.686753900046486	-0.6507735791091934	0.6946112115909668	0.7349592268936723	-0.5232376535923741	0.7789717939668407	-0.5356541985228829	1.2472511070944123	1.1686776035406727	1.1127045977902308	0.9194880370655086	0.07385765464627171	-0.6322977850780309	-0.9700140040586838	-0.8318793758562799	-0.0346791486636503	0.5869545965591526	1.1953378526588234	1.258305823045149	0.7563264428837163	0.6129355930537852	0.5923089859912835	0.00731505020959711	-0.04883785409719595	0.10906007514711283	-0.45252768222071815	-0.6041938187777112	-0.7703058923051403	-0.2559026374726701	-0.42130937014264785	-0.3800037635043784	-0.027827182577132133	-0.08001800223156925	-0.246552339763489	-0.4972074358426847	-0.4487250775399193	-0.24867933890268246	-0.35261156689545	-0.3517525603117937	0.02066388258615834	0.13332667750033236	-0.068722924217132	0.03972924235927379	-0.00020824
XB2014-48-6A	blue	YL9	C. yunnanensis	CYU	C. yunnanensis subsp. yunanensis	100.389	27.178	0.0312097	-0.00907337	0.2556222059077525	0.7483920494636778	1.0831033729124253	-0.9198943010263909	-0.5589455453315673	0.4278104299260583	-0.8006065899251583	-0.3839336963828921	0.754965888585441	-0.46440173655428413	0.7637343731951909	0.07640425040120305	0.686753900046486	-0.6507735791091934	0.6946112115909668	0.7349592268936723	-0.5232376535923741	0.7789717939668407	-0.5356541985228829	1.2472511070944123	1.1686776035406727	1.1127045977902308	0.9194880370655086	0.07385765464627171	-0.6322977850780309	-0.9700140040586838	-0.8318793758562799	-0.0346791486636503	0.5869545965591526	1.1953378526588234	1.258305823045149	0.7563264428837163	0.6129355930537852	0.5923089859912835	0.00731505020959711	-0.04883785409719595	0.10906007514711283	-0.45252768222071815	-0.6041938187777112	-0.7703058923051403	-0.2559026374726701	-0.42130937014264785	-0.3800037635043784	-0.027827182577132133	-0.08001800223156925	-0.246552339763489	-0.4972074358426847	-0.4487250775399193	-0.24867933890268246	-0.35261156689545	-0.3517525603117937	0.02066388258615834	0.13332667750033236	-0.068722924217132	0.03972924235927379	-0.00198944
XB2014-48-7A	blue	YL9	C. yunnanensis	CYU	C. yunnanensis subsp. yunanensis	100.389	27.178	0.0309627	-0.00808453	0.2556222059077525	0.7483920494636778	1.0831033729124253	-0.9198943010263909	-0.5589455453315673	0.4278104299260583	-0.8006065899251583	-0.3839336963828921	0.754965888585441	-0.46440173655428413	0.7637343731951909	0.07640425040120305	0.686753900046486	-0.6507735791091934	0.6946112115909668	0.7349592268936723	-0.5232376535923741	0.7789717939668407	-0.5356541985228829	1.2472511070944123	1.1686776035406727	1.1127045977902308	0.9194880370655086	0.07385765464627171	-0.6322977850780309	-0.9700140040586838	-0.8318793758562799	-0.0346791486636503	0.5869545965591526	1.1953378526588234	1.258305823045149	0.7563264428837163	0.6129355930537852	0.5923089859912835	0.00731505020959711	-0.04883785409719595	0.10906007514711283	-0.45252768222071815	-0.6041938187777112	-0.7703058923051403	-0.2559026374726701	-0.42130937014264785	-0.3800037635043784	-0.027827182577132133	-0.08001800223156925	-0.246552339763489	-0.4972074358426847	-0.4487250775399193	-0.24867933890268246	-0.35261156689545	-0.3517525603117937	0.02066388258615834	0.13332667750033236	-0.068722924217132	0.03972924235927379	-0.000805193
XB2014-48-9A	blue	YL9	C. yunnanensis	CYU	C. yunnanensis subsp. yunanensis	100.389	27.178	0.0300726	-0.00738071	0.2556222059077525	0.7483920494636778	1.0831033729124253	-0.9198943010263909	-0.5589455453315673	0.4278104299260583	-0.8006065899251583	-0.3839336963828921	0.754965888585441	-0.46440173655428413	0.7637343731951909	0.07640425040120305	0.686753900046486	-0.6507735791091934	0.6946112115909668	0.7349592268936723	-0.5232376535923741	0.7789717939668407	-0.5356541985228829	1.2472511070944123	1.1686776035406727	1.1127045977902308	0.9194880370655086	0.07385765464627171	-0.6322977850780309	-0.9700140040586838	-0.8318793758562799	-0.0346791486636503	0.5869545965591526	1.1953378526588234	1.258305823045149	0.7563264428837163	0.6129355930537852	0.5923089859912835	0.00731505020959711	-0.04883785409719595	0.10906007514711283	-0.45252768222071815	-0.6041938187777112	-0.7703058923051403	-0.2559026374726701	-0.42130937014264785	-0.3800037635043784	-0.027827182577132133	-0.08001800223156925	-0.246552339763489	-0.4972074358426847	-0.4487250775399193	-0.24867933890268246	-0.35261156689545	-0.3517525603117937	0.02066388258615834	0.13332667750033236	-0.068722924217132	0.03972924235927379	-0.00045786
XB26-11B	orange	SC37	C. polyantha	CPO	C. polyantha var. polyantha	104.998	26.532	0.0490868	-0.0219395	-0.14262183162235106	-1.1080975675430316	-0.480627121729889	-0.2741075751027256	-0.4715275216541184	0.4024643900920189	-0.7117998085216953	-0.25723557657653773	-0.029510067306271384	-0.34605998129334675	-0.007250642783498665	1.1899481195207957	0.686753900046486	0.9598910291860605	-0.44516519637874125	1.0160252373716	0.5931530297189411	1.0460478376126146	0.5831172287717457	-0.9122589165843042	-0.8396992887797544	-0.4608490432729157	-0.3072820222434651	-0.906999409261474	-0.7579502503714726	0.11182470838172753	0.39119100954825065	0.1359509205240039	-0.9149854979038035	-0.6617468161780291	-0.8469209147438994	-0.8799567580762703	-0.4107632388324554	-0.5608831031040526	-0.010566223109764513	0.8237091114477357	0.4551152498315796	1.2433800042371441	0.7467722061160671	1.0861434949514632	0.19627841075970948	-0.6179949599059038	-0.12203542502233389	0.8589709265149645	0.8132681068289793	0.7829987457641941	0.6930158522016312	0.5121100579632539	0.07373286893623912	-0.27067325183032676	-0.25411310973259693	-0.16410982100304844	0.30027908468629955	0.7150224224021212	0.8171686318861052	-0.0234149
XB26-12B	orange	SC37	C. polyantha	CPO	C. polyantha var. polyantha	104.998	26.532	0.0493586	-0.0227036	-0.14262183162235106	-1.1080975675430316	-0.480627121729889	-0.2741075751027256	-0.4715275216541184	0.4024643900920189	-0.7117998085216953	-0.25723557657653773	-0.029510067306271384	-0.34605998129334675	-0.007250642783498665	1.1899481195207957	0.686753900046486	0.9598910291860605	-0.44516519637874125	1.0160252373716	0.5931530297189411	1.0460478376126146	0.5831172287717457	-0.9122589165843042	-0.8396992887797544	-0.4608490432729157	-0.3072820222434651	-0.906999409261474	-0.7579502503714726	0.11182470838172753	0.39119100954825065	0.1359509205240039	-0.9149854979038035	-0.6617468161780291	-0.8469209147438994	-0.8799567580762703	-0.4107632388324554	-0.5608831031040526	-0.010566223109764513	0.8237091114477357	0.4551152498315796	1.2433800042371441	0.7467722061160671	1.0861434949514632	0.19627841075970948	-0.6179949599059038	-0.12203542502233389	0.8589709265149645	0.8132681068289793	0.7829987457641941	0.6930158522016312	0.5121100579632539	0.07373286893623912	-0.27067325183032676	-0.25411310973259693	-0.16410982100304844	0.30027908468629955	0.7150224224021212	0.8171686318861052	-0.0237453
XB26-13B	orange	SC37	C. polyantha	CPO	C. polyantha var. polyantha	104.998	26.532	0.0497207	-0.0230192	-0.14262183162235106	-1.1080975675430316	-0.480627121729889	-0.2741075751027256	-0.4715275216541184	0.4024643900920189	-0.7117998085216953	-0.25723557657653773	-0.029510067306271384	-0.34605998129334675	-0.007250642783498665	1.1899481195207957	0.686753900046486	0.9598910291860605	-0.44516519637874125	1.0160252373716	0.5931530297189411	1.0460478376126146	0.5831172287717457	-0.9122589165843042	-0.8396992887797544	-0.4608490432729157	-0.3072820222434651	-0.906999409261474	-0.7579502503714726	0.11182470838172753	0.39119100954825065	0.1359509205240039	-0.9149854979038035	-0.6617468161780291	-0.8469209147438994	-0.8799567580762703	-0.4107632388324554	-0.5608831031040526	-0.010566223109764513	0.8237091114477357	0.4551152498315796	1.2433800042371441	0.7467722061160671	1.0861434949514632	0.19627841075970948	-0.6179949599059038	-0.12203542502233389	0.8589709265149645	0.8132681068289793	0.7829987457641941	0.6930158522016312	0.5121100579632539	0.07373286893623912	-0.27067325183032676	-0.25411310973259693	-0.16410982100304844	0.30027908468629955	0.7150224224021212	0.8171686318861052	-0.0239289
XB26-3B	orange	SC37	C. polyantha	CPO	C. polyantha var. polyantha	104.998	26.532	0.0486183	-0.0218976	-0.14262183162235106	-1.1080975675430316	-0.480627121729889	-0.2741075751027256	-0.4715275216541184	0.4024643900920189	-0.7117998085216953	-0.25723557657653773	-0.029510067306271384	-0.34605998129334675	-0.007250642783498665	1.1899481195207957	0.686753900046486	0.9598910291860605	-0.44516519637874125	1.0160252373716	0.5931530297189411	1.0460478376126146	0.5831172287717457	-0.9122589165843042	-0.8396992887797544	-0.4608490432729157	-0.3072820222434651	-0.906999409261474	-0.7579502503714726	0.11182470838172753	0.39119100954825065	0.1359509205240039	-0.9149854979038035	-0.6617468161780291	-0.8469209147438994	-0.8799567580762703	-0.4107632388324554	-0.5608831031040526	-0.010566223109764513	0.8237091114477357	0.4551152498315796	1.2433800042371441	0.7467722061160671	1.0861434949514632	0.19627841075970948	-0.6179949599059038	-0.12203542502233389	0.8589709265149645	0.8132681068289793	0.7829987457641941	0.6930158522016312	0.5121100579632539	0.07373286893623912	-0.27067325183032676	-0.25411310973259693	-0.16410982100304844	0.30027908468629955	0.7150224224021212	0.8171686318861052	-0.023377
XB26-4B	orange	SC37	C. polyantha	CPO	C. polyantha var. polyantha	104.998	26.532	0.0473388	-0.0214131	-0.14262183162235106	-1.1080975675430316	-0.480627121729889	-0.2741075751027256	-0.4715275216541184	0.4024643900920189	-0.7117998085216953	-0.25723557657653773	-0.029510067306271384	-0.34605998129334675	-0.007250642783498665	1.1899481195207957	0.686753900046486	0.9598910291860605	-0.44516519637874125	1.0160252373716	0.5931530297189411	1.0460478376126146	0.5831172287717457	-0.9122589165843042	-0.8396992887797544	-0.4608490432729157	-0.3072820222434651	-0.906999409261474	-0.7579502503714726	0.11182470838172753	0.39119100954825065	0.1359509205240039	-0.9149854979038035	-0.6617468161780291	-0.8469209147438994	-0.8799567580762703	-0.4107632388324554	-0.5608831031040526	-0.010566223109764513	0.8237091114477357	0.4551152498315796	1.2433800042371441	0.7467722061160671	1.0861434949514632	0.19627841075970948	-0.6179949599059038	-0.12203542502233389	0.8589709265149645	0.8132681068289793	0.7829987457641941	0.6930158522016312	0.5121100579632539	0.07373286893623912	-0.27067325183032676	-0.25411310973259693	-0.16410982100304844	0.30027908468629955	0.7150224224021212	0.8171686318861052	-0.0224671
XB26-5B	orange	SC37	C. polyantha	CPO	C. polyantha var. polyantha	104.998	26.532	0.0483851	-0.0222279	-0.14262183162235106	-1.1080975675430316	-0.480627121729889	-0.2741075751027256	-0.4715275216541184	0.4024643900920189	-0.7117998085216953	-0.25723557657653773	-0.029510067306271384	-0.34605998129334675	-0.007250642783498665	1.1899481195207957	0.686753900046486	0.9598910291860605	-0.44516519637874125	1.0160252373716	0.5931530297189411	1.0460478376126146	0.5831172287717457	-0.9122589165843042	-0.8396992887797544	-0.4608490432729157	-0.3072820222434651	-0.906999409261474	-0.7579502503714726	0.11182470838172753	0.39119100954825065	0.1359509205240039	-0.9149854979038035	-0.6617468161780291	-0.8469209147438994	-0.8799567580762703	-0.4107632388324554	-0.5608831031040526	-0.010566223109764513	0.8237091114477357	0.4551152498315796	1.2433800042371441	0.7467722061160671	1.0861434949514632	0.19627841075970948	-0.6179949599059038	-0.12203542502233389	0.8589709265149645	0.8132681068289793	0.7829987457641941	0.6930158522016312	0.5121100579632539	0.07373286893623912	-0.27067325183032676	-0.25411310973259693	-0.16410982100304844	0.30027908468629955	0.7150224224021212	0.8171686318861052	-0.0225353
XB26-7B	orange	SC37	C. polyantha	CPO	C. polyantha var. polyantha	104.998	26.532	0.0481039	-0.0220412	-0.14262183162235106	-1.1080975675430316	-0.480627121729889	-0.2741075751027256	-0.4715275216541184	0.4024643900920189	-0.7117998085216953	-0.25723557657653773	-0.029510067306271384	-0.34605998129334675	-0.007250642783498665	1.1899481195207957	0.686753900046486	0.9598910291860605	-0.44516519637874125	1.0160252373716	0.5931530297189411	1.0460478376126146	0.5831172287717457	-0.9122589165843042	-0.8396992887797544	-0.4608490432729157	-0.3072820222434651	-0.906999409261474	-0.7579502503714726	0.11182470838172753	0.39119100954825065	0.1359509205240039	-0.9149854979038035	-0.6617468161780291	-0.8469209147438994	-0.8799567580762703	-0.4107632388324554	-0.5608831031040526	-0.010566223109764513	0.8237091114477357	0.4551152498315796	1.2433800042371441	0.7467722061160671	1.0861434949514632	0.19627841075970948	-0.6179949599059038	-0.12203542502233389	0.8589709265149645	0.8132681068289793	0.7829987457641941	0.6930158522016312	0.5121100579632539	0.07373286893623912	-0.27067325183032676	-0.25411310973259693	-0.16410982100304844	0.30027908468629955	0.7150224224021212	0.8171686318861052	-0.0230964
XuBo-97-11B	green	YJI38	C. macrocarpa	CMA	C. macrocarpa var. macrocarpa	108.525	28.003	-0.20461	-0.15007	0.653866243437856	-1.670670178757186	-1.37418740438264	0.7884071960833576	1.2185542694432268	0.7319629079345306	0.2872764822672626	0.6930003219711199	0.024591722755226024	1.1332119594683698	0.04592073762882475	1.7092172812864088	-0.027975520238424475	2.302111536098772	-1.9015461621178127	0.11427178708824835	1.8583958041384316	-0.34497322304245803	1.851058179705658	-1.4105687429367784	-1.5421787566888439	-1.5463860482770757	-1.835838869446428	-1.8242562312731845	-0.38206680718596353	1.3068090041206646	1.5085499211213487	1.3168697249483268	-0.6710009627306525	-1.2404713371265954	-1.24726257737413	-1.4362930138926315	-0.957912424043754	-1.1748129659735647	-1.1817696419864745	-1.290933482046402	-1.055993583881543	0.9489517936286205	-0.09175844598283518	-0.20011089272890048	-1.2213702219335583	-0.876144727778596	-1.168240163482175	1.0310000861458644	1.1715644196291126	1.4544453820905587	1.8178243392685791	1.7273224695226037	1.6725113181861675	1.2497424085218678	1.267748507057078	1.3478078067473316	1.190691587956271	1.174523003347686	1.090882286848976	-0.169839
XuBo-97-2B	green	YJI38	C. macrocarpa	CMA	C. macrocarpa var. macrocarpa	108.525	28.003	-0.216809	-0.161285	0.653866243437856	-1.670670178757186	-1.37418740438264	0.7884071960833576	1.2185542694432268	0.7319629079345306	0.2872764822672626	0.6930003219711199	0.024591722755226024	1.1332119594683698	0.04592073762882475	1.7092172812864088	-0.027975520238424475	2.302111536098772	-1.9015461621178127	0.11427178708824835	1.8583958041384316	-0.34497322304245803	1.851058179705658	-1.4105687429367784	-1.5421787566888439	-1.5463860482770757	-1.835838869446428	-1.8242562312731845	-0.38206680718596353	1.3068090041206646	1.5085499211213487	1.3168697249483268	-0.6710009627306525	-1.2404713371265954	-1.24726257737413	-1.4362930138926315	-0.957912424043754	-1.1748129659735647	-1.1817696419864745	-1.290933482046402	-1.055993583881543	0.9489517936286205	-0.09175844598283518	-0.20011089272890048	-1.2213702219335583	-0.876144727778596	-1.168240163482175	1.0310000861458644	1.1715644196291126	1.4544453820905587	1.8178243392685791	1.7273224695226037	1.6725113181861675	1.2497424085218678	1.267748507057078	1.3478078067473316	1.190691587956271	1.174523003347686	1.090882286848976	-0.182617
XuBo-97-3B	green	YJI38	C. macrocarpa	CMA	C. macrocarpa var. macrocarpa	108.525	28.003	-0.229026	-0.173104	0.653866243437856	-1.670670178757186	-1.37418740438264	0.7884071960833576	1.2185542694432268	0.7319629079345306	0.2872764822672626	0.6930003219711199	0.024591722755226024	1.1332119594683698	0.04592073762882475	1.7092172812864088	-0.027975520238424475	2.302111536098772	-1.9015461621178127	0.11427178708824835	1.8583958041384316	-0.34497322304245803	1.851058179705658	-1.4105687429367784	-1.5421787566888439	-1.5463860482770757	-1.835838869446428	-1.8242562312731845	-0.38206680718596353	1.3068090041206646	1.5085499211213487	1.3168697249483268	-0.6710009627306525	-1.2404713371265954	-1.24726257737413	-1.4362930138926315	-0.957912424043754	-1.1748129659735647	-1.1817696419864745	-1.290933482046402	-1.055993583881543	0.9489517936286205	-0.09175844598283518	-0.20011089272890048	-1.2213702219335583	-0.876144727778596	-1.168240163482175	1.0310000861458644	1.1715644196291126	1.4544453820905587	1.8178243392685791	1.7273224695226037	1.6725113181861675	1.2497424085218678	1.267748507057078	1.3478078067473316	1.190691587956271	1.174523003347686	1.090882286848976	-0.20477
XuBo-97-4B	green	YJI38	C. macrocarpa	CMA	C. macrocarpa var. macrocarpa	108.525	28.003	-0.224241	-0.168655	0.653866243437856	-1.670670178757186	-1.37418740438264	0.7884071960833576	1.2185542694432268	0.7319629079345306	0.2872764822672626	0.6930003219711199	0.024591722755226024	1.1332119594683698	0.04592073762882475	1.7092172812864088	-0.027975520238424475	2.302111536098772	-1.9015461621178127	0.11427178708824835	1.8583958041384316	-0.34497322304245803	1.851058179705658	-1.4105687429367784	-1.5421787566888439	-1.5463860482770757	-1.835838869446428	-1.8242562312731845	-0.38206680718596353	1.3068090041206646	1.5085499211213487	1.3168697249483268	-0.6710009627306525	-1.2404713371265954	-1.24726257737413	-1.4362930138926315	-0.957912424043754	-1.1748129659735647	-1.1817696419864745	-1.290933482046402	-1.055993583881543	0.9489517936286205	-0.09175844598283518	-0.20011089272890048	-1.2213702219335583	-0.876144727778596	-1.168240163482175	1.0310000861458644	1.1715644196291126	1.4544453820905587	1.8178243392685791	1.7273224695226037	1.6725113181861675	1.2497424085218678	1.267748507057078	1.3478078067473316	1.190691587956271	1.174523003347686	1.090882286848976	-0.196744
XuBo-97-5B	green	YJI38	C. macrocarpa	CMA	C. macrocarpa var. macrocarpa	108.525	28.003	-0.229786	-0.172446	0.653866243437856	-1.670670178757186	-1.37418740438264	0.7884071960833576	1.2185542694432268	0.7319629079345306	0.2872764822672626	0.6930003219711199	0.024591722755226024	1.1332119594683698	0.04592073762882475	1.7092172812864088	-0.027975520238424475	2.302111536098772	-1.9015461621178127	0.11427178708824835	1.8583958041384316	-0.34497322304245803	1.851058179705658	-1.4105687429367784	-1.5421787566888439	-1.5463860482770757	-1.835838869446428	-1.8242562312731845	-0.38206680718596353	1.3068090041206646	1.5085499211213487	1.3168697249483268	-0.6710009627306525	-1.2404713371265954	-1.24726257737413	-1.4362930138926315	-0.957912424043754	-1.1748129659735647	-1.1817696419864745	-1.290933482046402	-1.055993583881543	0.9489517936286205	-0.09175844598283518	-0.20011089272890048	-1.2213702219335583	-0.876144727778596	-1.168240163482175	1.0310000861458644	1.1715644196291126	1.4544453820905587	1.8178243392685791	1.7273224695226037	1.6725113181861675	1.2497424085218678	1.267748507057078	1.3478078067473316	1.190691587956271	1.174523003347686	1.090882286848976	-0.205427
XuBo-97-7B	green	YJI38	C. macrocarpa	CMA	C. macrocarpa var. macrocarpa	108.525	28.003	-0.227008	-0.169965	0.653866243437856	-1.670670178757186	-1.37418740438264	0.7884071960833576	1.2185542694432268	0.7319629079345306	0.2872764822672626	0.6930003219711199	0.024591722755226024	1.1332119594683698	0.04592073762882475	1.7092172812864088	-0.027975520238424475	2.302111536098772	-1.9015461621178127	0.11427178708824835	1.8583958041384316	-0.34497322304245803	1.851058179705658	-1.4105687429367784	-1.5421787566888439	-1.5463860482770757	-1.835838869446428	-1.8242562312731845	-0.38206680718596353	1.3068090041206646	1.5085499211213487	1.3168697249483268	-0.6710009627306525	-1.2404713371265954	-1.24726257737413	-1.4362930138926315	-0.957912424043754	-1.1748129659735647	-1.1817696419864745	-1.290933482046402	-1.055993583881543	0.9489517936286205	-0.09175844598283518	-0.20011089272890048	-1.2213702219335583	-0.876144727778596	-1.168240163482175	1.0310000861458644	1.1715644196291126	1.4544453820905587	1.8178243392685791	1.7273224695226037	1.6725113181861675	1.2497424085218678	1.267748507057078	1.3478078067473316	1.190691587956271	1.174523003347686	1.090882286848976	-0.205668
XuBo-97-8A	green	YJI38	C. macrocarpa	CMA	C. macrocarpa var. macrocarpa	108.525	28.003	-0.224406	-0.166882	0.653866243437856	-1.670670178757186	-1.37418740438264	0.7884071960833576	1.2185542694432268	0.7319629079345306	0.2872764822672626	0.6930003219711199	0.024591722755226024	1.1332119594683698	0.04592073762882475	1.7092172812864088	-0.027975520238424475	2.302111536098772	-1.9015461621178127	0.11427178708824835	1.8583958041384316	-0.34497322304245803	1.851058179705658	-1.4105687429367784	-1.5421787566888439	-1.5463860482770757	-1.835838869446428	-1.8242562312731845	-0.38206680718596353	1.3068090041206646	1.5085499211213487	1.3168697249483268	-0.6710009627306525	-1.2404713371265954	-1.24726257737413	-1.4362930138926315	-0.957912424043754	-1.1748129659735647	-1.1817696419864745	-1.290933482046402	-1.055993583881543	0.9489517936286205	-0.09175844598283518	-0.20011089272890048	-1.2213702219335583	-0.876144727778596	-1.168240163482175	1.0310000861458644	1.1715644196291126	1.4544453820905587	1.8178243392685791	1.7273224695226037	1.6725113181861675	1.2497424085218678	1.267748507057078	1.3478078067473316	1.190691587956271	1.174523003347686	1.090882286848976	-0.189669
XuBo-97-9B	green	YJI38	C. macrocarpa	CMA	C. macrocarpa var. macrocarpa	108.525	28.003	-0.217948	-0.159732	0.653866243437856	-1.670670178757186	-1.37418740438264	0.7884071960833576	1.2185542694432268	0.7319629079345306	0.2872764822672626	0.6930003219711199	0.024591722755226024	1.1332119594683698	0.04592073762882475	1.7092172812864088	-0.027975520238424475	2.302111536098772	-1.9015461621178127	0.11427178708824835	1.8583958041384316	-0.34497322304245803	1.851058179705658	-1.4105687429367784	-1.5421787566888439	-1.5463860482770757	-1.835838869446428	-1.8242562312731845	-0.38206680718596353	1.3068090041206646	1.5085499211213487	1.3168697249483268	-0.6710009627306525	-1.2404713371265954	-1.24726257737413	-1.4362930138926315	-0.957912424043754	-1.1748129659735647	-1.1817696419864745	-1.290933482046402	-1.055993583881543	0.9489517936286205	-0.09175844598283518	-0.20011089272890048	-1.2213702219335583	-0.876144727778596	-1.168240163482175	1.0310000861458644	1.1715644196291126	1.4544453820905587	1.8178243392685791	1.7273224695226037	1.6725113181861675	1.2497424085218678	1.267748507057078	1.3478078067473316	1.190691587956271	1.174523003347686	1.090882286848976	-0.191978
XuBo982-1A	green	XS40	C. macrocarpa	CMA	C. macrocarpa var. macrocarpa	116.196	39.991	-0.0781713	-0.00166912	-0.7942938930352478	0.4671057438566006	-1.2624923690510461	2.597630587147814	1.247693610669043	-2.182831672979996	2.8626731429676875	1.1997928011965373	-2.274734354858414	1.0148702042074325	-2.2138629298949204	-1.6025660393076127	1.3121421427957827	-0.6507735791091934	3.2907685852997464	-0.0731055532303702	-0.7465157902546371	0.011128168485240581	-0.7594084839818086	-0.6158851287335383	-0.06768625997932463	0.4906833936330798	1.3965276905750654	3.1379759753263765	2.691585805376685	1.5368098619734052	1.0447834552802255	1.8017765727327766	0.7986470609005631	-0.7194543894919887	-0.830548102683824	1.7817303437451162	1.0718349605868442	0.6669761281341903	1.920578788820498	2.3429666950927093	1.8278022886911238	0.5720836138525082	-0.029644927225655652	0.7678947462865132	1.112861823354138	1.7422313845426374	0.952832082500831	-1.6487777728165867	-1.7487943513951563	-1.5596028867854108	-1.1864519361043906	-0.656971922311283	0.02301654403684575	0.9338239681604652	0.8499642710563383	-0.4676666197567125	-1.4552499350555255	-1.5454251327636686	-1.6094540094892176	0.157371
XuBo982-2A	green	XS40	C. macrocarpa	CMA	C. macrocarpa var. macrocarpa	116.196	39.991	-0.0685149	-0.00414296	-0.7942938930352478	0.4671057438566006	-1.2624923690510461	2.597630587147814	1.247693610669043	-2.182831672979996	2.8626731429676875	1.1997928011965373	-2.274734354858414	1.0148702042074325	-2.2138629298949204	-1.6025660393076127	1.3121421427957827	-0.6507735791091934	3.2907685852997464	-0.0731055532303702	-0.7465157902546371	0.011128168485240581	-0.7594084839818086	-0.6158851287335383	-0.06768625997932463	0.4906833936330798	1.3965276905750654	3.1379759753263765	2.691585805376685	1.5368098619734052	1.0447834552802255	1.8017765727327766	0.7986470609005631	-0.7194543894919887	-0.830548102683824	1.7817303437451162	1.0718349605868442	0.6669761281341903	1.920578788820498	2.3429666950927093	1.8278022886911238	0.5720836138525082	-0.029644927225655652	0.7678947462865132	1.112861823354138	1.7422313845426374	0.952832082500831	-1.6487777728165867	-1.7487943513951563	-1.5596028867854108	-1.1864519361043906	-0.656971922311283	0.02301654403684575	0.9338239681604652	0.8499642710563383	-0.4676666197567125	-1.4552499350555255	-1.5454251327636686	-1.6094540094892176	0.133224
XuBo982-3A	green	XS40	C. macrocarpa	CMA	C. macrocarpa var. macrocarpa	116.196	39.991	-0.0704504	-0.00399801	-0.7942938930352478	0.4671057438566006	-1.2624923690510461	2.597630587147814	1.247693610669043	-2.182831672979996	2.8626731429676875	1.1997928011965373	-2.274734354858414	1.0148702042074325	-2.2138629298949204	-1.6025660393076127	1.3121421427957827	-0.6507735791091934	3.2907685852997464	-0.0731055532303702	-0.7465157902546371	0.011128168485240581	-0.7594084839818086	-0.6158851287335383	-0.06768625997932463	0.4906833936330798	1.3965276905750654	3.1379759753263765	2.691585805376685	1.5368098619734052	1.0447834552802255	1.8017765727327766	0.7986470609005631	-0.7194543894919887	-0.830548102683824	1.7817303437451162	1.0718349605868442	0.6669761281341903	1.920578788820498	2.3429666950927093	1.8278022886911238	0.5720836138525082	-0.029644927225655652	0.7678947462865132	1.112861823354138	1.7422313845426374	0.952832082500831	-1.6487777728165867	-1.7487943513951563	-1.5596028867854108	-1.1864519361043906	-0.656971922311283	0.02301654403684575	0.9338239681604652	0.8499642710563383	-0.4676666197567125	-1.4552499350555255	-1.5454251327636686	-1.6094540094892176	0.135729
XuBo982-4A	green	XS40	C. macrocarpa	CMA	C. macrocarpa var. macrocarpa	116.196	39.991	-0.0791022	-0.002665	-0.7942938930352478	0.4671057438566006	-1.2624923690510461	2.597630587147814	1.247693610669043	-2.182831672979996	2.8626731429676875	1.1997928011965373	-2.274734354858414	1.0148702042074325	-2.2138629298949204	-1.6025660393076127	1.3121421427957827	-0.6507735791091934	3.2907685852997464	-0.0731055532303702	-0.7465157902546371	0.011128168485240581	-0.7594084839818086	-0.6158851287335383	-0.06768625997932463	0.4906833936330798	1.3965276905750654	3.1379759753263765	2.691585805376685	1.5368098619734052	1.0447834552802255	1.8017765727327766	0.7986470609005631	-0.7194543894919887	-0.830548102683824	1.7817303437451162	1.0718349605868442	0.6669761281341903	1.920578788820498	2.3429666950927093	1.8278022886911238	0.5720836138525082	-0.029644927225655652	0.7678947462865132	1.112861823354138	1.7422313845426374	0.952832082500831	-1.6487777728165867	-1.7487943513951563	-1.5596028867854108	-1.1864519361043906	-0.656971922311283	0.02301654403684575	0.9338239681604652	0.8499642710563383	-0.4676666197567125	-1.4552499350555255	-1.5454251327636686	-1.6094540094892176	0.151871
XuBo982-5A	green	XS40	C. macrocarpa	CMA	C. macrocarpa var. macrocarpa	116.196	39.991	-0.0762731	-0.00294223	-0.7942938930352478	0.4671057438566006	-1.2624923690510461	2.597630587147814	1.247693610669043	-2.182831672979996	2.8626731429676875	1.1997928011965373	-2.274734354858414	1.0148702042074325	-2.2138629298949204	-1.6025660393076127	1.3121421427957827	-0.6507735791091934	3.2907685852997464	-0.0731055532303702	-0.7465157902546371	0.011128168485240581	-0.7594084839818086	-0.6158851287335383	-0.06768625997932463	0.4906833936330798	1.3965276905750654	3.1379759753263765	2.691585805376685	1.5368098619734052	1.0447834552802255	1.8017765727327766	0.7986470609005631	-0.7194543894919887	-0.830548102683824	1.7817303437451162	1.0718349605868442	0.6669761281341903	1.920578788820498	2.3429666950927093	1.8278022886911238	0.5720836138525082	-0.029644927225655652	0.7678947462865132	1.112861823354138	1.7422313845426374	0.952832082500831	-1.6487777728165867	-1.7487943513951563	-1.5596028867854108	-1.1864519361043906	-0.656971922311283	0.02301654403684575	0.9338239681604652	0.8499642710563383	-0.4676666197567125	-1.4552499350555255	-1.5454251327636686	-1.6094540094892176	0.146301
XuBo982-6A	green	XS40	C. macrocarpa	CMA	C. macrocarpa var. macrocarpa	116.196	39.991	-0.0726067	-0.000845803	-0.7942938930352478	0.4671057438566006	-1.2624923690510461	2.597630587147814	1.247693610669043	-2.182831672979996	2.8626731429676875	1.1997928011965373	-2.274734354858414	1.0148702042074325	-2.2138629298949204	-1.6025660393076127	1.3121421427957827	-0.6507735791091934	3.2907685852997464	-0.0731055532303702	-0.7465157902546371	0.011128168485240581	-0.7594084839818086	-0.6158851287335383	-0.06768625997932463	0.4906833936330798	1.3965276905750654	3.1379759753263765	2.691585805376685	1.5368098619734052	1.0447834552802255	1.8017765727327766	0.7986470609005631	-0.7194543894919887	-0.830548102683824	1.7817303437451162	1.0718349605868442	0.6669761281341903	1.920578788820498	2.3429666950927093	1.8278022886911238	0.5720836138525082	-0.029644927225655652	0.7678947462865132	1.112861823354138	1.7422313845426374	0.952832082500831	-1.6487777728165867	-1.7487943513951563	-1.5596028867854108	-1.1864519361043906	-0.656971922311283	0.02301654403684575	0.9338239681604652	0.8499642710563383	-0.4676666197567125	-1.4552499350555255	-1.5454251327636686	-1.6094540094892176	0.151121
XuBo982-7A	green	XS40	C. macrocarpa	CMA	C. macrocarpa var. macrocarpa	116.196	39.991	-0.0695129	-0.000911854	-0.7942938930352478	0.4671057438566006	-1.2624923690510461	2.597630587147814	1.247693610669043	-2.182831672979996	2.8626731429676875	1.1997928011965373	-2.274734354858414	1.0148702042074325	-2.2138629298949204	-1.6025660393076127	1.3121421427957827	-0.6507735791091934	3.2907685852997464	-0.0731055532303702	-0.7465157902546371	0.011128168485240581	-0.7594084839818086	-0.6158851287335383	-0.06768625997932463	0.4906833936330798	1.3965276905750654	3.1379759753263765	2.691585805376685	1.5368098619734052	1.0447834552802255	1.8017765727327766	0.7986470609005631	-0.7194543894919887	-0.830548102683824	1.7817303437451162	1.0718349605868442	0.6669761281341903	1.920578788820498	2.3429666950927093	1.8278022886911238	0.5720836138525082	-0.029644927225655652	0.7678947462865132	1.112861823354138	1.7422313845426374	0.952832082500831	-1.6487777728165867	-1.7487943513951563	-1.5596028867854108	-1.1864519361043906	-0.656971922311283	0.02301654403684575	0.9338239681604652	0.8499642710563383	-0.4676666197567125	-1.4552499350555255	-1.5454251327636686	-1.6094540094892176	0.143059
XuBo982-8A	green	XS40	C. macrocarpa	CMA	C. macrocarpa var. macrocarpa	116.196	39.991	-0.076551	-0.00228884	-0.7942938930352478	0.4671057438566006	-1.2624923690510461	2.597630587147814	1.247693610669043	-2.182831672979996	2.8626731429676875	1.1997928011965373	-2.274734354858414	1.0148702042074325	-2.2138629298949204	-1.6025660393076127	1.3121421427957827	-0.6507735791091934	3.2907685852997464	-0.0731055532303702	-0.7465157902546371	0.011128168485240581	-0.7594084839818086	-0.6158851287335383	-0.06768625997932463	0.4906833936330798	1.3965276905750654	3.1379759753263765	2.691585805376685	1.5368098619734052	1.0447834552802255	1.8017765727327766	0.7986470609005631	-0.7194543894919887	-0.830548102683824	1.7817303437451162	1.0718349605868442	0.6669761281341903	1.920578788820498	2.3429666950927093	1.8278022886911238	0.5720836138525082	-0.029644927225655652	0.7678947462865132	1.112861823354138	1.7422313845426374	0.952832082500831	-1.6487777728165867	-1.7487943513951563	-1.5596028867854108	-1.1864519361043906	-0.656971922311283	0.02301654403684575	0.9338239681604652	0.8499642710563383	-0.4676666197567125	-1.4552499350555255	-1.5454251327636686	-1.6094540094892176	0.15397
XubBo-1037-1A	green4	LN46	C. macrocarpa	N	C. macrocarpa f. microphylla	105.066	33.316	0.00735973	0.000926581	-0.6494778793879374	-0.37675317296463096	-0.8157122277246707	0.55991549235444	0.11125930286220752	-0.6874153227716735	0.6869069985828459	-0.3205846364797149	-0.8680878132594813	-0.0797910319562378	-0.8314070391745116	-1.717959186366638	-2.2615049586287697	-0.7849956298004646	-0.44516519637874125	-2.192811715584743	-0.7465157902546371	-2.181121023107154	-0.7594084839818086	-0.8580074435539945	-0.9320931984572889	-0.9528658156930416	-0.9216820298841426	-0.017302692071379012	0.8766057511380838	0.8788033754955039	0.4355216276065933	-1.105283629287583	-1.097256297709628	-1.1404448767157322	-1.0053674830672097	-1.0217677629293167	-0.26956337274415465	-0.8844408838902355	-0.9135550717987869	-0.7058138997758351	-0.8945010315186694	-0.9118361821505612	-0.16940011303894614	-0.4785783008173877	-0.48810363754499086	0.25479732177141085	-0.29401417497234966	-0.6650618247701339	-0.509482460160353	-0.3787100551133325	-0.27224569088048817	-0.45136115829906487	-0.623015608828446	-0.6120838475858575	-0.5883403306553089	-0.7814885757055545	-0.6930030277749302	-0.6616272915040824	-0.7377099757955483	0.0237092
XubBo-1037-2A	green4	LN46	C. macrocarpa	N	C. macrocarpa f. microphylla	105.066	33.316	0.00669515	0.000723139	-0.6494778793879374	-0.37675317296463096	-0.8157122277246707	0.55991549235444	0.11125930286220752	-0.6874153227716735	0.6869069985828459	-0.3205846364797149	-0.8680878132594813	-0.0797910319562378	-0.8314070391745116	-1.717959186366638	-2.2615049586287697	-0.7849956298004646	-0.44516519637874125	-2.192811715584743	-0.7465157902546371	-2.181121023107154	-0.7594084839818086	-0.8580074435539945	-0.9320931984572889	-0.9528658156930416	-0.9216820298841426	-0.017302692071379012	0.8766057511380838	0.8788033754955039	0.4355216276065933	-1.105283629287583	-1.097256297709628	-1.1404448767157322	-1.0053674830672097	-1.0217677629293167	-0.26956337274415465	-0.8844408838902355	-0.9135550717987869	-0.7058138997758351	-0.8945010315186694	-0.9118361821505612	-0.16940011303894614	-0.4785783008173877	-0.48810363754499086	0.25479732177141085	-0.29401417497234966	-0.6650618247701339	-0.509482460160353	-0.3787100551133325	-0.27224569088048817	-0.45136115829906487	-0.623015608828446	-0.6120838475858575	-0.5883403306553089	-0.7814885757055545	-0.6930030277749302	-0.6616272915040824	-0.7377099757955483	0.0265955
XubBo-1037-3A	green4	LN46	C. macrocarpa	N	C. macrocarpa f. microphylla	105.066	33.316	0.0043897	-0.000199949	-0.6494778793879374	-0.37675317296463096	-0.8157122277246707	0.55991549235444	0.11125930286220752	-0.6874153227716735	0.6869069985828459	-0.3205846364797149	-0.8680878132594813	-0.0797910319562378	-0.8314070391745116	-1.717959186366638	-2.2615049586287697	-0.7849956298004646	-0.44516519637874125	-2.192811715584743	-0.7465157902546371	-2.181121023107154	-0.7594084839818086	-0.8580074435539945	-0.9320931984572889	-0.9528658156930416	-0.9216820298841426	-0.017302692071379012	0.8766057511380838	0.8788033754955039	0.4355216276065933	-1.105283629287583	-1.097256297709628	-1.1404448767157322	-1.0053674830672097	-1.0217677629293167	-0.26956337274415465	-0.8844408838902355	-0.9135550717987869	-0.7058138997758351	-0.8945010315186694	-0.9118361821505612	-0.16940011303894614	-0.4785783008173877	-0.48810363754499086	0.25479732177141085	-0.29401417497234966	-0.6650618247701339	-0.509482460160353	-0.3787100551133325	-0.27224569088048817	-0.45136115829906487	-0.623015608828446	-0.6120838475858575	-0.5883403306553089	-0.7814885757055545	-0.6930030277749302	-0.6616272915040824	-0.7377099757955483	0.0281461
XubBo-1037-4A	green4	LN46	C. macrocarpa	N	C. macrocarpa f. microphylla	105.066	33.316	0.00743153	8.56E-05	-0.6494778793879374	-0.37675317296463096	-0.8157122277246707	0.55991549235444	0.11125930286220752	-0.6874153227716735	0.6869069985828459	-0.3205846364797149	-0.8680878132594813	-0.0797910319562378	-0.8314070391745116	-1.717959186366638	-2.2615049586287697	-0.7849956298004646	-0.44516519637874125	-2.192811715584743	-0.7465157902546371	-2.181121023107154	-0.7594084839818086	-0.8580074435539945	-0.9320931984572889	-0.9528658156930416	-0.9216820298841426	-0.017302692071379012	0.8766057511380838	0.8788033754955039	0.4355216276065933	-1.105283629287583	-1.097256297709628	-1.1404448767157322	-1.0053674830672097	-1.0217677629293167	-0.26956337274415465	-0.8844408838902355	-0.9135550717987869	-0.7058138997758351	-0.8945010315186694	-0.9118361821505612	-0.16940011303894614	-0.4785783008173877	-0.48810363754499086	0.25479732177141085	-0.29401417497234966	-0.6650618247701339	-0.509482460160353	-0.3787100551133325	-0.27224569088048817	-0.45136115829906487	-0.623015608828446	-0.6120838475858575	-0.5883403306553089	-0.7814885757055545	-0.6930030277749302	-0.6616272915040824	-0.7377099757955483	0.0249017
XubBo-1037-5A	green4	LN46	C. macrocarpa	N	C. macrocarpa f. microphylla	105.066	33.316	0.0052363	0.000166355	-0.6494778793879374	-0.37675317296463096	-0.8157122277246707	0.55991549235444	0.11125930286220752	-0.6874153227716735	0.6869069985828459	-0.3205846364797149	-0.8680878132594813	-0.0797910319562378	-0.8314070391745116	-1.717959186366638	-2.2615049586287697	-0.7849956298004646	-0.44516519637874125	-2.192811715584743	-0.7465157902546371	-2.181121023107154	-0.7594084839818086	-0.8580074435539945	-0.9320931984572889	-0.9528658156930416	-0.9216820298841426	-0.017302692071379012	0.8766057511380838	0.8788033754955039	0.4355216276065933	-1.105283629287583	-1.097256297709628	-1.1404448767157322	-1.0053674830672097	-1.0217677629293167	-0.26956337274415465	-0.8844408838902355	-0.9135550717987869	-0.7058138997758351	-0.8945010315186694	-0.9118361821505612	-0.16940011303894614	-0.4785783008173877	-0.48810363754499086	0.25479732177141085	-0.29401417497234966	-0.6650618247701339	-0.509482460160353	-0.3787100551133325	-0.27224569088048817	-0.45136115829906487	-0.623015608828446	-0.6120838475858575	-0.5883403306553089	-0.7814885757055545	-0.6930030277749302	-0.6616272915040824	-0.7377099757955483	0.0269009
XubBo-1037-6A	green4	LN46	C. macrocarpa	N	C. macrocarpa f. microphylla	105.066	33.316	0.00768671	0.000647049	-0.6494778793879374	-0.37675317296463096	-0.8157122277246707	0.55991549235444	0.11125930286220752	-0.6874153227716735	0.6869069985828459	-0.3205846364797149	-0.8680878132594813	-0.0797910319562378	-0.8314070391745116	-1.717959186366638	-2.2615049586287697	-0.7849956298004646	-0.44516519637874125	-2.192811715584743	-0.7465157902546371	-2.181121023107154	-0.7594084839818086	-0.8580074435539945	-0.9320931984572889	-0.9528658156930416	-0.9216820298841426	-0.017302692071379012	0.8766057511380838	0.8788033754955039	0.4355216276065933	-1.105283629287583	-1.097256297709628	-1.1404448767157322	-1.0053674830672097	-1.0217677629293167	-0.26956337274415465	-0.8844408838902355	-0.9135550717987869	-0.7058138997758351	-0.8945010315186694	-0.9118361821505612	-0.16940011303894614	-0.4785783008173877	-0.48810363754499086	0.25479732177141085	-0.29401417497234966	-0.6650618247701339	-0.509482460160353	-0.3787100551133325	-0.27224569088048817	-0.45136115829906487	-0.623015608828446	-0.6120838475858575	-0.5883403306553089	-0.7814885757055545	-0.6930030277749302	-0.6616272915040824	-0.7377099757955483	0.0245567
XubBo-1037-7A	green4	LN46	C. macrocarpa	N	C. macrocarpa f. microphylla	105.066	33.316	0.00566237	0.000107997	-0.6494778793879374	-0.37675317296463096	-0.8157122277246707	0.55991549235444	0.11125930286220752	-0.6874153227716735	0.6869069985828459	-0.3205846364797149	-0.8680878132594813	-0.0797910319562378	-0.8314070391745116	-1.717959186366638	-2.2615049586287697	-0.7849956298004646	-0.44516519637874125	-2.192811715584743	-0.7465157902546371	-2.181121023107154	-0.7594084839818086	-0.8580074435539945	-0.9320931984572889	-0.9528658156930416	-0.9216820298841426	-0.017302692071379012	0.8766057511380838	0.8788033754955039	0.4355216276065933	-1.105283629287583	-1.097256297709628	-1.1404448767157322	-1.0053674830672097	-1.0217677629293167	-0.26956337274415465	-0.8844408838902355	-0.9135550717987869	-0.7058138997758351	-0.8945010315186694	-0.9118361821505612	-0.16940011303894614	-0.4785783008173877	-0.48810363754499086	0.25479732177141085	-0.29401417497234966	-0.6650618247701339	-0.509482460160353	-0.3787100551133325	-0.27224569088048817	-0.45136115829906487	-0.623015608828446	-0.6120838475858575	-0.5883403306553089	-0.7814885757055545	-0.6930030277749302	-0.6616272915040824	-0.7377099757955483	0.0277706
XubBo-1037-8A	green4	LN46	C. macrocarpa	N	C. macrocarpa f. microphylla	105.066	33.316	0.00816926	0.00132255	-0.6494778793879374	-0.37675317296463096	-0.8157122277246707	0.55991549235444	0.11125930286220752	-0.6874153227716735	0.6869069985828459	-0.3205846364797149	-0.8680878132594813	-0.0797910319562378	-0.8314070391745116	-1.717959186366638	-2.2615049586287697	-0.7849956298004646	-0.44516519637874125	-2.192811715584743	-0.7465157902546371	-2.181121023107154	-0.7594084839818086	-0.8580074435539945	-0.9320931984572889	-0.9528658156930416	-0.9216820298841426	-0.017302692071379012	0.8766057511380838	0.8788033754955039	0.4355216276065933	-1.105283629287583	-1.097256297709628	-1.1404448767157322	-1.0053674830672097	-1.0217677629293167	-0.26956337274415465	-0.8844408838902355	-0.9135550717987869	-0.7058138997758351	-0.8945010315186694	-0.9118361821505612	-0.16940011303894614	-0.4785783008173877	-0.48810363754499086	0.25479732177141085	-0.29401417497234966	-0.6650618247701339	-0.509482460160353	-0.3787100551133325	-0.27224569088048817	-0.45136115829906487	-0.623015608828446	-0.6120838475858575	-0.5883403306553089	-0.7814885757055545	-0.6930030277749302	-0.6616272915040824	-0.7377099757955483	0.025361
XubBo1030-1A	lightgreen	TB43	C. macrocarpa	CMA	C. macrocarpa var. hupehensis	107.448	34.053	-0.084008	-0.0184253	-1.7718019851545928	-1.276869350907278	-1.37418740438264	1.0843691547595238	-0.529806204105751	-1.422450477958815	0.8423188660389059	-0.9224007055598982	-1.977174509520178	-0.5827434918152214	-1.921420337627142	-0.6563422334236065	-1.427653968296374	-0.38232947772665105	-0.6351279310403593	-1.009992254823463	-0.3371725397071549	-1.546815419448441	-0.34919229397377816	-0.29238560436761746	-0.43154681149291396	-0.4218477137518082	-0.41622299276125047	0.6172863881801741	1.7250283800425186	1.612858532715037	1.261889815514673	-0.2791166431278247	-0.3552562701536335	-0.903569028160336	-0.5215772944533691	0.5381555661558711	0.4276110811315794	0.30193665665759484	0.5079821768407013	0.21805897994840637	0.8934527670026478	0.9253978175688395	1.4921335056408436	1.3248295624634872	0.6362381428623864	2.024966896930124	1.0961476362734797	-0.9194710843290093	-0.8874112197063649	-0.6749990292853764	-0.47646640682531866	-0.4750854923312483	-0.6218082315149513	-0.38902877669916225	-0.30481026925186216	-0.771223418510414	-0.9678840404787192	-0.9543737607311904	-1.029824699949711	0.101478
XubBo1030-10A	lightgreen	TB43	C. macrocarpa	CMA	C. macrocarpa var. hupehensis	107.448	34.053	-0.0870403	-0.0193106	-1.7718019851545928	-1.276869350907278	-1.37418740438264	1.0843691547595238	-0.529806204105751	-1.422450477958815	0.8423188660389059	-0.9224007055598982	-1.977174509520178	-0.5827434918152214	-1.921420337627142	-0.6563422334236065	-1.427653968296374	-0.38232947772665105	-0.6351279310403593	-1.009992254823463	-0.3371725397071549	-1.546815419448441	-0.34919229397377816	-0.29238560436761746	-0.43154681149291396	-0.4218477137518082	-0.41622299276125047	0.6172863881801741	1.7250283800425186	1.612858532715037	1.261889815514673	-0.2791166431278247	-0.3552562701536335	-0.903569028160336	-0.5215772944533691	0.5381555661558711	0.4276110811315794	0.30193665665759484	0.5079821768407013	0.21805897994840637	0.8934527670026478	0.9253978175688395	1.4921335056408436	1.3248295624634872	0.6362381428623864	2.024966896930124	1.0961476362734797	-0.9194710843290093	-0.8874112197063649	-0.6749990292853764	-0.47646640682531866	-0.4750854923312483	-0.6218082315149513	-0.38902877669916225	-0.30481026925186216	-0.771223418510414	-0.9678840404787192	-0.9543737607311904	-1.029824699949711	0.105684
XubBo1030-3A	lightgreen	TB43	C. macrocarpa	CMA	C. macrocarpa var. hupehensis	107.448	34.053	-0.0866618	-0.0224658	-1.7718019851545928	-1.276869350907278	-1.37418740438264	1.0843691547595238	-0.529806204105751	-1.422450477958815	0.8423188660389059	-0.9224007055598982	-1.977174509520178	-0.5827434918152214	-1.921420337627142	-0.6563422334236065	-1.427653968296374	-0.38232947772665105	-0.6351279310403593	-1.009992254823463	-0.3371725397071549	-1.546815419448441	-0.34919229397377816	-0.29238560436761746	-0.43154681149291396	-0.4218477137518082	-0.41622299276125047	0.6172863881801741	1.7250283800425186	1.612858532715037	1.261889815514673	-0.2791166431278247	-0.3552562701536335	-0.903569028160336	-0.5215772944533691	0.5381555661558711	0.4276110811315794	0.30193665665759484	0.5079821768407013	0.21805897994840637	0.8934527670026478	0.9253978175688395	1.4921335056408436	1.3248295624634872	0.6362381428623864	2.024966896930124	1.0961476362734797	-0.9194710843290093	-0.8874112197063649	-0.6749990292853764	-0.47646640682531866	-0.4750854923312483	-0.6218082315149513	-0.38902877669916225	-0.30481026925186216	-0.771223418510414	-0.9678840404787192	-0.9543737607311904	-1.029824699949711	0.0944654
XubBo1030-4A	lightgreen	TB43	C. macrocarpa	CMA	C. macrocarpa var. hupehensis	107.448	34.053	-0.0842585	-0.0184849	-1.7718019851545928	-1.276869350907278	-1.37418740438264	1.0843691547595238	-0.529806204105751	-1.422450477958815	0.8423188660389059	-0.9224007055598982	-1.977174509520178	-0.5827434918152214	-1.921420337627142	-0.6563422334236065	-1.427653968296374	-0.38232947772665105	-0.6351279310403593	-1.009992254823463	-0.3371725397071549	-1.546815419448441	-0.34919229397377816	-0.29238560436761746	-0.43154681149291396	-0.4218477137518082	-0.41622299276125047	0.6172863881801741	1.7250283800425186	1.612858532715037	1.261889815514673	-0.2791166431278247	-0.3552562701536335	-0.903569028160336	-0.5215772944533691	0.5381555661558711	0.4276110811315794	0.30193665665759484	0.5079821768407013	0.21805897994840637	0.8934527670026478	0.9253978175688395	1.4921335056408436	1.3248295624634872	0.6362381428623864	2.024966896930124	1.0961476362734797	-0.9194710843290093	-0.8874112197063649	-0.6749990292853764	-0.47646640682531866	-0.4750854923312483	-0.6218082315149513	-0.38902877669916225	-0.30481026925186216	-0.771223418510414	-0.9678840404787192	-0.9543737607311904	-1.029824699949711	0.105492
XubBo1030-5A	lightgreen	TB43	C. macrocarpa	CMA	C. macrocarpa var. hupehensis	107.448	34.053	-0.0855043	-0.0187318	-1.7718019851545928	-1.276869350907278	-1.37418740438264	1.0843691547595238	-0.529806204105751	-1.422450477958815	0.8423188660389059	-0.9224007055598982	-1.977174509520178	-0.5827434918152214	-1.921420337627142	-0.6563422334236065	-1.427653968296374	-0.38232947772665105	-0.6351279310403593	-1.009992254823463	-0.3371725397071549	-1.546815419448441	-0.34919229397377816	-0.29238560436761746	-0.43154681149291396	-0.4218477137518082	-0.41622299276125047	0.6172863881801741	1.7250283800425186	1.612858532715037	1.261889815514673	-0.2791166431278247	-0.3552562701536335	-0.903569028160336	-0.5215772944533691	0.5381555661558711	0.4276110811315794	0.30193665665759484	0.5079821768407013	0.21805897994840637	0.8934527670026478	0.9253978175688395	1.4921335056408436	1.3248295624634872	0.6362381428623864	2.024966896930124	1.0961476362734797	-0.9194710843290093	-0.8874112197063649	-0.6749990292853764	-0.47646640682531866	-0.4750854923312483	-0.6218082315149513	-0.38902877669916225	-0.30481026925186216	-0.771223418510414	-0.9678840404787192	-0.9543737607311904	-1.029824699949711	0.109906
XubBo1030-6A	lightgreen	TB43	C. macrocarpa	CMA	C. macrocarpa var. hupehensis	107.448	34.053	-0.0852798	-0.0202215	-1.7718019851545928	-1.276869350907278	-1.37418740438264	1.0843691547595238	-0.529806204105751	-1.422450477958815	0.8423188660389059	-0.9224007055598982	-1.977174509520178	-0.5827434918152214	-1.921420337627142	-0.6563422334236065	-1.427653968296374	-0.38232947772665105	-0.6351279310403593	-1.009992254823463	-0.3371725397071549	-1.546815419448441	-0.34919229397377816	-0.29238560436761746	-0.43154681149291396	-0.4218477137518082	-0.41622299276125047	0.6172863881801741	1.7250283800425186	1.612858532715037	1.261889815514673	-0.2791166431278247	-0.3552562701536335	-0.903569028160336	-0.5215772944533691	0.5381555661558711	0.4276110811315794	0.30193665665759484	0.5079821768407013	0.21805897994840637	0.8934527670026478	0.9253978175688395	1.4921335056408436	1.3248295624634872	0.6362381428623864	2.024966896930124	1.0961476362734797	-0.9194710843290093	-0.8874112197063649	-0.6749990292853764	-0.47646640682531866	-0.4750854923312483	-0.6218082315149513	-0.38902877669916225	-0.30481026925186216	-0.771223418510414	-0.9678840404787192	-0.9543737607311904	-1.029824699949711	0.0970479
XubBo1030-8A	lightgreen	TB43	C. macrocarpa	CMA	C. macrocarpa var. hupehensis	107.448	34.053	-0.0849691	-0.018487	-1.7718019851545928	-1.276869350907278	-1.37418740438264	1.0843691547595238	-0.529806204105751	-1.422450477958815	0.8423188660389059	-0.9224007055598982	-1.977174509520178	-0.5827434918152214	-1.921420337627142	-0.6563422334236065	-1.427653968296374	-0.38232947772665105	-0.6351279310403593	-1.009992254823463	-0.3371725397071549	-1.546815419448441	-0.34919229397377816	-0.29238560436761746	-0.43154681149291396	-0.4218477137518082	-0.41622299276125047	0.6172863881801741	1.7250283800425186	1.612858532715037	1.261889815514673	-0.2791166431278247	-0.3552562701536335	-0.903569028160336	-0.5215772944533691	0.5381555661558711	0.4276110811315794	0.30193665665759484	0.5079821768407013	0.21805897994840637	0.8934527670026478	0.9253978175688395	1.4921335056408436	1.3248295624634872	0.6362381428623864	2.024966896930124	1.0961476362734797	-0.9194710843290093	-0.8874112197063649	-0.6749990292853764	-0.47646640682531866	-0.4750854923312483	-0.6218082315149513	-0.38902877669916225	-0.30481026925186216	-0.771223418510414	-0.9678840404787192	-0.9543737607311904	-1.029824699949711	0.100876
XubBo1030-9A	lightgreen	TB43	C. macrocarpa	CMA	C. macrocarpa var. hupehensis	107.448	34.053	-0.0812759	-0.0179008	-1.7718019851545928	-1.276869350907278	-1.37418740438264	1.0843691547595238	-0.529806204105751	-1.422450477958815	0.8423188660389059	-0.9224007055598982	-1.977174509520178	-0.5827434918152214	-1.921420337627142	-0.6563422334236065	-1.427653968296374	-0.38232947772665105	-0.6351279310403593	-1.009992254823463	-0.3371725397071549	-1.546815419448441	-0.34919229397377816	-0.29238560436761746	-0.43154681149291396	-0.4218477137518082	-0.41622299276125047	0.6172863881801741	1.7250283800425186	1.612858532715037	1.261889815514673	-0.2791166431278247	-0.3552562701536335	-0.903569028160336	-0.5215772944533691	0.5381555661558711	0.4276110811315794	0.30193665665759484	0.5079821768407013	0.21805897994840637	0.8934527670026478	0.9253978175688395	1.4921335056408436	1.3248295624634872	0.6362381428623864	2.024966896930124	1.0961476362734797	-0.9194710843290093	-0.8874112197063649	-0.6749990292853764	-0.47646640682531866	-0.4750854923312483	-0.6218082315149513	-0.38902877669916225	-0.30481026925186216	-0.771223418510414	-0.9678840404787192	-0.9543737607311904	-1.029824699949711	0.0978942
XubBo1051-1A	lightgreen	WX48	C. macrocarpa	CMA	C. macrocarpa var. hupehensis	105.113	32.818	-0.0667121	-0.00609287	0.32803021273140764	-0.6580394785717082	-0.9274072630562645	0.5553796768958015	0.8688821747334312	0.12365795191758597	0.5536968264776514	0.534627672213177	-0.1377136474292662	0.7190158160550891	-0.1135934036081455	-1.3025438569541474	-1.3680931832726315	-0.7849956298004646	0.12472300760611278	-1.3496136841509592	-0.783728813031681	-1.3687647236845915	-0.7967008648916296	-1.0981204445585133	-1.195939724031279	-1.2633764007264747	-1.247151637455911	-0.38547742571398386	0.6161722226452668	0.7600932553134442	0.37527745434781995	-1.3687682012424722	-1.4051073729722217	-1.4026021383420058	-1.2414528698689418	-1.3926587085069835	-1.2138372635179049	-1.6062228458543881	-1.5572699869597917	-1.609156230271341	-1.5289362059907192	-1.4653616392779256	-0.9924026168389549	-1.313980525082849	-1.0013901737735	-0.7778021160746381	-0.5519825134543942	0.0060940881354208335	0.21447199013820348	0.33749947854842055	0.45528986672281335	0.30913498191018596	0.20052440093269017	0.1690636475979028	0.18995884283727266	0.20983681439085888	0.1974094754950581	0.1128540451668071	-0.026974226450638638	0.0957099
XubBo1051-10A	lightgreen	WX48	C. macrocarpa	CMA	C. macrocarpa var. hupehensis	105.113	32.818	-0.065026	-0.00647002	0.32803021273140764	-0.6580394785717082	-0.9274072630562645	0.5553796768958015	0.8688821747334312	0.12365795191758597	0.5536968264776514	0.534627672213177	-0.1377136474292662	0.7190158160550891	-0.1135934036081455	-1.3025438569541474	-1.3680931832726315	-0.7849956298004646	0.12472300760611278	-1.3496136841509592	-0.783728813031681	-1.3687647236845915	-0.7967008648916296	-1.0981204445585133	-1.195939724031279	-1.2633764007264747	-1.247151637455911	-0.38547742571398386	0.6161722226452668	0.7600932553134442	0.37527745434781995	-1.3687682012424722	-1.4051073729722217	-1.4026021383420058	-1.2414528698689418	-1.3926587085069835	-1.2138372635179049	-1.6062228458543881	-1.5572699869597917	-1.609156230271341	-1.5289362059907192	-1.4653616392779256	-0.9924026168389549	-1.313980525082849	-1.0013901737735	-0.7778021160746381	-0.5519825134543942	0.0060940881354208335	0.21447199013820348	0.33749947854842055	0.45528986672281335	0.30913498191018596	0.20052440093269017	0.1690636475979028	0.18995884283727266	0.20983681439085888	0.1974094754950581	0.1128540451668071	-0.026974226450638638	0.0881363
XubBo1051-2A	lightgreen	WX48	C. macrocarpa	CMA	C. macrocarpa var. hupehensis	105.113	32.818	-0.0625328	-0.00587807	0.32803021273140764	-0.6580394785717082	-0.9274072630562645	0.5553796768958015	0.8688821747334312	0.12365795191758597	0.5536968264776514	0.534627672213177	-0.1377136474292662	0.7190158160550891	-0.1135934036081455	-1.3025438569541474	-1.3680931832726315	-0.7849956298004646	0.12472300760611278	-1.3496136841509592	-0.783728813031681	-1.3687647236845915	-0.7967008648916296	-1.0981204445585133	-1.195939724031279	-1.2633764007264747	-1.247151637455911	-0.38547742571398386	0.6161722226452668	0.7600932553134442	0.37527745434781995	-1.3687682012424722	-1.4051073729722217	-1.4026021383420058	-1.2414528698689418	-1.3926587085069835	-1.2138372635179049	-1.6062228458543881	-1.5572699869597917	-1.609156230271341	-1.5289362059907192	-1.4653616392779256	-0.9924026168389549	-1.313980525082849	-1.0013901737735	-0.7778021160746381	-0.5519825134543942	0.0060940881354208335	0.21447199013820348	0.33749947854842055	0.45528986672281335	0.30913498191018596	0.20052440093269017	0.1690636475979028	0.18995884283727266	0.20983681439085888	0.1974094754950581	0.1128540451668071	-0.026974226450638638	0.0851241
XubBo1051-3A	lightgreen	WX48	C. macrocarpa	CMA	C. macrocarpa var. hupehensis	105.113	32.818	-0.0701174	-0.0068922	0.32803021273140764	-0.6580394785717082	-0.9274072630562645	0.5553796768958015	0.8688821747334312	0.12365795191758597	0.5536968264776514	0.534627672213177	-0.1377136474292662	0.7190158160550891	-0.1135934036081455	-1.3025438569541474	-1.3680931832726315	-0.7849956298004646	0.12472300760611278	-1.3496136841509592	-0.783728813031681	-1.3687647236845915	-0.7967008648916296	-1.0981204445585133	-1.195939724031279	-1.2633764007264747	-1.247151637455911	-0.38547742571398386	0.6161722226452668	0.7600932553134442	0.37527745434781995	-1.3687682012424722	-1.4051073729722217	-1.4026021383420058	-1.2414528698689418	-1.3926587085069835	-1.2138372635179049	-1.6062228458543881	-1.5572699869597917	-1.609156230271341	-1.5289362059907192	-1.4653616392779256	-0.9924026168389549	-1.313980525082849	-1.0013901737735	-0.7778021160746381	-0.5519825134543942	0.0060940881354208335	0.21447199013820348	0.33749947854842055	0.45528986672281335	0.30913498191018596	0.20052440093269017	0.1690636475979028	0.18995884283727266	0.20983681439085888	0.1974094754950581	0.1128540451668071	-0.026974226450638638	0.0976018
XubBo1051-4A	lightgreen	WX48	C. macrocarpa	CMA	C. macrocarpa var. hupehensis	105.113	32.818	-0.0623528	-0.00742904	0.32803021273140764	-0.6580394785717082	-0.9274072630562645	0.5553796768958015	0.8688821747334312	0.12365795191758597	0.5536968264776514	0.534627672213177	-0.1377136474292662	0.7190158160550891	-0.1135934036081455	-1.3025438569541474	-1.3680931832726315	-0.7849956298004646	0.12472300760611278	-1.3496136841509592	-0.783728813031681	-1.3687647236845915	-0.7967008648916296	-1.0981204445585133	-1.195939724031279	-1.2633764007264747	-1.247151637455911	-0.38547742571398386	0.6161722226452668	0.7600932553134442	0.37527745434781995	-1.3687682012424722	-1.4051073729722217	-1.4026021383420058	-1.2414528698689418	-1.3926587085069835	-1.2138372635179049	-1.6062228458543881	-1.5572699869597917	-1.609156230271341	-1.5289362059907192	-1.4653616392779256	-0.9924026168389549	-1.313980525082849	-1.0013901737735	-0.7778021160746381	-0.5519825134543942	0.0060940881354208335	0.21447199013820348	0.33749947854842055	0.45528986672281335	0.30913498191018596	0.20052440093269017	0.1690636475979028	0.18995884283727266	0.20983681439085888	0.1974094754950581	0.1128540451668071	-0.026974226450638638	0.0832696
XubBo1051-7A	lightgreen	WX48	C. macrocarpa	CMA	C. macrocarpa var. hupehensis	105.113	32.818	-0.0643425	-0.00586829	0.32803021273140764	-0.6580394785717082	-0.9274072630562645	0.5553796768958015	0.8688821747334312	0.12365795191758597	0.5536968264776514	0.534627672213177	-0.1377136474292662	0.7190158160550891	-0.1135934036081455	-1.3025438569541474	-1.3680931832726315	-0.7849956298004646	0.12472300760611278	-1.3496136841509592	-0.783728813031681	-1.3687647236845915	-0.7967008648916296	-1.0981204445585133	-1.195939724031279	-1.2633764007264747	-1.247151637455911	-0.38547742571398386	0.6161722226452668	0.7600932553134442	0.37527745434781995	-1.3687682012424722	-1.4051073729722217	-1.4026021383420058	-1.2414528698689418	-1.3926587085069835	-1.2138372635179049	-1.6062228458543881	-1.5572699869597917	-1.609156230271341	-1.5289362059907192	-1.4653616392779256	-0.9924026168389549	-1.313980525082849	-1.0013901737735	-0.7778021160746381	-0.5519825134543942	0.0060940881354208335	0.21447199013820348	0.33749947854842055	0.45528986672281335	0.30913498191018596	0.20052440093269017	0.1690636475979028	0.18995884283727266	0.20983681439085888	0.1974094754950581	0.1128540451668071	-0.026974226450638638	0.0862462
XubBo1051-8A	lightgreen	WX48	C. macrocarpa	CMA	C. macrocarpa var. hupehensis	105.113	32.818	-0.0677749	-0.00717533	0.32803021273140764	-0.6580394785717082	-0.9274072630562645	0.5553796768958015	0.8688821747334312	0.12365795191758597	0.5536968264776514	0.534627672213177	-0.1377136474292662	0.7190158160550891	-0.1135934036081455	-1.3025438569541474	-1.3680931832726315	-0.7849956298004646	0.12472300760611278	-1.3496136841509592	-0.783728813031681	-1.3687647236845915	-0.7967008648916296	-1.0981204445585133	-1.195939724031279	-1.2633764007264747	-1.247151637455911	-0.38547742571398386	0.6161722226452668	0.7600932553134442	0.37527745434781995	-1.3687682012424722	-1.4051073729722217	-1.4026021383420058	-1.2414528698689418	-1.3926587085069835	-1.2138372635179049	-1.6062228458543881	-1.5572699869597917	-1.609156230271341	-1.5289362059907192	-1.4653616392779256	-0.9924026168389549	-1.313980525082849	-1.0013901737735	-0.7778021160746381	-0.5519825134543942	0.0060940881354208335	0.21447199013820348	0.33749947854842055	0.45528986672281335	0.30913498191018596	0.20052440093269017	0.1690636475979028	0.18995884283727266	0.20983681439085888	0.1974094754950581	0.1128540451668071	-0.026974226450638638	0.0907332
XubBo1051-9A	lightgreen	WX48	C. macrocarpa	CMA	C. macrocarpa var. hupehensis	105.113	32.818	-0.063198	-0.00684415	0.32803021273140764	-0.6580394785717082	-0.9274072630562645	0.5553796768958015	0.8688821747334312	0.12365795191758597	0.5536968264776514	0.534627672213177	-0.1377136474292662	0.7190158160550891	-0.1135934036081455	-1.3025438569541474	-1.3680931832726315	-0.7849956298004646	0.12472300760611278	-1.3496136841509592	-0.783728813031681	-1.3687647236845915	-0.7967008648916296	-1.0981204445585133	-1.195939724031279	-1.2633764007264747	-1.247151637455911	-0.38547742571398386	0.6161722226452668	0.7600932553134442	0.37527745434781995	-1.3687682012424722	-1.4051073729722217	-1.4026021383420058	-1.2414528698689418	-1.3926587085069835	-1.2138372635179049	-1.6062228458543881	-1.5572699869597917	-1.609156230271341	-1.5289362059907192	-1.4653616392779256	-0.9924026168389549	-1.313980525082849	-1.0013901737735	-0.7778021160746381	-0.5519825134543942	0.0060940881354208335	0.21447199013820348	0.33749947854842055	0.45528986672281335	0.30913498191018596	0.20052440093269017	0.1690636475979028	0.18995884283727266	0.20983681439085888	0.1974094754950581	0.1128540451668071	-0.026974226450638638	0.0855599
XubBo2014-131-1A	blue	ML53	C. yunnanensis	CYU	C. yunnanensis  	101.110536	28.122325	0.0340006	-0.0102415	-1.7718019851545928	1.5922509662849094	1.1947984082440193	-0.6931035280944627	-1.9284945829449331	-1.498488597460933	-0.15675742475005203	-1.935985664010733	-0.8951387082902299	-1.9140882385007663	-0.8579927293806733	-0.16015170106979848	0.686753900046486	-0.7849956298004646	1.01121576936033	0.5827151378847948	-0.8209418358087248	0.6343056036587131	-0.8339932458014505	0.5264097756268715	0.46238807750055094	0.3211776153298047	0.13524837973561307	-0.37770406281557956	-0.6102817548343084	-0.8981387359797023	-0.9466843098022442	-0.553712010285631	0.00785012630993832	0.5676992933774722	0.5812108210768699	2.261707052786956	2.5103087771774195	2.044169643658268	2.1798527223485156	2.1889874229127297	2.0469707035013993	1.184494362115452	1.6784731363507768	1.5900371823420922	2.1516558477234202	1.0292466253894275	1.6407475094149357	-1.2562605340776154	-1.3708655004274344	-1.553208209853892	-1.5885112477357248	-1.5505883732566266	-1.4948575487359705	-1.2958156185728038	-1.4286032276203184	-1.4472601518939072	-1.3169663464129653	-1.3156748422908908	-1.2184341596553905	-0.00471303
XubBo2014-131-2A	blue	ML53	C. yunnanensis	CYU	C. yunnanensis  	101.110536	28.122325	0.033502	-0.00914753	-1.7718019851545928	1.5922509662849094	1.1947984082440193	-0.6931035280944627	-1.9284945829449331	-1.498488597460933	-0.15675742475005203	-1.935985664010733	-0.8951387082902299	-1.9140882385007663	-0.8579927293806733	-0.16015170106979848	0.686753900046486	-0.7849956298004646	1.01121576936033	0.5827151378847948	-0.8209418358087248	0.6343056036587131	-0.8339932458014505	0.5264097756268715	0.46238807750055094	0.3211776153298047	0.13524837973561307	-0.37770406281557956	-0.6102817548343084	-0.8981387359797023	-0.9466843098022442	-0.553712010285631	0.00785012630993832	0.5676992933774722	0.5812108210768699	2.261707052786956	2.5103087771774195	2.044169643658268	2.1798527223485156	2.1889874229127297	2.0469707035013993	1.184494362115452	1.6784731363507768	1.5900371823420922	2.1516558477234202	1.0292466253894275	1.6407475094149357	-1.2562605340776154	-1.3708655004274344	-1.553208209853892	-1.5885112477357248	-1.5505883732566266	-1.4948575487359705	-1.2958156185728038	-1.4286032276203184	-1.4472601518939072	-1.3169663464129653	-1.3156748422908908	-1.2184341596553905	-0.00335658
XubBo2014-131-3A	blue	ML53	C. yunnanensis	CYU	C. yunnanensis  	101.110536	28.122325	0.0325344	-0.00903595	-1.7718019851545928	1.5922509662849094	1.1947984082440193	-0.6931035280944627	-1.9284945829449331	-1.498488597460933	-0.15675742475005203	-1.935985664010733	-0.8951387082902299	-1.9140882385007663	-0.8579927293806733	-0.16015170106979848	0.686753900046486	-0.7849956298004646	1.01121576936033	0.5827151378847948	-0.8209418358087248	0.6343056036587131	-0.8339932458014505	0.5264097756268715	0.46238807750055094	0.3211776153298047	0.13524837973561307	-0.37770406281557956	-0.6102817548343084	-0.8981387359797023	-0.9466843098022442	-0.553712010285631	0.00785012630993832	0.5676992933774722	0.5812108210768699	2.261707052786956	2.5103087771774195	2.044169643658268	2.1798527223485156	2.1889874229127297	2.0469707035013993	1.184494362115452	1.6784731363507768	1.5900371823420922	2.1516558477234202	1.0292466253894275	1.6407475094149357	-1.2562605340776154	-1.3708655004274344	-1.553208209853892	-1.5885112477357248	-1.5505883732566266	-1.4948575487359705	-1.2958156185728038	-1.4286032276203184	-1.4472601518939072	-1.3169663464129653	-1.3156748422908908	-1.2184341596553905	-0.00376441
XubBo2014-131-4A	blue	ML53	C. yunnanensis	CYU	C. yunnanensis  	101.110536	28.122325	0.0331758	-0.00962424	-1.7718019851545928	1.5922509662849094	1.1947984082440193	-0.6931035280944627	-1.9284945829449331	-1.498488597460933	-0.15675742475005203	-1.935985664010733	-0.8951387082902299	-1.9140882385007663	-0.8579927293806733	-0.16015170106979848	0.686753900046486	-0.7849956298004646	1.01121576936033	0.5827151378847948	-0.8209418358087248	0.6343056036587131	-0.8339932458014505	0.5264097756268715	0.46238807750055094	0.3211776153298047	0.13524837973561307	-0.37770406281557956	-0.6102817548343084	-0.8981387359797023	-0.9466843098022442	-0.553712010285631	0.00785012630993832	0.5676992933774722	0.5812108210768699	2.261707052786956	2.5103087771774195	2.044169643658268	2.1798527223485156	2.1889874229127297	2.0469707035013993	1.184494362115452	1.6784731363507768	1.5900371823420922	2.1516558477234202	1.0292466253894275	1.6407475094149357	-1.2562605340776154	-1.3708655004274344	-1.553208209853892	-1.5885112477357248	-1.5505883732566266	-1.4948575487359705	-1.2958156185728038	-1.4286032276203184	-1.4472601518939072	-1.3169663464129653	-1.3156748422908908	-1.2184341596553905	-0.00391406
XubBo2014-131-5A	blue	ML53	C. yunnanensis	CYU	C. yunnanensis  	101.110536	28.122325	0.032586	-0.00933871	-1.7718019851545928	1.5922509662849094	1.1947984082440193	-0.6931035280944627	-1.9284945829449331	-1.498488597460933	-0.15675742475005203	-1.935985664010733	-0.8951387082902299	-1.9140882385007663	-0.8579927293806733	-0.16015170106979848	0.686753900046486	-0.7849956298004646	1.01121576936033	0.5827151378847948	-0.8209418358087248	0.6343056036587131	-0.8339932458014505	0.5264097756268715	0.46238807750055094	0.3211776153298047	0.13524837973561307	-0.37770406281557956	-0.6102817548343084	-0.8981387359797023	-0.9466843098022442	-0.553712010285631	0.00785012630993832	0.5676992933774722	0.5812108210768699	2.261707052786956	2.5103087771774195	2.044169643658268	2.1798527223485156	2.1889874229127297	2.0469707035013993	1.184494362115452	1.6784731363507768	1.5900371823420922	2.1516558477234202	1.0292466253894275	1.6407475094149357	-1.2562605340776154	-1.3708655004274344	-1.553208209853892	-1.5885112477357248	-1.5505883732566266	-1.4948575487359705	-1.2958156185728038	-1.4286032276203184	-1.4472601518939072	-1.3169663464129653	-1.3156748422908908	-1.2184341596553905	-0.00400976
XubBo2014-131-6A	blue	ML53	C. yunnanensis	CYU	C. yunnanensis  	101.110536	28.122325	0.0332518	-0.00932243	-1.7718019851545928	1.5922509662849094	1.1947984082440193	-0.6931035280944627	-1.9284945829449331	-1.498488597460933	-0.15675742475005203	-1.935985664010733	-0.8951387082902299	-1.9140882385007663	-0.8579927293806733	-0.16015170106979848	0.686753900046486	-0.7849956298004646	1.01121576936033	0.5827151378847948	-0.8209418358087248	0.6343056036587131	-0.8339932458014505	0.5264097756268715	0.46238807750055094	0.3211776153298047	0.13524837973561307	-0.37770406281557956	-0.6102817548343084	-0.8981387359797023	-0.9466843098022442	-0.553712010285631	0.00785012630993832	0.5676992933774722	0.5812108210768699	2.261707052786956	2.5103087771774195	2.044169643658268	2.1798527223485156	2.1889874229127297	2.0469707035013993	1.184494362115452	1.6784731363507768	1.5900371823420922	2.1516558477234202	1.0292466253894275	1.6407475094149357	-1.2562605340776154	-1.3708655004274344	-1.553208209853892	-1.5885112477357248	-1.5505883732566266	-1.4948575487359705	-1.2958156185728038	-1.4286032276203184	-1.4472601518939072	-1.3169663464129653	-1.3156748422908908	-1.2184341596553905	-0.00386036
XubBo2014-131-7A	blue	ML53	C. yunnanensis	CYU	C. yunnanensis  	101.110536	28.122325	0.031837	-0.00910977	-1.7718019851545928	1.5922509662849094	1.1947984082440193	-0.6931035280944627	-1.9284945829449331	-1.498488597460933	-0.15675742475005203	-1.935985664010733	-0.8951387082902299	-1.9140882385007663	-0.8579927293806733	-0.16015170106979848	0.686753900046486	-0.7849956298004646	1.01121576936033	0.5827151378847948	-0.8209418358087248	0.6343056036587131	-0.8339932458014505	0.5264097756268715	0.46238807750055094	0.3211776153298047	0.13524837973561307	-0.37770406281557956	-0.6102817548343084	-0.8981387359797023	-0.9466843098022442	-0.553712010285631	0.00785012630993832	0.5676992933774722	0.5812108210768699	2.261707052786956	2.5103087771774195	2.044169643658268	2.1798527223485156	2.1889874229127297	2.0469707035013993	1.184494362115452	1.6784731363507768	1.5900371823420922	2.1516558477234202	1.0292466253894275	1.6407475094149357	-1.2562605340776154	-1.3708655004274344	-1.553208209853892	-1.5885112477357248	-1.5505883732566266	-1.4948575487359705	-1.2958156185728038	-1.4286032276203184	-1.4472601518939072	-1.3169663464129653	-1.3156748422908908	-1.2184341596553905	-0.00315916
XubBo2014-131-8A	blue	ML53	C. yunnanensis	CYU	C. yunnanensis  	101.110536	28.122325	0.032785	-0.00964723	-1.7718019851545928	1.5922509662849094	1.1947984082440193	-0.6931035280944627	-1.9284945829449331	-1.498488597460933	-0.15675742475005203	-1.935985664010733	-0.8951387082902299	-1.9140882385007663	-0.8579927293806733	-0.16015170106979848	0.686753900046486	-0.7849956298004646	1.01121576936033	0.5827151378847948	-0.8209418358087248	0.6343056036587131	-0.8339932458014505	0.5264097756268715	0.46238807750055094	0.3211776153298047	0.13524837973561307	-0.37770406281557956	-0.6102817548343084	-0.8981387359797023	-0.9466843098022442	-0.553712010285631	0.00785012630993832	0.5676992933774722	0.5812108210768699	2.261707052786956	2.5103087771774195	2.044169643658268	2.1798527223485156	2.1889874229127297	2.0469707035013993	1.184494362115452	1.6784731363507768	1.5900371823420922	2.1516558477234202	1.0292466253894275	1.6407475094149357	-1.2562605340776154	-1.3708655004274344	-1.553208209853892	-1.5885112477357248	-1.5505883732566266	-1.4948575487359705	-1.2958156185728038	-1.4286032276203184	-1.4472601518939072	-1.3169663464129653	-1.3156748422908908	-1.2184341596553905	-0.00358493
Xubo01402-2A	orange	YS26	C. polyantha	CYU	C. polyantha var. polyantha	100.748	26.581	0.0316051	-0.0085125	0.7986822570851664	0.6921347883422624	1.0831033729124253	-1.0100436332668323	-0.12185542694432283	0.8586931071047272	-0.8450099806268897	0.02783519298775956	1.214831104108169	-0.0797910319562378	1.2156911066999398	0.13410082393071562	0.32938918990403077	-0.38232947772665105	0.5046484769293488	0.6646927242741903	-0.299959516930111	0.7122027830553972	-0.3118999130639572	1.5149921730680704	1.4625283368965425	1.500217807775594	1.263227248388707	0.23497826744956135	-0.5968573461491116	-0.9389453397922853	-0.7301462908249551	0.35737319635356446	0.680242801184181	1.3470263310840886	1.420977633190414	-0.4327059406238043	0.12756106981309398	0.3434183473480074	0.5079821768407013	0.4233638603792936	0.016778420211057816	-0.5349676513883348	-0.5420803000204937	-0.3194541240795878	-0.536988173628889	-0.3352594475184171	-0.48032473656807023	0.5342961389393379	0.3396301409025588	0.12221048664453935	-0.1621580689192505	-0.02168745776073621	0.2633162983371616	0.0161118005484321	0.02284509247769918	0.6233778148395853	0.8905145884543377	0.67611297321536	0.7435646978649562	0.000585378
Xubo01402-3A	orange	YS26	C. polyantha	CYU	C. polyantha var. polyantha	100.748	26.581	0.0310011	-0.00851533	0.7986822570851664	0.6921347883422624	1.0831033729124253	-1.0100436332668323	-0.12185542694432283	0.8586931071047272	-0.8450099806268897	0.02783519298775956	1.214831104108169	-0.0797910319562378	1.2156911066999398	0.13410082393071562	0.32938918990403077	-0.38232947772665105	0.5046484769293488	0.6646927242741903	-0.299959516930111	0.7122027830553972	-0.3118999130639572	1.5149921730680704	1.4625283368965425	1.500217807775594	1.263227248388707	0.23497826744956135	-0.5968573461491116	-0.9389453397922853	-0.7301462908249551	0.35737319635356446	0.680242801184181	1.3470263310840886	1.420977633190414	-0.4327059406238043	0.12756106981309398	0.3434183473480074	0.5079821768407013	0.4233638603792936	0.016778420211057816	-0.5349676513883348	-0.5420803000204937	-0.3194541240795878	-0.536988173628889	-0.3352594475184171	-0.48032473656807023	0.5342961389393379	0.3396301409025588	0.12221048664453935	-0.1621580689192505	-0.02168745776073621	0.2633162983371616	0.0161118005484321	0.02284509247769918	0.6233778148395853	0.8905145884543377	0.67611297321536	0.7435646978649562	-0.000300283
Xubo01402-4A	orange	YS26	C. polyantha	CYU	C. polyantha var. polyantha	100.748	26.581	0.030397	-0.00815925	0.7986822570851664	0.6921347883422624	1.0831033729124253	-1.0100436332668323	-0.12185542694432283	0.8586931071047272	-0.8450099806268897	0.02783519298775956	1.214831104108169	-0.0797910319562378	1.2156911066999398	0.13410082393071562	0.32938918990403077	-0.38232947772665105	0.5046484769293488	0.6646927242741903	-0.299959516930111	0.7122027830553972	-0.3118999130639572	1.5149921730680704	1.4625283368965425	1.500217807775594	1.263227248388707	0.23497826744956135	-0.5968573461491116	-0.9389453397922853	-0.7301462908249551	0.35737319635356446	0.680242801184181	1.3470263310840886	1.420977633190414	-0.4327059406238043	0.12756106981309398	0.3434183473480074	0.5079821768407013	0.4233638603792936	0.016778420211057816	-0.5349676513883348	-0.5420803000204937	-0.3194541240795878	-0.536988173628889	-0.3352594475184171	-0.48032473656807023	0.5342961389393379	0.3396301409025588	0.12221048664453935	-0.1621580689192505	-0.02168745776073621	0.2633162983371616	0.0161118005484321	0.02284509247769918	0.6233778148395853	0.8905145884543377	0.67611297321536	0.7435646978649562	-0.000552316
Xubo01402-5A	orange	YS26	C. polyantha	CYU	C. polyantha var. polyantha	100.748	26.581	0.0318521	-0.00856461	0.7986822570851664	0.6921347883422624	1.0831033729124253	-1.0100436332668323	-0.12185542694432283	0.8586931071047272	-0.8450099806268897	0.02783519298775956	1.214831104108169	-0.0797910319562378	1.2156911066999398	0.13410082393071562	0.32938918990403077	-0.38232947772665105	0.5046484769293488	0.6646927242741903	-0.299959516930111	0.7122027830553972	-0.3118999130639572	1.5149921730680704	1.4625283368965425	1.500217807775594	1.263227248388707	0.23497826744956135	-0.5968573461491116	-0.9389453397922853	-0.7301462908249551	0.35737319635356446	0.680242801184181	1.3470263310840886	1.420977633190414	-0.4327059406238043	0.12756106981309398	0.3434183473480074	0.5079821768407013	0.4233638603792936	0.016778420211057816	-0.5349676513883348	-0.5420803000204937	-0.3194541240795878	-0.536988173628889	-0.3352594475184171	-0.48032473656807023	0.5342961389393379	0.3396301409025588	0.12221048664453935	-0.1621580689192505	-0.02168745776073621	0.2633162983371616	0.0161118005484321	0.02284509247769918	0.6233778148395853	0.8905145884543377	0.67611297321536	0.7435646978649562	-0.000523784
Xubo01402-6A	orange	YS26	C. polyantha	CYU	C. polyantha var. polyantha	100.748	26.581	0.0306393	-0.00801211	0.7986822570851664	0.6921347883422624	1.0831033729124253	-1.0100436332668323	-0.12185542694432283	0.8586931071047272	-0.8450099806268897	0.02783519298775956	1.214831104108169	-0.0797910319562378	1.2156911066999398	0.13410082393071562	0.32938918990403077	-0.38232947772665105	0.5046484769293488	0.6646927242741903	-0.299959516930111	0.7122027830553972	-0.3118999130639572	1.5149921730680704	1.4625283368965425	1.500217807775594	1.263227248388707	0.23497826744956135	-0.5968573461491116	-0.9389453397922853	-0.7301462908249551	0.35737319635356446	0.680242801184181	1.3470263310840886	1.420977633190414	-0.4327059406238043	0.12756106981309398	0.3434183473480074	0.5079821768407013	0.4233638603792936	0.016778420211057816	-0.5349676513883348	-0.5420803000204937	-0.3194541240795878	-0.536988173628889	-0.3352594475184171	-0.48032473656807023	0.5342961389393379	0.3396301409025588	0.12221048664453935	-0.1621580689192505	-0.02168745776073621	0.2633162983371616	0.0161118005484321	0.02284509247769918	0.6233778148395853	0.8905145884543377	0.67611297321536	0.7435646978649562	0.000154195
Xubo01402-7A	orange	YS26	C. polyantha	CYU	C. polyantha var. polyantha	100.748	26.581	0.0314335	-0.00817132	0.7986822570851664	0.6921347883422624	1.0831033729124253	-1.0100436332668323	-0.12185542694432283	0.8586931071047272	-0.8450099806268897	0.02783519298775956	1.214831104108169	-0.0797910319562378	1.2156911066999398	0.13410082393071562	0.32938918990403077	-0.38232947772665105	0.5046484769293488	0.6646927242741903	-0.299959516930111	0.7122027830553972	-0.3118999130639572	1.5149921730680704	1.4625283368965425	1.500217807775594	1.263227248388707	0.23497826744956135	-0.5968573461491116	-0.9389453397922853	-0.7301462908249551	0.35737319635356446	0.680242801184181	1.3470263310840886	1.420977633190414	-0.4327059406238043	0.12756106981309398	0.3434183473480074	0.5079821768407013	0.4233638603792936	0.016778420211057816	-0.5349676513883348	-0.5420803000204937	-0.3194541240795878	-0.536988173628889	-0.3352594475184171	-0.48032473656807023	0.5342961389393379	0.3396301409025588	0.12221048664453935	-0.1621580689192505	-0.02168745776073621	0.2633162983371616	0.0161118005484321	0.02284509247769918	0.6233778148395853	0.8905145884543377	0.67611297321536	0.7435646978649562	0.00039888
Xubo01402-8A	orange	YS26	C. polyantha	CYU	C. polyantha var. polyantha	100.748	26.581	0.0322269	-0.00872428	0.7986822570851664	0.6921347883422624	1.0831033729124253	-1.0100436332668323	-0.12185542694432283	0.8586931071047272	-0.8450099806268897	0.02783519298775956	1.214831104108169	-0.0797910319562378	1.2156911066999398	0.13410082393071562	0.32938918990403077	-0.38232947772665105	0.5046484769293488	0.6646927242741903	-0.299959516930111	0.7122027830553972	-0.3118999130639572	1.5149921730680704	1.4625283368965425	1.500217807775594	1.263227248388707	0.23497826744956135	-0.5968573461491116	-0.9389453397922853	-0.7301462908249551	0.35737319635356446	0.680242801184181	1.3470263310840886	1.420977633190414	-0.4327059406238043	0.12756106981309398	0.3434183473480074	0.5079821768407013	0.4233638603792936	0.016778420211057816	-0.5349676513883348	-0.5420803000204937	-0.3194541240795878	-0.536988173628889	-0.3352594475184171	-0.48032473656807023	0.5342961389393379	0.3396301409025588	0.12221048664453935	-0.1621580689192505	-0.02168745776073621	0.2633162983371616	0.0161118005484321	0.02284509247769918	0.6233778148395853	0.8905145884543377	0.67611297321536	0.7435646978649562	-0.000265954
Xubo01402-9A	orange	YS26	C. polyantha	CYU	C. polyantha var. polyantha	100.748	26.581	0.0302206	-0.00776546	0.7986822570851664	0.6921347883422624	1.0831033729124253	-1.0100436332668323	-0.12185542694432283	0.8586931071047272	-0.8450099806268897	0.02783519298775956	1.214831104108169	-0.0797910319562378	1.2156911066999398	0.13410082393071562	0.32938918990403077	-0.38232947772665105	0.5046484769293488	0.6646927242741903	-0.299959516930111	0.7122027830553972	-0.3118999130639572	1.5149921730680704	1.4625283368965425	1.500217807775594	1.263227248388707	0.23497826744956135	-0.5968573461491116	-0.9389453397922853	-0.7301462908249551	0.35737319635356446	0.680242801184181	1.3470263310840886	1.420977633190414	-0.4327059406238043	0.12756106981309398	0.3434183473480074	0.5079821768407013	0.4233638603792936	0.016778420211057816	-0.5349676513883348	-0.5420803000204937	-0.3194541240795878	-0.536988173628889	-0.3352594475184171	-0.48032473656807023	0.5342961389393379	0.3396301409025588	0.12221048664453935	-0.1621580689192505	-0.02168745776073621	0.2633162983371616	0.0161118005484321	0.02284509247769918	0.6233778148395853	0.8905145884543377	0.67611297321536	0.7435646978649562	9.67E-05
YLZB4703-2A	royalblue	SM3	C. yunnanensis	CYU	C. yunnanensis subsp. filipes	102.278	29.313	0.0303474	-0.00805179	1.4141503150862356	-0.5455249563288773	-0.25723705106670125	-0.19643173537354022	1.0145788808625127	1.2895757842833964	-0.3565726829078436	1.073094681390183	1.1336784190159228	1.0148702042074325	1.1359340360814547	-0.24092690401111608	-0.17687748279778082	-0.6507735791091934	0.18804391915998545	-0.09652772077019751	-0.6720897447005494	-0.22256336970481164	-0.6848237221621667	-0.936370682375553	-0.9073278206055786	-0.9878670088530099	-0.9697243212304951	-0.9225461350582826	-0.718750977010698	-0.5336615701082221	-0.6460317847655357	-1.235438658807468	-1.388602536769332	-0.9431399355756226	-1.0127616562556307	-1.2290305509610862	-2.016911288203354	-1.871705962973521	-1.6824367686175787	-1.5783605593923873	-1.586612068438121	-1.1473791016235069	-1.9396316953725572	-1.5261462257963767	-1.8813103664137636	-2.056258083180555	-1.4978658517365009	0.2096215318872219	0.3028190061334771	0.23944691858636627	0.18405956268615128	0.04421338281755747	-0.15811416454751093	-0.3598951173877339	-0.2804005465052924	-0.2520974445821198	0.06418488317909211	0.177702943083034	0.25824020386429114	-0.000241833
YLZB4703-3A	royalblue	SM3	C. yunnanensis	CYU	C. yunnanensis subsp. filipes	102.278	29.313	0.0308256	-0.00809992	1.4141503150862356	-0.5455249563288773	-0.25723705106670125	-0.19643173537354022	1.0145788808625127	1.2895757842833964	-0.3565726829078436	1.073094681390183	1.1336784190159228	1.0148702042074325	1.1359340360814547	-0.24092690401111608	-0.17687748279778082	-0.6507735791091934	0.18804391915998545	-0.09652772077019751	-0.6720897447005494	-0.22256336970481164	-0.6848237221621667	-0.936370682375553	-0.9073278206055786	-0.9878670088530099	-0.9697243212304951	-0.9225461350582826	-0.718750977010698	-0.5336615701082221	-0.6460317847655357	-1.235438658807468	-1.388602536769332	-0.9431399355756226	-1.0127616562556307	-1.2290305509610862	-2.016911288203354	-1.871705962973521	-1.6824367686175787	-1.5783605593923873	-1.586612068438121	-1.1473791016235069	-1.9396316953725572	-1.5261462257963767	-1.8813103664137636	-2.056258083180555	-1.4978658517365009	0.2096215318872219	0.3028190061334771	0.23944691858636627	0.18405956268615128	0.04421338281755747	-0.15811416454751093	-0.3598951173877339	-0.2804005465052924	-0.2520974445821198	0.06418488317909211	0.177702943083034	0.25824020386429114	0.000143258
YLZB4703-4A	royalblue	SM3	C. yunnanensis	CYU	C. yunnanensis subsp. filipes	102.278	29.313	0.0302677	-0.00799547	1.4141503150862356	-0.5455249563288773	-0.25723705106670125	-0.19643173537354022	1.0145788808625127	1.2895757842833964	-0.3565726829078436	1.073094681390183	1.1336784190159228	1.0148702042074325	1.1359340360814547	-0.24092690401111608	-0.17687748279778082	-0.6507735791091934	0.18804391915998545	-0.09652772077019751	-0.6720897447005494	-0.22256336970481164	-0.6848237221621667	-0.936370682375553	-0.9073278206055786	-0.9878670088530099	-0.9697243212304951	-0.9225461350582826	-0.718750977010698	-0.5336615701082221	-0.6460317847655357	-1.235438658807468	-1.388602536769332	-0.9431399355756226	-1.0127616562556307	-1.2290305509610862	-2.016911288203354	-1.871705962973521	-1.6824367686175787	-1.5783605593923873	-1.586612068438121	-1.1473791016235069	-1.9396316953725572	-1.5261462257963767	-1.8813103664137636	-2.056258083180555	-1.4978658517365009	0.2096215318872219	0.3028190061334771	0.23944691858636627	0.18405956268615128	0.04421338281755747	-0.15811416454751093	-0.3598951173877339	-0.2804005465052924	-0.2520974445821198	0.06418488317909211	0.177702943083034	0.25824020386429114	-0.000115527
YLZB4703-5A	royalblue	SM3	C. yunnanensis	CYU	C. yunnanensis subsp. filipes	102.278	29.313	0.0305457	-0.00839412	1.4141503150862356	-0.5455249563288773	-0.25723705106670125	-0.19643173537354022	1.0145788808625127	1.2895757842833964	-0.3565726829078436	1.073094681390183	1.1336784190159228	1.0148702042074325	1.1359340360814547	-0.24092690401111608	-0.17687748279778082	-0.6507735791091934	0.18804391915998545	-0.09652772077019751	-0.6720897447005494	-0.22256336970481164	-0.6848237221621667	-0.936370682375553	-0.9073278206055786	-0.9878670088530099	-0.9697243212304951	-0.9225461350582826	-0.718750977010698	-0.5336615701082221	-0.6460317847655357	-1.235438658807468	-1.388602536769332	-0.9431399355756226	-1.0127616562556307	-1.2290305509610862	-2.016911288203354	-1.871705962973521	-1.6824367686175787	-1.5783605593923873	-1.586612068438121	-1.1473791016235069	-1.9396316953725572	-1.5261462257963767	-1.8813103664137636	-2.056258083180555	-1.4978658517365009	0.2096215318872219	0.3028190061334771	0.23944691858636627	0.18405956268615128	0.04421338281755747	-0.15811416454751093	-0.3598951173877339	-0.2804005465052924	-0.2520974445821198	0.06418488317909211	0.177702943083034	0.25824020386429114	0.000645608
YLZB4703-6A	royalblue	SM3	C. yunnanensis	CYU	C. yunnanensis subsp. filipes	102.278	29.313	0.0308547	-0.00752072	1.4141503150862356	-0.5455249563288773	-0.25723705106670125	-0.19643173537354022	1.0145788808625127	1.2895757842833964	-0.3565726829078436	1.073094681390183	1.1336784190159228	1.0148702042074325	1.1359340360814547	-0.24092690401111608	-0.17687748279778082	-0.6507735791091934	0.18804391915998545	-0.09652772077019751	-0.6720897447005494	-0.22256336970481164	-0.6848237221621667	-0.936370682375553	-0.9073278206055786	-0.9878670088530099	-0.9697243212304951	-0.9225461350582826	-0.718750977010698	-0.5336615701082221	-0.6460317847655357	-1.235438658807468	-1.388602536769332	-0.9431399355756226	-1.0127616562556307	-1.2290305509610862	-2.016911288203354	-1.871705962973521	-1.6824367686175787	-1.5783605593923873	-1.586612068438121	-1.1473791016235069	-1.9396316953725572	-1.5261462257963767	-1.8813103664137636	-2.056258083180555	-1.4978658517365009	0.2096215318872219	0.3028190061334771	0.23944691858636627	0.18405956268615128	0.04421338281755747	-0.15811416454751093	-0.3598951173877339	-0.2804005465052924	-0.2520974445821198	0.06418488317909211	0.177702943083034	0.25824020386429114	0.000560932
YLZB4703-7A	royalblue	SM3	C. yunnanensis	CYU	C. yunnanensis subsp. filipes	102.278	29.313	0.0306806	-0.00734644	1.4141503150862356	-0.5455249563288773	-0.25723705106670125	-0.19643173537354022	1.0145788808625127	1.2895757842833964	-0.3565726829078436	1.073094681390183	1.1336784190159228	1.0148702042074325	1.1359340360814547	-0.24092690401111608	-0.17687748279778082	-0.6507735791091934	0.18804391915998545	-0.09652772077019751	-0.6720897447005494	-0.22256336970481164	-0.6848237221621667	-0.936370682375553	-0.9073278206055786	-0.9878670088530099	-0.9697243212304951	-0.9225461350582826	-0.718750977010698	-0.5336615701082221	-0.6460317847655357	-1.235438658807468	-1.388602536769332	-0.9431399355756226	-1.0127616562556307	-1.2290305509610862	-2.016911288203354	-1.871705962973521	-1.6824367686175787	-1.5783605593923873	-1.586612068438121	-1.1473791016235069	-1.9396316953725572	-1.5261462257963767	-1.8813103664137636	-2.056258083180555	-1.4978658517365009	0.2096215318872219	0.3028190061334771	0.23944691858636627	0.18405956268615128	0.04421338281755747	-0.15811416454751093	-0.3598951173877339	-0.2804005465052924	-0.2520974445821198	0.06418488317909211	0.177702943083034	0.25824020386429114	0.000474141
YLZB4703-8A	royalblue	SM3	C. yunnanensis	CYU	C. yunnanensis subsp. filipes	102.278	29.313	0.0307056	-0.00769463	1.4141503150862356	-0.5455249563288773	-0.25723705106670125	-0.19643173537354022	1.0145788808625127	1.2895757842833964	-0.3565726829078436	1.073094681390183	1.1336784190159228	1.0148702042074325	1.1359340360814547	-0.24092690401111608	-0.17687748279778082	-0.6507735791091934	0.18804391915998545	-0.09652772077019751	-0.6720897447005494	-0.22256336970481164	-0.6848237221621667	-0.936370682375553	-0.9073278206055786	-0.9878670088530099	-0.9697243212304951	-0.9225461350582826	-0.718750977010698	-0.5336615701082221	-0.6460317847655357	-1.235438658807468	-1.388602536769332	-0.9431399355756226	-1.0127616562556307	-1.2290305509610862	-2.016911288203354	-1.871705962973521	-1.6824367686175787	-1.5783605593923873	-1.586612068438121	-1.1473791016235069	-1.9396316953725572	-1.5261462257963767	-1.8813103664137636	-2.056258083180555	-1.4978658517365009	0.2096215318872219	0.3028190061334771	0.23944691858636627	0.18405956268615128	0.04421338281755747	-0.15811416454751093	-0.3598951173877339	-0.2804005465052924	-0.2520974445821198	0.06418488317909211	0.177702943083034	0.25824020386429114	0.000300082
YLZB4703-9A	royalblue	SM3	C. yunnanensis	CYU	C. yunnanensis subsp. filipes	102.278	29.313	0.0305846	-0.00868245	1.4141503150862356	-0.5455249563288773	-0.25723705106670125	-0.19643173537354022	1.0145788808625127	1.2895757842833964	-0.3565726829078436	1.073094681390183	1.1336784190159228	1.0148702042074325	1.1359340360814547	-0.24092690401111608	-0.17687748279778082	-0.6507735791091934	0.18804391915998545	-0.09652772077019751	-0.6720897447005494	-0.22256336970481164	-0.6848237221621667	-0.936370682375553	-0.9073278206055786	-0.9878670088530099	-0.9697243212304951	-0.9225461350582826	-0.718750977010698	-0.5336615701082221	-0.6460317847655357	-1.235438658807468	-1.388602536769332	-0.9431399355756226	-1.0127616562556307	-1.2290305509610862	-2.016911288203354	-1.871705962973521	-1.6824367686175787	-1.5783605593923873	-1.586612068438121	-1.1473791016235069	-1.9396316953725572	-1.5261462257963767	-1.8813103664137636	-2.056258083180555	-1.4978658517365009	0.2096215318872219	0.3028190061334771	0.23944691858636627	0.18405956268615128	0.04421338281755747	-0.15811416454751093	-0.3598951173877339	-0.2804005465052924	-0.2520974445821198	0.06418488317909211	0.177702943083034	0.25824020386429114	-0.000820405
YLZB4715-1A	royalblue	MY1	C. yunnanensis	CYU	C. yunnanensis subsp. filipes	101.9	27.122	0.0290501	-0.00704831	1.5589663287335458	0.8609065717065086	0.9714083375808314	-0.7945923989815006	0.6649067861527171	1.1374995452791603	-0.48978285501303803	0.8196984417774743	1.6205945295693995	0.6598449384246206	1.6144764597923655	0.34180848863696084	0.7760950775820997	-0.38232947772665105	0.7579321231448395	1.0277363211415138	-0.5232376535923741	1.0571760060978552	-0.5356541985228829	0.7152852743249868	0.8410126042718906	0.7656927684614022	0.6271743770426312	-0.2370768612899013	-0.7305644566536712	-0.7771100587628368	-0.5744207863635976	-0.3743520305813991	-0.16365664988530607	0.5407690924976244	0.6298011020293518	-0.4327059406238043	-0.19896357120261654	0.18578782382425524	0.26658898373761475	-0.13096005101229527	-0.5138400643455484	-0.770510570861251	-0.8681760421053987	-1.1548563483450496	-0.6958627337927863	-1.3432727744942405	-1.1109137711274768	0.6045616669560891	0.35435452167282316	0.11581565089824696	-0.10153024446967732	0.046849463576670074	0.28505196897229934	0.11625899184420797	0.035050093749201615	0.517792841360055	0.8787099286372728	0.7743127486937874	0.8723713253439643	-0.000566327
YLZB4715-10A	royalblue	MY1	C. yunnanensis	CYU	C. yunnanensis subsp. filipes	101.9	27.122	0.0284906	-0.00692428	1.5589663287335458	0.8609065717065086	0.9714083375808314	-0.7945923989815006	0.6649067861527171	1.1374995452791603	-0.48978285501303803	0.8196984417774743	1.6205945295693995	0.6598449384246206	1.6144764597923655	0.34180848863696084	0.7760950775820997	-0.38232947772665105	0.7579321231448395	1.0277363211415138	-0.5232376535923741	1.0571760060978552	-0.5356541985228829	0.7152852743249868	0.8410126042718906	0.7656927684614022	0.6271743770426312	-0.2370768612899013	-0.7305644566536712	-0.7771100587628368	-0.5744207863635976	-0.3743520305813991	-0.16365664988530607	0.5407690924976244	0.6298011020293518	-0.4327059406238043	-0.19896357120261654	0.18578782382425524	0.26658898373761475	-0.13096005101229527	-0.5138400643455484	-0.770510570861251	-0.8681760421053987	-1.1548563483450496	-0.6958627337927863	-1.3432727744942405	-1.1109137711274768	0.6045616669560891	0.35435452167282316	0.11581565089824696	-0.10153024446967732	0.046849463576670074	0.28505196897229934	0.11625899184420797	0.035050093749201615	0.517792841360055	0.8787099286372728	0.7743127486937874	0.8723713253439643	-0.000708492
YLZB4715-2A	royalblue	MY1	C. yunnanensis	CYU	C. yunnanensis subsp. filipes	101.9	27.122	0.0289929	-0.0074735	1.5589663287335458	0.8609065717065086	0.9714083375808314	-0.7945923989815006	0.6649067861527171	1.1374995452791603	-0.48978285501303803	0.8196984417774743	1.6205945295693995	0.6598449384246206	1.6144764597923655	0.34180848863696084	0.7760950775820997	-0.38232947772665105	0.7579321231448395	1.0277363211415138	-0.5232376535923741	1.0571760060978552	-0.5356541985228829	0.7152852743249868	0.8410126042718906	0.7656927684614022	0.6271743770426312	-0.2370768612899013	-0.7305644566536712	-0.7771100587628368	-0.5744207863635976	-0.3743520305813991	-0.16365664988530607	0.5407690924976244	0.6298011020293518	-0.4327059406238043	-0.19896357120261654	0.18578782382425524	0.26658898373761475	-0.13096005101229527	-0.5138400643455484	-0.770510570861251	-0.8681760421053987	-1.1548563483450496	-0.6958627337927863	-1.3432727744942405	-1.1109137711274768	0.6045616669560891	0.35435452167282316	0.11581565089824696	-0.10153024446967732	0.046849463576670074	0.28505196897229934	0.11625899184420797	0.035050093749201615	0.517792841360055	0.8787099286372728	0.7743127486937874	0.8723713253439643	-0.00097197
YLZB4715-5A	royalblue	MY1	C. yunnanensis	CYU	C. yunnanensis subsp. filipes	101.9	27.122	0.0287735	-0.00747396	1.5589663287335458	0.8609065717065086	0.9714083375808314	-0.7945923989815006	0.6649067861527171	1.1374995452791603	-0.48978285501303803	0.8196984417774743	1.6205945295693995	0.6598449384246206	1.6144764597923655	0.34180848863696084	0.7760950775820997	-0.38232947772665105	0.7579321231448395	1.0277363211415138	-0.5232376535923741	1.0571760060978552	-0.5356541985228829	0.7152852743249868	0.8410126042718906	0.7656927684614022	0.6271743770426312	-0.2370768612899013	-0.7305644566536712	-0.7771100587628368	-0.5744207863635976	-0.3743520305813991	-0.16365664988530607	0.5407690924976244	0.6298011020293518	-0.4327059406238043	-0.19896357120261654	0.18578782382425524	0.26658898373761475	-0.13096005101229527	-0.5138400643455484	-0.770510570861251	-0.8681760421053987	-1.1548563483450496	-0.6958627337927863	-1.3432727744942405	-1.1109137711274768	0.6045616669560891	0.35435452167282316	0.11581565089824696	-0.10153024446967732	0.046849463576670074	0.28505196897229934	0.11625899184420797	0.035050093749201615	0.517792841360055	0.8787099286372728	0.7743127486937874	0.8723713253439643	-0.000960045
YLZB4715-6A	royalblue	MY1	C. yunnanensis	CYU	C. yunnanensis subsp. filipes	101.9	27.122	0.0299513	-0.00738278	1.5589663287335458	0.8609065717065086	0.9714083375808314	-0.7945923989815006	0.6649067861527171	1.1374995452791603	-0.48978285501303803	0.8196984417774743	1.6205945295693995	0.6598449384246206	1.6144764597923655	0.34180848863696084	0.7760950775820997	-0.38232947772665105	0.7579321231448395	1.0277363211415138	-0.5232376535923741	1.0571760060978552	-0.5356541985228829	0.7152852743249868	0.8410126042718906	0.7656927684614022	0.6271743770426312	-0.2370768612899013	-0.7305644566536712	-0.7771100587628368	-0.5744207863635976	-0.3743520305813991	-0.16365664988530607	0.5407690924976244	0.6298011020293518	-0.4327059406238043	-0.19896357120261654	0.18578782382425524	0.26658898373761475	-0.13096005101229527	-0.5138400643455484	-0.770510570861251	-0.8681760421053987	-1.1548563483450496	-0.6958627337927863	-1.3432727744942405	-1.1109137711274768	0.6045616669560891	0.35435452167282316	0.11581565089824696	-0.10153024446967732	0.046849463576670074	0.28505196897229934	0.11625899184420797	0.035050093749201615	0.517792841360055	0.8787099286372728	0.7743127486937874	0.8723713253439643	-0.00076915
YLZB4715-7A	royalblue	MY1	C. yunnanensis	CYU	C. yunnanensis subsp. filipes	101.9	27.122	0.0285808	-0.00695734	1.5589663287335458	0.8609065717065086	0.9714083375808314	-0.7945923989815006	0.6649067861527171	1.1374995452791603	-0.48978285501303803	0.8196984417774743	1.6205945295693995	0.6598449384246206	1.6144764597923655	0.34180848863696084	0.7760950775820997	-0.38232947772665105	0.7579321231448395	1.0277363211415138	-0.5232376535923741	1.0571760060978552	-0.5356541985228829	0.7152852743249868	0.8410126042718906	0.7656927684614022	0.6271743770426312	-0.2370768612899013	-0.7305644566536712	-0.7771100587628368	-0.5744207863635976	-0.3743520305813991	-0.16365664988530607	0.5407690924976244	0.6298011020293518	-0.4327059406238043	-0.19896357120261654	0.18578782382425524	0.26658898373761475	-0.13096005101229527	-0.5138400643455484	-0.770510570861251	-0.8681760421053987	-1.1548563483450496	-0.6958627337927863	-1.3432727744942405	-1.1109137711274768	0.6045616669560891	0.35435452167282316	0.11581565089824696	-0.10153024446967732	0.046849463576670074	0.28505196897229934	0.11625899184420797	0.035050093749201615	0.517792841360055	0.8787099286372728	0.7743127486937874	0.8723713253439643	-0.000219752
YLZB4715-8A	royalblue	MY1	C. yunnanensis	CYU	C. yunnanensis subsp. filipes	101.9	27.122	0.0300353	-0.00815423	1.5589663287335458	0.8609065717065086	0.9714083375808314	-0.7945923989815006	0.6649067861527171	1.1374995452791603	-0.48978285501303803	0.8196984417774743	1.6205945295693995	0.6598449384246206	1.6144764597923655	0.34180848863696084	0.7760950775820997	-0.38232947772665105	0.7579321231448395	1.0277363211415138	-0.5232376535923741	1.0571760060978552	-0.5356541985228829	0.7152852743249868	0.8410126042718906	0.7656927684614022	0.6271743770426312	-0.2370768612899013	-0.7305644566536712	-0.7771100587628368	-0.5744207863635976	-0.3743520305813991	-0.16365664988530607	0.5407690924976244	0.6298011020293518	-0.4327059406238043	-0.19896357120261654	0.18578782382425524	0.26658898373761475	-0.13096005101229527	-0.5138400643455484	-0.770510570861251	-0.8681760421053987	-1.1548563483450496	-0.6958627337927863	-1.3432727744942405	-1.1109137711274768	0.6045616669560891	0.35435452167282316	0.11581565089824696	-0.10153024446967732	0.046849463576670074	0.28505196897229934	0.11625899184420797	0.035050093749201615	0.517792841360055	0.8787099286372728	0.7743127486937874	0.8723713253439643	-0.00218051
YLZB4715-9A	royalblue	MY1	C. yunnanensis	CYU	C. yunnanensis subsp. filipes	101.9	27.122	0.0301978	-0.00772979	1.5589663287335458	0.8609065717065086	0.9714083375808314	-0.7945923989815006	0.6649067861527171	1.1374995452791603	-0.48978285501303803	0.8196984417774743	1.6205945295693995	0.6598449384246206	1.6144764597923655	0.34180848863696084	0.7760950775820997	-0.38232947772665105	0.7579321231448395	1.0277363211415138	-0.5232376535923741	1.0571760060978552	-0.5356541985228829	0.7152852743249868	0.8410126042718906	0.7656927684614022	0.6271743770426312	-0.2370768612899013	-0.7305644566536712	-0.7771100587628368	-0.5744207863635976	-0.3743520305813991	-0.16365664988530607	0.5407690924976244	0.6298011020293518	-0.4327059406238043	-0.19896357120261654	0.18578782382425524	0.26658898373761475	-0.13096005101229527	-0.5138400643455484	-0.770510570861251	-0.8681760421053987	-1.1548563483450496	-0.6958627337927863	-1.3432727744942405	-1.1109137711274768	0.6045616669560891	0.35435452167282316	0.11581565089824696	-0.10153024446967732	0.046849463576670074	0.28505196897229934	0.11625899184420797	0.035050093749201615	0.517792841360055	0.8787099286372728	0.7743127486937874	0.8723713253439643	-0.000820843
YLZB4735-1A	orange	YSXC51	C. polyantha	CPO	C. polyantha var. polyantha	104.416	23.506	0.0423505	-0.0179713	1.088314284379787	-0.9955830453002008	0.30123812559126817	-0.935202678199296	-0.18013410939595542	1.5683822224578292	-1.5110608411528617	0.2812314326004683	1.3230346842311638	0.15689247856563687	1.3220338675245866	1.1380212033442343	0.9845578251651986	0.557224877112247	-0.3818442848248686	1.0980028237609958	0.5187269841648535	1.1239450170092988	0.5085324669521037	0.2310406446840743	0.35380142076612897	0.48668325727194056	0.4417717315651581	0.08304435625347682	-0.17694184247615719	0.13222801028801903	0.22125697365793717	1.3509957387858578	0.8761480308967405	0.6094685845380525	0.42646133934777036	0.7563264428837163	0.9747602663428555	0.9407554844912618	-0.15361374519246065	0.09487568457578419	0.3974393873841789	0.36009502142545685	0.03246859153156267	0.05183614856108937	0.30626843483973853	0.906317902815244	1.6550788939465981	2.7924817324188274	2.8894222513442354	2.7227328729623177	2.211906505783121	1.826173730390011	1.2365908880434118	0.33931379140209483	0.38523802379212524	1.0295866225829942	1.7927317515414172	2.1731964730056403	2.4272497616536137	-0.0172578
YLZB4735-10A	orange	YSXC51	C. polyantha	CPO	C. polyantha var. polyantha	104.416	23.506	0.0406436	-0.0166494	1.088314284379787	-0.9955830453002008	0.30123812559126817	-0.935202678199296	-0.18013410939595542	1.5683822224578292	-1.5110608411528617	0.2812314326004683	1.3230346842311638	0.15689247856563687	1.3220338675245866	1.1380212033442343	0.9845578251651986	0.557224877112247	-0.3818442848248686	1.0980028237609958	0.5187269841648535	1.1239450170092988	0.5085324669521037	0.2310406446840743	0.35380142076612897	0.48668325727194056	0.4417717315651581	0.08304435625347682	-0.17694184247615719	0.13222801028801903	0.22125697365793717	1.3509957387858578	0.8761480308967405	0.6094685845380525	0.42646133934777036	0.7563264428837163	0.9747602663428555	0.9407554844912618	-0.15361374519246065	0.09487568457578419	0.3974393873841789	0.36009502142545685	0.03246859153156267	0.05183614856108937	0.30626843483973853	0.906317902815244	1.6550788939465981	2.7924817324188274	2.8894222513442354	2.7227328729623177	2.211906505783121	1.826173730390011	1.2365908880434118	0.33931379140209483	0.38523802379212524	1.0295866225829942	1.7927317515414172	2.1731964730056403	2.4272497616536137	-0.0163424
YLZB4735-2A	orange	YSXC51	C. polyantha	CPO	C. polyantha var. polyantha	104.416	23.506	0.0407902	-0.0173835	1.088314284379787	-0.9955830453002008	0.30123812559126817	-0.935202678199296	-0.18013410939595542	1.5683822224578292	-1.5110608411528617	0.2812314326004683	1.3230346842311638	0.15689247856563687	1.3220338675245866	1.1380212033442343	0.9845578251651986	0.557224877112247	-0.3818442848248686	1.0980028237609958	0.5187269841648535	1.1239450170092988	0.5085324669521037	0.2310406446840743	0.35380142076612897	0.48668325727194056	0.4417717315651581	0.08304435625347682	-0.17694184247615719	0.13222801028801903	0.22125697365793717	1.3509957387858578	0.8761480308967405	0.6094685845380525	0.42646133934777036	0.7563264428837163	0.9747602663428555	0.9407554844912618	-0.15361374519246065	0.09487568457578419	0.3974393873841789	0.36009502142545685	0.03246859153156267	0.05183614856108937	0.30626843483973853	0.906317902815244	1.6550788939465981	2.7924817324188274	2.8894222513442354	2.7227328729623177	2.211906505783121	1.826173730390011	1.2365908880434118	0.33931379140209483	0.38523802379212524	1.0295866225829942	1.7927317515414172	2.1731964730056403	2.4272497616536137	-0.0166453
YLZB4735-3A	orange	YSXC51	C. polyantha	CPO	C. polyantha var. polyantha	104.416	23.506	0.0405785	-0.0167652	1.088314284379787	-0.9955830453002008	0.30123812559126817	-0.935202678199296	-0.18013410939595542	1.5683822224578292	-1.5110608411528617	0.2812314326004683	1.3230346842311638	0.15689247856563687	1.3220338675245866	1.1380212033442343	0.9845578251651986	0.557224877112247	-0.3818442848248686	1.0980028237609958	0.5187269841648535	1.1239450170092988	0.5085324669521037	0.2310406446840743	0.35380142076612897	0.48668325727194056	0.4417717315651581	0.08304435625347682	-0.17694184247615719	0.13222801028801903	0.22125697365793717	1.3509957387858578	0.8761480308967405	0.6094685845380525	0.42646133934777036	0.7563264428837163	0.9747602663428555	0.9407554844912618	-0.15361374519246065	0.09487568457578419	0.3974393873841789	0.36009502142545685	0.03246859153156267	0.05183614856108937	0.30626843483973853	0.906317902815244	1.6550788939465981	2.7924817324188274	2.8894222513442354	2.7227328729623177	2.211906505783121	1.826173730390011	1.2365908880434118	0.33931379140209483	0.38523802379212524	1.0295866225829942	1.7927317515414172	2.1731964730056403	2.4272497616536137	-0.0161306
YLZB4735-5A	orange	YSXC51	C. polyantha	CPO	C. polyantha var. polyantha	104.416	23.506	0.0421823	-0.0178718	1.088314284379787	-0.9955830453002008	0.30123812559126817	-0.935202678199296	-0.18013410939595542	1.5683822224578292	-1.5110608411528617	0.2812314326004683	1.3230346842311638	0.15689247856563687	1.3220338675245866	1.1380212033442343	0.9845578251651986	0.557224877112247	-0.3818442848248686	1.0980028237609958	0.5187269841648535	1.1239450170092988	0.5085324669521037	0.2310406446840743	0.35380142076612897	0.48668325727194056	0.4417717315651581	0.08304435625347682	-0.17694184247615719	0.13222801028801903	0.22125697365793717	1.3509957387858578	0.8761480308967405	0.6094685845380525	0.42646133934777036	0.7563264428837163	0.9747602663428555	0.9407554844912618	-0.15361374519246065	0.09487568457578419	0.3974393873841789	0.36009502142545685	0.03246859153156267	0.05183614856108937	0.30626843483973853	0.906317902815244	1.6550788939465981	2.7924817324188274	2.8894222513442354	2.7227328729623177	2.211906505783121	1.826173730390011	1.2365908880434118	0.33931379140209483	0.38523802379212524	1.0295866225829942	1.7927317515414172	2.1731964730056403	2.4272497616536137	-0.0170237
YLZB4735-6A	orange	YSXC51	C. polyantha	CPO	C. polyantha var. polyantha	104.416	23.506	0.0425087	-0.0177275	1.088314284379787	-0.9955830453002008	0.30123812559126817	-0.935202678199296	-0.18013410939595542	1.5683822224578292	-1.5110608411528617	0.2812314326004683	1.3230346842311638	0.15689247856563687	1.3220338675245866	1.1380212033442343	0.9845578251651986	0.557224877112247	-0.3818442848248686	1.0980028237609958	0.5187269841648535	1.1239450170092988	0.5085324669521037	0.2310406446840743	0.35380142076612897	0.48668325727194056	0.4417717315651581	0.08304435625347682	-0.17694184247615719	0.13222801028801903	0.22125697365793717	1.3509957387858578	0.8761480308967405	0.6094685845380525	0.42646133934777036	0.7563264428837163	0.9747602663428555	0.9407554844912618	-0.15361374519246065	0.09487568457578419	0.3974393873841789	0.36009502142545685	0.03246859153156267	0.05183614856108937	0.30626843483973853	0.906317902815244	1.6550788939465981	2.7924817324188274	2.8894222513442354	2.7227328729623177	2.211906505783121	1.826173730390011	1.2365908880434118	0.33931379140209483	0.38523802379212524	1.0295866225829942	1.7927317515414172	2.1731964730056403	2.4272497616536137	-0.0174532
YLZB4735-8A	orange	YSXC51	C. polyantha	CPO	C. polyantha var. polyantha	104.416	23.506	0.0412618	-0.0168962	1.088314284379787	-0.9955830453002008	0.30123812559126817	-0.935202678199296	-0.18013410939595542	1.5683822224578292	-1.5110608411528617	0.2812314326004683	1.3230346842311638	0.15689247856563687	1.3220338675245866	1.1380212033442343	0.9845578251651986	0.557224877112247	-0.3818442848248686	1.0980028237609958	0.5187269841648535	1.1239450170092988	0.5085324669521037	0.2310406446840743	0.35380142076612897	0.48668325727194056	0.4417717315651581	0.08304435625347682	-0.17694184247615719	0.13222801028801903	0.22125697365793717	1.3509957387858578	0.8761480308967405	0.6094685845380525	0.42646133934777036	0.7563264428837163	0.9747602663428555	0.9407554844912618	-0.15361374519246065	0.09487568457578419	0.3974393873841789	0.36009502142545685	0.03246859153156267	0.05183614856108937	0.30626843483973853	0.906317902815244	1.6550788939465981	2.7924817324188274	2.8894222513442354	2.7227328729623177	2.211906505783121	1.826173730390011	1.2365908880434118	0.33931379140209483	0.38523802379212524	1.0295866225829942	1.7927317515414172	2.1731964730056403	2.4272497616536137	-0.0165571
YLZB4735-9A	orange	YSXC51	C. polyantha	CPO	C. polyantha var. polyantha	104.416	23.506	0.0418579	-0.0174828	1.088314284379787	-0.9955830453002008	0.30123812559126817	-0.935202678199296	-0.18013410939595542	1.5683822224578292	-1.5110608411528617	0.2812314326004683	1.3230346842311638	0.15689247856563687	1.3220338675245866	1.1380212033442343	0.9845578251651986	0.557224877112247	-0.3818442848248686	1.0980028237609958	0.5187269841648535	1.1239450170092988	0.5085324669521037	0.2310406446840743	0.35380142076612897	0.48668325727194056	0.4417717315651581	0.08304435625347682	-0.17694184247615719	0.13222801028801903	0.22125697365793717	1.3509957387858578	0.8761480308967405	0.6094685845380525	0.42646133934777036	0.7563264428837163	0.9747602663428555	0.9407554844912618	-0.15361374519246065	0.09487568457578419	0.3974393873841789	0.36009502142545685	0.03246859153156267	0.05183614856108937	0.30626843483973853	0.906317902815244	1.6550788939465981	2.7924817324188274	2.8894222513442354	2.7227328729623177	2.211906505783121	1.826173730390011	1.2365908880434118	0.33931379140209483	0.38523802379212524	1.0295866225829942	1.7927317515414172	2.1731964730056403	2.4272497616536137	-0.0174501
YLZB4816-11A	coral	ASCD52	C. polyantha	CPO	C. polyantha f. leiocarpa	106.023	26.453	0.0414511	-0.017181	0.7986822570851664	-1.389383873150109	-0.8157122277246707	0.08592277692671027	0.6066281037010846	1.061461425777042	-0.4675811596621723	0.47127861230999984	0.4574060432472053	0.6894303772398548	0.4712917809274121	1.8361497430513363	1.3419225353076538	1.2283351305686028	-0.6984488425942319	1.531312923247801	1.0397093030434672	1.168457690950261	1.030625799689597	-1.1428276769631205	-1.2373741062062558	-0.8838634634633898	-0.750489076213337	-1.0907334414055763	-0.6543138153217536	0.4841849681715476	0.8231303649885124	0.5581611382348506	-0.7958636366133827	-0.9008210484787189	-0.9715655484915701	-0.8145052999977715	-0.39311322269577553	-0.5774760760806698	-0.7436859061842637	-0.4491827992372336	-0.2946716495352728	0.06566645983084711	-0.1072865942817287	0.26400184927461656	0.135172922763548	0.11957591011753108	-0.19369320190865863	1.4380549736494606	1.4439674751566418	1.714497588959381	1.6439174166765145	1.488761285221239	0.9745554631079583	0.5468917244859305	0.5767614968982685	0.7993526249593955	1.096253806836862	1.3412771150661293	1.3967977700536078	-0.0174751
YLZB4816-3A	coral	ASCD52	C. polyantha	CPO	C. polyantha f. leiocarpa	106.023	26.453	0.0419011	-0.0173846	0.7986822570851664	-1.389383873150109	-0.8157122277246707	0.08592277692671027	0.6066281037010846	1.061461425777042	-0.4675811596621723	0.47127861230999984	0.4574060432472053	0.6894303772398548	0.4712917809274121	1.8361497430513363	1.3419225353076538	1.2283351305686028	-0.6984488425942319	1.531312923247801	1.0397093030434672	1.168457690950261	1.030625799689597	-1.1428276769631205	-1.2373741062062558	-0.8838634634633898	-0.750489076213337	-1.0907334414055763	-0.6543138153217536	0.4841849681715476	0.8231303649885124	0.5581611382348506	-0.7958636366133827	-0.9008210484787189	-0.9715655484915701	-0.8145052999977715	-0.39311322269577553	-0.5774760760806698	-0.7436859061842637	-0.4491827992372336	-0.2946716495352728	0.06566645983084711	-0.1072865942817287	0.26400184927461656	0.135172922763548	0.11957591011753108	-0.19369320190865863	1.4380549736494606	1.4439674751566418	1.714497588959381	1.6439174166765145	1.488761285221239	0.9745554631079583	0.5468917244859305	0.5767614968982685	0.7993526249593955	1.096253806836862	1.3412771150661293	1.3967977700536078	-0.0179534
YLZB4816-4A	coral	ASCD52	C. polyantha	CPO	C. polyantha f. leiocarpa	106.023	26.453	0.0415339	-0.0169604	0.7986822570851664	-1.389383873150109	-0.8157122277246707	0.08592277692671027	0.6066281037010846	1.061461425777042	-0.4675811596621723	0.47127861230999984	0.4574060432472053	0.6894303772398548	0.4712917809274121	1.8361497430513363	1.3419225353076538	1.2283351305686028	-0.6984488425942319	1.531312923247801	1.0397093030434672	1.168457690950261	1.030625799689597	-1.1428276769631205	-1.2373741062062558	-0.8838634634633898	-0.750489076213337	-1.0907334414055763	-0.6543138153217536	0.4841849681715476	0.8231303649885124	0.5581611382348506	-0.7958636366133827	-0.9008210484787189	-0.9715655484915701	-0.8145052999977715	-0.39311322269577553	-0.5774760760806698	-0.7436859061842637	-0.4491827992372336	-0.2946716495352728	0.06566645983084711	-0.1072865942817287	0.26400184927461656	0.135172922763548	0.11957591011753108	-0.19369320190865863	1.4380549736494606	1.4439674751566418	1.714497588959381	1.6439174166765145	1.488761285221239	0.9745554631079583	0.5468917244859305	0.5767614968982685	0.7993526249593955	1.096253806836862	1.3412771150661293	1.3967977700536078	-0.0167041
YLZB4816-5A	coral	ASCD52	C. polyantha	CPO	C. polyantha f. leiocarpa	106.023	26.453	0.0342808	-0.0139311	0.7986822570851664	-1.389383873150109	-0.8157122277246707	0.08592277692671027	0.6066281037010846	1.061461425777042	-0.4675811596621723	0.47127861230999984	0.4574060432472053	0.6894303772398548	0.4712917809274121	1.8361497430513363	1.3419225353076538	1.2283351305686028	-0.6984488425942319	1.531312923247801	1.0397093030434672	1.168457690950261	1.030625799689597	-1.1428276769631205	-1.2373741062062558	-0.8838634634633898	-0.750489076213337	-1.0907334414055763	-0.6543138153217536	0.4841849681715476	0.8231303649885124	0.5581611382348506	-0.7958636366133827	-0.9008210484787189	-0.9715655484915701	-0.8145052999977715	-0.39311322269577553	-0.5774760760806698	-0.7436859061842637	-0.4491827992372336	-0.2946716495352728	0.06566645983084711	-0.1072865942817287	0.26400184927461656	0.135172922763548	0.11957591011753108	-0.19369320190865863	1.4380549736494606	1.4439674751566418	1.714497588959381	1.6439174166765145	1.488761285221239	0.9745554631079583	0.5468917244859305	0.5767614968982685	0.7993526249593955	1.096253806836862	1.3412771150661293	1.3967977700536078	-0.012226
YLZB4816-6A	coral	ASCD52	C. polyantha	CPO	C. polyantha f. leiocarpa	106.023	26.453	0.0429499	-0.0184391	0.7986822570851664	-1.389383873150109	-0.8157122277246707	0.08592277692671027	0.6066281037010846	1.061461425777042	-0.4675811596621723	0.47127861230999984	0.4574060432472053	0.6894303772398548	0.4712917809274121	1.8361497430513363	1.3419225353076538	1.2283351305686028	-0.6984488425942319	1.531312923247801	1.0397093030434672	1.168457690950261	1.030625799689597	-1.1428276769631205	-1.2373741062062558	-0.8838634634633898	-0.750489076213337	-1.0907334414055763	-0.6543138153217536	0.4841849681715476	0.8231303649885124	0.5581611382348506	-0.7958636366133827	-0.9008210484787189	-0.9715655484915701	-0.8145052999977715	-0.39311322269577553	-0.5774760760806698	-0.7436859061842637	-0.4491827992372336	-0.2946716495352728	0.06566645983084711	-0.1072865942817287	0.26400184927461656	0.135172922763548	0.11957591011753108	-0.19369320190865863	1.4380549736494606	1.4439674751566418	1.714497588959381	1.6439174166765145	1.488761285221239	0.9745554631079583	0.5468917244859305	0.5767614968982685	0.7993526249593955	1.096253806836862	1.3412771150661293	1.3967977700536078	-0.0185351
YLZB4816-7A	coral	ASCD52	C. polyantha	CPO	C. polyantha f. leiocarpa	106.023	26.453	0.0421203	-0.0179554	0.7986822570851664	-1.389383873150109	-0.8157122277246707	0.08592277692671027	0.6066281037010846	1.061461425777042	-0.4675811596621723	0.47127861230999984	0.4574060432472053	0.6894303772398548	0.4712917809274121	1.8361497430513363	1.3419225353076538	1.2283351305686028	-0.6984488425942319	1.531312923247801	1.0397093030434672	1.168457690950261	1.030625799689597	-1.1428276769631205	-1.2373741062062558	-0.8838634634633898	-0.750489076213337	-1.0907334414055763	-0.6543138153217536	0.4841849681715476	0.8231303649885124	0.5581611382348506	-0.7958636366133827	-0.9008210484787189	-0.9715655484915701	-0.8145052999977715	-0.39311322269577553	-0.5774760760806698	-0.7436859061842637	-0.4491827992372336	-0.2946716495352728	0.06566645983084711	-0.1072865942817287	0.26400184927461656	0.135172922763548	0.11957591011753108	-0.19369320190865863	1.4380549736494606	1.4439674751566418	1.714497588959381	1.6439174166765145	1.488761285221239	0.9745554631079583	0.5468917244859305	0.5767614968982685	0.7993526249593955	1.096253806836862	1.3412771150661293	1.3967977700536078	-0.017684
YLZB4816-8A	coral	ASCD52	C. polyantha	CPO	C. polyantha f. leiocarpa	106.023	26.453	0.0377986	-0.0153029	0.7986822570851664	-1.389383873150109	-0.8157122277246707	0.08592277692671027	0.6066281037010846	1.061461425777042	-0.4675811596621723	0.47127861230999984	0.4574060432472053	0.6894303772398548	0.4712917809274121	1.8361497430513363	1.3419225353076538	1.2283351305686028	-0.6984488425942319	1.531312923247801	1.0397093030434672	1.168457690950261	1.030625799689597	-1.1428276769631205	-1.2373741062062558	-0.8838634634633898	-0.750489076213337	-1.0907334414055763	-0.6543138153217536	0.4841849681715476	0.8231303649885124	0.5581611382348506	-0.7958636366133827	-0.9008210484787189	-0.9715655484915701	-0.8145052999977715	-0.39311322269577553	-0.5774760760806698	-0.7436859061842637	-0.4491827992372336	-0.2946716495352728	0.06566645983084711	-0.1072865942817287	0.26400184927461656	0.135172922763548	0.11957591011753108	-0.19369320190865863	1.4380549736494606	1.4439674751566418	1.714497588959381	1.6439174166765145	1.488761285221239	0.9745554631079583	0.5468917244859305	0.5767614968982685	0.7993526249593955	1.096253806836862	1.3412771150661293	1.3967977700536078	-0.0149185
YLZB4816-9A	coral	ASCD52	C. polyantha	CPO	C. polyantha f. leiocarpa	106.023	26.453	0.0421084	-0.0174189	0.7986822570851664	-1.389383873150109	-0.8157122277246707	0.08592277692671027	0.6066281037010846	1.061461425777042	-0.4675811596621723	0.47127861230999984	0.4574060432472053	0.6894303772398548	0.4712917809274121	1.8361497430513363	1.3419225353076538	1.2283351305686028	-0.6984488425942319	1.531312923247801	1.0397093030434672	1.168457690950261	1.030625799689597	-1.1428276769631205	-1.2373741062062558	-0.8838634634633898	-0.750489076213337	-1.0907334414055763	-0.6543138153217536	0.4841849681715476	0.8231303649885124	0.5581611382348506	-0.7958636366133827	-0.9008210484787189	-0.9715655484915701	-0.8145052999977715	-0.39311322269577553	-0.5774760760806698	-0.7436859061842637	-0.4491827992372336	-0.2946716495352728	0.06566645983084711	-0.1072865942817287	0.26400184927461656	0.135172922763548	0.11957591011753108	-0.19369320190865863	1.4380549736494606	1.4439674751566418	1.714497588959381	1.6439174166765145	1.488761285221239	0.9745554631079583	0.5468917244859305	0.5767614968982685	0.7993526249593955	1.096253806836862	1.3412771150661293	1.3967977700536078	-0.0173858
ZXL277-1A	green	YY12	C. macrocarpa	CMA	C. macrocarpa var. macrocarpa	113.343	34.731	-0.0825209	0.0124072	0.18321419908409728	0.4671057438566006	-0.9274072630562645	1.8996819834498053	1.626505046604655	-0.991567800780146	2.1078155010382527	1.1681182712449487	-1.0844949735054707	1.4586517864359474	-1.0440925608238052	-1.5967963819546613	-1.3978735757845029	-0.11388537634410875	-0.508486107932614	-1.8766124537970739	-0.11389440304489182	-1.9251731479466205	-0.12543800851485243	-0.17634773149723282	-0.03863456673020297	0.12167081431798536	0.4891373709207169	2.071611919536183	2.6786983730388956	1.834976296649438	1.5801609195232869	1.1724293873104057	0.9593898134852273	-0.3880480398889636	-0.31295597949434395	0.19999018706735502	0.4540857108288045	0.5010488708717596	0.9103041653458458	1.090605333636529	1.2164378717283681	1.0313921137823505	1.3213210976681227	0.9800604470000404	1.112861823354138	0.7956822356761888	0.9098375017918374	-0.8831268270248048	-0.7426204393527054	-0.29344716664386244	0.24149662418663093	0.4672974706580318	0.566407950041918	1.5219600885872968	1.4921312761290901	0.626310779329409	-0.21575512585131212	-0.5560160871929121	-0.8182140322839262	0.156476
ZXL277-2A	green	YY12	C. macrocarpa	CMA	C. macrocarpa var. macrocarpa	113.343	34.731	-0.0802636	0.00616098	0.18321419908409728	0.4671057438566006	-0.9274072630562645	1.8996819834498053	1.626505046604655	-0.991567800780146	2.1078155010382527	1.1681182712449487	-1.0844949735054707	1.4586517864359474	-1.0440925608238052	-1.5967963819546613	-1.3978735757845029	-0.11388537634410875	-0.508486107932614	-1.8766124537970739	-0.11389440304489182	-1.9251731479466205	-0.12543800851485243	-0.17634773149723282	-0.03863456673020297	0.12167081431798536	0.4891373709207169	2.071611919536183	2.6786983730388956	1.834976296649438	1.5801609195232869	1.1724293873104057	0.9593898134852273	-0.3880480398889636	-0.31295597949434395	0.19999018706735502	0.4540857108288045	0.5010488708717596	0.9103041653458458	1.090605333636529	1.2164378717283681	1.0313921137823505	1.3213210976681227	0.9800604470000404	1.112861823354138	0.7956822356761888	0.9098375017918374	-0.8831268270248048	-0.7426204393527054	-0.29344716664386244	0.24149662418663093	0.4672974706580318	0.566407950041918	1.5219600885872968	1.4921312761290901	0.626310779329409	-0.21575512585131212	-0.5560160871929121	-0.8182140322839262	0.151311
ZXL277-3A	green	YY12	C. macrocarpa	CMA	C. macrocarpa var. macrocarpa	113.343	34.731	-0.0843616	-0.00109672	0.18321419908409728	0.4671057438566006	-0.9274072630562645	1.8996819834498053	1.626505046604655	-0.991567800780146	2.1078155010382527	1.1681182712449487	-1.0844949735054707	1.4586517864359474	-1.0440925608238052	-1.5967963819546613	-1.3978735757845029	-0.11388537634410875	-0.508486107932614	-1.8766124537970739	-0.11389440304489182	-1.9251731479466205	-0.12543800851485243	-0.17634773149723282	-0.03863456673020297	0.12167081431798536	0.4891373709207169	2.071611919536183	2.6786983730388956	1.834976296649438	1.5801609195232869	1.1724293873104057	0.9593898134852273	-0.3880480398889636	-0.31295597949434395	0.19999018706735502	0.4540857108288045	0.5010488708717596	0.9103041653458458	1.090605333636529	1.2164378717283681	1.0313921137823505	1.3213210976681227	0.9800604470000404	1.112861823354138	0.7956822356761888	0.9098375017918374	-0.8831268270248048	-0.7426204393527054	-0.29344716664386244	0.24149662418663093	0.4672974706580318	0.566407950041918	1.5219600885872968	1.4921312761290901	0.626310779329409	-0.21575512585131212	-0.5560160871929121	-0.8182140322839262	0.168213
ZXL277-4A	green	YY12	C. macrocarpa	CMA	C. macrocarpa var. macrocarpa	113.343	34.731	-0.0768938	0.00149157	0.18321419908409728	0.4671057438566006	-0.9274072630562645	1.8996819834498053	1.626505046604655	-0.991567800780146	2.1078155010382527	1.1681182712449487	-1.0844949735054707	1.4586517864359474	-1.0440925608238052	-1.5967963819546613	-1.3978735757845029	-0.11388537634410875	-0.508486107932614	-1.8766124537970739	-0.11389440304489182	-1.9251731479466205	-0.12543800851485243	-0.17634773149723282	-0.03863456673020297	0.12167081431798536	0.4891373709207169	2.071611919536183	2.6786983730388956	1.834976296649438	1.5801609195232869	1.1724293873104057	0.9593898134852273	-0.3880480398889636	-0.31295597949434395	0.19999018706735502	0.4540857108288045	0.5010488708717596	0.9103041653458458	1.090605333636529	1.2164378717283681	1.0313921137823505	1.3213210976681227	0.9800604470000404	1.112861823354138	0.7956822356761888	0.9098375017918374	-0.8831268270248048	-0.7426204393527054	-0.29344716664386244	0.24149662418663093	0.4672974706580318	0.566407950041918	1.5219600885872968	1.4921312761290901	0.626310779329409	-0.21575512585131212	-0.5560160871929121	-0.8182140322839262	0.15253
ZXL277-5A	green	YY12	C. macrocarpa	CMA	C. macrocarpa var. macrocarpa	113.343	34.731	-0.0952047	0.00534507	0.18321419908409728	0.4671057438566006	-0.9274072630562645	1.8996819834498053	1.626505046604655	-0.991567800780146	2.1078155010382527	1.1681182712449487	-1.0844949735054707	1.4586517864359474	-1.0440925608238052	-1.5967963819546613	-1.3978735757845029	-0.11388537634410875	-0.508486107932614	-1.8766124537970739	-0.11389440304489182	-1.9251731479466205	-0.12543800851485243	-0.17634773149723282	-0.03863456673020297	0.12167081431798536	0.4891373709207169	2.071611919536183	2.6786983730388956	1.834976296649438	1.5801609195232869	1.1724293873104057	0.9593898134852273	-0.3880480398889636	-0.31295597949434395	0.19999018706735502	0.4540857108288045	0.5010488708717596	0.9103041653458458	1.090605333636529	1.2164378717283681	1.0313921137823505	1.3213210976681227	0.9800604470000404	1.112861823354138	0.7956822356761888	0.9098375017918374	-0.8831268270248048	-0.7426204393527054	-0.29344716664386244	0.24149662418663093	0.4672974706580318	0.566407950041918	1.5219600885872968	1.4921312761290901	0.626310779329409	-0.21575512585131212	-0.5560160871929121	-0.8182140322839262	0.197428
ZXL277-6A	green	YY12	C. macrocarpa	CMA	C. macrocarpa var. macrocarpa	113.343	34.731	-0.0953514	0.00571185	0.18321419908409728	0.4671057438566006	-0.9274072630562645	1.8996819834498053	1.626505046604655	-0.991567800780146	2.1078155010382527	1.1681182712449487	-1.0844949735054707	1.4586517864359474	-1.0440925608238052	-1.5967963819546613	-1.3978735757845029	-0.11388537634410875	-0.508486107932614	-1.8766124537970739	-0.11389440304489182	-1.9251731479466205	-0.12543800851485243	-0.17634773149723282	-0.03863456673020297	0.12167081431798536	0.4891373709207169	2.071611919536183	2.6786983730388956	1.834976296649438	1.5801609195232869	1.1724293873104057	0.9593898134852273	-0.3880480398889636	-0.31295597949434395	0.19999018706735502	0.4540857108288045	0.5010488708717596	0.9103041653458458	1.090605333636529	1.2164378717283681	1.0313921137823505	1.3213210976681227	0.9800604470000404	1.112861823354138	0.7956822356761888	0.9098375017918374	-0.8831268270248048	-0.7426204393527054	-0.29344716664386244	0.24149662418663093	0.4672974706580318	0.566407950041918	1.5219600885872968	1.4921312761290901	0.626310779329409	-0.21575512585131212	-0.5560160871929121	-0.8182140322839262	0.19746
ZXL277-7A	green	YY12	C. macrocarpa	CMA	C. macrocarpa var. macrocarpa	113.343	34.731	-0.083569	0.006539	0.18321419908409728	0.4671057438566006	-0.9274072630562645	1.8996819834498053	1.626505046604655	-0.991567800780146	2.1078155010382527	1.1681182712449487	-1.0844949735054707	1.4586517864359474	-1.0440925608238052	-1.5967963819546613	-1.3978735757845029	-0.11388537634410875	-0.508486107932614	-1.8766124537970739	-0.11389440304489182	-1.9251731479466205	-0.12543800851485243	-0.17634773149723282	-0.03863456673020297	0.12167081431798536	0.4891373709207169	2.071611919536183	2.6786983730388956	1.834976296649438	1.5801609195232869	1.1724293873104057	0.9593898134852273	-0.3880480398889636	-0.31295597949434395	0.19999018706735502	0.4540857108288045	0.5010488708717596	0.9103041653458458	1.090605333636529	1.2164378717283681	1.0313921137823505	1.3213210976681227	0.9800604470000404	1.112861823354138	0.7956822356761888	0.9098375017918374	-0.8831268270248048	-0.7426204393527054	-0.29344716664386244	0.24149662418663093	0.4672974706580318	0.566407950041918	1.5219600885872968	1.4921312761290901	0.626310779329409	-0.21575512585131212	-0.5560160871929121	-0.8182140322839262	0.168343
ZXL277-8A	green	YY12	C. macrocarpa	CMA	C. macrocarpa var. macrocarpa	113.343	34.731	-0.0891619	-0.000657987	0.18321419908409728	0.4671057438566006	-0.9274072630562645	1.8996819834498053	1.626505046604655	-0.991567800780146	2.1078155010382527	1.1681182712449487	-1.0844949735054707	1.4586517864359474	-1.0440925608238052	-1.5967963819546613	-1.3978735757845029	-0.11388537634410875	-0.508486107932614	-1.8766124537970739	-0.11389440304489182	-1.9251731479466205	-0.12543800851485243	-0.17634773149723282	-0.03863456673020297	0.12167081431798536	0.4891373709207169	2.071611919536183	2.6786983730388956	1.834976296649438	1.5801609195232869	1.1724293873104057	0.9593898134852273	-0.3880480398889636	-0.31295597949434395	0.19999018706735502	0.4540857108288045	0.5010488708717596	0.9103041653458458	1.090605333636529	1.2164378717283681	1.0313921137823505	1.3213210976681227	0.9800604470000404	1.112861823354138	0.7956822356761888	0.9098375017918374	-0.8831268270248048	-0.7426204393527054	-0.29344716664386244	0.24149662418663093	0.4672974706580318	0.566407950041918	1.5219600885872968	1.4921312761290901	0.626310779329409	-0.21575512585131212	-0.5560160871929121	-0.8182140322839262	0.181736
ZXL79-1A	green	CZ25	C. macrocarpa	CMA	C. macrocarpa var. macrocarpa	118.279	32.275	-0.0562189	0.176679	0.5814582366142008	-1.1643548286644472	-1.4858824397142338	1.6252651482021723	1.4808083404755734	-0.155148486256847	1.2641510777053548	1.8332834002283092	-0.5705279679212455	1.6065789805121191	-0.5389644469067328	0.61298238422567	0.5676323299990009	2.7047776881725856	-1.7115834274561945	-0.4010158987879527	2.751508350787484	-0.3004605491014957	2.7460753215413605	-0.1341521413625475	-0.3158162957628064	-0.004333481057900534	0.11494882001180215	1.3098223554925594	1.6541475021846797	2.033444778828819	2.557707881835458	2.038277784909153	1.851368570015306	0.14176244272681798	-0.01930167286847571	1.8144562353344909	1.1424350251335853	1.3887578428479628	1.8490547613319346	2.0042133976390097	2.323814980759077	3.1512773360803727	2.7499292523988146	2.743688155272503	1.9683393837349976	2.160188674939404	2.2140105787337223	0.3356144878473229	0.4525180353061711	0.7808671338487672	1.1939944022402065	1.4571287089116842	1.9550750364432654	2.2985557717065883	2.302351308269154	2.053173310952169	1.1148041301444793	0.6575846772260705	0.2858417219652246	-0.0643015
ZXL79-18A	green	CZ25	C. macrocarpa	CMA	C. macrocarpa var. macrocarpa	118.279	32.275	-0.0650129	0.205223	0.5814582366142008	-1.1643548286644472	-1.4858824397142338	1.6252651482021723	1.4808083404755734	-0.155148486256847	1.2641510777053548	1.8332834002283092	-0.5705279679212455	1.6065789805121191	-0.5389644469067328	0.61298238422567	0.5676323299990009	2.7047776881725856	-1.7115834274561945	-0.4010158987879527	2.751508350787484	-0.3004605491014957	2.7460753215413605	-0.1341521413625475	-0.3158162957628064	-0.004333481057900534	0.11494882001180215	1.3098223554925594	1.6541475021846797	2.033444778828819	2.557707881835458	2.038277784909153	1.851368570015306	0.14176244272681798	-0.01930167286847571	1.8144562353344909	1.1424350251335853	1.3887578428479628	1.8490547613319346	2.0042133976390097	2.323814980759077	3.1512773360803727	2.7499292523988146	2.743688155272503	1.9683393837349976	2.160188674939404	2.2140105787337223	0.3356144878473229	0.4525180353061711	0.7808671338487672	1.1939944022402065	1.4571287089116842	1.9550750364432654	2.2985557717065883	2.302351308269154	2.053173310952169	1.1148041301444793	0.6575846772260705	0.2858417219652246	-0.0758198
ZXL79-2A	green	CZ25	C. macrocarpa	CMA	C. macrocarpa var. macrocarpa	118.279	32.275	-0.0588382	0.189377	0.5814582366142008	-1.1643548286644472	-1.4858824397142338	1.6252651482021723	1.4808083404755734	-0.155148486256847	1.2641510777053548	1.8332834002283092	-0.5705279679212455	1.6065789805121191	-0.5389644469067328	0.61298238422567	0.5676323299990009	2.7047776881725856	-1.7115834274561945	-0.4010158987879527	2.751508350787484	-0.3004605491014957	2.7460753215413605	-0.1341521413625475	-0.3158162957628064	-0.004333481057900534	0.11494882001180215	1.3098223554925594	1.6541475021846797	2.033444778828819	2.557707881835458	2.038277784909153	1.851368570015306	0.14176244272681798	-0.01930167286847571	1.8144562353344909	1.1424350251335853	1.3887578428479628	1.8490547613319346	2.0042133976390097	2.323814980759077	3.1512773360803727	2.7499292523988146	2.743688155272503	1.9683393837349976	2.160188674939404	2.2140105787337223	0.3356144878473229	0.4525180353061711	0.7808671338487672	1.1939944022402065	1.4571287089116842	1.9550750364432654	2.2985557717065883	2.302351308269154	2.053173310952169	1.1148041301444793	0.6575846772260705	0.2858417219652246	-0.069753
ZXL79-3A	green	CZ25	C. macrocarpa	CMA	C. macrocarpa var. macrocarpa	118.279	32.275	-0.0601509	0.195364	0.5814582366142008	-1.1643548286644472	-1.4858824397142338	1.6252651482021723	1.4808083404755734	-0.155148486256847	1.2641510777053548	1.8332834002283092	-0.5705279679212455	1.6065789805121191	-0.5389644469067328	0.61298238422567	0.5676323299990009	2.7047776881725856	-1.7115834274561945	-0.4010158987879527	2.751508350787484	-0.3004605491014957	2.7460753215413605	-0.1341521413625475	-0.3158162957628064	-0.004333481057900534	0.11494882001180215	1.3098223554925594	1.6541475021846797	2.033444778828819	2.557707881835458	2.038277784909153	1.851368570015306	0.14176244272681798	-0.01930167286847571	1.8144562353344909	1.1424350251335853	1.3887578428479628	1.8490547613319346	2.0042133976390097	2.323814980759077	3.1512773360803727	2.7499292523988146	2.743688155272503	1.9683393837349976	2.160188674939404	2.2140105787337223	0.3356144878473229	0.4525180353061711	0.7808671338487672	1.1939944022402065	1.4571287089116842	1.9550750364432654	2.2985557717065883	2.302351308269154	2.053173310952169	1.1148041301444793	0.6575846772260705	0.2858417219652246	-0.0717127
ZXL79-4A	green	CZ25	C. macrocarpa	CMA	C. macrocarpa var. macrocarpa	118.279	32.275	-0.0552368	0.177691	0.5814582366142008	-1.1643548286644472	-1.4858824397142338	1.6252651482021723	1.4808083404755734	-0.155148486256847	1.2641510777053548	1.8332834002283092	-0.5705279679212455	1.6065789805121191	-0.5389644469067328	0.61298238422567	0.5676323299990009	2.7047776881725856	-1.7115834274561945	-0.4010158987879527	2.751508350787484	-0.3004605491014957	2.7460753215413605	-0.1341521413625475	-0.3158162957628064	-0.004333481057900534	0.11494882001180215	1.3098223554925594	1.6541475021846797	2.033444778828819	2.557707881835458	2.038277784909153	1.851368570015306	0.14176244272681798	-0.01930167286847571	1.8144562353344909	1.1424350251335853	1.3887578428479628	1.8490547613319346	2.0042133976390097	2.323814980759077	3.1512773360803727	2.7499292523988146	2.743688155272503	1.9683393837349976	2.160188674939404	2.2140105787337223	0.3356144878473229	0.4525180353061711	0.7808671338487672	1.1939944022402065	1.4571287089116842	1.9550750364432654	2.2985557717065883	2.302351308269154	2.053173310952169	1.1148041301444793	0.6575846772260705	0.2858417219652246	-0.063286
ZXL79-5A	green	CZ25	C. macrocarpa	CMA	C. macrocarpa var. macrocarpa	118.279	32.275	-0.0675445	0.191327	0.5814582366142008	-1.1643548286644472	-1.4858824397142338	1.6252651482021723	1.4808083404755734	-0.155148486256847	1.2641510777053548	1.8332834002283092	-0.5705279679212455	1.6065789805121191	-0.5389644469067328	0.61298238422567	0.5676323299990009	2.7047776881725856	-1.7115834274561945	-0.4010158987879527	2.751508350787484	-0.3004605491014957	2.7460753215413605	-0.1341521413625475	-0.3158162957628064	-0.004333481057900534	0.11494882001180215	1.3098223554925594	1.6541475021846797	2.033444778828819	2.557707881835458	2.038277784909153	1.851368570015306	0.14176244272681798	-0.01930167286847571	1.8144562353344909	1.1424350251335853	1.3887578428479628	1.8490547613319346	2.0042133976390097	2.323814980759077	3.1512773360803727	2.7499292523988146	2.743688155272503	1.9683393837349976	2.160188674939404	2.2140105787337223	0.3356144878473229	0.4525180353061711	0.7808671338487672	1.1939944022402065	1.4571287089116842	1.9550750364432654	2.2985557717065883	2.302351308269154	2.053173310952169	1.1148041301444793	0.6575846772260705	0.2858417219652246	-0.0782773
ZXL79-6A	green	CZ25	C. macrocarpa	CMA	C. macrocarpa var. macrocarpa	118.279	32.275	-0.0601399	0.201498	0.5814582366142008	-1.1643548286644472	-1.4858824397142338	1.6252651482021723	1.4808083404755734	-0.155148486256847	1.2641510777053548	1.8332834002283092	-0.5705279679212455	1.6065789805121191	-0.5389644469067328	0.61298238422567	0.5676323299990009	2.7047776881725856	-1.7115834274561945	-0.4010158987879527	2.751508350787484	-0.3004605491014957	2.7460753215413605	-0.1341521413625475	-0.3158162957628064	-0.004333481057900534	0.11494882001180215	1.3098223554925594	1.6541475021846797	2.033444778828819	2.557707881835458	2.038277784909153	1.851368570015306	0.14176244272681798	-0.01930167286847571	1.8144562353344909	1.1424350251335853	1.3887578428479628	1.8490547613319346	2.0042133976390097	2.323814980759077	3.1512773360803727	2.7499292523988146	2.743688155272503	1.9683393837349976	2.160188674939404	2.2140105787337223	0.3356144878473229	0.4525180353061711	0.7808671338487672	1.1939944022402065	1.4571287089116842	1.9550750364432654	2.2985557717065883	2.302351308269154	2.053173310952169	1.1148041301444793	0.6575846772260705	0.2858417219652246	-0.0746715
ZXL79-7A	green	CZ25	C. macrocarpa	CMA	C. macrocarpa var. macrocarpa	118.279	32.275	-0.0620257	0.191913	0.5814582366142008	-1.1643548286644472	-1.4858824397142338	1.6252651482021723	1.4808083404755734	-0.155148486256847	1.2641510777053548	1.8332834002283092	-0.5705279679212455	1.6065789805121191	-0.5389644469067328	0.61298238422567	0.5676323299990009	2.7047776881725856	-1.7115834274561945	-0.4010158987879527	2.751508350787484	-0.3004605491014957	2.7460753215413605	-0.1341521413625475	-0.3158162957628064	-0.004333481057900534	0.11494882001180215	1.3098223554925594	1.6541475021846797	2.033444778828819	2.557707881835458	2.038277784909153	1.851368570015306	0.14176244272681798	-0.01930167286847571	1.8144562353344909	1.1424350251335853	1.3887578428479628	1.8490547613319346	2.0042133976390097	2.323814980759077	3.1512773360803727	2.7499292523988146	2.743688155272503	1.9683393837349976	2.160188674939404	2.2140105787337223	0.3356144878473229	0.4525180353061711	0.7808671338487672	1.1939944022402065	1.4571287089116842	1.9550750364432654	2.2985557717065883	2.302351308269154	2.053173310952169	1.1148041301444793	0.6575846772260705	0.2858417219652246	-0.0705311
xubo01410-1A	green	MX	C. macrocarpa	N	C. macrocarpa var. macrocarpa	103.7715	31.5995	0.0187959	-0.0029732	-0.866701899858903	-0.09546686735755379	-0.25723705106670125	0.07968603067108225	-0.4715275216541184	-0.6367232431035947	0.1984697008637997	-0.7323535258503666	-0.7328333381057377	-0.6419143694456901	-0.6984785881437031	-0.03898889665782209	-0.20665787530965207	-0.38232947772665105	-0.25520246171712324	-0.2839050610888161	-0.3743855624841987	-0.27820421213101454	-0.3864846748835991	-1.4808947264945873	-1.512650806173343	-1.6678901902466798	-1.775616842265789	-1.104866828493584	-0.30366826046441453	-0.08478892816980886	-0.49144296281849464	-1.7505033792855496	-1.7732369804540642	-1.452065772611114	-1.4226101129852597	-0.8581396053834462	-1.3550371296062056	-1.125034788794833	-1.4142221984298693	-1.3217291529253554	-1.286697377446437	-1.3475903550345099	-0.6352505781563009	-0.20011089272890048	-0.45144041759079406	-0.2000380358645373	-0.7956194674047765	0.3549980195334899	0.4647882916669147	0.5314729865570967	0.6180285246329034	0.6636821484132869	0.49757844632191506	0.9438381717653106	0.8058386909337886	0.6893684232642965	0.41664002085855967	0.5834717693614846	0.25824020386429114	0.00422849
xubo01410-2A	green	MX	C. macrocarpa	N	C. macrocarpa var. macrocarpa	103.7715	31.5995	0.018911	-0.00335395	-0.866701899858903	-0.09546686735755379	-0.25723705106670125	0.07968603067108225	-0.4715275216541184	-0.6367232431035947	0.1984697008637997	-0.7323535258503666	-0.7328333381057377	-0.6419143694456901	-0.6984785881437031	-0.03898889665782209	-0.20665787530965207	-0.38232947772665105	-0.25520246171712324	-0.2839050610888161	-0.3743855624841987	-0.27820421213101454	-0.3864846748835991	-1.4808947264945873	-1.512650806173343	-1.6678901902466798	-1.775616842265789	-1.104866828493584	-0.30366826046441453	-0.08478892816980886	-0.49144296281849464	-1.7505033792855496	-1.7732369804540642	-1.452065772611114	-1.4226101129852597	-0.8581396053834462	-1.3550371296062056	-1.125034788794833	-1.4142221984298693	-1.3217291529253554	-1.286697377446437	-1.3475903550345099	-0.6352505781563009	-0.20011089272890048	-0.45144041759079406	-0.2000380358645373	-0.7956194674047765	0.3549980195334899	0.4647882916669147	0.5314729865570967	0.6180285246329034	0.6636821484132869	0.49757844632191506	0.9438381717653106	0.8058386909337886	0.6893684232642965	0.41664002085855967	0.5834717693614846	0.25824020386429114	0.00358861
xubo01410-3A	green	MX	C. macrocarpa	N	C. macrocarpa var. macrocarpa	103.7715	31.5995	0.0200511	-0.00368871	-0.866701899858903	-0.09546686735755379	-0.25723705106670125	0.07968603067108225	-0.4715275216541184	-0.6367232431035947	0.1984697008637997	-0.7323535258503666	-0.7328333381057377	-0.6419143694456901	-0.6984785881437031	-0.03898889665782209	-0.20665787530965207	-0.38232947772665105	-0.25520246171712324	-0.2839050610888161	-0.3743855624841987	-0.27820421213101454	-0.3864846748835991	-1.4808947264945873	-1.512650806173343	-1.6678901902466798	-1.775616842265789	-1.104866828493584	-0.30366826046441453	-0.08478892816980886	-0.49144296281849464	-1.7505033792855496	-1.7732369804540642	-1.452065772611114	-1.4226101129852597	-0.8581396053834462	-1.3550371296062056	-1.125034788794833	-1.4142221984298693	-1.3217291529253554	-1.286697377446437	-1.3475903550345099	-0.6352505781563009	-0.20011089272890048	-0.45144041759079406	-0.2000380358645373	-0.7956194674047765	0.3549980195334899	0.4647882916669147	0.5314729865570967	0.6180285246329034	0.6636821484132869	0.49757844632191506	0.9438381717653106	0.8058386909337886	0.6893684232642965	0.41664002085855967	0.5834717693614846	0.25824020386429114	0.00298725
xubo01410-4A	green	MX	C. macrocarpa	N	C. macrocarpa var. macrocarpa	103.7715	31.5995	0.0193402	-0.00369053	-0.866701899858903	-0.09546686735755379	-0.25723705106670125	0.07968603067108225	-0.4715275216541184	-0.6367232431035947	0.1984697008637997	-0.7323535258503666	-0.7328333381057377	-0.6419143694456901	-0.6984785881437031	-0.03898889665782209	-0.20665787530965207	-0.38232947772665105	-0.25520246171712324	-0.2839050610888161	-0.3743855624841987	-0.27820421213101454	-0.3864846748835991	-1.4808947264945873	-1.512650806173343	-1.6678901902466798	-1.775616842265789	-1.104866828493584	-0.30366826046441453	-0.08478892816980886	-0.49144296281849464	-1.7505033792855496	-1.7732369804540642	-1.452065772611114	-1.4226101129852597	-0.8581396053834462	-1.3550371296062056	-1.125034788794833	-1.4142221984298693	-1.3217291529253554	-1.286697377446437	-1.3475903550345099	-0.6352505781563009	-0.20011089272890048	-0.45144041759079406	-0.2000380358645373	-0.7956194674047765	0.3549980195334899	0.4647882916669147	0.5314729865570967	0.6180285246329034	0.6636821484132869	0.49757844632191506	0.9438381717653106	0.8058386909337886	0.6893684232642965	0.41664002085855967	0.5834717693614846	0.25824020386429114	0.00407182
xubo01410-5A	green	MX	C. macrocarpa	N	C. macrocarpa var. macrocarpa	103.7715	31.5995	0.01758	-0.00373063	-0.866701899858903	-0.09546686735755379	-0.25723705106670125	0.07968603067108225	-0.4715275216541184	-0.6367232431035947	0.1984697008637997	-0.7323535258503666	-0.7328333381057377	-0.6419143694456901	-0.6984785881437031	-0.03898889665782209	-0.20665787530965207	-0.38232947772665105	-0.25520246171712324	-0.2839050610888161	-0.3743855624841987	-0.27820421213101454	-0.3864846748835991	-1.4808947264945873	-1.512650806173343	-1.6678901902466798	-1.775616842265789	-1.104866828493584	-0.30366826046441453	-0.08478892816980886	-0.49144296281849464	-1.7505033792855496	-1.7732369804540642	-1.452065772611114	-1.4226101129852597	-0.8581396053834462	-1.3550371296062056	-1.125034788794833	-1.4142221984298693	-1.3217291529253554	-1.286697377446437	-1.3475903550345099	-0.6352505781563009	-0.20011089272890048	-0.45144041759079406	-0.2000380358645373	-0.7956194674047765	0.3549980195334899	0.4647882916669147	0.5314729865570967	0.6180285246329034	0.6636821484132869	0.49757844632191506	0.9438381717653106	0.8058386909337886	0.6893684232642965	0.41664002085855967	0.5834717693614846	0.25824020386429114	0.00412458
xubo01410-6A	green	MX	C. macrocarpa	N	C. macrocarpa var. macrocarpa	103.7715	31.5995	0.018494	-0.00282972	-0.866701899858903	-0.09546686735755379	-0.25723705106670125	0.07968603067108225	-0.4715275216541184	-0.6367232431035947	0.1984697008637997	-0.7323535258503666	-0.7328333381057377	-0.6419143694456901	-0.6984785881437031	-0.03898889665782209	-0.20665787530965207	-0.38232947772665105	-0.25520246171712324	-0.2839050610888161	-0.3743855624841987	-0.27820421213101454	-0.3864846748835991	-1.4808947264945873	-1.512650806173343	-1.6678901902466798	-1.775616842265789	-1.104866828493584	-0.30366826046441453	-0.08478892816980886	-0.49144296281849464	-1.7505033792855496	-1.7732369804540642	-1.452065772611114	-1.4226101129852597	-0.8581396053834462	-1.3550371296062056	-1.125034788794833	-1.4142221984298693	-1.3217291529253554	-1.286697377446437	-1.3475903550345099	-0.6352505781563009	-0.20011089272890048	-0.45144041759079406	-0.2000380358645373	-0.7956194674047765	0.3549980195334899	0.4647882916669147	0.5314729865570967	0.6180285246329034	0.6636821484132869	0.49757844632191506	0.9438381717653106	0.8058386909337886	0.6893684232642965	0.41664002085855967	0.5834717693614846	0.25824020386429114	0.00463204
xubo01410-7A	green	MX	C. macrocarpa	N	C. macrocarpa var. macrocarpa	103.7715	31.5995	0.0194518	-0.00339891	-0.866701899858903	-0.09546686735755379	-0.25723705106670125	0.07968603067108225	-0.4715275216541184	-0.6367232431035947	0.1984697008637997	-0.7323535258503666	-0.7328333381057377	-0.6419143694456901	-0.6984785881437031	-0.03898889665782209	-0.20665787530965207	-0.38232947772665105	-0.25520246171712324	-0.2839050610888161	-0.3743855624841987	-0.27820421213101454	-0.3864846748835991	-1.4808947264945873	-1.512650806173343	-1.6678901902466798	-1.775616842265789	-1.104866828493584	-0.30366826046441453	-0.08478892816980886	-0.49144296281849464	-1.7505033792855496	-1.7732369804540642	-1.452065772611114	-1.4226101129852597	-0.8581396053834462	-1.3550371296062056	-1.125034788794833	-1.4142221984298693	-1.3217291529253554	-1.286697377446437	-1.3475903550345099	-0.6352505781563009	-0.20011089272890048	-0.45144041759079406	-0.2000380358645373	-0.7956194674047765	0.3549980195334899	0.4647882916669147	0.5314729865570967	0.6180285246329034	0.6636821484132869	0.49757844632191506	0.9438381717653106	0.8058386909337886	0.6893684232642965	0.41664002085855967	0.5834717693614846	0.25824020386429114	0.00349698
xubo01410-8A	green	MX	C. macrocarpa	N	C. macrocarpa var. macrocarpa	103.7715	31.5995	0.0194127	-0.00346818	-0.866701899858903	-0.09546686735755379	-0.25723705106670125	0.07968603067108225	-0.4715275216541184	-0.6367232431035947	0.1984697008637997	-0.7323535258503666	-0.7328333381057377	-0.6419143694456901	-0.6984785881437031	-0.03898889665782209	-0.20665787530965207	-0.38232947772665105	-0.25520246171712324	-0.2839050610888161	-0.3743855624841987	-0.27820421213101454	-0.3864846748835991	-1.4808947264945873	-1.512650806173343	-1.6678901902466798	-1.775616842265789	-1.104866828493584	-0.30366826046441453	-0.08478892816980886	-0.49144296281849464	-1.7505033792855496	-1.7732369804540642	-1.452065772611114	-1.4226101129852597	-0.8581396053834462	-1.3550371296062056	-1.125034788794833	-1.4142221984298693	-1.3217291529253554	-1.286697377446437	-1.3475903550345099	-0.6352505781563009	-0.20011089272890048	-0.45144041759079406	-0.2000380358645373	-0.7956194674047765	0.3549980195334899	0.4647882916669147	0.5314729865570967	0.6180285246329034	0.6636821484132869	0.49757844632191506	0.9438381717653106	0.8058386909337886	0.6893684232642965	0.41664002085855967	0.5834717693614846	0.25824020386429114	0.00366492
xubo266-2A	green	XY36	C. macrocarpa	CMA	C. macrocarpa var. macrocarpa	114.08	31.8	-0.076215	0.174552	0.32803021273140764	-1.1643548286644472	-1.4858824397142338	1.4421315990596404	1.1602755869915942	-0.2565326455930044	1.1087392102492948	1.5165381007124232	-0.6516806530134915	1.310724592359776	-0.618721517525218	1.3918861268740896	0.5378519374871297	2.0336674347162296	-1.83822525056394	0.09084961954842104	2.528230214125221	0.16692252727860873	2.522321036082435	-0.7706022925607178	-0.759211810761696	-0.8738631225605418	-0.7843216757530219	0.17208469490792636	1.177312505686491	1.6184230695985713	1.5500388328939	0.7811706705219706	0.31857160786868655	-0.6947225723574346	-0.7999150994746507	0.603606699134119	0.27758607547232544	0.6752723673721288	0.874542151601575	0.4952209356442002	1.2049021491984626	1.8911234715203442	1.7561148034068876	1.7093804136927795	1.736138383662677	1.1644676706879062	1.741068055364585	0.07878242222031319	0.2561913737263199	0.6977358572947241	1.2673859917183559	1.4004543473903819	1.6990772178233435	1.8287749048197846	1.7625176191462122	1.1908966102537617	0.534687121612184	0.2536687081558069	-0.003973018490528302	-0.0547713
xubo266-3A	green	XY36	C. macrocarpa	CMA	C. macrocarpa var. macrocarpa	114.08	31.8	-0.0737278	0.178857	0.32803021273140764	-1.1643548286644472	-1.4858824397142338	1.4421315990596404	1.1602755869915942	-0.2565326455930044	1.1087392102492948	1.5165381007124232	-0.6516806530134915	1.310724592359776	-0.618721517525218	1.3918861268740896	0.5378519374871297	2.0336674347162296	-1.83822525056394	0.09084961954842104	2.528230214125221	0.16692252727860873	2.522321036082435	-0.7706022925607178	-0.759211810761696	-0.8738631225605418	-0.7843216757530219	0.17208469490792636	1.177312505686491	1.6184230695985713	1.5500388328939	0.7811706705219706	0.31857160786868655	-0.6947225723574346	-0.7999150994746507	0.603606699134119	0.27758607547232544	0.6752723673721288	0.874542151601575	0.4952209356442002	1.2049021491984626	1.8911234715203442	1.7561148034068876	1.7093804136927795	1.736138383662677	1.1644676706879062	1.741068055364585	0.07878242222031319	0.2561913737263199	0.6977358572947241	1.2673859917183559	1.4004543473903819	1.6990772178233435	1.8287749048197846	1.7625176191462122	1.1908966102537617	0.534687121612184	0.2536687081558069	-0.003973018490528302	-0.056934
xubo266-4A	green	XY36	C. macrocarpa	CMA	C. macrocarpa var. macrocarpa	114.08	31.8	-0.0741739	0.172019	0.32803021273140764	-1.1643548286644472	-1.4858824397142338	1.4421315990596404	1.1602755869915942	-0.2565326455930044	1.1087392102492948	1.5165381007124232	-0.6516806530134915	1.310724592359776	-0.618721517525218	1.3918861268740896	0.5378519374871297	2.0336674347162296	-1.83822525056394	0.09084961954842104	2.528230214125221	0.16692252727860873	2.522321036082435	-0.7706022925607178	-0.759211810761696	-0.8738631225605418	-0.7843216757530219	0.17208469490792636	1.177312505686491	1.6184230695985713	1.5500388328939	0.7811706705219706	0.31857160786868655	-0.6947225723574346	-0.7999150994746507	0.603606699134119	0.27758607547232544	0.6752723673721288	0.874542151601575	0.4952209356442002	1.2049021491984626	1.8911234715203442	1.7561148034068876	1.7093804136927795	1.736138383662677	1.1644676706879062	1.741068055364585	0.07878242222031319	0.2561913737263199	0.6977358572947241	1.2673859917183559	1.4004543473903819	1.6990772178233435	1.8287749048197846	1.7625176191462122	1.1908966102537617	0.534687121612184	0.2536687081558069	-0.003973018490528302	-0.0524336
xubo266-5A	green	XY36	C. macrocarpa	CMA	C. macrocarpa var. macrocarpa	114.08	31.8	-0.0722486	0.168272	0.32803021273140764	-1.1643548286644472	-1.4858824397142338	1.4421315990596404	1.1602755869915942	-0.2565326455930044	1.1087392102492948	1.5165381007124232	-0.6516806530134915	1.310724592359776	-0.618721517525218	1.3918861268740896	0.5378519374871297	2.0336674347162296	-1.83822525056394	0.09084961954842104	2.528230214125221	0.16692252727860873	2.522321036082435	-0.7706022925607178	-0.759211810761696	-0.8738631225605418	-0.7843216757530219	0.17208469490792636	1.177312505686491	1.6184230695985713	1.5500388328939	0.7811706705219706	0.31857160786868655	-0.6947225723574346	-0.7999150994746507	0.603606699134119	0.27758607547232544	0.6752723673721288	0.874542151601575	0.4952209356442002	1.2049021491984626	1.8911234715203442	1.7561148034068876	1.7093804136927795	1.736138383662677	1.1644676706879062	1.741068055364585	0.07878242222031319	0.2561913737263199	0.6977358572947241	1.2673859917183559	1.4004543473903819	1.6990772178233435	1.8287749048197846	1.7625176191462122	1.1908966102537617	0.534687121612184	0.2536687081558069	-0.003973018490528302	-0.0495821
xubo266-6A	green	XY36	C. macrocarpa	CMA	C. macrocarpa var. macrocarpa	114.08	31.8	-0.0721046	0.167546	0.32803021273140764	-1.1643548286644472	-1.4858824397142338	1.4421315990596404	1.1602755869915942	-0.2565326455930044	1.1087392102492948	1.5165381007124232	-0.6516806530134915	1.310724592359776	-0.618721517525218	1.3918861268740896	0.5378519374871297	2.0336674347162296	-1.83822525056394	0.09084961954842104	2.528230214125221	0.16692252727860873	2.522321036082435	-0.7706022925607178	-0.759211810761696	-0.8738631225605418	-0.7843216757530219	0.17208469490792636	1.177312505686491	1.6184230695985713	1.5500388328939	0.7811706705219706	0.31857160786868655	-0.6947225723574346	-0.7999150994746507	0.603606699134119	0.27758607547232544	0.6752723673721288	0.874542151601575	0.4952209356442002	1.2049021491984626	1.8911234715203442	1.7561148034068876	1.7093804136927795	1.736138383662677	1.1644676706879062	1.741068055364585	0.07878242222031319	0.2561913737263199	0.6977358572947241	1.2673859917183559	1.4004543473903819	1.6990772178233435	1.8287749048197846	1.7625176191462122	1.1908966102537617	0.534687121612184	0.2536687081558069	-0.003973018490528302	-0.0499147
xubo266-8A	green	XY36	C. macrocarpa	CMA	C. macrocarpa var. macrocarpa	114.08	31.8	-0.0805887	0.189672	0.32803021273140764	-1.1643548286644472	-1.4858824397142338	1.4421315990596404	1.1602755869915942	-0.2565326455930044	1.1087392102492948	1.5165381007124232	-0.6516806530134915	1.310724592359776	-0.618721517525218	1.3918861268740896	0.5378519374871297	2.0336674347162296	-1.83822525056394	0.09084961954842104	2.528230214125221	0.16692252727860873	2.522321036082435	-0.7706022925607178	-0.759211810761696	-0.8738631225605418	-0.7843216757530219	0.17208469490792636	1.177312505686491	1.6184230695985713	1.5500388328939	0.7811706705219706	0.31857160786868655	-0.6947225723574346	-0.7999150994746507	0.603606699134119	0.27758607547232544	0.6752723673721288	0.874542151601575	0.4952209356442002	1.2049021491984626	1.8911234715203442	1.7561148034068876	1.7093804136927795	1.736138383662677	1.1644676706879062	1.741068055364585	0.07878242222031319	0.2561913737263199	0.6977358572947241	1.2673859917183559	1.4004543473903819	1.6990772178233435	1.8287749048197846	1.7625176191462122	1.1908966102537617	0.534687121612184	0.2536687081558069	-0.003973018490528302	-0.0577832
xubo266-9A	green	XY36	C. macrocarpa	CMA	C. macrocarpa var. macrocarpa	114.08	31.8	-0.0803757	0.19047	0.32803021273140764	-1.1643548286644472	-1.4858824397142338	1.4421315990596404	1.1602755869915942	-0.2565326455930044	1.1087392102492948	1.5165381007124232	-0.6516806530134915	1.310724592359776	-0.618721517525218	1.3918861268740896	0.5378519374871297	2.0336674347162296	-1.83822525056394	0.09084961954842104	2.528230214125221	0.16692252727860873	2.522321036082435	-0.7706022925607178	-0.759211810761696	-0.8738631225605418	-0.7843216757530219	0.17208469490792636	1.177312505686491	1.6184230695985713	1.5500388328939	0.7811706705219706	0.31857160786868655	-0.6947225723574346	-0.7999150994746507	0.603606699134119	0.27758607547232544	0.6752723673721288	0.874542151601575	0.4952209356442002	1.2049021491984626	1.8911234715203442	1.7561148034068876	1.7093804136927795	1.736138383662677	1.1644676706879062	1.741068055364585	0.07878242222031319	0.2561913737263199	0.6977358572947241	1.2673859917183559	1.4004543473903819	1.6990772178233435	1.8287749048197846	1.7625176191462122	1.1908966102537617	0.534687121612184	0.2536687081558069	-0.003973018490528302	-0.0570881
zhuzm1009-1A	orange	KM42	C. polyantha	CPO	C. polyantha var. polyantha	102.605	24.992	0.0448546	-0.0185982	0.5814582366142008	-0.09546686735755379	0.8597133022492376	-1.0877194729960178	-0.6172242277831999	0.8840391469387666	-1.244640496942473	-0.25723557657653773	1.0525257339236769	-0.34605998129334675	1.0561769654629696	0.42258369157827846	0.5080715449752583	0.42300282642097586	0.12472300760611278	0.8754922321326363	0.22102280194850274	0.9125098157897277	0.21019341967353616	1.3984519717437014	1.7463776676584526	1.6802239440268598	1.7355303379627078	0.23285825938636018	-0.5641017889572315	-0.7562430454495841	-0.501673105447343	0.2907084251360623	0.2037553560224978	0.8958080673625568	1.1135912906431924	1.1272170633611323	1.0012354220504875	0.8411991301337993	0.8119584943254552	0.33097654181402897	0.09752469639249464	0.17166075604435807	-0.2470417800950192	-0.12054860676532586	0.35515260670616683	0.6850469348925345	0.021280555864393206	1.9807945829562472	1.6918300179626837	1.3265505729420282	0.9610551555451363	1.1223523445020578	0.9431593344687151	0.4676843338621766	0.49602063316472944	1.0794461448329913	1.5600103817794866	1.8508042884475906	1.8821222640542727	-0.0198968
zhuzm1009-10A	orange	KM42	C. polyantha	CPO	C. polyantha var. polyantha	102.605	24.992	0.0411246	-0.0169862	0.5814582366142008	-0.09546686735755379	0.8597133022492376	-1.0877194729960178	-0.6172242277831999	0.8840391469387666	-1.244640496942473	-0.25723557657653773	1.0525257339236769	-0.34605998129334675	1.0561769654629696	0.42258369157827846	0.5080715449752583	0.42300282642097586	0.12472300760611278	0.8754922321326363	0.22102280194850274	0.9125098157897277	0.21019341967353616	1.3984519717437014	1.7463776676584526	1.6802239440268598	1.7355303379627078	0.23285825938636018	-0.5641017889572315	-0.7562430454495841	-0.501673105447343	0.2907084251360623	0.2037553560224978	0.8958080673625568	1.1135912906431924	1.1272170633611323	1.0012354220504875	0.8411991301337993	0.8119584943254552	0.33097654181402897	0.09752469639249464	0.17166075604435807	-0.2470417800950192	-0.12054860676532586	0.35515260670616683	0.6850469348925345	0.021280555864393206	1.9807945829562472	1.6918300179626837	1.3265505729420282	0.9610551555451363	1.1223523445020578	0.9431593344687151	0.4676843338621766	0.49602063316472944	1.0794461448329913	1.5600103817794866	1.8508042884475906	1.8821222640542727	-0.0164605
zhuzm1009-2A	orange	KM42	C. polyantha	CPO	C. polyantha var. polyantha	102.605	24.992	0.0425591	-0.0176593	0.5814582366142008	-0.09546686735755379	0.8597133022492376	-1.0877194729960178	-0.6172242277831999	0.8840391469387666	-1.244640496942473	-0.25723557657653773	1.0525257339236769	-0.34605998129334675	1.0561769654629696	0.42258369157827846	0.5080715449752583	0.42300282642097586	0.12472300760611278	0.8754922321326363	0.22102280194850274	0.9125098157897277	0.21019341967353616	1.3984519717437014	1.7463776676584526	1.6802239440268598	1.7355303379627078	0.23285825938636018	-0.5641017889572315	-0.7562430454495841	-0.501673105447343	0.2907084251360623	0.2037553560224978	0.8958080673625568	1.1135912906431924	1.1272170633611323	1.0012354220504875	0.8411991301337993	0.8119584943254552	0.33097654181402897	0.09752469639249464	0.17166075604435807	-0.2470417800950192	-0.12054860676532586	0.35515260670616683	0.6850469348925345	0.021280555864393206	1.9807945829562472	1.6918300179626837	1.3265505729420282	0.9610551555451363	1.1223523445020578	0.9431593344687151	0.4676843338621766	0.49602063316472944	1.0794461448329913	1.5600103817794866	1.8508042884475906	1.8821222640542727	-0.0180177
zhuzm1009-3A	orange	KM42	C. polyantha	CPO	C. polyantha var. polyantha	102.605	24.992	0.0413365	-0.0170652	0.5814582366142008	-0.09546686735755379	0.8597133022492376	-1.0877194729960178	-0.6172242277831999	0.8840391469387666	-1.244640496942473	-0.25723557657653773	1.0525257339236769	-0.34605998129334675	1.0561769654629696	0.42258369157827846	0.5080715449752583	0.42300282642097586	0.12472300760611278	0.8754922321326363	0.22102280194850274	0.9125098157897277	0.21019341967353616	1.3984519717437014	1.7463776676584526	1.6802239440268598	1.7355303379627078	0.23285825938636018	-0.5641017889572315	-0.7562430454495841	-0.501673105447343	0.2907084251360623	0.2037553560224978	0.8958080673625568	1.1135912906431924	1.1272170633611323	1.0012354220504875	0.8411991301337993	0.8119584943254552	0.33097654181402897	0.09752469639249464	0.17166075604435807	-0.2470417800950192	-0.12054860676532586	0.35515260670616683	0.6850469348925345	0.021280555864393206	1.9807945829562472	1.6918300179626837	1.3265505729420282	0.9610551555451363	1.1223523445020578	0.9431593344687151	0.4676843338621766	0.49602063316472944	1.0794461448329913	1.5600103817794866	1.8508042884475906	1.8821222640542727	-0.0164322
zhuzm1009-4A	orange	KM42	C. polyantha	CPO	C. polyantha var. polyantha	102.605	24.992	0.0420173	-0.0174172	0.5814582366142008	-0.09546686735755379	0.8597133022492376	-1.0877194729960178	-0.6172242277831999	0.8840391469387666	-1.244640496942473	-0.25723557657653773	1.0525257339236769	-0.34605998129334675	1.0561769654629696	0.42258369157827846	0.5080715449752583	0.42300282642097586	0.12472300760611278	0.8754922321326363	0.22102280194850274	0.9125098157897277	0.21019341967353616	1.3984519717437014	1.7463776676584526	1.6802239440268598	1.7355303379627078	0.23285825938636018	-0.5641017889572315	-0.7562430454495841	-0.501673105447343	0.2907084251360623	0.2037553560224978	0.8958080673625568	1.1135912906431924	1.1272170633611323	1.0012354220504875	0.8411991301337993	0.8119584943254552	0.33097654181402897	0.09752469639249464	0.17166075604435807	-0.2470417800950192	-0.12054860676532586	0.35515260670616683	0.6850469348925345	0.021280555864393206	1.9807945829562472	1.6918300179626837	1.3265505729420282	0.9610551555451363	1.1223523445020578	0.9431593344687151	0.4676843338621766	0.49602063316472944	1.0794461448329913	1.5600103817794866	1.8508042884475906	1.8821222640542727	-0.0174257
zhuzm1009-6A	orange	KM42	C. polyantha	CPO	C. polyantha var. polyantha	102.605	24.992	0.0418258	-0.0176883	0.5814582366142008	-0.09546686735755379	0.8597133022492376	-1.0877194729960178	-0.6172242277831999	0.8840391469387666	-1.244640496942473	-0.25723557657653773	1.0525257339236769	-0.34605998129334675	1.0561769654629696	0.42258369157827846	0.5080715449752583	0.42300282642097586	0.12472300760611278	0.8754922321326363	0.22102280194850274	0.9125098157897277	0.21019341967353616	1.3984519717437014	1.7463776676584526	1.6802239440268598	1.7355303379627078	0.23285825938636018	-0.5641017889572315	-0.7562430454495841	-0.501673105447343	0.2907084251360623	0.2037553560224978	0.8958080673625568	1.1135912906431924	1.1272170633611323	1.0012354220504875	0.8411991301337993	0.8119584943254552	0.33097654181402897	0.09752469639249464	0.17166075604435807	-0.2470417800950192	-0.12054860676532586	0.35515260670616683	0.6850469348925345	0.021280555864393206	1.9807945829562472	1.6918300179626837	1.3265505729420282	0.9610551555451363	1.1223523445020578	0.9431593344687151	0.4676843338621766	0.49602063316472944	1.0794461448329913	1.5600103817794866	1.8508042884475906	1.8821222640542727	-0.0171768
zhuzm1009-7A	orange	KM42	C. polyantha	CPO	C. polyantha var. polyantha	102.605	24.992	0.0448811	-0.0188677	0.5814582366142008	-0.09546686735755379	0.8597133022492376	-1.0877194729960178	-0.6172242277831999	0.8840391469387666	-1.244640496942473	-0.25723557657653773	1.0525257339236769	-0.34605998129334675	1.0561769654629696	0.42258369157827846	0.5080715449752583	0.42300282642097586	0.12472300760611278	0.8754922321326363	0.22102280194850274	0.9125098157897277	0.21019341967353616	1.3984519717437014	1.7463776676584526	1.6802239440268598	1.7355303379627078	0.23285825938636018	-0.5641017889572315	-0.7562430454495841	-0.501673105447343	0.2907084251360623	0.2037553560224978	0.8958080673625568	1.1135912906431924	1.1272170633611323	1.0012354220504875	0.8411991301337993	0.8119584943254552	0.33097654181402897	0.09752469639249464	0.17166075604435807	-0.2470417800950192	-0.12054860676532586	0.35515260670616683	0.6850469348925345	0.021280555864393206	1.9807945829562472	1.6918300179626837	1.3265505729420282	0.9610551555451363	1.1223523445020578	0.9431593344687151	0.4676843338621766	0.49602063316472944	1.0794461448329913	1.5600103817794866	1.8508042884475906	1.8821222640542727	-0.0189373
zhuzm1009-8A	orange	KM42	C. polyantha	CPO	C. polyantha var. polyantha	102.605	24.992	0.0433385	-0.0181794	0.5814582366142008	-0.09546686735755379	0.8597133022492376	-1.0877194729960178	-0.6172242277831999	0.8840391469387666	-1.244640496942473	-0.25723557657653773	1.0525257339236769	-0.34605998129334675	1.0561769654629696	0.42258369157827846	0.5080715449752583	0.42300282642097586	0.12472300760611278	0.8754922321326363	0.22102280194850274	0.9125098157897277	0.21019341967353616	1.3984519717437014	1.7463776676584526	1.6802239440268598	1.7355303379627078	0.23285825938636018	-0.5641017889572315	-0.7562430454495841	-0.501673105447343	0.2907084251360623	0.2037553560224978	0.8958080673625568	1.1135912906431924	1.1272170633611323	1.0012354220504875	0.8411991301337993	0.8119584943254552	0.33097654181402897	0.09752469639249464	0.17166075604435807	-0.2470417800950192	-0.12054860676532586	0.35515260670616683	0.6850469348925345	0.021280555864393206	1.9807945829562472	1.6918300179626837	1.3265505729420282	0.9610551555451363	1.1223523445020578	0.9431593344687151	0.4676843338621766	0.49602063316472944	1.0794461448329913	1.5600103817794866	1.8508042884475906	1.8821222640542727	-0.0188717
